<response><status><version>4.2</version><code>0</code><message>Success</message></status><songs><song><artist_id>ARDNYW01187FB4D0FB</artist_id><artist_name>Aaliyah</artist_name><id>SOAJRGV12C0DD0541D</id><audio_summary><key>6</key><analysis_url>http://echonest-analysis.s3.amazonaws.com/TR/TRBRLKH12BEA95C649/3/full.json?AWSAccessKeyId=AKIAJRDFEY23UEVW42BQ&amp;Expires=1415342714&amp;Signature=3HDofq8MU9XaLwAboKgtTnST%2Bp4%3D</analysis_url><energy>0.332954</energy><liveness>0.059071</liveness><tempo>94.842</tempo><speechiness>0.294979</speechiness><acousticness>0.425169</acousticness><instrumentalness>0.002374</instrumentalness><mode>0</mode><time_signature>4</time_signature><duration>232.41098</duration><loudness>-14.197</loudness><audio_md5 /><valence>0.654581</valence><danceability>0.806574</danceability></audio_summary><title>TRY AGAIN (Talk Up Version)</title></song><song><artist_id>ARDNYW01187FB4D0FB</artist_id><artist_name>Aaliyah</artist_name><id>SOANRWI13756D93C20</id><audio_summary><key>4</key><analysis_url>http://echonest-analysis.s3.amazonaws.com/TR/TRFIVKE12BEA95C652/3/full.json?AWSAccessKeyId=AKIAJRDFEY23UEVW42BQ&amp;Expires=1415342714&amp;Signature=VQGVWkdFjfDfmlyz9UQAcWJ7v0M%3D</analysis_url><energy>0.296142</energy><liveness>0.139279</liveness><tempo>156.024</tempo><speechiness>0.058216</speechiness><acousticness>0.066622</acousticness><instrumentalness>0.021476</instrumentalness><mode>0</mode><time_signature>4</time_signature><duration>184.99873</duration><loudness>-20.596</loudness><audio_md5 /><valence>0.8847</valence><danceability>0.662403</danceability></audio_summary><title>AT YOUR BEST (You Are Lovd)</title></song><song><artist_id>ARDNYW01187FB4D0FB</artist_id><artist_name>Aaliyah</artist_name><id>SOAUSGO13732DF978E</id><audio_summary><key>0</key><analysis_url>http://echonest-analysis.s3.amazonaws.com/TR/TRKHMCO12BEA95C62B/3/full.json?AWSAccessKeyId=AKIAJRDFEY23UEVW42BQ&amp;Expires=1415342714&amp;Signature=8b%2BI38cTaNO/O/KoLbVKRPKHIls%3D</analysis_url><energy>0.221068</energy><liveness>0.071992</liveness><tempo>155.978</tempo><speechiness>0.026544</speechiness><acousticness>0.771496</acousticness><instrumentalness>0.075766</instrumentalness><mode>1</mode><time_signature>4</time_signature><duration>265.09016</duration><loudness>-18.19</loudness><audio_md5 /><valence>0.713356</valence><danceability>0.644355</danceability></audio_summary><title>At Your Best (You Are Love)/(Edit)</title></song><song><artist_id>ARDNYW01187FB4D0FB</artist_id><artist_name>Aaliyah</artist_name><id>SOADXCW1312A8A402E</id><audio_summary><key>7</key><analysis_url>http://echonest-analysis.s3.amazonaws.com/TR/VuvjRQ0QvpQDT9xYs1_tZVjfG9AMXZ_oxATOvmMNq5YJps6xYv1a1kevTghSvIj1vuooRI3TU805gHOVc%3D/3/full.json?AWSAccessKeyId=AKIAJRDFEY23UEVW42BQ&amp;Expires=1415342714&amp;Signature=59cZf1ZZ2wNNN6kyCULWvw7lG0U%3D</analysis_url><energy>0.898142</energy><liveness>0.227826</liveness><tempo>82.899</tempo><speechiness>0.057818</speechiness><acousticness>0.021728</acousticness><instrumentalness>0.007196</instrumentalness><mode>1</mode><time_signature>4</time_signature><duration>216.37288</duration><loudness>-4.315</loudness><audio_md5 /><valence>0.716644</valence><danceability>0.764633</danceability></audio_summary><title>Meesed up</title></song><song><artist_id>ARDNYW01187FB4D0FB</artist_id><artist_name>Aaliyah</artist_name><id>SOBBMRO12C0DD0541F</id><audio_summary><key>7</key><analysis_url>http://echonest-analysis.s3.amazonaws.com/TR/TRDJCAX12BEA95C64F/3/full.json?AWSAccessKeyId=AKIAJRDFEY23UEVW42BQ&amp;Expires=1415342714&amp;Signature=Hv39oUD3Ue5vJvDHCqGy9hGlbd0%3D</analysis_url><energy>0.236276</energy><liveness>0.125359</liveness><tempo>220.483</tempo><speechiness>0.400322</speechiness><acousticness>0.661467</acousticness><instrumentalness>0.0</instrumentalness><mode>0</mode><time_signature>3</time_signature><duration>238.8371</duration><loudness>-18.446</loudness><audio_md5 /><valence>0.598994</valence><danceability>0.423988</danceability></audio_summary><title>MISS YOU (Remix)</title></song><song><artist_id>ARDNYW01187FB4D0FB</artist_id><artist_name>Aaliyah</artist_name><id>SOFXIXJ1311AFD85CB</id><audio_summary><key>6</key><analysis_url>http://echonest-analysis.s3.amazonaws.com/TR/iHq3FQpB_qjbyAWlozMvPeu6MqsBiJ6NaAjnhDbUwC1z_cmHPymu5GxRDextKrbyuwM24MZzvjTSF-jKM%3D/3/full.json?AWSAccessKeyId=AKIAJRDFEY23UEVW42BQ&amp;Expires=1415342714&amp;Signature=5zBzZ7CUF3g9lSn8LhNtfww8uBA%3D</analysis_url><energy>0.627178</energy><liveness>0.349845</liveness><tempo>93.003</tempo><speechiness>0.195242</speechiness><acousticness>0.097965</acousticness><instrumentalness>1e-06</instrumentalness><mode>0</mode><time_signature>4</time_signature><duration>315.49288</duration><loudness>-13.539</loudness><audio_md5 /><valence>0.847035</valence><danceability>0.699897</danceability></audio_summary><title>Try Again - Krunchie Remix 30/11/04</title></song><song><artist_id>ARDNYW01187FB4D0FB</artist_id><artist_name>Aaliyah</artist_name><id>SOKACSL12AB0184546</id><audio_summary><key>10</key><analysis_url>http://echonest-analysis.s3.amazonaws.com/TR/WunGsAHgoEXBBQWsd4RHsDkl2OvVY43ToyDHiaxgd7yUH6K56XGCTU13z-apWtbK13eoUYFhB1pkA_hQo%3D/3/full.json?AWSAccessKeyId=AKIAJRDFEY23UEVW42BQ&amp;Expires=1415342714&amp;Signature=hOVaCyagOKxySnzL5%2Bu%2Bp%2B4UAxY%3D</analysis_url><energy>0.528025</energy><liveness>0.06627</liveness><tempo>87.061</tempo><speechiness>0.069876</speechiness><acousticness>0.168343</acousticness><instrumentalness>1.4e-05</instrumentalness><mode>0</mode><time_signature>4</time_signature><duration>244.73288</duration><loudness>-8.415</loudness><audio_md5>58f6519740a7e23c580aa33138551379</audio_md5><valence>0.520765</valence><danceability>0.525311</danceability></audio_summary><title>Journey To The Past  (Aaliyah Version)</title></song><song><artist_id>ARDNYW01187FB4D0FB</artist_id><artist_name>Aaliyah</artist_name><id>SOKAIFV12AF72A0E24</id><audio_summary><key>2</key><analysis_url>http://echonest-analysis.s3.amazonaws.com/TR/gym6Pw9GUdQVubRW8H1XIz8KXVBWOiCstSbJ2120pGnES91AVUqGebs1tfDRPewVGlyJztxYQEvMFiT2Y%3D/3/full.json?AWSAccessKeyId=AKIAJRDFEY23UEVW42BQ&amp;Expires=1415342714&amp;Signature=LZIiZqfEqINQq3bgqbLTbLbxlVY%3D</analysis_url><energy>0.700878</energy><liveness>0.093988</liveness><tempo>90.977</tempo><speechiness>0.207616</speechiness><acousticness>0.170445</acousticness><instrumentalness>0.0</instrumentalness><mode>1</mode><time_signature>4</time_signature><duration>240.55955</duration><loudness>-8.966</loudness><audio_md5>2825a8a88a6b6e681ae6e3e3847e7e7f</audio_md5><valence>0.740635</valence><danceability>0.688771</danceability></audio_summary><title>I Need You Tonight</title></song><song><artist_id>ARDNYW01187FB4D0FB</artist_id><artist_name>Aaliyah</artist_name><id>SOIXAUW12B3A1426A0</id><audio_summary><key>11</key><analysis_url>http://echonest-analysis.s3.amazonaws.com/TR/TRIOSPV12BEA95C651/3/full.json?AWSAccessKeyId=AKIAJRDFEY23UEVW42BQ&amp;Expires=1415342714&amp;Signature=WpUI4l0Ng4HF%2BvnukwJB53rJqXU%3D</analysis_url><energy>0.390843</energy><liveness>0.171557</liveness><tempo>147.967</tempo><speechiness>0.114526</speechiness><acousticness>0.520216</acousticness><instrumentalness>0.106324</instrumentalness><mode>1</mode><time_signature>4</time_signature><duration>224.60036</duration><loudness>-19.169</loudness><audio_md5 /><valence>0.759751</valence><danceability>0.645545</danceability></audio_summary><title>WHERE COULD HE BE</title></song><song><artist_id>ARDNYW01187FB4D0FB</artist_id><artist_name>Aaliyah</artist_name><id>SOBHXXH1463D68578B</id><audio_summary><key>9</key><analysis_url>http://echonest-analysis.s3.amazonaws.com/TR/Fbc8gQECTjpfZE-OPYeMYpgZtFMSCywT1t8E-aH0_IMGZ1tA7J4riZgO-cwTIZrPn7ckqPjDM7Wj38fy8%3D/3/full.json?AWSAccessKeyId=AKIAJRDFEY23UEVW42BQ&amp;Expires=1415342714&amp;Signature=wwAP2MXG0L7U0bZaFWxW8TMkERM%3D</analysis_url><energy>0.303307</energy><liveness>0.078827</liveness><tempo>75.0</tempo><speechiness>0.028614</speechiness><acousticness>0.530536</acousticness><instrumentalness>0.0</instrumentalness><mode>0</mode><time_signature>4</time_signature><duration>214.46485</duration><loudness>-10.301</loudness><audio_md5 /><valence>0.198244</valence><danceability>0.504448</danceability></audio_summary><title>House of the Rising Sun (Acoustic Guitar Version)</title></song><song><artist_id>ARDNYW01187FB4D0FB</artist_id><artist_name>Aaliyah</artist_name><id>SOVZUKN137741ECB46</id><audio_summary><key>1</key><analysis_url>http://echonest-analysis.s3.amazonaws.com/TR/BM5EPwPn8Iye8-V7QcQxVjx-hd1x_nffezEElOjF6K9oubFMgdCEPYilaIFil4m5ld8DRiT1ziWhdLeac%3D/3/full.json?AWSAccessKeyId=AKIAJRDFEY23UEVW42BQ&amp;Expires=1415342714&amp;Signature=gVQa09TXjZmxEclaoo2EyWHvddQ%3D</analysis_url><energy>0.749907</energy><liveness>0.067722</liveness><tempo>122.012</tempo><speechiness>0.062723</speechiness><acousticness>0.064805</acousticness><instrumentalness>0.006021</instrumentalness><mode>0</mode><time_signature>4</time_signature><duration>529.99955</duration><loudness>-8.711</loudness><audio_md5 /><valence>0.961183</valence><danceability>0.744084</danceability></audio_summary><title>More then a woman - Maw Main Mix</title></song><song><artist_id>ARDNYW01187FB4D0FB</artist_id><artist_name>Aaliyah</artist_name><id>SOUGUXO1311AFEC51D</id><audio_summary><key>7</key><analysis_url>http://echonest-analysis.s3.amazonaws.com/TR/6R9bCQSujx4DmOQWW37WSiSyE4hiaKTImvJAaIv6eAm4g9X5qN1Pbvabii7V85SNC2-LOxfMF_vox57gM%3D/3/full.json?AWSAccessKeyId=AKIAJRDFEY23UEVW42BQ&amp;Expires=1415342714&amp;Signature=//CsB%2BDx3gKQCT8KlBD%2B1GpfBIk%3D</analysis_url><energy>0.657624</energy><liveness>0.082109</liveness><tempo>122.899</tempo><speechiness>0.042023</speechiness><acousticness>0.090844</acousticness><instrumentalness>0.316169</instrumentalness><mode>0</mode><time_signature>4</time_signature><duration>319.79955</duration><loudness>-8.246</loudness><audio_md5 /><valence>0.626411</valence><danceability>0.705544</danceability></audio_summary><title>Rock the Beat - Club Mix by Mixzo</title></song><song><artist_id>ARDNYW01187FB4D0FB</artist_id><artist_name>Aaliyah</artist_name><id>SOQZNTA1313438BECF</id><audio_summary><key>6</key><analysis_url>http://echonest-analysis.s3.amazonaws.com/TR/gW129Qj-8vEsu0JzhpdKzzf_GO19gX0YtXrnBHmQa6aAJn60FZMIDMibu758-AKxkjiYgZqozHQVxb-L4%3D/3/full.json?AWSAccessKeyId=AKIAJRDFEY23UEVW42BQ&amp;Expires=1415342714&amp;Signature=HPlC4yRZMHlFmQY%2BKDYJJx4iN3I%3D</analysis_url><energy>0.559328</energy><liveness>0.121622</liveness><tempo>93.033</tempo><speechiness>0.409717</speechiness><acousticness>0.059304</acousticness><instrumentalness>2e-06</instrumentalness><mode>0</mode><time_signature>4</time_signature><duration>301.62621</duration><loudness>-6.851</loudness><audio_md5 /><valence>0.537235</valence><danceability>0.569776</danceability></audio_summary><title>Try Again - D'Jam Hassan Remiס</title></song><song><artist_id>ARDNYW01187FB4D0FB</artist_id><artist_name>Aaliyah</artist_name><id>SONEQNF133A9212C8B</id><audio_summary><key>2</key><analysis_url>http://echonest-analysis.s3.amazonaws.com/TR/oJ8UkgsaLQ8xAHz9tDv2uGQFMUONOlo6yuTAH-E7KahkUuuDVYimGZan0A48I1W-x8yQcwwXe5RuMFvOQ%3D/3/full.json?AWSAccessKeyId=AKIAJRDFEY23UEVW42BQ&amp;Expires=1415342714&amp;Signature=j/aMcdbvXNxlfI%2B52lEWOahBcc0%3D</analysis_url><energy>0.363617</energy><liveness>0.111444</liveness><tempo>90.968</tempo><speechiness>0.231329</speechiness><acousticness>0.089368</acousticness><instrumentalness>0.279497</instrumentalness><mode>1</mode><time_signature>4</time_signature><duration>263.75955</duration><loudness>-17.53</loudness><audio_md5 /><valence>0.307279</valence><danceability>0.743112</danceability></audio_summary><title>I Need You Tonight (Tuned Megamix)</title></song><song><artist_id>ARDNYW01187FB4D0FB</artist_id><artist_name>Aaliyah</artist_name><id>SOMJCRO1311AFDD03F</id><audio_summary><key>4</key><analysis_url>http://echonest-analysis.s3.amazonaws.com/TR/u7fqKQUoZuvQuY0upzdagt3kjOqzll9lPWJkx9MoClzO1G2o1kf74GtxiG3Y5y-U9NjhL-oc9SNdNgoKA%3D/3/full.json?AWSAccessKeyId=AKIAJRDFEY23UEVW42BQ&amp;Expires=1415342714&amp;Signature=xJqpfq4EzaaEe3Kz3R0DdOmCcB8%3D</analysis_url><energy>0.460277</energy><liveness>0.060916</liveness><tempo>87.789</tempo><speechiness>0.118757</speechiness><acousticness>0.005052</acousticness><instrumentalness>0.082548</instrumentalness><mode>0</mode><time_signature>4</time_signature><duration>243.63955</duration><loudness>-12.548</loudness><audio_md5 /><valence>0.519217</valence><danceability>0.686302</danceability></audio_summary><title>More then a woman - Krunchie Remix 30/11/04</title></song><song><artist_id>ARDNYW01187FB4D0FB</artist_id><artist_name>Aaliyah</artist_name><id>SOPEUYR148A837502B</id><audio_summary><key>8</key><analysis_url>http://echonest-analysis.s3.amazonaws.com/TR/RNmB7w08yKYi4Xs24RnroEtEAUqZcjnj9DuFdhzuyIsGS9A1f3Uu0-3QAnITwdIbpPk2MpxFrcqxI15Rc%3D/3/full.json?AWSAccessKeyId=AKIAJRDFEY23UEVW42BQ&amp;Expires=1415342714&amp;Signature=5kOVoTTaHbII3d%2BIVggqFvamASM%3D</analysis_url><energy>0.847247</energy><liveness>0.057226</liveness><tempo>138.425</tempo><speechiness>0.092447</speechiness><acousticness>0.002948</acousticness><instrumentalness>0.207922</instrumentalness><mode>1</mode><time_signature>4</time_signature><duration>321.09669</duration><loudness>-8.868</loudness><audio_md5 /><valence>0.969748</valence><danceability>0.791063</danceability></audio_summary><title>More Than A Woman - Bump N Flex Mix</title></song><song><artist_id>ARDNYW01187FB4D0FB</artist_id><artist_name>Aaliyah</artist_name><id>SOPCYWF12C0DD05420</id><audio_summary><key>7</key><analysis_url>http://echonest-analysis.s3.amazonaws.com/TR/TRFDQBE12BEA95C641/3/full.json?AWSAccessKeyId=AKIAJRDFEY23UEVW42BQ&amp;Expires=1415342714&amp;Signature=2KAoaIm/oFCqDP3q%2B%2BWn0Lx/euU%3D</analysis_url><energy>0.478136</energy><liveness>0.103284</liveness><tempo>128.969</tempo><speechiness>0.042222</speechiness><acousticness>0.001056</acousticness><instrumentalness>0.883141</instrumentalness><mode>1</mode><time_signature>4</time_signature><duration>194.14159</duration><loudness>-17.923</loudness><audio_md5 /><valence>0.712164</valence><danceability>0.683017</danceability></audio_summary><title>ONE IN A MILLION (Bass Version)</title></song><song><artist_id>ARDNYW01187FB4D0FB</artist_id><artist_name>Aaliyah</artist_name><id>SOGSXCA136765C0FBD</id><audio_summary><key>0</key><analysis_url>http://echonest-analysis.s3.amazonaws.com/TR/TRFTNKN12BEA95C625/3/full.json?AWSAccessKeyId=AKIAJRDFEY23UEVW42BQ&amp;Expires=1415342714&amp;Signature=ivQoKFKGM6NW/4HTsFiN%2BH1ziPA%3D</analysis_url><energy>0.284236</energy><liveness>0.094897</liveness><tempo>138.255</tempo><speechiness>0.09762</speechiness><acousticness>0.572899</acousticness><instrumentalness>0.794503</instrumentalness><mode>1</mode><time_signature>4</time_signature><duration>205.45261</duration><loudness>-18.564</loudness><audio_md5 /><valence>0.830419</valence><danceability>0.835879</danceability></audio_summary><title>Are You That Somebody (All Day Version)</title></song><song><artist_id>ARDNYW01187FB4D0FB</artist_id><artist_name>Aaliyah</artist_name><id>SOETUAN136765C3976</id><audio_summary><key>0</key><analysis_url>http://echonest-analysis.s3.amazonaws.com/TR/TRVDUYH12BEA95C627/3/full.json?AWSAccessKeyId=AKIAJRDFEY23UEVW42BQ&amp;Expires=1415342714&amp;Signature=zB3pw3Y8To22YE5myCSapMHQQfE%3D</analysis_url><energy>0.336755</energy><liveness>0.085688</liveness><tempo>137.863</tempo><speechiness>0.093196</speechiness><acousticness>0.566822</acousticness><instrumentalness>0.784712</instrumentalness><mode>1</mode><time_signature>4</time_signature><duration>215.95383</duration><loudness>-16.613</loudness><audio_md5 /><valence>0.841772</valence><danceability>0.839931</danceability></audio_summary><title>ARE YOU THAT SOMEBODY (3:36)</title></song><song><artist_id>ARDNYW01187FB4D0FB</artist_id><artist_name>Aaliyah</artist_name><id>SOHSWXD131343883DE</id><audio_summary><key>0</key><analysis_url>http://echonest-analysis.s3.amazonaws.com/TR/56fwPQPw3l8Wlz45tDFmz78ngBecy0qKv2ubbF/3/full.json?AWSAccessKeyId=AKIAJRDFEY23UEVW42BQ&amp;Expires=1415342714&amp;Signature=Lms01Xtv16Urp2w2TIa2VnBXh7U%3D</analysis_url><energy>0.526977</energy><liveness>0.055869</liveness><tempo>89.074</tempo><speechiness>0.208612</speechiness><acousticness>0.13622</acousticness><instrumentalness>0.00958</instrumentalness><mode>1</mode><time_signature>4</time_signature><duration>317.50667</duration><loudness>-5.275</loudness><audio_md5 /><valence>0.929305</valence><danceability>0.80088</danceability></audio_summary><title>Don't Know What To Tell Ya (Thomas Eriksen Mix)</title></song><song><artist_id>ARDNYW01187FB4D0FB</artist_id><artist_name>Aaliyah</artist_name><id>SOKWGLZ1368DD92B09</id><audio_summary><key>6</key><analysis_url>http://echonest-analysis.s3.amazonaws.com/TR/TRBXFRX12BEA95C64A/3/full.json?AWSAccessKeyId=AKIAJRDFEY23UEVW42BQ&amp;Expires=1415342714&amp;Signature=/V0pu5p5NmVGDDRdytYQHoJC5eE%3D</analysis_url><energy>0.322536</energy><liveness>0.076278</liveness><tempo>186.045</tempo><speechiness>0.480736</speechiness><acousticness>0.38916</acousticness><instrumentalness>0.002589</instrumentalness><mode>0</mode><time_signature>4</time_signature><duration>201.63873</duration><loudness>-15.245</loudness><audio_md5 /><valence>0.828576</valence><danceability>0.684282</danceability></audio_summary><title>Try Again (No Timbaland Version)</title></song><song><artist_id>ARDNYW01187FB4D0FB</artist_id><artist_name>Aaliyah</artist_name><id>SOIHUQO13134395BCD</id><audio_summary><key>10</key><analysis_url>http://echonest-analysis.s3.amazonaws.com/TR/IWEB_QTsWjyp1mrOkKyFiIx0AhKZI-x_sj2pD4h0XPK4eqhEXMIb05YWSUDX5vfyXosYR6X9Q0wexJw6g%3D/3/full.json?AWSAccessKeyId=AKIAJRDFEY23UEVW42BQ&amp;Expires=1415342714&amp;Signature=LrkHbCygrFFm4U4i8PPiA8mbhCU%3D</analysis_url><energy>0.884077</energy><liveness>0.082223</liveness><tempo>134.989</tempo><speechiness>0.068768</speechiness><acousticness>0.000605</acousticness><instrumentalness>0.596444</instrumentalness><mode>0</mode><time_signature>4</time_signature><duration>330.93288</duration><loudness>-10.817</loudness><audio_md5>5ebb2d3b94f9940229f4265cf44ad76a</audio_md5><valence>0.964646</valence><danceability>0.788836</danceability></audio_summary><title>More then a woman - Bump N Flex Club Mix</title></song><song><artist_id>ARDNYW01187FB4D0FB</artist_id><artist_name>Aaliyah</artist_name><id>SOMGTIC12C0DD04AE3</id><audio_summary><key>0</key><analysis_url>http://echonest-analysis.s3.amazonaws.com/TR/TRNNCXR12BEA95C61F/3/full.json?AWSAccessKeyId=AKIAJRDFEY23UEVW42BQ&amp;Expires=1415342714&amp;Signature=yw1ryVEEFUhaW%2Bhsqbel2rlIMYY%3D</analysis_url><energy>0.241276</energy><liveness>0.077368</liveness><tempo>121.252</tempo><speechiness>0.056406</speechiness><acousticness>0.093822</acousticness><instrumentalness>0.062247</instrumentalness><mode>1</mode><time_signature>4</time_signature><duration>231.83628</duration><loudness>-18.215</loudness><audio_md5 /><valence>0.444144</valence><danceability>0.783955</danceability></audio_summary><title>Four Page Letter (3:52)</title></song><song><artist_id>ARDNYW01187FB4D0FB</artist_id><artist_name>Aaliyah</artist_name><id>SOMHARV136765BFFFE</id><audio_summary><key>9</key><analysis_url>http://echonest-analysis.s3.amazonaws.com/TR/TRCXETQ12BEA95C624/3/full.json?AWSAccessKeyId=AKIAJRDFEY23UEVW42BQ&amp;Expires=1415342714&amp;Signature=UynLs7aUiQBpHLHs4In5uN2A0js%3D</analysis_url><energy>0.257588</energy><liveness>0.092397</liveness><tempo>138.078</tempo><speechiness>0.115675</speechiness><acousticness>0.627874</acousticness><instrumentalness>0.666239</instrumentalness><mode>0</mode><time_signature>4</time_signature><duration>248.31955</duration><loudness>-20.889</loudness><audio_md5 /><valence>0.80655</valence><danceability>0.83704</danceability></audio_summary><title>Are You That Somebody (W/O Rap)</title></song><song><artist_id>ARDNYW01187FB4D0FB</artist_id><artist_name>Aaliyah</artist_name><id>SOFJGHV13167711A9B</id><audio_summary><key>1</key><analysis_url>http://echonest-analysis.s3.amazonaws.com/TR/-pVxGgs9nBuS8S74VO_5bLi94h1LCDVGZC-aQkY6RBHszdc0mRsQV6C5ymOwmPNuXO6m7R-Db8oMBaL2E%3D/3/full.json?AWSAccessKeyId=AKIAJRDFEY23UEVW42BQ&amp;Expires=1415342714&amp;Signature=me1kWkJnmyo4R4ODrHexNFkB9PI%3D</analysis_url><energy>0.558138</energy><liveness>0.081167</liveness><tempo>136.852</tempo><speechiness>0.058112</speechiness><acousticness>0.149681</acousticness><instrumentalness>0.668229</instrumentalness><mode>0</mode><time_signature>4</time_signature><duration>100.29288</duration><loudness>-4.859</loudness><audio_md5>ee95c59c5cddee463ca730218912a908</audio_md5><valence>0.67466</valence><danceability>0.908787</danceability></audio_summary><title>Came to Give Love (Outro)</title></song><song><artist_id>ARDNYW01187FB4D0FB</artist_id><artist_name>Aaliyah</artist_name><id>SODXMDI12A8C13E200</id><audio_summary><key>1</key><analysis_url>http://echonest-analysis.s3.amazonaws.com/TR/IjgVkAR9Zh7QzSeXZLCwML2U_X4WBoaVhv-DbhBKEoHoqMQeB72y-6YimCrMHb667weJL5oxCFPobGNSg%3D/3/full.json?AWSAccessKeyId=AKIAJRDFEY23UEVW42BQ&amp;Expires=1415342714&amp;Signature=8Mfakqei3BLKdyl5E2uFQpw5dcM%3D</analysis_url><energy>0.438216</energy><liveness>0.031806</liveness><tempo>179.753</tempo><speechiness>0.101762</speechiness><acousticness>0.299214</acousticness><instrumentalness>0.202578</instrumentalness><mode>0</mode><time_signature>4</time_signature><duration>266.57288</duration><loudness>-6.794</loudness><audio_md5 /><valence>0.926792</valence><danceability>0.68557</danceability></audio_summary><title>Giving You More</title></song><song><artist_id>ARDNYW01187FB4D0FB</artist_id><artist_name>Aaliyah</artist_name><id>SOLIGHV1366CDE4D5C</id><audio_summary><key>11</key><analysis_url>http://echonest-analysis.s3.amazonaws.com/TR/3fYGewHpbYQMFfkUJt8ObYi4a3dplRijJr-pa7IOHd4jFUVeO1W8WvMj7geu8YI9drH89OOGYIlF8owAo%3D/3/full.json?AWSAccessKeyId=AKIAJRDFEY23UEVW42BQ&amp;Expires=1415342714&amp;Signature=GdTC05UtIxBsjnjEfgq8K0VrPkI%3D</analysis_url><energy>0.324527</energy><liveness>0.68393</liveness><tempo>94.989</tempo><speechiness>0.177605</speechiness><acousticness>0.834805</acousticness><instrumentalness>3.9e-05</instrumentalness><mode>0</mode><time_signature>4</time_signature><duration>78.54621</duration><loudness>-15.051</loudness><audio_md5>4e7e055256a72153609b08c1e5542bf1</audio_md5><valence>0.184187</valence><danceability>0.30859</danceability></audio_summary><title>Intro</title></song><song><artist_id>ARDNYW01187FB4D0FB</artist_id><artist_name>Aaliyah</artist_name><id>SOAOTKR13167716D23</id><audio_summary><key>1</key><analysis_url>http://echonest-analysis.s3.amazonaws.com/TR/uQjl-gWLUyf01PaONw8RjM1mbBoP4cFXMCMFqcl0ZC-j6vpaT-1KhBXhIigl1unCH3fc9N6NBMzgZDjB4%3D/3/full.json?AWSAccessKeyId=AKIAJRDFEY23UEVW42BQ&amp;Expires=1415342714&amp;Signature=Gbnl4LN02tkKziTvBMPwJ5Xypcc%3D</analysis_url><energy>0.644232</energy><liveness>0.0626</liveness><tempo>109.672</tempo><speechiness>0.047688</speechiness><acousticness>0.003527</acousticness><instrumentalness>0.000611</instrumentalness><mode>1</mode><time_signature>4</time_signature><duration>236.99955</duration><loudness>-3.788</loudness><audio_md5 /><valence>0.749573</valence><danceability>0.828797</danceability></audio_summary><title>Got to Give It Up (Remix)</title></song><song><artist_id>ARDNYW01187FB4D0FB</artist_id><artist_name>Aaliyah</artist_name><id>SOECZQK1313438EA2B</id><audio_summary><key>2</key><analysis_url>http://echonest-analysis.s3.amazonaws.com/TR/04ALJQ0JhBy5JXaYdVCFSEhUJzQzMR2NAREENbEKQMyQwZDv9g94UBiGuQtYX67iNCFLBfigG6IukTMw0%3D/3/full.json?AWSAccessKeyId=AKIAJRDFEY23UEVW42BQ&amp;Expires=1415342714&amp;Signature=jNFFvY7Eqka5slh8aeiJ5y5Utxc%3D</analysis_url><energy>0.388901</energy><liveness>0.799527</liveness><tempo>91.477</tempo><speechiness>0.472405</speechiness><acousticness>0.798319</acousticness><instrumentalness>2.4e-05</instrumentalness><mode>1</mode><time_signature>1</time_signature><duration>90.35955</duration><loudness>-15.978</loudness><audio_md5 /><valence>0.295339</valence><danceability>0.309523</danceability></audio_summary><title>Intro</title></song><song><artist_id>ARDNYW01187FB4D0FB</artist_id><artist_name>Aaliyah</artist_name><id>SOWTLUJ13668A4AB61</id><audio_summary><key>4</key><analysis_url>http://echonest-analysis.s3.amazonaws.com/TR/TRVHMSF12BEA95C633/3/full.json?AWSAccessKeyId=AKIAJRDFEY23UEVW42BQ&amp;Expires=1415342714&amp;Signature=n6F7KfyGnqycnVxAwUb91GIMdvg%3D</analysis_url><energy>0.477367</energy><liveness>0.062618</liveness><tempo>109.93</tempo><speechiness>0.059949</speechiness><acousticness>0.178619</acousticness><instrumentalness>0.855082</instrumentalness><mode>1</mode><time_signature>4</time_signature><duration>212.34893</duration><loudness>-15.549</loudness><audio_md5 /><valence>0.982098</valence><danceability>0.922374</danceability></audio_summary><title>GOT TO GIVE IT UP (Remix)</title></song><song><artist_id>ARDNYW01187FB4D0FB</artist_id><artist_name>Aaliyah</artist_name><id>SOARCSD12A8C13E1DA</id><audio_summary><key>8</key><analysis_url>http://echonest-analysis.s3.amazonaws.com/TR/RByvYg5uxcoxiCdITzHXPJ5LSP4XCkskcZOsGKyKVXwGXbq82aAzfFAXXqpNQnFhUzQGEO6fFgNbAC_VQ%3D/3/full.json?AWSAccessKeyId=AKIAJRDFEY23UEVW42BQ&amp;Expires=1415342714&amp;Signature=rC2wm1xMFLgXecfro80zuTQPUvw%3D</analysis_url><energy>0.638888</energy><liveness>0.134316</liveness><tempo>126.832</tempo><speechiness>0.091263</speechiness><acousticness>0.008884</acousticness><instrumentalness>2.5e-05</instrumentalness><mode>0</mode><time_signature>4</time_signature><duration>130.70621</duration><loudness>-6.438</loudness><audio_md5 /><valence>0.407033</valence><danceability>0.809987</danceability></audio_summary><title>Beat 4 Da Streets (Intro)</title></song><song><artist_id>ARDNYW01187FB4D0FB</artist_id><artist_name>Aaliyah</artist_name><id>SOMDJKF131343908B9</id><audio_summary><key>6</key><analysis_url>http://echonest-analysis.s3.amazonaws.com/TR/aDju-gffXxfQzUWK0aT4MZnvkKIP6ISQPABMm_PndXKgqwG0Hd8Bn97kwePcvZnAZmT_3tJQka9_63Aks%3D/3/full.json?AWSAccessKeyId=AKIAJRDFEY23UEVW42BQ&amp;Expires=1415342714&amp;Signature=sBcMPQDqYHp88%2BUqtJwRQsVRpNo%3D</analysis_url><energy>0.569377</energy><liveness>0.084272</liveness><tempo>125.139</tempo><speechiness>0.058167</speechiness><acousticness>0.688593</acousticness><instrumentalness>0.187004</instrumentalness><mode>1</mode><time_signature>5</time_signature><duration>188.19955</duration><loudness>-6.636</loudness><audio_md5>2235a0eff6e1a61dcc26026d4195b86d</audio_md5><valence>0.653286</valence><danceability>0.464964</danceability></audio_summary><title>All I Need</title></song><song><artist_id>ARDNYW01187FB4D0FB</artist_id><artist_name>Aaliyah</artist_name><id>SOBGRSD12A8C13E205</id><audio_summary><key>5</key><analysis_url>http://echonest-analysis.s3.amazonaws.com/TR/nGH1aQ8db6D9YdQi6zL9s71f_DgeTb_jU3vIQP12uqpBlZMtoNjBVqD7fwI64SkuyRtPvHjei-UPpLEb8%3D/3/full.json?AWSAccessKeyId=AKIAJRDFEY23UEVW42BQ&amp;Expires=1415342714&amp;Signature=wd1maLhhevo0S%2B47Iaso1d1Ns0w%3D</analysis_url><energy>0.548135</energy><liveness>0.057971</liveness><tempo>178.154</tempo><speechiness>0.168132</speechiness><acousticness>0.089686</acousticness><instrumentalness>5.9e-05</instrumentalness><mode>0</mode><time_signature>4</time_signature><duration>174.53288</duration><loudness>-5.672</loudness><audio_md5 /><valence>0.8879</valence><danceability>0.743893</danceability></audio_summary><title>I Gotcha' Back</title></song><song><artist_id>ARDNYW01187FB4D0FB</artist_id><artist_name>Aaliyah</artist_name><id>SONQAOG146F3A30526</id><audio_summary><key>6</key><analysis_url>http://echonest-analysis.s3.amazonaws.com/TR/csNFrw3MCYtpnjEQ0wrvKpBw795Vnb_rsgX0JKPxVK_MyuMhMM9XBOfz3jMqx_3R2897HVPwjkN0JsGLU%3D/3/full.json?AWSAccessKeyId=AKIAJRDFEY23UEVW42BQ&amp;Expires=1415342714&amp;Signature=K1ddErF4q7Th2EgcEBV9sVtpfkM%3D</analysis_url><energy>0.530644</energy><liveness>0.115467</liveness><tempo>125.358</tempo><speechiness>0.047711</speechiness><acousticness>0.662223</acousticness><instrumentalness>0.234558</instrumentalness><mode>1</mode><time_signature>5</time_signature><duration>179.37556</duration><loudness>-7.041</loudness><audio_md5 /><valence>0.673853</valence><danceability>0.65917</danceability></audio_summary><title>All I Need</title></song><song><artist_id>ARDNYW01187FB4D0FB</artist_id><artist_name>Aaliyah</artist_name><id>SOIVVVC1312FDFBDD4</id><audio_summary><key>7</key><analysis_url>http://echonest-analysis.s3.amazonaws.com/TR/MxG5Sg-7_sJJWmHAFj9x2uQiyN-zqpASXd56A6/3/full.json?AWSAccessKeyId=AKIAJRDFEY23UEVW42BQ&amp;Expires=1415342714&amp;Signature=ziuC6f5HnFqxw3rP0kjI0ULZfJ0%3D</analysis_url><energy>0.489389</energy><liveness>0.04585</liveness><tempo>93.99</tempo><speechiness>0.069442</speechiness><acousticness>0.111115</acousticness><instrumentalness>0.000246</instrumentalness><mode>1</mode><time_signature>4</time_signature><duration>247.24562</duration><loudness>-8.429</loudness><audio_md5>882b0e85cef2f7c8211c25ae25fd7e8a</audio_md5><valence>0.666271</valence><danceability>0.671541</danceability></audio_summary><title>Are You Ready</title></song><song><artist_id>ARDNYW01187FB4D0FB</artist_id><artist_name>Aaliyah</artist_name><id>SOHQVHF146B25320B1</id><audio_summary><key>1</key><analysis_url>http://echonest-analysis.s3.amazonaws.com/TR/7OdM0gbxKtzCpQEjnJgtUiA2_3wkL885r6h8IrTf4SdVxqRrNP6LmaCI-tO5zCB8zW-jGiqoMtGKdXDts%3D/3/full.json?AWSAccessKeyId=AKIAJRDFEY23UEVW42BQ&amp;Expires=1415342714&amp;Signature=S6uIIGW4qiEzKPrqp9J3MibUKkk%3D</analysis_url><energy>0.507127</energy><liveness>0.099473</liveness><tempo>104.592</tempo><speechiness>0.037153</speechiness><acousticness>0.225357</acousticness><instrumentalness>0.012523</instrumentalness><mode>1</mode><time_signature>4</time_signature><duration>183.58018</duration><loudness>-17.943</loudness><audio_md5 /><valence>0.748327</valence><danceability>0.682256</danceability></audio_summary><title>The Thing I Like</title></song><song><artist_id>ARDNYW01187FB4D0FB</artist_id><artist_name>Aaliyah</artist_name><id>SOWPELT12A8C138E78</id><audio_summary><key>1</key><analysis_url>http://echonest-analysis.s3.amazonaws.com/TR/vmC5zgfvPDbSGjwQzzdtIg56yz6dKAVEgcdlKigoauEkBvYCuC0bKKgHcWDePy1BF7PWTXMDmbVWbyS-w%3D/3/full.json?AWSAccessKeyId=AKIAJRDFEY23UEVW42BQ&amp;Expires=1415342714&amp;Signature=1QGFgalb0tWYUPIF8YzeA0rIw88%3D</analysis_url><energy>0.623879</energy><liveness>0.118588</liveness><tempo>103.062</tempo><speechiness>0.030915</speechiness><acousticness>0.420362</acousticness><instrumentalness>0.306423</instrumentalness><mode>1</mode><time_signature>4</time_signature><duration>203.45288</duration><loudness>-11.598</loudness><audio_md5>b55308667ba100f72162e37d6a6cdd56</audio_md5><valence>0.744853</valence><danceability>0.731237</danceability></audio_summary><title>The Thing I Like</title></song><song><artist_id>ARDNYW01187FB4D0FB</artist_id><artist_name>Aaliyah</artist_name><id>SOVNLLV12C0DD05418</id><audio_summary><key>4</key><analysis_url>http://echonest-analysis.s3.amazonaws.com/TR/TRRRSVX12BEA95C63A/3/full.json?AWSAccessKeyId=AKIAJRDFEY23UEVW42BQ&amp;Expires=1415342714&amp;Signature=yQsQeNkjzI9XwjTA3KT%2BXrbdGpw%3D</analysis_url><energy>0.372662</energy><liveness>0.140927</liveness><tempo>77.99</tempo><speechiness>0.047465</speechiness><acousticness>0.34665</acousticness><instrumentalness>0.000577</instrumentalness><mode>0</mode><time_signature>4</time_signature><duration>269.24363</duration><loudness>-15.793</loudness><audio_md5>87e87579903ab6c8df486fff1559f84a</audio_md5><valence>0.859426</valence><danceability>0.675397</danceability></audio_summary><title>At Your Best (Remix)</title></song><song><artist_id>ARDNYW01187FB4D0FB</artist_id><artist_name>Aaliyah</artist_name><id>SOAIHKG1312FDFE17C</id><audio_summary><key>6</key><analysis_url>http://echonest-analysis.s3.amazonaws.com/TR/o94eTgqbsHVL613oPqnQZbPXQG77eZqKGOYc2m9gpc34lnuNBwv0cObIXuEIBDp1bf6rhLZHl5NpAZ2EA%3D/3/full.json?AWSAccessKeyId=AKIAJRDFEY23UEVW42BQ&amp;Expires=1415342714&amp;Signature=Ig61uGiUB08mUr877niNVEX1ODc%3D</analysis_url><energy>0.726557</energy><liveness>0.266168</liveness><tempo>91.544</tempo><speechiness>0.047253</speechiness><acousticness>0.106626</acousticness><instrumentalness>0.162015</instrumentalness><mode>0</mode><time_signature>4</time_signature><duration>289.66621</duration><loudness>-2.876</loudness><audio_md5 /><valence>0.848201</valence><danceability>0.699451</danceability></audio_summary><title>Everything's Gonna Be Alright</title></song><song><artist_id>ARDNYW01187FB4D0FB</artist_id><artist_name>Aaliyah</artist_name><id>SOAAXVR136060C69D2</id><audio_summary><key>11</key><analysis_url>http://echonest-analysis.s3.amazonaws.com/TR/fD4H_wEPmytoDxD4IqEz8knKjb5l_0yNZvRXUqlJuekaRXCA_JYmRtRGbFDQOls3-xj2veAtZvMXlQTH0%3D/3/full.json?AWSAccessKeyId=AKIAJRDFEY23UEVW42BQ&amp;Expires=1415342714&amp;Signature=CU%2B7r6tCScpvtgA4YyM0obeJiWI%3D</analysis_url><energy>0.640777</energy><liveness>0.079724</liveness><tempo>87.061</tempo><speechiness>0.257002</speechiness><acousticness>0.460336</acousticness><instrumentalness>0.0</instrumentalness><mode>0</mode><time_signature>4</time_signature><duration>262.70621</duration><loudness>-5.331</loudness><audio_md5 /><valence>0.589831</valence><danceability>0.745405</danceability></audio_summary><title>A Girl Like You</title></song><song><artist_id>ARDNYW01187FB4D0FB</artist_id><artist_name>Aaliyah</artist_name><id>SOQDKUV13129A90693</id><audio_summary><key>0</key><analysis_url>http://echonest-analysis.s3.amazonaws.com/TR/8slxAAL7O_OMcoHBKzXJ6FDXm4E79NbBp5zOJkLHH4yscggCitrwGICzogwJE63Vic4UcQfTzBc9KVklc%3D/3/full.json?AWSAccessKeyId=AKIAJRDFEY23UEVW42BQ&amp;Expires=1415342714&amp;Signature=iHWGDvp3DmR9HtfUkAN/Esene%2Bo%3D</analysis_url><energy>0.457628</energy><liveness>0.36814</liveness><tempo>167.851</tempo><speechiness>0.155662</speechiness><acousticness>0.763803</acousticness><instrumentalness>1.9e-05</instrumentalness><mode>1</mode><time_signature>4</time_signature><duration>195.01288</duration><loudness>-9.701</loudness><audio_md5>ba42c7b15baf1329a0c62c94c2744f28</audio_md5><valence>0.483869</valence><danceability>0.575061</danceability></audio_summary><title>Old School</title></song><song><artist_id>ARDNYW01187FB4D0FB</artist_id><artist_name>Aaliyah</artist_name><id>SODDOTE12A8C138478</id><audio_summary><key>2</key><analysis_url>http://echonest-analysis.s3.amazonaws.com/TR/rCGEZQjSwDo4ZsGY3383cqsDolkfaHmDOw7VN9d0x0YkD77nlttiNjh6_5yV2UOsKZayHDQdgrdsUEwlo%3D/3/full.json?AWSAccessKeyId=AKIAJRDFEY23UEVW42BQ&amp;Expires=1415342714&amp;Signature=J%2BIkXmCb478BJprCxW5rlRFBKac%3D</analysis_url><energy>0.802859</energy><liveness>0.019546</liveness><tempo>190.187</tempo><speechiness>0.291969</speechiness><acousticness>0.030165</acousticness><instrumentalness>5e-06</instrumentalness><mode>1</mode><time_signature>4</time_signature><duration>214.09288</duration><loudness>-7.127</loudness><audio_md5 /><valence>0.745173</valence><danceability>0.671555</danceability></audio_summary><title>Throw Your Hands Up</title></song><song><artist_id>ARDNYW01187FB4D0FB</artist_id><artist_name>Aaliyah</artist_name><id>SOCMZKY12A8AE47D69</id><audio_summary><key>0</key><analysis_url>http://echonest-analysis.s3.amazonaws.com/TR/4DdMxwZaJ8jvsmFngdQ2ndBViGBokBa9vyUEXORLkX4yof_yW0tW7-BWv7wwHtTeSkY8DsdBM7A-HjKJM%3D/3/full.json?AWSAccessKeyId=AKIAJRDFEY23UEVW42BQ&amp;Expires=1415342714&amp;Signature=27wV1Q9ZrmEf9sphFawqUmTkd2c%3D</analysis_url><energy>0.556405</energy><liveness>0.186604</liveness><tempo>92.034</tempo><speechiness>0.073818</speechiness><acousticness>0.400269</acousticness><instrumentalness>0.004208</instrumentalness><mode>0</mode><time_signature>4</time_signature><duration>231.93288</duration><loudness>-7.007</loudness><audio_md5 /><valence>0.926781</valence><danceability>0.763951</danceability></audio_summary><title>Don't Worry</title></song><song><artist_id>ARDNYW01187FB4D0FB</artist_id><artist_name>Aaliyah</artist_name><id>SOLNGFX12A8C1424A0</id><audio_summary><key>7</key><analysis_url>http://echonest-analysis.s3.amazonaws.com/TR/WCEDLQvmWsgdO-MkrJsLIDgyQgNTvy4MbeqA5EyReXqBUydrmieJwTDRBrBzjHYbSvL00AzOWAUL2irz8%3D/3/full.json?AWSAccessKeyId=AKIAJRDFEY23UEVW42BQ&amp;Expires=1415342714&amp;Signature=L1pzboDwZBYxfgi55HZOU13w42Q%3D</analysis_url><energy>0.746664</energy><liveness>0.039608</liveness><tempo>98.445</tempo><speechiness>0.273625</speechiness><acousticness>0.15598</acousticness><instrumentalness>0.000728</instrumentalness><mode>1</mode><time_signature>4</time_signature><duration>245.26621</duration><loudness>-8.225</loudness><audio_md5>dbbd2c1f5b914754ab2810b831b01139</audio_md5><valence>0.530289</valence><danceability>0.767013</danceability></audio_summary><title>No One Knows How To Love Me Quite Like You Do</title></song><song><artist_id>ARDNYW01187FB4D0FB</artist_id><artist_name>Aaliyah</artist_name><id>SORMHNN13152A716CC</id><audio_summary><key>10</key><analysis_url>http://echonest-analysis.s3.amazonaws.com/TR/5VEKdA0Eb3CtqSyjFZdnxz-PFhA5mCPxQ7llAA9HfChBxCnEj7uKqYBFcHMxdMK_5Uwpb9oaByGCGbHzw%3D/3/full.json?AWSAccessKeyId=AKIAJRDFEY23UEVW42BQ&amp;Expires=1415342714&amp;Signature=bJZ72W1eszU4Ys0PtYs7PnQIX2Y%3D</analysis_url><energy>0.798905</energy><liveness>0.419578</liveness><tempo>190.99</tempo><speechiness>0.323181</speechiness><acousticness>0.171329</acousticness><instrumentalness>0.067414</instrumentalness><mode>0</mode><time_signature>4</time_signature><duration>232.38621</duration><loudness>-8.891</loudness><audio_md5>771eeea0a5ccf2475d2cf3e64f9a7bb0</audio_md5><valence>0.641684</valence><danceability>0.504714</danceability></audio_summary><title>Back &amp; Forth</title></song><song><artist_id>ARDNYW01187FB4D0FB</artist_id><artist_name>Aaliyah</artist_name><id>SOHKGRK137755FC585</id><audio_summary><key>5</key><analysis_url>http://echonest-analysis.s3.amazonaws.com/TR/XbLEXQji49eYQAM-YN5vq6uwn-WNwRARLISBdtzH6CgdUwhPgCbX1XPgOhB5dHrxtWkhv-sMC0IBOG2rM%3D/3/full.json?AWSAccessKeyId=AKIAJRDFEY23UEVW42BQ&amp;Expires=1415342714&amp;Signature=dhM9xDIXtK0ffVyY28f5vF9/9SA%3D</analysis_url><energy>0.751333</energy><liveness>0.120301</liveness><tempo>92.928</tempo><speechiness>0.032345</speechiness><acousticness>0.069161</acousticness><instrumentalness>1.4e-05</instrumentalness><mode>1</mode><time_signature>4</time_signature><duration>231.62621</duration><loudness>-7.662</loudness><audio_md5>f268ebdd6e37a74cbe1cae03296d1404</audio_md5><valence>0.874278</valence><danceability>0.702884</danceability></audio_summary><title>Back &amp; Forth</title></song><song><artist_id>ARDNYW01187FB4D0FB</artist_id><artist_name>Aaliyah</artist_name><id>SOEFMDI1311AFD574D</id><audio_summary><key>6</key><analysis_url>http://echonest-analysis.s3.amazonaws.com/TR/UDLoKAhYPP_Ws9I9kDLCelXH1X8PtnwKuTzP61/3/full.json?AWSAccessKeyId=AKIAJRDFEY23UEVW42BQ&amp;Expires=1415342714&amp;Signature=f10Y82AX7MTzAORFOMKtA1U7EwU%3D</analysis_url><energy>0.580621</energy><liveness>0.081821</liveness><tempo>93.02</tempo><speechiness>0.296538</speechiness><acousticness>0.094867</acousticness><instrumentalness>1e-06</instrumentalness><mode>0</mode><time_signature>4</time_signature><duration>284.35955</duration><loudness>-7.46</loudness><audio_md5 /><valence>0.743083</valence><danceability>0.796265</danceability></audio_summary><title>Try Again</title></song><song><artist_id>ARDNYW01187FB4D0FB</artist_id><artist_name>Aaliyah</artist_name><id>SONEBYQ1311AFEA3AB</id><audio_summary><key>4</key><analysis_url>http://echonest-analysis.s3.amazonaws.com/TR/i_bifgNj2wA8oIN2om8IjPOfHnmjWSBz6mG8-Ad-HhuKzZiQGa-ZH75XmHToLJdgt09qc7h2gVSvYsNOQ%3D/3/full.json?AWSAccessKeyId=AKIAJRDFEY23UEVW42BQ&amp;Expires=1415342714&amp;Signature=FbsmmwHZ8GuBIbvQJ7g1Bhh3Gbc%3D</analysis_url><energy>0.566892</energy><liveness>0.323602</liveness><tempo>84.028</tempo><speechiness>0.027216</speechiness><acousticness>0.179273</acousticness><instrumentalness>0.119638</instrumentalness><mode>0</mode><time_signature>4</time_signature><duration>251.56454</duration><loudness>-7.557</loudness><audio_md5>7d9892366ecd6d486e7e68445b1d2539</audio_md5><valence>0.383312</valence><danceability>0.600418</danceability></audio_summary><title>Age Ain't Nothing But A Number</title></song><song><artist_id>ARDNYW01187FB4D0FB</artist_id><artist_name>Aaliyah</artist_name><id>SOOJVFB1311AFDAC94</id><audio_summary><key>0</key><analysis_url>http://echonest-analysis.s3.amazonaws.com/TR/6Ob6zwbksY_Fx2bUvO1UIkuD-aohlrPDvBTawG5UV0rly0y7SoIK78hhufD1EcrN1YONnBRm87rxSDzQc%3D/3/full.json?AWSAccessKeyId=AKIAJRDFEY23UEVW42BQ&amp;Expires=1415342714&amp;Signature=Tfb9UWQ6Sl/UZ2bjCKU/Uw9un60%3D</analysis_url><energy>0.598052</energy><liveness>0.187518</liveness><tempo>139.853</tempo><speechiness>0.030925</speechiness><acousticness>0.606745</acousticness><instrumentalness>0.010392</instrumentalness><mode>0</mode><time_signature>4</time_signature><duration>279.74621</duration><loudness>-7.077</loudness><audio_md5>10f92ab2f6bc8dcbccd28a7cc11da6f7</audio_md5><valence>0.612737</valence><danceability>0.580416</danceability></audio_summary><title>Young Nation</title></song><song><artist_id>ARDNYW01187FB4D0FB</artist_id><artist_name>Aaliyah</artist_name><id>SOFUVZB13E907720B8</id><audio_summary><key>4</key><analysis_url>http://echonest-analysis.s3.amazonaws.com/TR/PEoBuQwvVu6coreISwzF2vIiSWrg%3D%3D/3/full.json?AWSAccessKeyId=AKIAJRDFEY23UEVW42BQ&amp;Expires=1415342714&amp;Signature=fO2ZHgPpQTDMl2hRGmK0aiFir%2Bs%3D</analysis_url><energy>0.531097</energy><liveness>0.079909</liveness><tempo>78.033</tempo><speechiness>0.051007</speechiness><acousticness>0.273237</acousticness><instrumentalness>0.000721</instrumentalness><mode>0</mode><time_signature>4</time_signature><duration>278.92803</duration><loudness>-11.409</loudness><audio_md5>a01def6b744e581c00bb1d20dc90936e</audio_md5><valence>0.808917</valence><danceability>0.631052</danceability></audio_summary><title>At Your Best (You Are Love) (Official Video)</title></song><song><artist_id>ARDNYW01187FB4D0FB</artist_id><artist_name>Aaliyah</artist_name><id>SOGZGXZ131343948AA</id><audio_summary><key>1</key><analysis_url>http://echonest-analysis.s3.amazonaws.com/TR/_hmFgA0iADAW6_bedy_76BN7wcCrYLEYn7_Rg2YCcJRQf87kUlgKDTydzAfuEP-b2ae9TEl1jQtui6eco%3D/3/full.json?AWSAccessKeyId=AKIAJRDFEY23UEVW42BQ&amp;Expires=1415342714&amp;Signature=65Tn5nt0Di3vG5wMdNhF4hDAW1Q%3D</analysis_url><energy>0.612716</energy><liveness>0.267472</liveness><tempo>88.98</tempo><speechiness>0.152746</speechiness><acousticness>0.015877</acousticness><instrumentalness>0.042636</instrumentalness><mode>1</mode><time_signature>4</time_signature><duration>191.67955</duration><loudness>-5.195</loudness><audio_md5>5bddd9b72fcb1cac881dad668cc07fe2</audio_md5><valence>0.702423</valence><danceability>0.738004</danceability></audio_summary><title>Are You Feelin' Me?</title></song><song><artist_id>ARDNYW01187FB4D0FB</artist_id><artist_name>Aaliyah</artist_name><id>SODIASF1311AFD9291</id><audio_summary><key>6</key><analysis_url>http://echonest-analysis.s3.amazonaws.com/TR/sfYIVgaY6ij9ApcztMEIeRPpmSPXG2ibUstzjk64aI54Y-CpyQZbLearemNrIyCIIkrqkotGbJ8lH-ng0%3D/3/full.json?AWSAccessKeyId=AKIAJRDFEY23UEVW42BQ&amp;Expires=1415342714&amp;Signature=1ol21Xgg/Ro950LtENWvGqRcaiA%3D</analysis_url><energy>0.645611</energy><liveness>0.078784</liveness><tempo>144.018</tempo><speechiness>0.14635</speechiness><acousticness>0.288377</acousticness><instrumentalness>0.00026</instrumentalness><mode>0</mode><time_signature>4</time_signature><duration>259.02621</duration><loudness>-4.131</loudness><audio_md5 /><valence>0.510626</valence><danceability>0.75848</danceability></audio_summary><title>Heartbroken</title></song><song><artist_id>ARDNYW01187FB4D0FB</artist_id><artist_name>Aaliyah</artist_name><id>SOOMAOW131343A0F49</id><audio_summary><key>10</key><analysis_url>http://echonest-analysis.s3.amazonaws.com/TR/Gv6BCg8ZBY29lqtZNua8gvlFouBeLDctNzKVWCjy_Ml3T9Ov4pTAFPMeqq297o0wH2Sbcg1o-dHO0FNQk%3D/3/full.json?AWSAccessKeyId=AKIAJRDFEY23UEVW42BQ&amp;Expires=1415342714&amp;Signature=1yPqJkaefwDV8wWAAVxLNI1WbsY%3D</analysis_url><energy>0.566736</energy><liveness>0.339593</liveness><tempo>99.971</tempo><speechiness>0.029207</speechiness><acousticness>0.286201</acousticness><instrumentalness>0.004358</instrumentalness><mode>0</mode><time_signature>4</time_signature><duration>204.38626</duration><loudness>-8.193</loudness><audio_md5>28dcb31fa1c32b12d64b1e704837945d</audio_md5><valence>0.727221</valence><danceability>0.691986</danceability></audio_summary><title>I'm So Into You</title></song><song><artist_id>ARDNYW01187FB4D0FB</artist_id><artist_name>Aaliyah</artist_name><id>SOBANDZ1313439D970</id><audio_summary><key>10</key><analysis_url>http://echonest-analysis.s3.amazonaws.com/TR/S4xr5g13bhVCIvFfwSEeXNcClZDSqTlautqkWT8bU3UFWlUQ-9ADk3iq6ct9XuQZvn8LoUmajsrZTqBw8%3D/3/full.json?AWSAccessKeyId=AKIAJRDFEY23UEVW42BQ&amp;Expires=1415342714&amp;Signature=e%2BCtDPagW1Etx1VbhAmBo3m58VQ%3D</analysis_url><energy>0.741853</energy><liveness>0.214081</liveness><tempo>142.046</tempo><speechiness>0.09286</speechiness><acousticness>0.382626</acousticness><instrumentalness>2e-05</instrumentalness><mode>0</mode><time_signature>4</time_signature><duration>277.66621</duration><loudness>-7.756</loudness><audio_md5 /><valence>0.923111</valence><danceability>0.768088</danceability></audio_summary><title>Erica Kane</title></song><song><artist_id>ARDNYW01187FB4D0FB</artist_id><artist_name>Aaliyah</artist_name><id>SOBHKJN13134391F44</id><audio_summary><key>2</key><analysis_url>http://echonest-analysis.s3.amazonaws.com/TR/EkanLwvrsTsENitV7t7wEEPPelWRd8z4z8He_Y6UQo7Ss59oj8p9vzG0xvaqjwvjtQ_BZej0zMyAjKWrc%3D/3/full.json?AWSAccessKeyId=AKIAJRDFEY23UEVW42BQ&amp;Expires=1415342714&amp;Signature=YEEXMRKAqHfe0aVjpj634fPm8S8%3D</analysis_url><energy>0.727009</energy><liveness>0.039669</liveness><tempo>111.199</tempo><speechiness>0.039093</speechiness><acousticness>0.015217</acousticness><instrumentalness>0.001867</instrumentalness><mode>0</mode><time_signature>4</time_signature><duration>226.79465</duration><loudness>-8.975</loudness><audio_md5 /><valence>0.698942</valence><danceability>0.807637</danceability></audio_summary><title>U Got Nerve</title></song><song><artist_id>ARDNYW01187FB4D0FB</artist_id><artist_name>Aaliyah</artist_name><id>SOBJVTE12A8C13E214</id><audio_summary><key>6</key><analysis_url>http://echonest-analysis.s3.amazonaws.com/TR/IR0Vnwor4n2O1c8yA7EjTy1v33HIsCcW2H6W9qhk0WBwjvqFvGApGSz2GhUfKYDCebuCFtjnTaj_UOyiA%3D/3/full.json?AWSAccessKeyId=AKIAJRDFEY23UEVW42BQ&amp;Expires=1415342714&amp;Signature=5verepe1zbVyEXy5Qd8q8xwKlwA%3D</analysis_url><energy>0.484801</energy><liveness>0.292586</liveness><tempo>139.917</tempo><speechiness>0.076642</speechiness><acousticness>0.806702</acousticness><instrumentalness>1e-06</instrumentalness><mode>0</mode><time_signature>4</time_signature><duration>247.02621</duration><loudness>-8.832</loudness><audio_md5 /><valence>0.746589</valence><danceability>0.701818</danceability></audio_summary><title>Never Comin' Back</title></song><song><artist_id>ARDNYW01187FB4D0FB</artist_id><artist_name>Aaliyah</artist_name><id>SOEIWPR1311AFDADA4</id><audio_summary><key>5</key><analysis_url>http://echonest-analysis.s3.amazonaws.com/TR/UPB9oAxNpPBNr8EaJzod59Gk9q0jc-J6EMJjj6LzjVfgzobzM4ZAr4uOAXkglDU8Ly5fAHQH7P5z69VRI%3D/3/full.json?AWSAccessKeyId=AKIAJRDFEY23UEVW42BQ&amp;Expires=1415342714&amp;Signature=wr3VWxt6uXPrl0uq0/LaFZq34oI%3D</analysis_url><energy>0.468989</energy><liveness>0.246837</liveness><tempo>120.009</tempo><speechiness>0.028347</speechiness><acousticness>0.156773</acousticness><instrumentalness>1e-06</instrumentalness><mode>0</mode><time_signature>4</time_signature><duration>312.63955</duration><loudness>-9.556</loudness><audio_md5>5af89fd4377b40a32be78ae72da330c9</audio_md5><valence>0.218343</valence><danceability>0.562381</danceability></audio_summary><title>Never Givin' Up</title></song><song><artist_id>ARDNYW01187FB4D0FB</artist_id><artist_name>Aaliyah</artist_name><id>SOBOTUM1360BFCA8C8</id><audio_summary><key>6</key><analysis_url>http://echonest-analysis.s3.amazonaws.com/TR/A5eUvAaBDmOpJgYU5AybTyr2Y4A-DR2DLQeNYNuXxMZGARJDw8AT7U1xU9SoeQQptFO0dWVsbTNfj4lQI%3D/3/full.json?AWSAccessKeyId=AKIAJRDFEY23UEVW42BQ&amp;Expires=1415342714&amp;Signature=oyJAFTHZhmxMeewCje1SptyXlIk%3D</analysis_url><energy>0.884169</energy><liveness>0.260854</liveness><tempo>163.825</tempo><speechiness>0.069192</speechiness><acousticness>0.001727</acousticness><instrumentalness>0.007987</instrumentalness><mode>0</mode><time_signature>4</time_signature><duration>260.57288</duration><loudness>-4.531</loudness><audio_md5 /><valence>0.963271</valence><danceability>0.703161</danceability></audio_summary><title>Read Between The Lines</title></song><song><artist_id>ARDNYW01187FB4D0FB</artist_id><artist_name>Aaliyah</artist_name><id>SOQHOVM1311AFE4A0A</id><audio_summary><key>0</key><analysis_url>http://echonest-analysis.s3.amazonaws.com/TR/d8Lw5gA9GQck5W58B5SeZbwNij9QF2KiOwx3YxhWH68RhDhLHnL-fQdGcCbY5uFSGfp-bPjKi6ihbF4k8%3D/3/full.json?AWSAccessKeyId=AKIAJRDFEY23UEVW42BQ&amp;Expires=1415342714&amp;Signature=SUgTu4R99JvMyV0%2BURdFxORB3YE%3D</analysis_url><energy>0.72016</energy><liveness>0.157954</liveness><tempo>143.103</tempo><speechiness>0.092764</speechiness><acousticness>0.004765</acousticness><instrumentalness>0.018827</instrumentalness><mode>1</mode><time_signature>4</time_signature><duration>257.27664</duration><loudness>-3.867</loudness><audio_md5>3d5ec7212d99a90f9a2b1894f707d00d</audio_md5><valence>0.57945</valence><danceability>0.552999</danceability></audio_summary><title>What If</title></song><song><artist_id>ARDNYW01187FB4D0FB</artist_id><artist_name>Aaliyah</artist_name><id>SORQWGV1311AFEB789</id><audio_summary><key>11</key><analysis_url>http://echonest-analysis.s3.amazonaws.com/TR/LE5A8gk_jGf_2SgCgHq7EOfuWHzcyLcBpWhSvsvVKD1XUbC5hDukLVVPUVACPuKFlZn2qQIXQ6Pb4sFi0%3D/3/full.json?AWSAccessKeyId=AKIAJRDFEY23UEVW42BQ&amp;Expires=1415342714&amp;Signature=ou9EBM3DcIGB6CKq1qq/JrpjwDQ%3D</analysis_url><energy>0.702113</energy><liveness>0.164882</liveness><tempo>183.86</tempo><speechiness>0.037889</speechiness><acousticness>0.086677</acousticness><instrumentalness>0.017662</instrumentalness><mode>0</mode><time_signature>4</time_signature><duration>196.06621</duration><loudness>-7.853</loudness><audio_md5>72cd3ccfe52a319a400d6175c32ac8e1</audio_md5><valence>0.693782</valence><danceability>0.544428</danceability></audio_summary><title>I'm Down</title></song><song><artist_id>ARDNYW01187FB4D0FB</artist_id><artist_name>Aaliyah</artist_name><id>SOUHCEO131343A462F</id><audio_summary><key>1</key><analysis_url>http://echonest-analysis.s3.amazonaws.com/TR/VZS52gT9xm_7dMm9pZ93IDbn6QEY7ZIhpvsE3kYO6fxeABChbtIJ33NdcYaTN5LW_TqUUJb5BQM0DyvKA%3D/3/full.json?AWSAccessKeyId=AKIAJRDFEY23UEVW42BQ&amp;Expires=1415342714&amp;Signature=ItTJlI4UNzru9wOPCHYbP2c2teg%3D</analysis_url><energy>0.795768</energy><liveness>0.039412</liveness><tempo>92.891</tempo><speechiness>0.062729</speechiness><acousticness>0.025549</acousticness><instrumentalness>0.049333</instrumentalness><mode>0</mode><time_signature>4</time_signature><duration>292.27955</duration><loudness>-4.012</loudness><audio_md5>37fb0466c546dd59e843ee44b32f604b</audio_md5><valence>0.965759</valence><danceability>0.746731</danceability></audio_summary><title>Try Again - Timbaland Remix</title></song><song><artist_id>ARDNYW01187FB4D0FB</artist_id><artist_name>Aaliyah</artist_name><id>SOEQFUC1311AFE229C</id><audio_summary><key>6</key><analysis_url>http://echonest-analysis.s3.amazonaws.com/TR/T0Ry9A-BXu6_FPdFMEb-0VOksqIFE1CUDOet414jbDSsHMMXChYWC8iJVsMXnjTRI_38aAmBmO-ricc1g%3D/3/full.json?AWSAccessKeyId=AKIAJRDFEY23UEVW42BQ&amp;Expires=1415342714&amp;Signature=8E9Gl%2B9IX3Wi9u6QLguZJej%2BL1k%3D</analysis_url><energy>0.415334</energy><liveness>0.036864</liveness><tempo>137.087</tempo><speechiness>0.052277</speechiness><acousticness>0.046104</acousticness><instrumentalness>0.0005</instrumentalness><mode>0</mode><time_signature>4</time_signature><duration>427.81288</duration><loudness>-8.482</loudness><audio_md5>43b4ee318e41d632247aeb9f077c4493</audio_md5><valence>0.466548</valence><danceability>0.509253</danceability></audio_summary><title>Choosey Lover</title></song><song><artist_id>ARDNYW01187FB4D0FB</artist_id><artist_name>Aaliyah</artist_name><id>SOIZJJM1413DA3C638</id><audio_summary><key>1</key><analysis_url>http://echonest-analysis.s3.amazonaws.com/TR/5a2sKAqnJBh3NebIr-4w6Djguidr4OGpbLkk5a0qy85n9muBri_qMXsyCybwegDTfbimH1rlx-YjBH4hQ%3D/3/full.json?AWSAccessKeyId=AKIAJRDFEY23UEVW42BQ&amp;Expires=1415342714&amp;Signature=suUPwBrcPS7fohf0roVeNGGQdiA%3D</analysis_url><energy>0.377842</energy><liveness>0.106201</liveness><tempo>124.51</tempo><speechiness>0.029719</speechiness><acousticness>0.568936</acousticness><instrumentalness>4e-06</instrumentalness><mode>1</mode><time_signature>4</time_signature><duration>253.22621</duration><loudness>-7.251</loudness><audio_md5>cdc5daf842af5cb59e7f1c67fa909a3f</audio_md5><valence>0.157072</valence><danceability>0.603276</danceability></audio_summary><title>Turn The Page</title></song><song><artist_id>ARDNYW01187FB4D0FB</artist_id><artist_name>Aaliyah</artist_name><id>SOCBLUA13167711400</id><audio_summary><key>0</key><analysis_url>http://echonest-analysis.s3.amazonaws.com/TR/dh4bjwXEd1LwZG4IIhrYLQ_2OfWs_m_vb8uPxwdQxtc3Dp3plzTx0Id29F5D-rr2LZKz91LatQRyYxdpo%3D/3/full.json?AWSAccessKeyId=AKIAJRDFEY23UEVW42BQ&amp;Expires=1415342714&amp;Signature=NId/GivYiHEe5BSzjOVMVPA8yfU%3D</analysis_url><energy>0.530403</energy><liveness>0.077812</liveness><tempo>78.977</tempo><speechiness>0.136348</speechiness><acousticness>0.105756</acousticness><instrumentalness>4e-06</instrumentalness><mode>1</mode><time_signature>4</time_signature><duration>260.78621</duration><loudness>-5.464</loudness><audio_md5 /><valence>0.688763</valence><danceability>0.83205</danceability></audio_summary><title>Ladies in da House</title></song><song><artist_id>ARDNYW01187FB4D0FB</artist_id><artist_name>Aaliyah</artist_name><id>SOJPBWQ137755DD96E</id><audio_summary><key>7</key><analysis_url>http://echonest-analysis.s3.amazonaws.com/TR/xKDT7wePK9cODIS3UoyJuGwtql9JvcvrUCntThdkmbW_tOJ5v87yyEA89dgK3iVtgx9tPsNZuE4Pr8WYQ%3D/3/full.json?AWSAccessKeyId=AKIAJRDFEY23UEVW42BQ&amp;Expires=1415342714&amp;Signature=OKgMRHAAvG8aWuv5YyJzkBbhUQ0%3D</analysis_url><energy>0.929865</energy><liveness>0.525912</liveness><tempo>186.075</tempo><speechiness>0.100855</speechiness><acousticness>0.023548</acousticness><instrumentalness>0.0</instrumentalness><mode>0</mode><time_signature>4</time_signature><duration>219.91932</duration><loudness>-3.74</loudness><audio_md5>b559f2ed8d366347209229847a5f97a7</audio_md5><valence>0.706874</valence><danceability>0.530715</danceability></audio_summary><title>Back &amp; Forth (Mr. Lee &amp; R. Kelly's Remix)</title></song><song><artist_id>ARDNYW01187FB4D0FB</artist_id><artist_name>Aaliyah</artist_name><id>SOCZRQU136A321C15D</id><audio_summary><key>2</key><analysis_url>http://echonest-analysis.s3.amazonaws.com/TR/TRYDNAV123E8593BE4/3/full.json?AWSAccessKeyId=AKIAJRDFEY23UEVW42BQ&amp;Expires=1415342714&amp;Signature=Dc%2BedYx0JFVFS1eiEg8c6FlRSbc%3D</analysis_url><energy>0.300061</energy><liveness>0.046978</liveness><tempo>118.961</tempo><speechiness>0.073411</speechiness><acousticness>0.004732</acousticness><instrumentalness>0.484362</instrumentalness><mode>1</mode><time_signature>4</time_signature><duration>65.72363</duration><loudness>-9.918</loudness><audio_md5 /><valence>0.268347</valence><danceability>0.790037</danceability></audio_summary><title>08 - 4 Page Letter</title></song><song><artist_id>ARDNYW01187FB4D0FB</artist_id><artist_name>Aaliyah</artist_name><id>SOJNDLN1313439A7E8</id><audio_summary><key>9</key><analysis_url>http://echonest-analysis.s3.amazonaws.com/TR/p_sfgw9TsfK0AbgAxWSrezabQ66y8jeAnMBrCs05emTAUl84Lg2-21eiUqyQGPsac8YKa0A4dGZXGFcnA%3D/3/full.json?AWSAccessKeyId=AKIAJRDFEY23UEVW42BQ&amp;Expires=1415342714&amp;Signature=CX5O0EyV/AwLEK8OmNiqLJUAwMo%3D</analysis_url><energy>0.658291</energy><liveness>0.09902</liveness><tempo>137.975</tempo><speechiness>0.170253</speechiness><acousticness>0.174666</acousticness><instrumentalness>0.022963</instrumentalness><mode>0</mode><time_signature>4</time_signature><duration>265.66621</duration><loudness>-7.116</loudness><audio_md5>beb4ea905f32dc33ae3cb3e673e496fe</audio_md5><valence>0.830411</valence><danceability>0.85171</danceability></audio_summary><title>Are You That Somebody</title></song><song><artist_id>ARDNYW01187FB4D0FB</artist_id><artist_name>Aaliyah</artist_name><id>SOVUOCP12C0DD0541C</id><audio_summary><key>9</key><analysis_url>http://echonest-analysis.s3.amazonaws.com/TR/TRWLWFM12BEA95C647/3/full.json?AWSAccessKeyId=AKIAJRDFEY23UEVW42BQ&amp;Expires=1415342714&amp;Signature=in54%2BxerLxaCHBJcg1V1rF/TaOc%3D</analysis_url><energy>0.299939</energy><liveness>0.142506</liveness><tempo>124.595</tempo><speechiness>0.031625</speechiness><acousticness>0.355582</acousticness><instrumentalness>0.055383</instrumentalness><mode>0</mode><time_signature>4</time_signature><duration>230.66077</duration><loudness>-15.076</loudness><audio_md5 /><valence>0.338521</valence><danceability>0.638476</danceability></audio_summary><title>THE ONE I GAVE MY HEART TO</title></song><song><artist_id>ARDNYW01187FB4D0FB</artist_id><artist_name>Aaliyah</artist_name><id>SODZRLQ1311AFE55BF</id><audio_summary><key>7</key><analysis_url>http://echonest-analysis.s3.amazonaws.com/TR/LZg5oAtLEfc4O2jApG2tbO5mBQT6Y9CLcGVSCtIl6nn9_Emu2NJh1Xk4RyUhOD9a5oXZHnR_EIqb1fw-k%3D/3/full.json?AWSAccessKeyId=AKIAJRDFEY23UEVW42BQ&amp;Expires=1415342714&amp;Signature=NMSAzUKbGkLv1LDwOiVpK/WG0Cc%3D</analysis_url><energy>0.490717</energy><liveness>0.121761</liveness><tempo>125.372</tempo><speechiness>0.039439</speechiness><acousticness>0.409283</acousticness><instrumentalness>1e-06</instrumentalness><mode>1</mode><time_signature>4</time_signature><duration>270.89288</duration><loudness>-7.948</loudness><audio_md5>b96df1b98b33aba842024ea8b9386d0d</audio_md5><valence>0.339588</valence><danceability>0.697265</danceability></audio_summary><title>The One I Gave My Heart To</title></song><song><artist_id>ARDNYW01187FB4D0FB</artist_id><artist_name>Aaliyah</artist_name><id>SOZLMEL13694059386</id><audio_summary><key>9</key><analysis_url>http://echonest-analysis.s3.amazonaws.com/TR/wiV9bQTnlTfa3G93Khojzh4cJQutKi5s6hwCxqgUbA6xfnnatLfZ_q7lcooGYa3BpRWVfE-lRVcBMOIQE%3D/3/full.json?AWSAccessKeyId=AKIAJRDFEY23UEVW42BQ&amp;Expires=1415342714&amp;Signature=ZDA%2BzCpTs3kVBBwPBQiiY%2Bjc2YM%3D</analysis_url><energy>0.448433</energy><liveness>0.323219</liveness><tempo>130.027</tempo><speechiness>0.040793</speechiness><acousticness>0.5383</acousticness><instrumentalness>0.0</instrumentalness><mode>0</mode><time_signature>4</time_signature><duration>256.22621</duration><loudness>-9.716</loudness><audio_md5>95b35d06b252e604a12e4e633d3876df</audio_md5><valence>0.679355</valence><danceability>0.708341</danceability></audio_summary><title>I Don't Wanna</title></song><song><artist_id>ARDNYW01187FB4D0FB</artist_id><artist_name>Aaliyah</artist_name><id>SOENINV136A3211BD3</id><audio_summary><key>2</key><analysis_url>http://echonest-analysis.s3.amazonaws.com/TR/TRFZABN12BEA95C620/3/full.json?AWSAccessKeyId=AKIAJRDFEY23UEVW42BQ&amp;Expires=1415342714&amp;Signature=zf1DzhWrARoms4Hx9vDo1u%2BjQGc%3D</analysis_url><energy>0.172493</energy><liveness>0.091398</liveness><tempo>119.21</tempo><speechiness>0.073116</speechiness><acousticness>0.028684</acousticness><instrumentalness>0.006825</instrumentalness><mode>1</mode><time_signature>4</time_signature><duration>275.9571</duration><loudness>-13.276</loudness><audio_md5 /><valence>0.45491</valence><danceability>0.81219</danceability></audio_summary><title>4 Page Letter</title></song><song><artist_id>ARDNYW01187FB4D0FB</artist_id><artist_name>Aaliyah</artist_name><id>SOUGOSI142C39A7C69</id><audio_summary><key>0</key><analysis_url>http://echonest-analysis.s3.amazonaws.com/TR/yi9QRgQKoxRT3yUxDLnLCzG2CUGrp3PcB_MEBuxq2sGPggCPyDgY2tMWHCTczhqZPiHmd_hzpasToBpRw%3D/3/full.json?AWSAccessKeyId=AKIAJRDFEY23UEVW42BQ&amp;Expires=1415342714&amp;Signature=Ik4HcE6Nf7jfYkd43ExGYo0XbDk%3D</analysis_url><energy>0.611092</energy><liveness>0.226573</liveness><tempo>184.717</tempo><speechiness>0.133764</speechiness><acousticness>0.076762</acousticness><instrumentalness>0.312333</instrumentalness><mode>1</mode><time_signature>4</time_signature><duration>176.71955</duration><loudness>-14.29</loudness><audio_md5 /><valence>0.560464</valence><danceability>0.54326</danceability></audio_summary><title>Back &amp; Forth</title></song><song><artist_id>ARDNYW01187FB4D0FB</artist_id><artist_name>Aaliyah</artist_name><id>SOBRKPY137E054C294</id><audio_summary><key>6</key><analysis_url>http://echonest-analysis.s3.amazonaws.com/TR/FfeHLQCHzhRbPBvX2CBnslh1rbeOApJjePX5VdRdazvifnY1qkzT2mfnlW4mHodfHzydqwy-pF6NZoj04%3D/3/full.json?AWSAccessKeyId=AKIAJRDFEY23UEVW42BQ&amp;Expires=1415342714&amp;Signature=4u6AKpoO9R%2B8UukOPUBRXNRVCOY%3D</analysis_url><energy>0.650629</energy><liveness>0.089184</liveness><tempo>93.021</tempo><speechiness>0.253426</speechiness><acousticness>0.045143</acousticness><instrumentalness>4e-06</instrumentalness><mode>0</mode><time_signature>4</time_signature><duration>283.38621</duration><loudness>-5.159</loudness><audio_md5 /><valence>0.604647</valence><danceability>0.772393</danceability></audio_summary><title>Try Again</title></song><song><artist_id>ARDNYW01187FB4D0FB</artist_id><artist_name>Aaliyah</artist_name><id>SOLXRLV147452250D4</id><audio_summary><key>6</key><analysis_url>http://echonest-analysis.s3.amazonaws.com/TR/jh_SqA27gM0dY-VaC76KFTsgC2VLqTadqeoYr4eOm5VgCSlCslamcPYCVuQthWV_f23UYbsoE0Pn0Oz-4%3D/3/full.json?AWSAccessKeyId=AKIAJRDFEY23UEVW42BQ&amp;Expires=1415342714&amp;Signature=DFgrC8zUzmWtudF/5sqx4m27788%3D</analysis_url><energy>0.577495</energy><liveness>0.415933</liveness><tempo>95.596</tempo><speechiness>0.266228</speechiness><acousticness>0.075062</acousticness><instrumentalness>0.0</instrumentalness><mode>0</mode><time_signature>4</time_signature><duration>139.15955</duration><loudness>-6.815</loudness><audio_md5 /><valence>0.769069</valence><danceability>0.587152</danceability></audio_summary><title>Try Again</title></song><song><artist_id>ARDNYW01187FB4D0FB</artist_id><artist_name>Aaliyah</artist_name><id>SOADNAT1315CD4E964</id><audio_summary><key>9</key><analysis_url>http://echonest-analysis.s3.amazonaws.com/TR/PuQjBwWZ-trGJ-jhBmzTNvLx02LmB2FOvL5jWSAs6X3XOCx_lNmcCMWA4XEMfH5N3Q2NOmu1z0upzl6pY%3D/3/full.json?AWSAccessKeyId=AKIAJRDFEY23UEVW42BQ&amp;Expires=1415342714&amp;Signature=Cubpfs8qFzCU6C4Me2VfZcTHOio%3D</analysis_url><energy>0.722203</energy><liveness>0.08253</liveness><tempo>88.404</tempo><speechiness>0.036802</speechiness><acousticness>0.13761</acousticness><instrumentalness>0.000544</instrumentalness><mode>0</mode><time_signature>4</time_signature><duration>290.90621</duration><loudness>-3.709</loudness><audio_md5>0ac0b5451f2d05f33ebd838df4a80d20</audio_md5><valence>0.81645</valence><danceability>0.839863</danceability></audio_summary><title>If Your Girl Only Knew</title></song><song><artist_id>ARDNYW01187FB4D0FB</artist_id><artist_name>Aaliyah</artist_name><id>SOPRFPP1340BBCC7F2</id><audio_summary><key>7</key><analysis_url>http://echonest-analysis.s3.amazonaws.com/TR/UT64AQYYvWTuwhzaWWmKD4KJLzlTU9VjYhOVxt-M4ITN48YmTPed8BaHa21kt0_1MCkX8S05fXfnQqb8I%3D/3/full.json?AWSAccessKeyId=AKIAJRDFEY23UEVW42BQ&amp;Expires=1415342714&amp;Signature=jnGyu381r0GOaLA5%2BzpoOAeHs00%3D</analysis_url><energy>0.741612</energy><liveness>0.165034</liveness><tempo>94.994</tempo><speechiness>0.042686</speechiness><acousticness>0.091477</acousticness><instrumentalness>2.5e-05</instrumentalness><mode>0</mode><time_signature>4</time_signature><duration>223.26621</duration><loudness>-7.859</loudness><audio_md5 /><valence>0.846633</valence><danceability>0.710521</danceability></audio_summary><title>Back &amp; Forth</title></song><song><artist_id>ARDNYW01187FB4D0FB</artist_id><artist_name>Aaliyah</artist_name><id>SOTNCQF13ADBFF95FC</id><audio_summary><key>2</key><analysis_url>http://echonest-analysis.s3.amazonaws.com/TR/jkedRwv0ajlengtQmZccgixEMovl52W1Y8S-o9tr6P6bPizLJHC5lNF9cpE5bB23iXVaRg/3/full.json?AWSAccessKeyId=AKIAJRDFEY23UEVW42BQ&amp;Expires=1415342714&amp;Signature=ezMQM4q952cmQ%2BVMIlLNCjG%2BsSg%3D</analysis_url><energy>0.193942</energy><liveness>0.041512</liveness><tempo>118.924</tempo><speechiness>0.136064</speechiness><acousticness>0.012704</acousticness><instrumentalness>1e-06</instrumentalness><mode>1</mode><time_signature>4</time_signature><duration>283.84608</duration><loudness>-15.782</loudness><audio_md5>e264a272f40fdc650d47482916989c80</audio_md5><valence>0.375718</valence><danceability>0.815886</danceability></audio_summary><title>4 Page Letter</title></song><song><artist_id>ARDNYW01187FB4D0FB</artist_id><artist_name>Aaliyah</artist_name><id>SOHHCUL131677110B9</id><audio_summary><key>2</key><analysis_url>http://echonest-analysis.s3.amazonaws.com/TR/jSsEmQAhdgGCndCRzsDLxSIJKih_BjTSuVeygAmZSyaUtXWUSeC7T0Dlksy7rXE3KPWsyFK_EmJs_AMSc%3D/3/full.json?AWSAccessKeyId=AKIAJRDFEY23UEVW42BQ&amp;Expires=1415342714&amp;Signature=vGnwrenRfgZCc58EsUU0O8dV8kI%3D</analysis_url><energy>0.442003</energy><liveness>0.034713</liveness><tempo>118.932</tempo><speechiness>0.124579</speechiness><acousticness>0.022925</acousticness><instrumentalness>1e-06</instrumentalness><mode>1</mode><time_signature>4</time_signature><duration>293.34621</duration><loudness>-5.612</loudness><audio_md5>46a6b840b92438b36dcb476c535f844a</audio_md5><valence>0.320616</valence><danceability>0.805537</danceability></audio_summary><title>4 Page Letter</title></song><song><artist_id>ARDNYW01187FB4D0FB</artist_id><artist_name>Aaliyah</artist_name><id>SOFTQSE13ADC0C84C2</id><audio_summary><key>6</key><analysis_url>http://echonest-analysis.s3.amazonaws.com/TR/_wnnhQCFT4ml8nKHi8V3cFjc6b2IbwmnvRPUhJh_Djd9__DqAsPiNEOUQRRA%3D%3D/3/full.json?AWSAccessKeyId=AKIAJRDFEY23UEVW42BQ&amp;Expires=1415342714&amp;Signature=n1zj6q3Bi%2BQvG8y9P4lklYFwXv4%3D</analysis_url><energy>0.314954</energy><liveness>0.132165</liveness><tempo>93.031</tempo><speechiness>0.347647</speechiness><acousticness>0.077428</acousticness><instrumentalness>2e-06</instrumentalness><mode>0</mode><time_signature>4</time_signature><duration>273.71057</duration><loudness>-17.401</loudness><audio_md5>3578b8cc69b493989bb6b033ee0ebae5</audio_md5><valence>0.78638</valence><danceability>0.788972</danceability></audio_summary><title>Try Again</title></song><song><artist_id>ARDNYW01187FB4D0FB</artist_id><artist_name>Aaliyah</artist_name><id>SOPANWO13152A712BF</id><audio_summary><key>0</key><analysis_url>http://echonest-analysis.s3.amazonaws.com/TR/R_9xbAN4rfaLPzV80RzwFtNLkqoRpyheOODmmY/3/full.json?AWSAccessKeyId=AKIAJRDFEY23UEVW42BQ&amp;Expires=1415342714&amp;Signature=nXlpJCoFPG8xR/2Mp0V0NvLgY4k%3D</analysis_url><energy>0.479065</energy><liveness>0.092922</liveness><tempo>78.073</tempo><speechiness>0.031716</speechiness><acousticness>0.696806</acousticness><instrumentalness>0.01296</instrumentalness><mode>1</mode><time_signature>4</time_signature><duration>290.13288</duration><loudness>-9.246</loudness><audio_md5>f2f0efe7ef826cc748ac99cd244c467e</audio_md5><valence>0.547199</valence><danceability>0.62543</danceability></audio_summary><title>At Your Best (You Are Love)</title></song><song><artist_id>ARDNYW01187FB4D0FB</artist_id><artist_name>Aaliyah</artist_name><id>SORCDWE13679873355</id><audio_summary><key>9</key><analysis_url>http://echonest-analysis.s3.amazonaws.com/TR/TRPXPIM12BEA95C638/3/full.json?AWSAccessKeyId=AKIAJRDFEY23UEVW42BQ&amp;Expires=1415342714&amp;Signature=mg8t15Uba2YVRXp8shnncr7pOWk%3D</analysis_url><energy>0.462498</energy><liveness>0.095616</liveness><tempo>88.337</tempo><speechiness>0.041429</speechiness><acousticness>0.320725</acousticness><instrumentalness>0.566777</instrumentalness><mode>1</mode><time_signature>4</time_signature><duration>231.18322</duration><loudness>-12.781</loudness><audio_md5 /><valence>0.921976</valence><danceability>0.850855</danceability></audio_summary><title>If Your Girl Only Knew</title></song><song><artist_id>ARDNYW01187FB4D0FB</artist_id><artist_name>Aaliyah</artist_name><id>SOMBROG146359A0C2A</id><audio_summary><key>2</key><analysis_url>http://echonest-analysis.s3.amazonaws.com/TR/umMgFg2qn7Iv6-q6QXV0gx_OLcSSuXH4ACx_vmi1KZ-6XcNGo5P_04RArcUvcsX3GQtak7AFxehyf3dVQ%3D/3/full.json?AWSAccessKeyId=AKIAJRDFEY23UEVW42BQ&amp;Expires=1415342714&amp;Signature=BqKDiCdISOYh9mAJ8YMgxvv7ohs%3D</analysis_url><energy>0.864492</energy><liveness>0.078256</liveness><tempo>176.846</tempo><speechiness>0.098197</speechiness><acousticness>0.250996</acousticness><instrumentalness>0.0</instrumentalness><mode>0</mode><time_signature>4</time_signature><duration>130.31483</duration><loudness>-2.58</loudness><audio_md5 /><valence>0.681757</valence><danceability>0.622372</danceability></audio_summary><title>If Your Girl Only Knew</title></song><song><artist_id>ARDNYW01187FB4D0FB</artist_id><artist_name>Aaliyah</artist_name><id>SOGOLPQ1312FE00EE7</id><audio_summary><key>11</key><analysis_url>http://echonest-analysis.s3.amazonaws.com/TR/wf536wRUF1wX7T3vFzx8KzXr8gmNJ80RjdlVL4y0wPCuu890hOb_c7Pb086WxHb933p98-v8rvQr-V1oQ%3D/3/full.json?AWSAccessKeyId=AKIAJRDFEY23UEVW42BQ&amp;Expires=1415342714&amp;Signature=cvkT5gRzJe2IyxDtieTBl5CYNyw%3D</analysis_url><energy>0.604127</energy><liveness>0.104617</liveness><tempo>86.972</tempo><speechiness>0.082773</speechiness><acousticness>0.084639</acousticness><instrumentalness>0.000502</instrumentalness><mode>1</mode><time_signature>4</time_signature><duration>229.03955</duration><loudness>-7.823</loudness><audio_md5>2a36fc66412cbe24b6ea1f7290006200</audio_md5><valence>0.696938</valence><danceability>0.64384</danceability></audio_summary><title>More Than A Woman</title></song><song><artist_id>ARDNYW01187FB4D0FB</artist_id><artist_name>Aaliyah</artist_name><id>SOAYMAT131343888D3</id><audio_summary><key>6</key><analysis_url>http://echonest-analysis.s3.amazonaws.com/TR/Xex3aA2JZMwTtzQFn2MC0m1aVlRKe4vMJ4hLFEB54IgUGUvflB_vncKhn2koqW0meruA83CDZBdrgNvjk%3D/3/full.json?AWSAccessKeyId=AKIAJRDFEY23UEVW42BQ&amp;Expires=1415342714&amp;Signature=hATaIOpsJ1i369yLwt1v48%2Bp8lI%3D</analysis_url><energy>0.515483</energy><liveness>0.198754</liveness><tempo>147.201</tempo><speechiness>0.290873</speechiness><acousticness>0.312908</acousticness><instrumentalness>1e-06</instrumentalness><mode>0</mode><time_signature>4</time_signature><duration>246.7522</duration><loudness>-9.488</loudness><audio_md5>cc7afe4aff99d3407ef823f3a597a221</audio_md5><valence>0.850043</valence><danceability>0.723705</danceability></audio_summary><title>We Need A Resolution</title></song><song><artist_id>ARDNYW01187FB4D0FB</artist_id><artist_name>Aaliyah</artist_name><id>SOBSGGH131343A3147</id><audio_summary><key>11</key><analysis_url>http://echonest-analysis.s3.amazonaws.com/TR/XHWAygQ1OMvQJJrZrWDmtjA3_OMhrVmIPxl27VseDsEtSVsOWwxSE54f51xp5i2XKhEBtDC8oDf2ArlIs%3D/3/full.json?AWSAccessKeyId=AKIAJRDFEY23UEVW42BQ&amp;Expires=1415342714&amp;Signature=7Ku2Y1ubEhLld8dzu6ej3EUjjYA%3D</analysis_url><energy>0.55043</energy><liveness>0.09787</liveness><tempo>121.86</tempo><speechiness>0.052004</speechiness><acousticness>0.035374</acousticness><instrumentalness>8.9e-05</instrumentalness><mode>0</mode><time_signature>4</time_signature><duration>269.49288</duration><loudness>-4.809</loudness><audio_md5>8e36f23aa711e1dbde3458b3d6447fd3</audio_md5><valence>0.350839</valence><danceability>0.714231</danceability></audio_summary><title>One In A Million</title></song><song><artist_id>ARDNYW01187FB4D0FB</artist_id><artist_name>Aaliyah</artist_name><id>SOOBGDW1316771736F</id><audio_summary><key>5</key><analysis_url>http://echonest-analysis.s3.amazonaws.com/TR/0_9rbQrbNJaRrw-KRbrU6CqDQUngT0UeBPGtlFJ5F422sGXcEP0JFAYKu9qHCp4wGDPv9WfldaHgmBZ4w%3D/3/full.json?AWSAccessKeyId=AKIAJRDFEY23UEVW42BQ&amp;Expires=1415342714&amp;Signature=IBRF2QZgAcKHfdm1/lkTahNOcMU%3D</analysis_url><energy>0.726023</energy><liveness>0.090617</liveness><tempo>92.999</tempo><speechiness>0.034325</speechiness><acousticness>0.071836</acousticness><instrumentalness>0.007064</instrumentalness><mode>0</mode><time_signature>4</time_signature><duration>274.55955</duration><loudness>-5.082</loudness><audio_md5>c47638c401742a3be76246c06a3a1901</audio_md5><valence>0.445332</valence><danceability>0.634047</danceability></audio_summary><title>Rock The Boat</title></song><song><artist_id>ARDNYW01187FB4D0FB</artist_id><artist_name>Aaliyah</artist_name><id>SOKUCWU1366CEE5627</id><audio_summary><key>11</key><analysis_url>http://echonest-analysis.s3.amazonaws.com/TR/NMBrJAcQ-QBwiUdJMJv3xWabVzbk6HdP3golHqOjeZTCiw37rrlfKAOxWR-LIzcYzbHdJfoL0iltrkXfQ%3D/3/full.json?AWSAccessKeyId=AKIAJRDFEY23UEVW42BQ&amp;Expires=1415342714&amp;Signature=xMR5tPIITI7UMutZMSVoifahXMc%3D</analysis_url><energy>0.516691</energy><liveness>0.082358</liveness><tempo>121.93</tempo><speechiness>0.049359</speechiness><acousticness>0.032889</acousticness><instrumentalness>3e-05</instrumentalness><mode>0</mode><time_signature>4</time_signature><duration>254.92753</duration><loudness>-4.818</loudness><audio_md5>6e6c1ee3c84b228f38565cf98e02e390</audio_md5><valence>0.385513</valence><danceability>0.739485</danceability></audio_summary><title>One In A Million</title></song><song><artist_id>ARDNYW01187FB4D0FB</artist_id><artist_name>Aaliyah</artist_name><id>SOJPTBB12C0DD0541B</id><audio_summary><key>6</key><analysis_url>http://echonest-analysis.s3.amazonaws.com/TR/TRWDERL12BEA95C643/3/full.json?AWSAccessKeyId=AKIAJRDFEY23UEVW42BQ&amp;Expires=1415342714&amp;Signature=mILLQW2ajzIueQnA%2B%2BLMcKGHY8Q%3D</analysis_url><energy>0.081632</energy><liveness>0.307568</liveness><tempo>150.839</tempo><speechiness>0.042514</speechiness><acousticness>0.690813</acousticness><instrumentalness>1.1e-05</instrumentalness><mode>0</mode><time_signature>4</time_signature><duration>302.18404</duration><loudness>-32.736</loudness><audio_md5>5a9d51fad11b08d0b6fb9158d7229d0f</audio_md5><valence>0.734041</valence><danceability>0.718433</danceability></audio_summary><title>One In A Million</title></song><song><artist_id>ARDNYW01187FB4D0FB</artist_id><artist_name>Aaliyah</artist_name><id>SOQNXKJ1366CF0CADC</id><audio_summary><key>11</key><analysis_url>http://echonest-analysis.s3.amazonaws.com/TR/ysDOEg6MxpRrHCcBy2gmdDmepP1h9DUkbHGiS_nvGV6akdVnq7l9T2L17ND4StiyAZ-dy3R26ZxhMrI78%3D/3/full.json?AWSAccessKeyId=AKIAJRDFEY23UEVW42BQ&amp;Expires=1415342714&amp;Signature=/c%2BWqbB4In6LMWjBklwLaZja6gg%3D</analysis_url><energy>0.619923</energy><liveness>0.134026</liveness><tempo>181.749</tempo><speechiness>0.164849</speechiness><acousticness>0.050686</acousticness><instrumentalness>7.2e-05</instrumentalness><mode>0</mode><time_signature>3</time_signature><duration>218.11955</duration><loudness>-3.735</loudness><audio_md5>51bdf908c0195908974ea29ffd016607</audio_md5><valence>0.337308</valence><danceability>0.369484</danceability></audio_summary><title>One In A Million</title></song><song><artist_id>ARDNYW01187FB4D0FB</artist_id><artist_name>Aaliyah</artist_name><id>SOWIKQG1366CF0EF32</id><audio_summary><key>11</key><analysis_url>http://echonest-analysis.s3.amazonaws.com/TR/TRQZBFE12BEA95C642/3/full.json?AWSAccessKeyId=AKIAJRDFEY23UEVW42BQ&amp;Expires=1415342714&amp;Signature=R70fbZ497cuhi0bUZAMrVENohPg%3D</analysis_url><energy>0.214361</energy><liveness>0.08611</liveness><tempo>122.052</tempo><speechiness>0.043441</speechiness><acousticness>0.131208</acousticness><instrumentalness>0.354515</instrumentalness><mode>0</mode><time_signature>4</time_signature><duration>259.36934</duration><loudness>-13.879</loudness><audio_md5>cbd4224961be7abfc4d450a9486d96a0</audio_md5><valence>0.311932</valence><danceability>0.662601</danceability></audio_summary><title>One In A Million</title></song><song><artist_id>ARDNYW01187FB4D0FB</artist_id><artist_name>Aaliyah</artist_name><id>SOOVHRC147F60AFBC1</id><audio_summary><key>6</key><analysis_url>http://echonest-analysis.s3.amazonaws.com/TR/9tXgFAXhS73UFtstDhBfTrUhPZnXkrrjtsEYr8b7Fs1JELM0RRkIt_Vc6Ubq4d4VePU0lZRrDUGuBQYsM%3D/3/full.json?AWSAccessKeyId=AKIAJRDFEY23UEVW42BQ&amp;Expires=1415342714&amp;Signature=4YRuVE7pywYgs36FX8TS1b/IRMQ%3D</analysis_url><energy>0.759904</energy><liveness>0.348576</liveness><tempo>97.612</tempo><speechiness>0.041463</speechiness><acousticness>0.049368</acousticness><instrumentalness>0.0</instrumentalness><mode>1</mode><time_signature>4</time_signature><duration>120.14621</duration><loudness>-9.76</loudness><audio_md5 /><valence>0.80874</valence><danceability>0.694526</danceability></audio_summary><title>Back and Forth</title></song><song><artist_id>ARDNYW01187FB4D0FB</artist_id><artist_name>Aaliyah</artist_name><id>SOAHZEE131343A3B91</id><audio_summary><key>5</key><analysis_url>http://echonest-analysis.s3.amazonaws.com/TR/SVOJ5AfDVAPXHZ8JMOpkT5MgyYflylRRpunOFeGudvWENz-juUR2zbBEX4JiaGcutOfR9sr7mmzZ0OQ-M%3D/3/full.json?AWSAccessKeyId=AKIAJRDFEY23UEVW42BQ&amp;Expires=1415342714&amp;Signature=wfJe2slmyqFJhwcAV%2B5kaVAEwGE%3D</analysis_url><energy>0.449096</energy><liveness>0.192462</liveness><tempo>109.179</tempo><speechiness>0.077725</speechiness><acousticness>0.519609</acousticness><instrumentalness>0.00013</instrumentalness><mode>0</mode><time_signature>4</time_signature><duration>234.29288</duration><loudness>-7.895</loudness><audio_md5>e6c2d0dc236aaf6f44ea564466899d9b</audio_md5><valence>0.663593</valence><danceability>0.758635</danceability></audio_summary><title>Come Over</title></song><song><artist_id>ARDNYW01187FB4D0FB</artist_id><artist_name>Aaliyah</artist_name><id>SONYCRY135CC2A6F87</id><audio_summary><key>0</key><analysis_url>http://echonest-analysis.s3.amazonaws.com/TR/pIXjSA82eDSnJAaeNLydyMn5mpulljnKw91IeT/3/full.json?AWSAccessKeyId=AKIAJRDFEY23UEVW42BQ&amp;Expires=1415342714&amp;Signature=LV5TZnVxoL3EgQKiWuNBGyIVF/M%3D</analysis_url><energy>0.748179</energy><liveness>0.126049</liveness><tempo>93.807</tempo><speechiness>0.033427</speechiness><acousticness>0.061753</acousticness><instrumentalness>0.0</instrumentalness><mode>1</mode><time_signature>4</time_signature><duration>202.70667</duration><loudness>-7.617</loudness><audio_md5>f762361af0b93010c4d6464b8a4eaf78</audio_md5><valence>0.888565</valence><danceability>0.706699</danceability></audio_summary><title>Back And Forth</title></song><song><artist_id>ARDNYW01187FB4D0FB</artist_id><artist_name>Aaliyah</artist_name><id>SOGRTAH131343A3DB1</id><audio_summary><key>0</key><analysis_url>http://echonest-analysis.s3.amazonaws.com/TR/ltfzLAjmo5GE-5ScLELS9NwnGZFw4e6HMKz8wGsD223KgwzNVrxGJjE50Xppz_nJGhu4Zgs1QiEvGIneA%3D/3/full.json?AWSAccessKeyId=AKIAJRDFEY23UEVW42BQ&amp;Expires=1415342714&amp;Signature=yatGH5seHA1JrQ7wZw7eLvoRjBc%3D</analysis_url><energy>0.4504</energy><liveness>0.094153</liveness><tempo>138.869</tempo><speechiness>0.053794</speechiness><acousticness>0.821451</acousticness><instrumentalness>0.000411</instrumentalness><mode>0</mode><time_signature>3</time_signature><duration>273.82621</duration><loudness>-7.517</loudness><audio_md5>a44983e9565114908e5292c6c2a6a4e4</audio_md5><valence>0.267491</valence><danceability>0.404139</danceability></audio_summary><title>I Care 4 U</title></song><song><artist_id>ARDNYW01187FB4D0FB</artist_id><artist_name>Aaliyah</artist_name><id>SOPQLSI13ABED099A6</id><audio_summary><key>6</key><analysis_url>http://echonest-analysis.s3.amazonaws.com/TR/AlV8-wl5hxyXTdUTvOzOQJKSNWghosnC1LPWereMwkw9ngcYO7IpMYEr4oEI4W6TxDkGASfC8SDxMDYig%3D/3/full.json?AWSAccessKeyId=AKIAJRDFEY23UEVW42BQ&amp;Expires=1415342714&amp;Signature=LgxKxOBbfGqQz6iPUQGPrqTWr7Q%3D</analysis_url><energy>0.519045</energy><liveness>0.169493</liveness><tempo>93.151</tempo><speechiness>0.297746</speechiness><acousticness>0.058678</acousticness><instrumentalness>9e-06</instrumentalness><mode>0</mode><time_signature>4</time_signature><duration>276.47955</duration><loudness>-9.634</loudness><audio_md5 /><valence>0.686933</valence><danceability>0.736649</danceability></audio_summary><title>Try Again</title></song><song><artist_id>ARDNYW01187FB4D0FB</artist_id><artist_name>Aaliyah</artist_name><id>SOAERFY131677171ED</id><audio_summary><key>5</key><analysis_url>http://echonest-analysis.s3.amazonaws.com/TR/iuy5uwqhtb_lXeTPKRZoyX4JdJch7evSKSbUTYvSaMfdJZFfiZH0pbUk0UE4HNLi7kM0S74WmqhAOWoRI%3D/3/full.json?AWSAccessKeyId=AKIAJRDFEY23UEVW42BQ&amp;Expires=1415342714&amp;Signature=EfDlcRPx%2BnDJB5BzOt1DOiYC/AY%3D</analysis_url><energy>0.783571</energy><liveness>0.105632</liveness><tempo>121.153</tempo><speechiness>0.04205</speechiness><acousticness>0.295085</acousticness><instrumentalness>0.004181</instrumentalness><mode>0</mode><time_signature>4</time_signature><duration>357.06621</duration><loudness>-5.502</loudness><audio_md5 /><valence>0.229132</valence><danceability>0.520441</danceability></audio_summary><title>I Refuse</title></song><song><artist_id>ARDNYW01187FB4D0FB</artist_id><artist_name>Aaliyah</artist_name><id>SOBIAVY12C0DD05417</id><audio_summary><key>8</key><analysis_url>http://echonest-analysis.s3.amazonaws.com/TR/TRRDRWP12BEA95C634/3/full.json?AWSAccessKeyId=AKIAJRDFEY23UEVW42BQ&amp;Expires=1415342714&amp;Signature=szi7lrYtki03XgRJkXzXSkRVHo0%3D</analysis_url><energy>0.333312</energy><liveness>0.075337</liveness><tempo>110.297</tempo><speechiness>0.188818</speechiness><acousticness>0.67459</acousticness><instrumentalness>0.82829</instrumentalness><mode>1</mode><time_signature>3</time_signature><duration>269.00853</duration><loudness>-14.395</loudness><audio_md5 /><valence>0.936311</valence><danceability>0.804614</danceability></audio_summary><title>Hot Like Fire</title></song><song><artist_id>ARDNYW01187FB4D0FB</artist_id><artist_name>Aaliyah</artist_name><id>SOBSWWJ12A8C13E1DE</id><audio_summary><key>6</key><analysis_url>http://echonest-analysis.s3.amazonaws.com/TR/lcwP4Qwev8cbBur1VvEPRSVNlZbIBENHplbNyxgH1dnlDPf8iOLckLlJU3OnGUvlsvD7IFWiej40ngU80%3D/3/full.json?AWSAccessKeyId=AKIAJRDFEY23UEVW42BQ&amp;Expires=1415342714&amp;Signature=VsYWU1WXR83UcABwKz7EhiPJznU%3D</analysis_url><energy>0.636941</energy><liveness>0.326053</liveness><tempo>80.961</tempo><speechiness>0.086648</speechiness><acousticness>0.069978</acousticness><instrumentalness>3.1e-05</instrumentalness><mode>1</mode><time_signature>4</time_signature><duration>263.19955</duration><loudness>-6.967</loudness><audio_md5 /><valence>0.710774</valence><danceability>0.728534</danceability></audio_summary><title>Hot Like Fire</title></song><song><artist_id>ARDNYW01187FB4D0FB</artist_id><artist_name>Aaliyah</artist_name><id>SOBWZOP13134392858</id><audio_summary><key>8</key><analysis_url>http://echonest-analysis.s3.amazonaws.com/TR/l8XmhQd3HYu_daW1jTwafsCKolr_JJNhzgAQtcWbBPO1axw9yUAa6RGTpvSSzthNqg1HMc_Z1iU3ERwec%3D/3/full.json?AWSAccessKeyId=AKIAJRDFEY23UEVW42BQ&amp;Expires=1415342714&amp;Signature=XmsI4hjlZYjKvqPlzbSc8jP4tz8%3D</analysis_url><energy>0.8009</energy><liveness>0.216303</liveness><tempo>151.803</tempo><speechiness>0.270663</speechiness><acousticness>0.013886</acousticness><instrumentalness>0.047215</instrumentalness><mode>1</mode><time_signature>4</time_signature><duration>179.33288</duration><loudness>-3.937</loudness><audio_md5 /><valence>0.250784</valence><danceability>0.711097</danceability></audio_summary><title>I Can Be</title></song><song><artist_id>ARDNYW01187FB4D0FB</artist_id><artist_name>Aaliyah</artist_name><id>SONXPRL13134384AB4</id><audio_summary><key>1</key><analysis_url>http://echonest-analysis.s3.amazonaws.com/TR/VDyRQQBXpPP6dcWNK6BLIF0B2_Hp5FTt2bAdnBY4bqrPd2hp8VVmt_Y0TAgJZUk_5CpeIm2aW1Dxbp25s%3D/3/full.json?AWSAccessKeyId=AKIAJRDFEY23UEVW42BQ&amp;Expires=1415342714&amp;Signature=7uH474ZFZiDSZX6J2xi11DQLFh4%3D</analysis_url><energy>0.83957</energy><liveness>0.047643</liveness><tempo>86.972</tempo><speechiness>0.072219</speechiness><acousticness>0.541926</acousticness><instrumentalness>0.007747</instrumentalness><mode>1</mode><time_signature>4</time_signature><duration>205.11955</duration><loudness>-4.916</loudness><audio_md5>d8d7398734fd75ca5ad4601f4e7b6983</audio_md5><valence>0.910762</valence><danceability>0.740467</danceability></audio_summary><title>Those Were The Days</title></song></songs></response>