<response><status><version>4.2</version><code>0</code><message>Success</message></status><songs><song><artist_id>ARWOR5D1187B998D2E</artist_id><artist_name>ABN</artist_name><id>SORYZKJ130516E01BD</id><audio_summary><key>7</key><analysis_url>http://echonest-analysis.s3.amazonaws.com/TR/eC3iXwRf-45lXxSBDBV2oP90AkQGxGXdDouJqRF6W1egLJIO9-Uh5IbiDDe0ANa-U5EcLKwA9OgttAG7s%3D/3/full.json?AWSAccessKeyId=AKIAJRDFEY23UEVW42BQ&amp;Expires=1415342773&amp;Signature=2hhgAEnQXagXNFLUQtN0Exlsj%2Bc%3D</analysis_url><energy>0.664719</energy><liveness>0.372464</liveness><tempo>93.245</tempo><speechiness>0.330013</speechiness><acousticness>0.844142</acousticness><instrumentalness>0.0</instrumentalness><mode>1</mode><time_signature>4</time_signature><duration>238.33288</duration><loudness>-7.721</loudness><audio_md5 /><valence>0.492477</valence><danceability>0.668629</danceability></audio_summary><title>Je Was Zo Mooi</title></song><song><artist_id>ARWOR5D1187B998D2E</artist_id><artist_name>ABN</artist_name><id>SOAEUQO12AF72A5AFE</id><audio_summary><key>1</key><analysis_url>http://echonest-analysis.s3.amazonaws.com/TR/OmFKqg06Ow4djds1CPWsfMDTPgGZ8bD7dAkXMP/3/full.json?AWSAccessKeyId=AKIAJRDFEY23UEVW42BQ&amp;Expires=1415342773&amp;Signature=AMjWQr1QRvzBBJHHgulV3iXFAoU%3D</analysis_url><energy>0.483314</energy><liveness>0.51259</liveness><tempo>136.399</tempo><speechiness>0.383219</speechiness><acousticness>0.114488</acousticness><instrumentalness>1e-06</instrumentalness><mode>1</mode><time_signature>4</time_signature><duration>332.56444</duration><loudness>-11.005</loudness><audio_md5 /><valence>0.206831</valence><danceability>0.449158</danceability></audio_summary><title>My City</title></song><song><artist_id>ARWOR5D1187B998D2E</artist_id><artist_name>ABN</artist_name><id>SOALNUD136EAD36D6E</id><audio_summary><key>7</key><analysis_url>http://echonest-analysis.s3.amazonaws.com/TR/szXdvQ-D-Ma_I_6xwr0GQNqssIYiwfu9WgBeE2M5h0TXPcazuxsutLHjbwKI722Miq6bEUmjW-vb7FqsI%3D/3/full.json?AWSAccessKeyId=AKIAJRDFEY23UEVW42BQ&amp;Expires=1415342773&amp;Signature=xb8ABEeZi1jDB2Om/mA9yCgBcBY%3D</analysis_url><energy>0.543533</energy><liveness>0.105193</liveness><tempo>94.022</tempo><speechiness>0.207075</speechiness><acousticness>0.16152</acousticness><instrumentalness>0.0</instrumentalness><mode>0</mode><time_signature>4</time_signature><duration>215.99955</duration><loudness>-9.657</loudness><audio_md5 /><valence>0.784178</valence><danceability>0.819415</danceability></audio_summary><title>Teveel MC'S</title></song><song><artist_id>ARWOR5D1187B998D2E</artist_id><artist_name>ABN</artist_name><id>SOFJYLJ1311AFE9659</id><audio_summary><key>9</key><analysis_url>http://echonest-analysis.s3.amazonaws.com/TR/4YKaUg1kHxHP9i9Qk3aHAqE1fITCPI_nudr-9rMUvS6-PNxa0dHScZJPlHLe5sCeyZWKXFQE2Ek4o6Xv8%3D/3/full.json?AWSAccessKeyId=AKIAJRDFEY23UEVW42BQ&amp;Expires=1415342773&amp;Signature=vGrQ88acbwDh8rRDZxI15lzL6Kg%3D</analysis_url><energy>0.52662</energy><liveness>0.074264</liveness><tempo>121.108</tempo><speechiness>0.209353</speechiness><acousticness>0.149779</acousticness><instrumentalness>0.0</instrumentalness><mode>1</mode><time_signature>4</time_signature><duration>228.73288</duration><loudness>-7.57</loudness><audio_md5 /><valence>0.765633</valence><danceability>0.838927</danceability></audio_summary><title>Praat Tegeuh De Hand</title></song><song><artist_id>ARWOR5D1187B998D2E</artist_id><artist_name>ABN</artist_name><id>SOUROUV13AC99C37BD</id><audio_summary><key>11</key><analysis_url>http://echonest-analysis.s3.amazonaws.com/TR/Ltcb2AxLfhbL_5dxiWTn3QmOhl4dmTVchnrIRDRddT90L-SCroOFMklCRENA1nVAxDG01-yK7uK8qDw0Q%3D/3/full.json?AWSAccessKeyId=AKIAJRDFEY23UEVW42BQ&amp;Expires=1415342773&amp;Signature=R9XvhqMMhorn1Vb/LQ7RkuWOtIo%3D</analysis_url><energy>0.829249</energy><liveness>0.637177</liveness><tempo>100.062</tempo><speechiness>0.415436</speechiness><acousticness>0.381663</acousticness><instrumentalness>0.0</instrumentalness><mode>1</mode><time_signature>4</time_signature><duration>211.22621</duration><loudness>-8.616</loudness><audio_md5 /><valence>0.489275</valence><danceability>0.844618</danceability></audio_summary><title>Barbiesnollen</title></song><song><artist_id>ARWOR5D1187B998D2E</artist_id><artist_name>ABN</artist_name><id>SOCXVLK146D193D678</id><audio_summary><key>11</key><analysis_url>http://echonest-analysis.s3.amazonaws.com/TR/GXrhMQFyiNn1sq22HFwIjit5je_LCePJ4hDvQsF3hCbVpOsC7CHfPCk0jNuhk4bpfz1Qvb1008sbe9cT4%3D/3/full.json?AWSAccessKeyId=AKIAJRDFEY23UEVW42BQ&amp;Expires=1415342773&amp;Signature=XjaCOZRlkTRFVEkKfMl3/ygrngo%3D</analysis_url><energy>0.892347</energy><liveness>0.815166</liveness><tempo>103.449</tempo><speechiness>0.282082</speechiness><acousticness>0.346127</acousticness><instrumentalness>0.0</instrumentalness><mode>0</mode><time_signature>4</time_signature><duration>185.21288</duration><loudness>-1.36</loudness><audio_md5 /><valence>0.883554</valence><danceability>0.755361</danceability></audio_summary><title>Vet &amp; Fonky</title></song><song><artist_id>ARWOR5D1187B998D2E</artist_id><artist_name>ABN</artist_name><id>SOSEBPI130516E0271</id><audio_summary><key>11</key><analysis_url>http://echonest-analysis.s3.amazonaws.com/TR/NiLtqgiG-H0u26VR4eE2dAH0uxdzXWvcTdZOFmOcuaXUyNpGybbNvx-1C4tix80VI4Ayu76FN3vuoPWy0%3D/3/full.json?AWSAccessKeyId=AKIAJRDFEY23UEVW42BQ&amp;Expires=1415342773&amp;Signature=/EMlBdFwFDT6%2BZAEMIwUTV4hMmo%3D</analysis_url><energy>0.759277</energy><liveness>0.535379</liveness><tempo>93.595</tempo><speechiness>0.340245</speechiness><acousticness>0.58355</acousticness><instrumentalness>1e-06</instrumentalness><mode>1</mode><time_signature>4</time_signature><duration>200.39955</duration><loudness>-7.57</loudness><audio_md5 /><valence>0.422227</valence><danceability>0.489507</danceability></audio_summary><title>Batterijzuur</title></song><song><artist_id>ARWOR5D1187B998D2E</artist_id><artist_name>ABN</artist_name><id>SOGCJGB130516DD835</id><audio_summary><key>7</key><analysis_url>http://echonest-analysis.s3.amazonaws.com/TR/A00kbgmhtnrjtKH0CowTsH-vXpmR9WpNcQGZ3GP42O8w3nNwweSBjE9UAwC9xlVpa6yczLtSv2KcNP0NI%3D/3/full.json?AWSAccessKeyId=AKIAJRDFEY23UEVW42BQ&amp;Expires=1415342773&amp;Signature=w9THwsLiQP61wMW7Oe/loYyJRwE%3D</analysis_url><energy>0.858378</energy><liveness>0.797982</liveness><tempo>107.044</tempo><speechiness>0.237368</speechiness><acousticness>0.176364</acousticness><instrumentalness>0.0</instrumentalness><mode>1</mode><time_signature>4</time_signature><duration>185.06621</duration><loudness>-6.047</loudness><audio_md5 /><valence>0.812623</valence><danceability>0.76718</danceability></audio_summary><title>Danskeuh!</title></song><song><artist_id>ARWOR5D1187B998D2E</artist_id><artist_name>ABN</artist_name><id>SOEUOXR130516DE3C7</id><audio_summary><key>9</key><analysis_url>http://echonest-analysis.s3.amazonaws.com/TR/vFCoKAVOTPTCiTbcLkD6jUX32u5Kxsk0pC2lWW3Fvl-UC6o2qOicO54_BdEI8b33gDgXpCeG9UOW_yGVo%3D/3/full.json?AWSAccessKeyId=AKIAJRDFEY23UEVW42BQ&amp;Expires=1415342773&amp;Signature=MW%2B2C2239hb/8PbPhYyPnthDmYA%3D</analysis_url><energy>0.650589</energy><liveness>0.168616</liveness><tempo>109.997</tempo><speechiness>0.215235</speechiness><acousticness>0.191336</acousticness><instrumentalness>0.0</instrumentalness><mode>1</mode><time_signature>4</time_signature><duration>220.02621</duration><loudness>-7.102</loudness><audio_md5 /><valence>0.841404</valence><danceability>0.902707</danceability></audio_summary><title>Slikkeuh</title></song><song><artist_id>ARWOR5D1187B998D2E</artist_id><artist_name>ABN</artist_name><id>SONVAPA1313438CC2D</id><audio_summary><key>0</key><analysis_url>http://echonest-analysis.s3.amazonaws.com/TR/_06dZQb2o76VnvaKlK0380zZjj3YcBYBgbtrLDIKrBc3Fr-ryOukN2aGdisW_G4NRCX8EHVFucgtae-VU%3D/3/full.json?AWSAccessKeyId=AKIAJRDFEY23UEVW42BQ&amp;Expires=1415342773&amp;Signature=XjSP9XQ5SedqnHprDsB8SkESlk4%3D</analysis_url><energy>0.563623</energy><liveness>0.201315</liveness><tempo>176.02</tempo><speechiness>0.313764</speechiness><acousticness>0.486888</acousticness><instrumentalness>0.0</instrumentalness><mode>0</mode><time_signature>4</time_signature><duration>217.70621</duration><loudness>-9.091</loudness><audio_md5 /><valence>0.550057</valence><danceability>0.679227</danceability></audio_summary><title>Lieke Overleven</title></song><song><artist_id>ARWOR5D1187B998D2E</artist_id><artist_name>ABN</artist_name><id>SOBHPSM1311AFD6388</id><audio_summary><key>7</key><analysis_url>http://echonest-analysis.s3.amazonaws.com/TR/kWBmUALgr8ktUFwT6dH4J8v5K5YA44jfZHwnKBzk23RFdNHTPfhgzKFBqn_vWBBOOZeyiAfQhFNaUyaIA%3D/3/full.json?AWSAccessKeyId=AKIAJRDFEY23UEVW42BQ&amp;Expires=1415342773&amp;Signature=hM89Umcfo4catgKCjQiPL63Fh2w%3D</analysis_url><energy>0.825201</energy><liveness>0.271589</liveness><tempo>103.013</tempo><speechiness>0.16046</speechiness><acousticness>0.219968</acousticness><instrumentalness>0.000311</instrumentalness><mode>1</mode><time_signature>4</time_signature><duration>231.26621</duration><loudness>-7.247</loudness><audio_md5 /><valence>0.7027</valence><danceability>0.817192</danceability></audio_summary><title>Bende Van Cartouche</title></song><song><artist_id>ARWOR5D1187B998D2E</artist_id><artist_name>ABN</artist_name><id>SOCHKHF1312FDFF2B8</id><audio_summary><key>5</key><analysis_url>http://echonest-analysis.s3.amazonaws.com/TR/JAGHTgJSjNbR1VRVLOMOhSfa7L2xfUF1inb2zYsCQDstPUvfVPaJPthQD7TSlrlJZ5_RMYMeI-4Cyh1Vs%3D/3/full.json?AWSAccessKeyId=AKIAJRDFEY23UEVW42BQ&amp;Expires=1415342773&amp;Signature=alS1SVTNQAgXMyjBS/XPrwiEwLw%3D</analysis_url><energy>0.668068</energy><liveness>0.092189</liveness><tempo>112.986</tempo><speechiness>0.249338</speechiness><acousticness>0.19201</acousticness><instrumentalness>0.0</instrumentalness><mode>0</mode><time_signature>4</time_signature><duration>169.50621</duration><loudness>-6.311</loudness><audio_md5 /><valence>0.70918</valence><danceability>0.930854</danceability></audio_summary><title>Drankautomaat</title></song><song><artist_id>ARWOR5D1187B998D2E</artist_id><artist_name>ABN</artist_name><id>SONPEVU131343971AE</id><audio_summary><key>1</key><analysis_url>http://echonest-analysis.s3.amazonaws.com/TR/Z7Pfdw6hPCi2xFrOinz2Ll3q10yg3sY7C1nbSGQaRxf9HdqPf32q20gSJg_iZFYfI9fH6lYMWabq73xwY%3D/3/full.json?AWSAccessKeyId=AKIAJRDFEY23UEVW42BQ&amp;Expires=1415342773&amp;Signature=co0xOwf2AYBq21Uj8jfsXqYJ92E%3D</analysis_url><energy>0.805229</energy><liveness>0.193137</liveness><tempo>111.899</tempo><speechiness>0.026484</speechiness><acousticness>0.08089</acousticness><instrumentalness>0.740069</instrumentalness><mode>1</mode><time_signature>4</time_signature><duration>384.25288</duration><loudness>-3.359</loudness><audio_md5 /><valence>0.671936</valence><danceability>0.750725</danceability></audio_summary><title>Still Gets No Luv</title></song><song><artist_id>ARWOR5D1187B998D2E</artist_id><artist_name>ABN</artist_name><id>SOEPTQT147CF58C5CD</id><audio_summary><key>3</key><analysis_url>http://echonest-analysis.s3.amazonaws.com/TR/oB5eLAQ0u0MLamw6CDZpdhRCSbqwSsMVc7xN1PAVATY1Kl_ExFw_t0XY0fpWqxmyT56IL2ZaxY_D7r9Es%3D/3/full.json?AWSAccessKeyId=AKIAJRDFEY23UEVW42BQ&amp;Expires=1415342773&amp;Signature=X/adEXcL9n4DICtmwOnTEh%2Bn8kg%3D</analysis_url><energy>0.86959</energy><liveness>0.30321</liveness><tempo>100.015</tempo><speechiness>0.263246</speechiness><acousticness>0.344966</acousticness><instrumentalness>0.0</instrumentalness><mode>1</mode><time_signature>4</time_signature><duration>203.75955</duration><loudness>-5.866</loudness><audio_md5 /><valence>0.718488</valence><danceability>0.89352</danceability></audio_summary><title>Back Up!</title></song><song><artist_id>ARWOR5D1187B998D2E</artist_id><artist_name>ABN</artist_name><id>SOPKGHH1462F0CF388</id><audio_summary><key>9</key><analysis_url>http://echonest-analysis.s3.amazonaws.com/TR/xPqptwlVV0djXpM6KC7gY_Z0ITLLFDisbfcC2Nj7nMCFTXFS32kLbl8Oh8TvO4rRYody2TjccvWfi5LYE%3D/3/full.json?AWSAccessKeyId=AKIAJRDFEY23UEVW42BQ&amp;Expires=1415342773&amp;Signature=/KN4/YJSbSlwmWEtXPSk8P5rucU%3D</analysis_url><energy>0.607244</energy><liveness>0.110009</liveness><tempo>96.017</tempo><speechiness>0.261934</speechiness><acousticness>0.147197</acousticness><instrumentalness>0.022207</instrumentalness><mode>0</mode><time_signature>4</time_signature><duration>202.55955</duration><loudness>-8.184</loudness><audio_md5 /><valence>0.658302</valence><danceability>0.780109</danceability></audio_summary><title>Ik Ben Wie Ik Ben</title></song><song><artist_id>ARWOR5D1187B998D2E</artist_id><artist_name>ABN</artist_name><id>SODVNDM1311AFE062C</id><audio_summary><key>11</key><analysis_url>http://echonest-analysis.s3.amazonaws.com/TR/_jolcA19tXUUzD5LrcHCLUEf9tjz3S4B4vhvx3aQVLMqf25-b_hZJkPrQGbw5Yr4lAHPRgUpO44hPytd4%3D/3/full.json?AWSAccessKeyId=AKIAJRDFEY23UEVW42BQ&amp;Expires=1415342773&amp;Signature=e9acz2Dq3hLUHwQ5GXXKEAma/cA%3D</analysis_url><energy>0.903412</energy><liveness>0.160131</liveness><tempo>100.288</tempo><speechiness>0.317243</speechiness><acousticness>0.31602</acousticness><instrumentalness>0.0</instrumentalness><mode>1</mode><time_signature>4</time_signature><duration>184.62621</duration><loudness>-5.565</loudness><audio_md5 /><valence>0.603247</valence><danceability>0.767927</danceability></audio_summary><title>Barbietrut (Barbiesnollen)</title></song><song><artist_id>ARWOR5D1187B998D2E</artist_id><artist_name>ABN</artist_name><id>SOPWVKP146294A2733</id><audio_summary><key>6</key><analysis_url>http://echonest-analysis.s3.amazonaws.com/TR/54n8SQO8wFMzVYwUr5Y1NRph1UauL-XCCG3KfFqbCH_QihdO2bGDi83W8LffeBhgZvjcSzBUtmxx4R8Gs%3D/3/full.json?AWSAccessKeyId=AKIAJRDFEY23UEVW42BQ&amp;Expires=1415342773&amp;Signature=mtLDqLg7Fv0GL2RIrztzDGUYVKY%3D</analysis_url><energy>0.784687</energy><liveness>0.325137</liveness><tempo>91.475</tempo><speechiness>0.376553</speechiness><acousticness>0.432867</acousticness><instrumentalness>0.0</instrumentalness><mode>1</mode><time_signature>4</time_signature><duration>197.95955</duration><loudness>-8.768</loudness><audio_md5 /><valence>0.836425</valence><danceability>0.818756</danceability></audio_summary><title>Koetjes En Kalfjes</title></song><song><artist_id>ARWOR5D1187B998D2E</artist_id><artist_name>ABN</artist_name><id>SOPCDIO14626B57B12</id><audio_summary><key>6</key><analysis_url>http://echonest-analysis.s3.amazonaws.com/TR/SLwaTAnFGzO2jyIv_OZamOU8nOS89IylihD8gxjCWI_EahkRAdBGEQfynuNkUZ8FUc9kaIRl6nKE8qTBE%3D/3/full.json?AWSAccessKeyId=AKIAJRDFEY23UEVW42BQ&amp;Expires=1415342773&amp;Signature=99MHuHOttaYJM7PYStDTnjbgsEU%3D</analysis_url><energy>0.921711</energy><liveness>0.109438</liveness><tempo>130.519</tempo><speechiness>0.615798</speechiness><acousticness>0.351107</acousticness><instrumentalness>0.0</instrumentalness><mode>0</mode><time_signature>4</time_signature><duration>488.49288</duration><loudness>-9.988</loudness><audio_md5 /><valence>0.119849</valence><danceability>0.509721</danceability></audio_summary><title>Straat-Ego (Trip) + Outro</title></song><song><artist_id>ARWOR5D1187B998D2E</artist_id><artist_name>ABN</artist_name><id>SOELIPW1313439B0D2</id><audio_summary><key>10</key><analysis_url>http://echonest-analysis.s3.amazonaws.com/TR/RXnmjQT4Crus7SByFX4sS7Sm9d4giD79GoLvstVprB842JHYt1zfLA3ljCXfAiU4o5ufeu6YmBoPJNT6g%3D/3/full.json?AWSAccessKeyId=AKIAJRDFEY23UEVW42BQ&amp;Expires=1415342773&amp;Signature=n4fhZedKjx8f5hzs6REM5qGUFv4%3D</analysis_url><energy>0.76311</energy><liveness>0.182628</liveness><tempo>98.88</tempo><speechiness>0.182667</speechiness><acousticness>0.037889</acousticness><instrumentalness>0.706365</instrumentalness><mode>0</mode><time_signature>4</time_signature><duration>95.10621</duration><loudness>-8.118</loudness><audio_md5 /><valence>0.369243</valence><danceability>0.917667</danceability></audio_summary><title>Soundcheck</title></song><song><artist_id>ARWOR5D1187B998D2E</artist_id><artist_name>ABN</artist_name><id>SOEHHEE12AF72A35EA</id><audio_summary><key>10</key><analysis_url>http://echonest-analysis.s3.amazonaws.com/TR/z2UhaQsCeJN9m3Pb4Ax7gWOci5Ckapc8x9_e6-/3/full.json?AWSAccessKeyId=AKIAJRDFEY23UEVW42BQ&amp;Expires=1415342773&amp;Signature=LA1KNYvuUkHhn5v4NW7cMNcf4EI%3D</analysis_url><energy>0.159011</energy><liveness>0.608124</liveness><tempo>88.895</tempo><speechiness>0.929618</speechiness><acousticness>0.758055</acousticness><instrumentalness>0.0</instrumentalness><mode>0</mode><time_signature>5</time_signature><duration>39.6273</duration><loudness>-16.786</loudness><audio_md5 /><valence>0.627327</valence><danceability>0.642267</danceability></audio_summary><title>Whoa Skit</title></song><song><artist_id>ARWOR5D1187B998D2E</artist_id><artist_name>ABN</artist_name><id>SOBDSBN130516DDEF9</id><audio_summary><key>10</key><analysis_url>http://echonest-analysis.s3.amazonaws.com/TR/JWrLpQCI4yXIljRSWFeLuWBHUw-oVtMtgx7ltvFLt9wy9yKa1LD3de3alB9qzCTT8rxuznJ3eLA-l_xc0%3D/3/full.json?AWSAccessKeyId=AKIAJRDFEY23UEVW42BQ&amp;Expires=1415342773&amp;Signature=%2BS2GhqOm8SH%2BDr9NTZ0oo4xlQ6s%3D</analysis_url><energy>0.836139</energy><liveness>0.390742</liveness><tempo>94.704</tempo><speechiness>0.285533</speechiness><acousticness>0.008783</acousticness><instrumentalness>0.0</instrumentalness><mode>0</mode><time_signature>4</time_signature><duration>204.18621</duration><loudness>-5.17</loudness><audio_md5 /><valence>0.545478</valence><danceability>0.631916</danceability></audio_summary><title>Mental: Posse Track</title></song><song><artist_id>ARWOR5D1187B998D2E</artist_id><artist_name>ABN</artist_name><id>SOAGIOU130516DDF46</id><audio_summary><key>4</key><analysis_url>http://echonest-analysis.s3.amazonaws.com/TR/iRjf_ARATw9dhI7IbuJ_sndq1CN8kHOdftCVhvsNo_ZfcJOSJRyTUiqp-S2uXciIDywzE0sPk6H0F-4I8%3D/3/full.json?AWSAccessKeyId=AKIAJRDFEY23UEVW42BQ&amp;Expires=1415342773&amp;Signature=OjP8DJMd0ENRwUXRToXs5OAG3c8%3D</analysis_url><energy>0.7213</energy><liveness>0.082059</liveness><tempo>88.101</tempo><speechiness>0.285337</speechiness><acousticness>0.277685</acousticness><instrumentalness>3e-06</instrumentalness><mode>0</mode><time_signature>4</time_signature><duration>251.95955</duration><loudness>-5.575</loudness><audio_md5 /><valence>0.57223</valence><danceability>0.824346</danceability></audio_summary><title>Bloedschande</title></song><song><artist_id>ARWOR5D1187B998D2E</artist_id><artist_name>ABN</artist_name><id>SOFNEXQ130516DD8C4</id><audio_summary><key>7</key><analysis_url>http://echonest-analysis.s3.amazonaws.com/TR/sNJf3gkecVwX2It67A5ICYJnV-fjPtDFttg60lkCK0XuwTZ9a3lrwK211__F0OIwr4-cR6-6YdQ35v9y0%3D/3/full.json?AWSAccessKeyId=AKIAJRDFEY23UEVW42BQ&amp;Expires=1415342773&amp;Signature=fU1ZxKCQkgTyT0o/IkZAajqOwAY%3D</analysis_url><energy>0.556304</energy><liveness>0.06384</liveness><tempo>108.001</tempo><speechiness>0.30499</speechiness><acousticness>0.073021</acousticness><instrumentalness>0.0</instrumentalness><mode>1</mode><time_signature>4</time_signature><duration>219.54621</duration><loudness>-11.196</loudness><audio_md5 /><valence>0.74761</valence><danceability>0.925976</danceability></audio_summary><title>Alo, Wa?</title></song><song><artist_id>ARWOR5D1187B998D2E</artist_id><artist_name>ABN</artist_name><id>SOLPTOP147CECEA940</id><audio_summary><key>11</key><analysis_url>http://echonest-analysis.s3.amazonaws.com/TR/z2y4eQYQpeTur2qPWv14w3tDLjvizXqTRhwelI1xg7Ht5qW-A8WwAwJ7eDdjJXT1kyQnyqeXdAZRppkkw%3D/3/full.json?AWSAccessKeyId=AKIAJRDFEY23UEVW42BQ&amp;Expires=1415342773&amp;Signature=J9GVa3aQY9RjruTZaQWQKDM5cQw%3D</analysis_url><energy>0.438924</energy><liveness>0.272198</liveness><tempo>92.132</tempo><speechiness>0.251583</speechiness><acousticness>0.071821</acousticness><instrumentalness>0.0</instrumentalness><mode>0</mode><time_signature>4</time_signature><duration>254.89288</duration><loudness>-9.961</loudness><audio_md5 /><valence>0.577684</valence><danceability>0.832329</danceability></audio_summary><title>Tongsong</title></song><song><artist_id>ARWOR5D1187B998D2E</artist_id><artist_name>ABN</artist_name><id>SOHEFFF13AC99C277A</id><audio_summary><key>1</key><analysis_url>http://echonest-analysis.s3.amazonaws.com/TR/ydqXEAeHzL7qosn_lzyIGw_BA_nqBYJO4dRkNS2at3qPxZliJxwJdG_MUToNexCvqplm5m65sRAUm_5oM%3D/3/full.json?AWSAccessKeyId=AKIAJRDFEY23UEVW42BQ&amp;Expires=1415342773&amp;Signature=TYTZUoK0LgWQ2RXY0W31noKRBGk%3D</analysis_url><energy>0.468365</energy><liveness>0.089595</liveness><tempo>96.072</tempo><speechiness>0.198912</speechiness><acousticness>0.094029</acousticness><instrumentalness>0.0</instrumentalness><mode>1</mode><time_signature>4</time_signature><duration>211.77288</duration><loudness>-9.183</loudness><audio_md5 /><valence>0.160495</valence><danceability>0.851423</danceability></audio_summary><title>Poppekast</title></song><song><artist_id>ARWOR5D1187B998D2E</artist_id><artist_name>ABN</artist_name><id>SOOUHOC14625BA56A3</id><audio_summary><key>4</key><analysis_url>http://echonest-analysis.s3.amazonaws.com/TR/opCPXQjEwFYBpanjvsCkhknMfcUWttlSUVJ9Mn-Id6hpRwElKfNgBsAelxvMs1gnOGMBZn1TmGeKu9Doo%3D/3/full.json?AWSAccessKeyId=AKIAJRDFEY23UEVW42BQ&amp;Expires=1415342773&amp;Signature=V2UGMNtStjxHaBk1Li0CqeAiqvg%3D</analysis_url><energy>0.886432</energy><liveness>0.117884</liveness><tempo>96.016</tempo><speechiness>0.198227</speechiness><acousticness>0.134661</acousticness><instrumentalness>0.0</instrumentalness><mode>0</mode><time_signature>4</time_signature><duration>216.89288</duration><loudness>-6.859</loudness><audio_md5 /><valence>0.670135</valence><danceability>0.747403</danceability></audio_summary><title>Oh Ja</title></song><song><artist_id>ARWOR5D1187B998D2E</artist_id><artist_name>ABN</artist_name><id>SOTLZNC146EBB481F2</id><audio_summary><key>6</key><analysis_url>http://echonest-analysis.s3.amazonaws.com/TR/fBchNgglnJ6ZB4on0uCbjvn5faCl6W-bg7RwC1_GajEU9pey8MaXxN3UqoTSa-qBvjOI7QiECStQf4fNg%3D/3/full.json?AWSAccessKeyId=AKIAJRDFEY23UEVW42BQ&amp;Expires=1415342773&amp;Signature=0UHg76aCS9UScA/%2BrZu%2BV6%2Brp4w%3D</analysis_url><energy>0.770206</energy><liveness>0.132831</liveness><tempo>101.86</tempo><speechiness>0.259246</speechiness><acousticness>0.327742</acousticness><instrumentalness>0.0</instrumentalness><mode>1</mode><time_signature>4</time_signature><duration>215.73288</duration><loudness>-5.675</loudness><audio_md5 /><valence>0.616864</valence><danceability>0.850923</danceability></audio_summary><title>Wie A Zegt….</title></song><song><artist_id>ARWOR5D1187B998D2E</artist_id><artist_name>ABN</artist_name><id>SOJPWHP13AC99C25CD</id><audio_summary><key>1</key><analysis_url>http://echonest-analysis.s3.amazonaws.com/TR/QMxRcwyVcNfvF06KQwHefndl3R7GUjRB4I5saX0MyYu5PaG0AWYefaNjEUejuhra1NXcqpkHv4Fj7jPhE%3D/3/full.json?AWSAccessKeyId=AKIAJRDFEY23UEVW42BQ&amp;Expires=1415342773&amp;Signature=TzwgxOEkiEeFof1R7S1kZhJ7J3A%3D</analysis_url><energy>0.763434</energy><liveness>0.159243</liveness><tempo>94.93</tempo><speechiness>0.441284</speechiness><acousticness>0.469301</acousticness><instrumentalness>0.0</instrumentalness><mode>1</mode><time_signature>4</time_signature><duration>212.39955</duration><loudness>-10.06</loudness><audio_md5 /><valence>0.690936</valence><danceability>0.767242</danceability></audio_summary><title>Amerikakka</title></song><song><artist_id>ARWOR5D1187B998D2E</artist_id><artist_name>ABN</artist_name><id>SOBJTHE147D064AD3C</id><audio_summary><key>11</key><analysis_url>http://echonest-analysis.s3.amazonaws.com/TR/LQB-cQI-zvCwCqs0IotDXR-GlHMQpg8UT46VyzkoybHPK1YQKWKDEUSs2NcyoVhGGq36STWdmWHs-qqKc%3D/3/full.json?AWSAccessKeyId=AKIAJRDFEY23UEVW42BQ&amp;Expires=1415342773&amp;Signature=At4tS/Ho%2BMHuNc/sSZuPK24zJWI%3D</analysis_url><energy>0.673532</energy><liveness>0.112266</liveness><tempo>139.185</tempo><speechiness>0.572413</speechiness><acousticness>0.64037</acousticness><instrumentalness>2.8e-05</instrumentalness><mode>1</mode><time_signature>4</time_signature><duration>628.63955</duration><loudness>-8.619</loudness><audio_md5 /><valence>0.315502</valence><danceability>0.579357</danceability></audio_summary><title>Toxx</title></song><song><artist_id>ARWOR5D1187B998D2E</artist_id><artist_name>ABN</artist_name><id>SOOTOUP1313439072D</id><audio_summary><key>11</key><analysis_url>http://echonest-analysis.s3.amazonaws.com/TR/bdvUdQioFjXYAZenJGk6-8KW_m1z69gZPmP1NQasOfsYHF2Qcs1KmZ0Uh8bH4sGTlSN6Vm6fDDFEyR2V0%3D/3/full.json?AWSAccessKeyId=AKIAJRDFEY23UEVW42BQ&amp;Expires=1415342773&amp;Signature=ZaIouU6P69HkfWMKEv7Cq03rgDY%3D</analysis_url><energy>0.772894</energy><liveness>0.660129</liveness><tempo>105.691</tempo><speechiness>0.26904</speechiness><acousticness>0.251699</acousticness><instrumentalness>2.7e-05</instrumentalness><mode>0</mode><time_signature>4</time_signature><duration>223.13288</duration><loudness>-8.672</loudness><audio_md5 /><valence>0.574391</valence><danceability>0.805666</danceability></audio_summary><title>Abnormale Remix</title></song><song><artist_id>ARWOR5D1187B998D2E</artist_id><artist_name>ABN</artist_name><id>SOWBAMH1315CD43F7A</id><audio_summary><key>8</key><analysis_url>http://echonest-analysis.s3.amazonaws.com/TR/HEUsNgY6t3tjlLUPongIRSMJ2lvJ4E43hDYx-R/3/full.json?AWSAccessKeyId=AKIAJRDFEY23UEVW42BQ&amp;Expires=1415342773&amp;Signature=2EARJt0awMDOWamTU18ZM%2BBAWZA%3D</analysis_url><energy>0.069826</energy><liveness>0.563632</liveness><tempo>58.753</tempo><speechiness>0.825715</speechiness><acousticness>0.734225</acousticness><instrumentalness>0.0</instrumentalness><mode>1</mode><time_signature>4</time_signature><duration>46.36689</duration><loudness>-21.858</loudness><audio_md5 /><valence>0.58819</valence><danceability>0.702521</danceability></audio_summary><title>Turn Heads</title></song><song><artist_id>ARWOR5D1187B998D2E</artist_id><artist_name>ABN</artist_name><id>SOMMFHZ130516DE5E0</id><audio_summary><key>10</key><analysis_url>http://echonest-analysis.s3.amazonaws.com/TR/aM9bJQIpT_Qo46JRZqwQR1lnJK-z4EkJ8SVYr3hMvLN_9F0n5xbwPr_zcXxvJNhgVbIw6bwr_3PxOcqPo%3D/3/full.json?AWSAccessKeyId=AKIAJRDFEY23UEVW42BQ&amp;Expires=1415342773&amp;Signature=5mtSErlCc/f8%2BPCaV%2BJTKNqMUWk%3D</analysis_url><energy>0.440178</energy><liveness>0.096956</liveness><tempo>135.96</tempo><speechiness>0.307511</speechiness><acousticness>0.021452</acousticness><instrumentalness>0.0</instrumentalness><mode>0</mode><time_signature>4</time_signature><duration>204.22621</duration><loudness>-7.924</loudness><audio_md5 /><valence>0.28945</valence><danceability>0.836429</danceability></audio_summary><title>Toxx</title></song><song><artist_id>ARWOR5D1187B998D2E</artist_id><artist_name>ABN</artist_name><id>SOAHGIO130516DDBBE</id><audio_summary><key>2</key><analysis_url>http://echonest-analysis.s3.amazonaws.com/TR/pd1GgQA1j6WmJfSfmug8zYW4L58E0YQkolqEIcxWixgKl7UdNaJUPS1S2QD4t5g4CGZitm0WUtUdm_eMk%3D/3/full.json?AWSAccessKeyId=AKIAJRDFEY23UEVW42BQ&amp;Expires=1415342773&amp;Signature=UroTX2enwlKXX8mDZtjVOQq3y%2Bg%3D</analysis_url><energy>0.715941</energy><liveness>0.089329</liveness><tempo>90.23</tempo><speechiness>0.286266</speechiness><acousticness>0.036105</acousticness><instrumentalness>1e-06</instrumentalness><mode>1</mode><time_signature>4</time_signature><duration>211.71955</duration><loudness>-4.331</loudness><audio_md5 /><valence>0.731286</valence><danceability>0.795195</danceability></audio_summary><title>Nie Vandoag</title></song><song><artist_id>ARWOR5D1187B998D2E</artist_id><artist_name>ABN</artist_name><id>SOCYJUD13FB52B6DBA</id><audio_summary><key>7</key><analysis_url>http://echonest-analysis.s3.amazonaws.com/TR/pQGRfgHrS51IC4ucazgtBZHkWsO9b4XFqk8yUlrL1kaK2fOsV7BkpZuHimJ_hWNc7-KMIL/3/full.json?AWSAccessKeyId=AKIAJRDFEY23UEVW42BQ&amp;Expires=1415342773&amp;Signature=90yC6Iv0AAVGA21P5ZNa9ZBdCxM%3D</analysis_url><energy>0.863537</energy><liveness>0.272865</liveness><tempo>96.855</tempo><speechiness>0.250554</speechiness><acousticness>0.125748</acousticness><instrumentalness>0.0</instrumentalness><mode>1</mode><time_signature>4</time_signature><duration>214.69995</duration><loudness>-6.922</loudness><audio_md5 /><valence>0.696696</valence><danceability>0.612803</danceability></audio_summary><title>Moe Van Jou</title></song><song><artist_id>ARWOR5D1187B998D2E</artist_id><artist_name>ABN</artist_name><id>SOQPOQY1312FE020FD</id><audio_summary><key>7</key><analysis_url>http://echonest-analysis.s3.amazonaws.com/TR/UkOoXweEyD9ZuzMz3PGTLu8t0Nh1Ocf3Uy_BhvBDx8loUNRR-XLpnfVluMjT2ernjpi2eWxuiSMABulNY%3D/3/full.json?AWSAccessKeyId=AKIAJRDFEY23UEVW42BQ&amp;Expires=1415342773&amp;Signature=ofIALytoFun1aY9qrB4pkBDzBsQ%3D</analysis_url><energy>0.784505</energy><liveness>0.186574</liveness><tempo>96.891</tempo><speechiness>0.25813</speechiness><acousticness>0.164566</acousticness><instrumentalness>0.0</instrumentalness><mode>1</mode><time_signature>4</time_signature><duration>240.13288</duration><loudness>-8.261</loudness><audio_md5 /><valence>0.66129</valence><danceability>0.637421</danceability></audio_summary><title>Moe Van Jou</title></song><song><artist_id>ARWOR5D1187B998D2E</artist_id><artist_name>ABN</artist_name><id>SORSAHC13129A8FEDD</id><audio_summary><key>0</key><analysis_url>http://echonest-analysis.s3.amazonaws.com/TR/oOfUhQ_nb-qtGanlHIfm0yL3aHkZbzAdGl5Tlr6KgjfiIdrmZYT9j9PUgZLIll5Og7a7msKNrzddy5uiw%3D/3/full.json?AWSAccessKeyId=AKIAJRDFEY23UEVW42BQ&amp;Expires=1415342773&amp;Signature=Posl4Qt4Uk7aBvs0aKNdwXp/GIs%3D</analysis_url><energy>0.867227</energy><liveness>0.0748</liveness><tempo>101.019</tempo><speechiness>0.277515</speechiness><acousticness>0.064514</acousticness><instrumentalness>0.0</instrumentalness><mode>1</mode><time_signature>4</time_signature><duration>201.74621</duration><loudness>-6.203</loudness><audio_md5 /><valence>0.374284</valence><danceability>0.878822</danceability></audio_summary><title>Vierdewereldmuziek</title></song><song><artist_id>ARWOR5D1187B998D2E</artist_id><artist_name>ABN</artist_name><id>SOHACVT136EDBA26B3</id><audio_summary><key>11</key><analysis_url>http://echonest-analysis.s3.amazonaws.com/TR/otE1XwNckEBlj2ac1HfhjA40GxS7bfNlA7vqNgz_nrXJZVQcsNV4yH1cwlBB9SGbBVj7xdO5Ijgk6Y_5g%3D/3/full.json?AWSAccessKeyId=AKIAJRDFEY23UEVW42BQ&amp;Expires=1415342773&amp;Signature=3wcHpKhoGxbz4KDWzI%2BqZ1dujzw%3D</analysis_url><energy>0.890243</energy><liveness>0.293977</liveness><tempo>99.371</tempo><speechiness>0.301366</speechiness><acousticness>0.294588</acousticness><instrumentalness>0.0</instrumentalness><mode>1</mode><time_signature>4</time_signature><duration>263.30621</duration><loudness>-6.405</loudness><audio_md5 /><valence>0.6261</valence><danceability>0.65557</danceability></audio_summary><title>Breinstorm</title></song><song><artist_id>ARWOR5D1187B998D2E</artist_id><artist_name>ABN</artist_name><id>SOIQDHR146262AE7B7</id><audio_summary><key>1</key><analysis_url>http://echonest-analysis.s3.amazonaws.com/TR/lWb0ZQFC0JjfyBnzUj93JEf8lb_O3itco1tUqGZJTfkHJd5PySr6lS9UDN3loYFavyGyRq5m0AVoPTWTk%3D/3/full.json?AWSAccessKeyId=AKIAJRDFEY23UEVW42BQ&amp;Expires=1415342773&amp;Signature=imWc2Zxz6VZXWt8P3yzxXMsh/BA%3D</analysis_url><energy>0.796773</energy><liveness>0.593937</liveness><tempo>98.926</tempo><speechiness>0.286176</speechiness><acousticness>0.109651</acousticness><instrumentalness>0.0</instrumentalness><mode>1</mode><time_signature>4</time_signature><duration>297.33288</duration><loudness>-7.088</loudness><audio_md5>9577f3b3753945f308e9a58cfbf98492</audio_md5><valence>0.740542</valence><danceability>0.729487</danceability></audio_summary><title>Ze Is Weg</title></song><song><artist_id>ARWOR5D1187B998D2E</artist_id><artist_name>ABN</artist_name><id>SOADVKM13134391AC1</id><audio_summary><key>8</key><analysis_url>http://echonest-analysis.s3.amazonaws.com/TR/XSYrvglIjAYsTeAAKJMiP7q2ahgRzp0aNhjzuLw-0paXNnQlUTV1RWbpEj9WkfvECuwbdhvX_4LXakRnQ%3D/3/full.json?AWSAccessKeyId=AKIAJRDFEY23UEVW42BQ&amp;Expires=1415342773&amp;Signature=fGM3qMSNtwoo2YhLaRjl1avrcjo%3D</analysis_url><energy>0.931484</energy><liveness>0.376423</liveness><tempo>104.99</tempo><speechiness>0.10203</speechiness><acousticness>0.100519</acousticness><instrumentalness>0.0</instrumentalness><mode>1</mode><time_signature>4</time_signature><duration>197.79955</duration><loudness>-2.417</loudness><audio_md5 /><valence>0.580242</valence><danceability>0.766678</danceability></audio_summary><title>Asfaltrocker</title></song><song><artist_id>ARWOR5D1187B998D2E</artist_id><artist_name>ABN</artist_name><id>SOMLNVW13F99F91819</id><audio_summary><key>10</key><analysis_url>http://echonest-analysis.s3.amazonaws.com/TR/VBYc-Qr6xYJb62gb-D4cXPgtD2GPfPhg-rAy8gMdTnVpu2MdgWilNB3lJ3PnsQdEzo4jt9/3/full.json?AWSAccessKeyId=AKIAJRDFEY23UEVW42BQ&amp;Expires=1415342773&amp;Signature=EsmFZBAAoLTQsjNNixY9d2DkaTs%3D</analysis_url><energy>0.823187</energy><liveness>0.930464</liveness><tempo>100.009</tempo><speechiness>0.191083</speechiness><acousticness>0.088761</acousticness><instrumentalness>0.0</instrumentalness><mode>0</mode><time_signature>4</time_signature><duration>215.82322</duration><loudness>-4.541</loudness><audio_md5 /><valence>0.613683</valence><danceability>0.771454</danceability></audio_summary><title>Algemeen Beskaafd Nederlanz</title></song><song><artist_id>ARWOR5D1187B998D2E</artist_id><artist_name>ABN</artist_name><id>SOAHVZW130516DF95B</id><audio_summary><key>10</key><analysis_url>http://echonest-analysis.s3.amazonaws.com/TR/h6MTmARFhXoOiv2JnEM9B-34eEe_ugFktraaFE9msJ2lyLzhot_QrxWy5DdQjmIogiiTSgnnxYI4wCewg%3D/3/full.json?AWSAccessKeyId=AKIAJRDFEY23UEVW42BQ&amp;Expires=1415342773&amp;Signature=0Loz/%2BsMLIsPWsD2ZVrOR7HSHuQ%3D</analysis_url><energy>0.731381</energy><liveness>0.94128</liveness><tempo>100.058</tempo><speechiness>0.18441</speechiness><acousticness>0.087289</acousticness><instrumentalness>0.0</instrumentalness><mode>0</mode><time_signature>4</time_signature><duration>229.39955</duration><loudness>-6.406</loudness><audio_md5 /><valence>0.536604</valence><danceability>0.783318</danceability></audio_summary><title>Algemeen Beskaafd Nederlanz</title></song><song><artist_id>ARWOR5D1187B998D2E</artist_id><artist_name>ABN</artist_name><id>SOFBTPQ137595213E9</id><audio_summary><key>2</key><analysis_url>http://echonest-analysis.s3.amazonaws.com/TR/UU9fDQFPBG-P-OTWXQbjNndjEP9XKhKVSHOy3y6vJCPfTrsRSEEaoHduHxhY0IFpMyW_Ypocqcv0W8e2s%3D/3/full.json?AWSAccessKeyId=AKIAJRDFEY23UEVW42BQ&amp;Expires=1415342773&amp;Signature=QZFF2EDRRYwclXYcDt36rNQ7Umg%3D</analysis_url><energy>0.707429</energy><liveness>0.093724</liveness><tempo>105.595</tempo><speechiness>0.377483</speechiness><acousticness>0.474005</acousticness><instrumentalness>0.0</instrumentalness><mode>1</mode><time_signature>4</time_signature><duration>266.39955</duration><loudness>-9.154</loudness><audio_md5>522477e906fcef7188b703c51697a5bc</audio_md5><valence>0.503428</valence><danceability>0.843684</danceability></audio_summary><title>ABNormaal</title></song><song><artist_id>ARWOR5D1187B998D2E</artist_id><artist_name>ABN</artist_name><id>SOHKIWV146360EF494</id><audio_summary><key>2</key><analysis_url>http://echonest-analysis.s3.amazonaws.com/TR/ZZfFRAqlHzMlloYFk6jSBQRPHk2LX-DY3l-g52c0LgVD-MTxW7x1k_HRLAN8oCZx4TNX2ebSGJPOPdPco%3D/3/full.json?AWSAccessKeyId=AKIAJRDFEY23UEVW42BQ&amp;Expires=1415342773&amp;Signature=2DAFVMK/cNgvvQrweqe1WQ9Ikn4%3D</analysis_url><energy>0.783841</energy><liveness>0.508741</liveness><tempo>105.602</tempo><speechiness>0.267069</speechiness><acousticness>0.405735</acousticness><instrumentalness>0.0</instrumentalness><mode>1</mode><time_signature>4</time_signature><duration>225.39955</duration><loudness>-8.02</loudness><audio_md5 /><valence>0.435452</valence><danceability>0.855642</danceability></audio_summary><title>Abnormaal</title></song><song><artist_id>ARWOR5D1187B998D2E</artist_id><artist_name>ABN</artist_name><id>SOANAHI12A58A7EAB2</id><audio_summary><key>1</key><analysis_url>http://echonest-analysis.s3.amazonaws.com/TR/-3rCrg0f6VekEmpv00NLqcbSXXNm2zW4Ud7d-L/3/full.json?AWSAccessKeyId=AKIAJRDFEY23UEVW42BQ&amp;Expires=1415342773&amp;Signature=MKmO0N81kMgIqLDK/ghwjOzxtys%3D</analysis_url><energy>0.8565</energy><liveness>0.449817</liveness><tempo>76.984</tempo><speechiness>0.261744</speechiness><acousticness>0.558013</acousticness><instrumentalness>0.0</instrumentalness><mode>1</mode><time_signature>4</time_signature><duration>266.63138</duration><loudness>-3.54</loudness><audio_md5 /><valence>0.839285</valence><danceability>0.658879</danceability></audio_summary><title>Whoa</title></song><song><artist_id>ARWOR5D1187B998D2E</artist_id><artist_name>ABN</artist_name><id>SOLGHIA13AC99C28FD</id><audio_summary><key>1</key><analysis_url>http://echonest-analysis.s3.amazonaws.com/TR/xuIaHguYZDDhvznyAIW_dsUIjVbFV5MmbHuXLQmmA-kqtjfIvD9suxssPrkHJg0YUuY8zm1ZY-jKp_6SY%3D/3/full.json?AWSAccessKeyId=AKIAJRDFEY23UEVW42BQ&amp;Expires=1415342773&amp;Signature=cnfupzcC7BRr1vgrrHjDbeBolUY%3D</analysis_url><energy>0.468017</energy><liveness>0.18358</liveness><tempo>134.29</tempo><speechiness>0.03678</speechiness><acousticness>0.892944</acousticness><instrumentalness>0.730363</instrumentalness><mode>1</mode><time_signature>4</time_signature><duration>54.90621</duration><loudness>-7.292</loudness><audio_md5 /><valence>0.339325</valence><danceability>0.545461</danceability></audio_summary><title>Fijne Vleeswaren</title></song><song><artist_id>ARWOR5D1187B998D2E</artist_id><artist_name>ABN</artist_name><id>SOHROBS1311AFDA135</id><audio_summary><key>7</key><analysis_url>http://echonest-analysis.s3.amazonaws.com/TR/9y57BQpnVSvYi-T2QQiBeFd7FBGGW8-PFroazGvK9Abwpg0J-MEv10lOc-utRE_DsC6OXPNlHBwKL6HSQ%3D/3/full.json?AWSAccessKeyId=AKIAJRDFEY23UEVW42BQ&amp;Expires=1415342773&amp;Signature=Cn/4v8jf%2BGTikQzQHL1CysUCSBQ%3D</analysis_url><energy>0.755997</energy><liveness>0.089991</liveness><tempo>104.077</tempo><speechiness>0.181598</speechiness><acousticness>0.346563</acousticness><instrumentalness>0.0</instrumentalness><mode>0</mode><time_signature>4</time_signature><duration>227.66621</duration><loudness>-6.177</loudness><audio_md5 /><valence>0.717106</valence><danceability>0.889809</danceability></audio_summary><title>Xxtralarge!</title></song><song><artist_id>ARWOR5D1187B998D2E</artist_id><artist_name>ABN</artist_name><id>SOJAKIW13134393E99</id><audio_summary><key>11</key><analysis_url>http://echonest-analysis.s3.amazonaws.com/TR/gVkejwMxlurmgnlpawo0ucXGGFg9GdKQTBwvBM3pfeGEs5MsdO72AofNtn0eRe6sbL0BlYRdG7obut_j4%3D/3/full.json?AWSAccessKeyId=AKIAJRDFEY23UEVW42BQ&amp;Expires=1415342773&amp;Signature=tEGzp/5jUkWn2P/Ot0jMGs2vAKA%3D</analysis_url><energy>0.77594</energy><liveness>0.686991</liveness><tempo>103.427</tempo><speechiness>0.168877</speechiness><acousticness>0.152918</acousticness><instrumentalness>0.0</instrumentalness><mode>0</mode><time_signature>4</time_signature><duration>173.29288</duration><loudness>-6.264</loudness><audio_md5>152a0b2517ffecede8bbbd6960a0f7c7</audio_md5><valence>0.896103</valence><danceability>0.796902</danceability></audio_summary><title>Vet En Fonky</title></song><song><artist_id>ARWOR5D1187B998D2E</artist_id><artist_name>ABN</artist_name><id>SOBTJNN131343A39A3</id><audio_summary><key>9</key><analysis_url>http://echonest-analysis.s3.amazonaws.com/TR/s-Ek1wUOVM2H2s4uqkZ-oab5k2tvkUb6hUYmqti5baNtzeDhx-Yw1Z7wa1mZvBbP-tRiuXXiW5kEiUr-w%3D/3/full.json?AWSAccessKeyId=AKIAJRDFEY23UEVW42BQ&amp;Expires=1415342773&amp;Signature=xalUnd/glH21UTrkQAIvN/4XFmM%3D</analysis_url><energy>0.90429</energy><liveness>0.114699</liveness><tempo>101.495</tempo><speechiness>0.151063</speechiness><acousticness>0.122211</acousticness><instrumentalness>0.0</instrumentalness><mode>1</mode><time_signature>4</time_signature><duration>217.79955</duration><loudness>-9.07</loudness><audio_md5 /><valence>0.306257</valence><danceability>0.592517</danceability></audio_summary><title>K'geef Gene Fok</title></song><song><artist_id>ARWOR5D1187B998D2E</artist_id><artist_name>ABN</artist_name><id>SOTFBYV130516DF5F4</id><audio_summary><key>0</key><analysis_url>http://echonest-analysis.s3.amazonaws.com/TR/GX8vcQ5hmJgZ2zvaMBAQ1Eely7b2TBo3GXwJRaeeOpNk1YcFzCyUlJS_sUNfBSCmQjb-_HnWPblN6fFhE%3D/3/full.json?AWSAccessKeyId=AKIAJRDFEY23UEVW42BQ&amp;Expires=1415342773&amp;Signature=DMSJIDalocWfzj6dE1PMBm8PLJQ%3D</analysis_url><energy>0.700884</energy><liveness>0.398028</liveness><tempo>99.535</tempo><speechiness>0.249394</speechiness><acousticness>0.123057</acousticness><instrumentalness>0.0</instrumentalness><mode>1</mode><time_signature>4</time_signature><duration>106.23955</duration><loudness>-7.485</loudness><audio_md5 /><valence>0.91537</valence><danceability>0.579206</danceability></audio_summary><title>Djeezes! (Jezus Is Cool)</title></song><song><artist_id>ARWOR5D1187B998D2E</artist_id><artist_name>ABN</artist_name><id>SOGEIAG1312FDFD0EF</id><audio_summary><key>10</key><analysis_url>http://echonest-analysis.s3.amazonaws.com/TR/sMaatQhIX6a_gPCoZh9deC8WEMWcV8Kc7ZTtpEMOhqUEEm1EV93C1JgQ57r8EQQ7PBZRvXZz1wHub_4Z8%3D/3/full.json?AWSAccessKeyId=AKIAJRDFEY23UEVW42BQ&amp;Expires=1415342773&amp;Signature=O6Q/gBLSYAVVKW4PaSpXhctfh5g%3D</analysis_url><energy>0.930956</energy><liveness>0.147443</liveness><tempo>105.43</tempo><speechiness>0.264433</speechiness><acousticness>0.243949</acousticness><instrumentalness>0.0</instrumentalness><mode>0</mode><time_signature>4</time_signature><duration>161.70621</duration><loudness>-4.297</loudness><audio_md5 /><valence>0.646905</valence><danceability>0.891605</danceability></audio_summary><title>Laat Los!</title></song><song><artist_id>ARWOR5D1187B998D2E</artist_id><artist_name>ABN</artist_name><id>SOTSKTT147CF277AD4</id><audio_summary><key>9</key><analysis_url>http://echonest-analysis.s3.amazonaws.com/TR/36C0kgQBtaMwGAiweXYI1fMubnDBOojysHZ8zIzr-Jblypf0kdQFP789loP1deFbh_XnKunPTxXm3pgvs%3D/3/full.json?AWSAccessKeyId=AKIAJRDFEY23UEVW42BQ&amp;Expires=1415342773&amp;Signature=fluctMhAKs%2B%2BhKeRyLPAbBJfzDc%3D</analysis_url><energy>0.720909</energy><liveness>0.051905</liveness><tempo>99.994</tempo><speechiness>0.170604</speechiness><acousticness>0.263791</acousticness><instrumentalness>0.0</instrumentalness><mode>1</mode><time_signature>4</time_signature><duration>245.17288</duration><loudness>-7.986</loudness><audio_md5 /><valence>0.792323</valence><danceability>0.904115</danceability></audio_summary><title>Spreekwoordelijk</title></song><song><artist_id>ARWOR5D1187B998D2E</artist_id><artist_name>ABN</artist_name><id>SOSZDEO147CE2D9B3D</id><audio_summary><key>8</key><analysis_url>http://echonest-analysis.s3.amazonaws.com/TR/gZOwhwAYXcl-BKbR4lQGYyc8FZH5QefJoyV84JlSl2LxV80aWhnKzEL4t9uvtvyU7wN4yatkGYfZUDLaE%3D/3/full.json?AWSAccessKeyId=AKIAJRDFEY23UEVW42BQ&amp;Expires=1415342773&amp;Signature=cMDp0QCB43a3emh%2BpFvhilkuqI0%3D</analysis_url><energy>0.509487</energy><liveness>0.246276</liveness><tempo>175.291</tempo><speechiness>0.481959</speechiness><acousticness>0.245772</acousticness><instrumentalness>0.0</instrumentalness><mode>1</mode><time_signature>4</time_signature><duration>234.26621</duration><loudness>-9.662</loudness><audio_md5 /><valence>0.470822</valence><danceability>0.476681</danceability></audio_summary><title>Dichttank</title></song><song><artist_id>ARWOR5D1187B998D2E</artist_id><artist_name>ABN</artist_name><id>SOUNKMV1462BE0F603</id><audio_summary><key>2</key><analysis_url>http://echonest-analysis.s3.amazonaws.com/TR/TsB_bQAHU2wQgMBFZZMxVRG2bTZR9VmjheeMjUa5dwpf_ZvdVzKbTcLcify5InDD6vZYIHHzWfwcZFJIM%3D/3/full.json?AWSAccessKeyId=AKIAJRDFEY23UEVW42BQ&amp;Expires=1415342773&amp;Signature=Atkype8VLcozvUT7pn%2BE8HVxg7A%3D</analysis_url><energy>0.716619</energy><liveness>0.236056</liveness><tempo>92.011</tempo><speechiness>0.242105</speechiness><acousticness>0.30673</acousticness><instrumentalness>0.0</instrumentalness><mode>1</mode><time_signature>4</time_signature><duration>213.26621</duration><loudness>-9.671</loudness><audio_md5 /><valence>0.655302</valence><danceability>0.783393</danceability></audio_summary><title>Seriewoordenaar</title></song><song><artist_id>ARWOR5D1187B998D2E</artist_id><artist_name>ABN</artist_name><id>SOVWVCV1463403B26E</id><audio_summary><key>7</key><analysis_url>http://echonest-analysis.s3.amazonaws.com/TR/AeU8ewdO2xMMOxcckWN_fru2PBGoDa634cV27BD6dbkTZAQ7AxY2Cbsg8JByJqLaT0FOU5l1Dnro-V-KE%3D/3/full.json?AWSAccessKeyId=AKIAJRDFEY23UEVW42BQ&amp;Expires=1415342773&amp;Signature=bBonjq95mnpfv/R4QwPFEnzLnOw%3D</analysis_url><energy>0.695318</energy><liveness>0.4018</liveness><tempo>90.833</tempo><speechiness>0.289486</speechiness><acousticness>0.034423</acousticness><instrumentalness>0.0</instrumentalness><mode>1</mode><time_signature>4</time_signature><duration>338.77288</duration><loudness>-9.352</loudness><audio_md5 /><valence>0.485171</valence><danceability>0.709965</danceability></audio_summary><title>Liposuctie</title></song><song><artist_id>ARWOR5D1187B998D2E</artist_id><artist_name>ABN</artist_name><id>SOVZDDY1375BC9602E</id><audio_summary><key>6</key><analysis_url>http://echonest-analysis.s3.amazonaws.com/TR/RKaVIAjtB7-OGe29UuESpdBW2eWt8SmZU7HUxdqii3KBghxeetKQ0Nm31Jm_3FFIIzNhEVUEO27gt4lAI%3D/3/full.json?AWSAccessKeyId=AKIAJRDFEY23UEVW42BQ&amp;Expires=1415342773&amp;Signature=2Hm4RMvVCII5qCsAoe2oOhgz8IE%3D</analysis_url><energy>0.15441</energy><liveness>0.516246</liveness><tempo>58.552</tempo><speechiness>0.244148</speechiness><acousticness>0.880898</acousticness><instrumentalness>2e-06</instrumentalness><mode>0</mode><time_signature>5</time_signature><duration>37.06621</duration><loudness>-16.147</loudness><audio_md5 /><valence>0.705016</valence><danceability>0.517644</danceability></audio_summary><title>Proces Verbaal (Intro)</title></song><song><artist_id>ARWOR5D1187B998D2E</artist_id><artist_name>ABN</artist_name><id>SOQTLIJ13C1BD6959F</id><audio_summary><key>10</key><analysis_url>http://echonest-analysis.s3.amazonaws.com/TR/Ff-vSgUW7ChVad4A9cnf1m85ULJ1LxEjhh2IG0/3/full.json?AWSAccessKeyId=AKIAJRDFEY23UEVW42BQ&amp;Expires=1415342773&amp;Signature=grIMRrwsMqTh%2B9kqCrskdKF4GDM%3D</analysis_url><energy>0.932879</energy><liveness>0.394463</liveness><tempo>92.558</tempo><speechiness>0.349942</speechiness><acousticness>0.094719</acousticness><instrumentalness>0.0</instrumentalness><mode>0</mode><time_signature>4</time_signature><duration>258.66984</duration><loudness>-6.613</loudness><audio_md5 /><valence>0.413553</valence><danceability>0.562361</danceability></audio_summary><title>Lights Off</title></song><song><artist_id>ARWOR5D1187B998D2E</artist_id><artist_name>ABN</artist_name><id>SOTFLSD13AC99C37BB</id><audio_summary><key>6</key><analysis_url>http://echonest-analysis.s3.amazonaws.com/TR/UJmw3ABieqUuiIhZ51-E2B2YMBIHVCmCYXYJUgFM3h4TQZ8LwGZgrZInx5M8vBzYzGek6_thY8Sw6cytA%3D/3/full.json?AWSAccessKeyId=AKIAJRDFEY23UEVW42BQ&amp;Expires=1415342773&amp;Signature=8DnjCPqu1usCQXQ9fLC86NAJ2lk%3D</analysis_url><energy>0.815369</energy><liveness>0.109705</liveness><tempo>120.012</tempo><speechiness>0.246775</speechiness><acousticness>0.059592</acousticness><instrumentalness>0.0</instrumentalness><mode>1</mode><time_signature>4</time_signature><duration>174.79955</duration><loudness>-7.959</loudness><audio_md5 /><valence>0.890945</valence><danceability>0.852708</danceability></audio_summary><title>Feestneuz</title></song><song><artist_id>ARWOR5D1187B998D2E</artist_id><artist_name>ABN</artist_name><id>SOMULFI148A58CBE35</id><audio_summary><key>5</key><analysis_url>http://echonest-analysis.s3.amazonaws.com/TR/z73uOAVEpRJ_W6hcNNxfrpIV0pNOhKX5mX1UHF--Qg29kAF6tCJYbumhesrC7FfDrwkoYWbUB4z_eVvVc%3D/3/full.json?AWSAccessKeyId=AKIAJRDFEY23UEVW42BQ&amp;Expires=1415342773&amp;Signature=4DOAoIjsJ3OEGAlwjOkbJBx2EGU%3D</analysis_url><energy>0.69839</energy><liveness>0.04876</liveness><tempo>88.05</tempo><speechiness>0.349447</speechiness><acousticness>0.260391</acousticness><instrumentalness>0.0</instrumentalness><mode>0</mode><time_signature>4</time_signature><duration>242.99955</duration><loudness>-7.791</loudness><audio_md5 /><valence>0.752687</valence><danceability>0.833632</danceability></audio_summary><title>Wadanog?!</title></song><song><artist_id>ARWOR5D1187B998D2E</artist_id><artist_name>ABN</artist_name><id>SOMSQDU147CF5BD3E5</id><audio_summary><key>7</key><analysis_url>http://echonest-analysis.s3.amazonaws.com/TR/IXoqywEbmHgoeQThE3lItpi9_qyDpQbCfuOxwY8bnvZ7kEWGlFcYrH8rFEeKCc3jZRAigH3c5DofOg_z4%3D/3/full.json?AWSAccessKeyId=AKIAJRDFEY23UEVW42BQ&amp;Expires=1415342773&amp;Signature=6HK8euU/aJV1/CWVa6uIPPE6QKk%3D</analysis_url><energy>0.520628</energy><liveness>0.465677</liveness><tempo>93.124</tempo><speechiness>0.304009</speechiness><acousticness>0.419356</acousticness><instrumentalness>0.015498</instrumentalness><mode>1</mode><time_signature>4</time_signature><duration>278.30621</duration><loudness>-11.032</loudness><audio_md5 /><valence>0.534567</valence><danceability>0.680294</danceability></audio_summary><title>Politie Polutie - '98 Remix</title></song><song><artist_id>ARWOR5D1187B998D2E</artist_id><artist_name>ABN</artist_name><id>SOMVSPV146DF4125E9</id><audio_summary><key>11</key><analysis_url>http://echonest-analysis.s3.amazonaws.com/TR/KssR6AqIuItoMpUpe2igpNX5l_HgmTsw7vLZ9I9bhZCQWxjdarrmny4wVMWYb3twTQhbmDVJlyJC8PZHQ%3D/3/full.json?AWSAccessKeyId=AKIAJRDFEY23UEVW42BQ&amp;Expires=1415342773&amp;Signature=NbTTm3suRZcuTKzqSENYM0CGhZE%3D</analysis_url><energy>0.920324</energy><liveness>0.40666</liveness><tempo>88.038</tempo><speechiness>0.274832</speechiness><acousticness>0.123775</acousticness><instrumentalness>0.0</instrumentalness><mode>0</mode><time_signature>4</time_signature><duration>224.97288</duration><loudness>-2.369</loudness><audio_md5 /><valence>0.668156</valence><danceability>0.75019</danceability></audio_summary><title>Vet &amp; Fonky - Liposuctie Mix</title></song><song><artist_id>ARWOR5D1187B998D2E</artist_id><artist_name>ABN</artist_name><id>SOPTZLG148A61877B3</id><audio_summary><key>7</key><analysis_url>http://echonest-analysis.s3.amazonaws.com/TR/9ZhhOwyL6RqLGDZ6YFD06yusWiEflJej166HKZlb5-l9rJrf0xKLWh5sVNMn9CYiNAlSoVvA3ES_pEmEI%3D/3/full.json?AWSAccessKeyId=AKIAJRDFEY23UEVW42BQ&amp;Expires=1415342773&amp;Signature=VgoOtB8hoVSjGHoUj42tFKVche0%3D</analysis_url><energy>0.399759</energy><liveness>0.370594</liveness><tempo>96.907</tempo><speechiness>0.047824</speechiness><acousticness>0.882685</acousticness><instrumentalness>0.021249</instrumentalness><mode>0</mode><time_signature>1</time_signature><duration>554.26621</duration><loudness>-11.486</loudness><audio_md5 /><valence>0.670577</valence><danceability>0.486965</danceability></audio_summary><title>Ballade Der Nachtelijke Driften (Outro)</title></song><song><artist_id>ARWOR5D1187B998D2E</artist_id><artist_name>ABN</artist_name><id>SOPOHZE1311AFDF3EC</id><audio_summary><key>2</key><analysis_url>http://echonest-analysis.s3.amazonaws.com/TR/hpuBNQtDrAUkBfMDa9nRCrQQtC6T5bhLnQtc78YIdafKmJJ0eNqsJbE9ThiHxal_k6G6KnDNBnFL__MQk%3D/3/full.json?AWSAccessKeyId=AKIAJRDFEY23UEVW42BQ&amp;Expires=1415342773&amp;Signature=CBNK2o1yX2sSc9Tskwj8ssc5oKo%3D</analysis_url><energy>0.635054</energy><liveness>0.093342</liveness><tempo>94.942</tempo><speechiness>0.265287</speechiness><acousticness>0.86026</acousticness><instrumentalness>2e-06</instrumentalness><mode>0</mode><time_signature>4</time_signature><duration>225.30621</duration><loudness>-7.263</loudness><audio_md5 /><valence>0.636814</valence><danceability>0.730951</danceability></audio_summary><title>Mooiste Van De Klas</title></song><song><artist_id>ARWOR5D1187B998D2E</artist_id><artist_name>ABN</artist_name><id>SOKSXTU12A58A776F8</id><audio_summary><key>6</key><analysis_url>http://echonest-analysis.s3.amazonaws.com/TR/EHSCzgyMqBHrZg1j0Fot1GRiW5IvFt1R0-9AEN/3/full.json?AWSAccessKeyId=AKIAJRDFEY23UEVW42BQ&amp;Expires=1415342773&amp;Signature=319M4OSVcEvMBUkzAztcZX5AfWQ%3D</analysis_url><energy>0.462799</energy><liveness>0.473973</liveness><tempo>125.523</tempo><speechiness>0.280684</speechiness><acousticness>0.240868</acousticness><instrumentalness>0.0</instrumentalness><mode>1</mode><time_signature>4</time_signature><duration>109.84444</duration><loudness>-12.389</loudness><audio_md5 /><valence>0.580518</valence><danceability>0.641256</danceability></audio_summary><title>Bonus Track 2</title></song><song><artist_id>ARWOR5D1187B998D2E</artist_id><artist_name>ABN</artist_name><id>SOOSKML148A603B39F</id><audio_summary><key>9</key><analysis_url>http://echonest-analysis.s3.amazonaws.com/TR/ZojmGAe-AY-yBycTk5TKQ7Ex-a8dhXZ-jncwpTouDd0PwlbCPdXYsmpbmBmzHNqOSTBKF3cxwU-H7rzHw%3D/3/full.json?AWSAccessKeyId=AKIAJRDFEY23UEVW42BQ&amp;Expires=1415342773&amp;Signature=YaiYGk6B3WjnsxQM7FRJTMbERUI%3D</analysis_url><energy>0.535944</energy><liveness>0.427665</liveness><tempo>95.132</tempo><speechiness>0.075577</speechiness><acousticness>0.316884</acousticness><instrumentalness>0.0</instrumentalness><mode>0</mode><time_signature>4</time_signature><duration>272.26621</duration><loudness>-8.35</loudness><audio_md5 /><valence>0.579684</valence><danceability>0.750836</danceability></audio_summary><title>Gezond</title></song><song><artist_id>ARWOR5D1187B998D2E</artist_id><artist_name>ABN</artist_name><id>SOOTMIK1463115D89C</id><audio_summary><key>2</key><analysis_url>http://echonest-analysis.s3.amazonaws.com/TR/tkoVcwwb2zqYhLZsEFTayKf-q2toEPLvQdtB-ZdqR_hnkd-Ml8iIHKjxLwzKrj88HsN0wXrhqdiZYuIYo%3D/3/full.json?AWSAccessKeyId=AKIAJRDFEY23UEVW42BQ&amp;Expires=1415342773&amp;Signature=eVBHpH9l6wRi1FahBCas%2BKPeO/Y%3D</analysis_url><energy>0.339464</energy><liveness>0.057589</liveness><tempo>95.067</tempo><speechiness>0.540251</speechiness><acousticness>0.455426</acousticness><instrumentalness>0.0</instrumentalness><mode>1</mode><time_signature>4</time_signature><duration>345.73288</duration><loudness>-10.072</loudness><audio_md5 /><valence>0.240995</valence><danceability>0.756986</danceability></audio_summary><title>We Zijn Back + Outro</title></song><song><artist_id>ARWOR5D1187B998D2E</artist_id><artist_name>ABN</artist_name><id>SONGDEU1366D62E619</id><audio_summary><key>5</key><analysis_url>http://echonest-analysis.s3.amazonaws.com/TR/hWarsQHT3yvAPig5UEEsGwi6YPcL3OLuhy5ItIA2sd4S6p1dTA2fD5mp6hA6HtJV6xI9Q1x1PGu9HBdWg%3D/3/full.json?AWSAccessKeyId=AKIAJRDFEY23UEVW42BQ&amp;Expires=1415342773&amp;Signature=oWuSHaAPe5TS1mSad281K%2BpEV4E%3D</analysis_url><energy>0.271805</energy><liveness>0.481348</liveness><tempo>125.777</tempo><speechiness>0.370741</speechiness><acousticness>0.530577</acousticness><instrumentalness>1e-06</instrumentalness><mode>0</mode><time_signature>4</time_signature><duration>404.86621</duration><loudness>-12.183</loudness><audio_md5 /><valence>0.677516</valence><danceability>0.84772</danceability></audio_summary><title>Miss My Dawg - Chopped &amp; Screwed Version</title></song><song><artist_id>ARWOR5D1187B998D2E</artist_id><artist_name>ABN</artist_name><id>SOONPFG146DFB86820</id><audio_summary><key>11</key><analysis_url>http://echonest-analysis.s3.amazonaws.com/TR/AKCDWAkNj7JXfwkOsqNjCI81lHYJNpvCUa2nz4zKPbIMB5xEj4C2hEeeOm36bpIdVA1CFbbMIszy557Ds%3D/3/full.json?AWSAccessKeyId=AKIAJRDFEY23UEVW42BQ&amp;Expires=1415342773&amp;Signature=hbAiKnp8Wnyw1bdLNxbN3PfpuOc%3D</analysis_url><energy>0.51973</energy><liveness>0.137873</liveness><tempo>103.322</tempo><speechiness>0.111771</speechiness><acousticness>0.020963</acousticness><instrumentalness>0.323506</instrumentalness><mode>0</mode><time_signature>4</time_signature><duration>168.98621</duration><loudness>-3.339</loudness><audio_md5 /><valence>0.619395</valence><danceability>0.775636</danceability></audio_summary><title>Vette Beats</title></song><song><artist_id>ARWOR5D1187B998D2E</artist_id><artist_name>ABN</artist_name><id>SOGUDGK1315CD3EEFE</id><audio_summary><key>5</key><analysis_url>http://echonest-analysis.s3.amazonaws.com/TR/PaG-1Q5_-B5XgVN1IdropXRVOZSzDn0oRVAQk8/3/full.json?AWSAccessKeyId=AKIAJRDFEY23UEVW42BQ&amp;Expires=1415342773&amp;Signature=X0ZpM1oHR5TbXjzLa0vuDRo4qSw%3D</analysis_url><energy>0.271811</energy><liveness>0.567804</liveness><tempo>176.853</tempo><speechiness>0.968148</speechiness><acousticness>0.531741</acousticness><instrumentalness>0.0</instrumentalness><mode>1</mode><time_signature>5</time_signature><duration>36.64934</duration><loudness>-16.292</loudness><audio_md5 /><valence>0.585466</valence><danceability>0.619318</danceability></audio_summary><title>Sos Skit</title></song><song><artist_id>ARWOR5D1187B998D2E</artist_id><artist_name>ABN</artist_name><id>SOGHGRC130516DEB5F</id><audio_summary><key>5</key><analysis_url>http://echonest-analysis.s3.amazonaws.com/TR/W8YZyAiOTqyIKv9wluKiJG3QbbmrOhOC6qfVeCCqJa7fmfR6W34QYTtofiEegcTcRQhgO_fc1cLjxq9WY%3D/3/full.json?AWSAccessKeyId=AKIAJRDFEY23UEVW42BQ&amp;Expires=1415342773&amp;Signature=A4e/14ZxA7MCDrQ8%2B5U/UiZKnys%3D</analysis_url><energy>0.678778</energy><liveness>0.099113</liveness><tempo>110.045</tempo><speechiness>0.119881</speechiness><acousticness>0.233519</acousticness><instrumentalness>0.0</instrumentalness><mode>0</mode><time_signature>4</time_signature><duration>196.03955</duration><loudness>-5.186</loudness><audio_md5 /><valence>0.955622</valence><danceability>0.869565</danceability></audio_summary><title>Ge Weet Toch?</title></song><song><artist_id>ARWOR5D1187B998D2E</artist_id><artist_name>ABN</artist_name><id>SOFCQIB1311AFE0F64</id><audio_summary><key>6</key><analysis_url>http://echonest-analysis.s3.amazonaws.com/TR/N-bOyACUyvwhl1ZQSc6OeBULnRSeTpBvIbgNW1GNEyQp-DYZ47dG_WLaWu-bQf-gmkU7OdMU7wWR-KWD0%3D/3/full.json?AWSAccessKeyId=AKIAJRDFEY23UEVW42BQ&amp;Expires=1415342773&amp;Signature=UtPgFhNLO9aem1p%2BUOqAJuLELKk%3D</analysis_url><energy>0.483699</energy><liveness>0.116967</liveness><tempo>79.055</tempo><speechiness>0.371823</speechiness><acousticness>0.418359</acousticness><instrumentalness>0.0</instrumentalness><mode>0</mode><time_signature>4</time_signature><duration>217.95955</duration><loudness>-7.244</loudness><audio_md5 /><valence>0.823302</valence><danceability>0.831121</danceability></audio_summary><title>Tweezaamheid</title></song><song><artist_id>ARWOR5D1187B998D2E</artist_id><artist_name>ABN</artist_name><id>SOHPPPC130516DE167</id><audio_summary><key>3</key><analysis_url>http://echonest-analysis.s3.amazonaws.com/TR/ciOjpAf0K7loTINR3sX-V09XplMjcNsI6lBJKWENyvhgTlQq-QSB3flA-MXdyjz1WQ71aM0Uq4Ya_BGFg%3D/3/full.json?AWSAccessKeyId=AKIAJRDFEY23UEVW42BQ&amp;Expires=1415342773&amp;Signature=u7l1MS4xSjx2ijrxTWQEA0/qhAc%3D</analysis_url><energy>2e-05</energy><liveness>0.125524</liveness><tempo>219.982</tempo><speechiness>0.45005</speechiness><acousticness>0.0554</acousticness><instrumentalness>0.0</instrumentalness><mode>1</mode><time_signature>4</time_signature><duration>929.17288</duration><loudness>-7.267</loudness><audio_md5 /><valence>0.129812</valence><danceability>0.660054</danceability></audio_summary><title>Barbietrut 3000</title></song><song><artist_id>ARWOR5D1187B998D2E</artist_id><artist_name>ABN</artist_name><id>SOIBBCO148A5D38F08</id><audio_summary><key>2</key><analysis_url>http://echonest-analysis.s3.amazonaws.com/TR/1o7Gug6EkzomN9wqGUy6AUMXO36Al1EKvAIQAupxE1qx0CfOfJAFQokSU3lzzAqFgU98h3hfTBMt8RYCc%3D/3/full.json?AWSAccessKeyId=AKIAJRDFEY23UEVW42BQ&amp;Expires=1415342773&amp;Signature=TZnRPfKap2BDtnqK/5L3RRZiONo%3D</analysis_url><energy>0.896889</energy><liveness>0.360636</liveness><tempo>87.668</tempo><speechiness /><acousticness>0.508933</acousticness><instrumentalness>1.6e-05</instrumentalness><mode>1</mode><time_signature>3</time_signature><duration>36.73288</duration><loudness>-16.314</loudness><audio_md5 /><valence>0.036437</valence><danceability>0.4118</danceability></audio_summary><title>Molotow (Intro)</title></song><song><artist_id>ARWOR5D1187B998D2E</artist_id><artist_name>ABN</artist_name><id>SOGZWAS130516E02FA</id><audio_summary><key>7</key><analysis_url>http://echonest-analysis.s3.amazonaws.com/TR/5o_ihgQo1W-zHPOHBSN9Hn5PCuFzgB_nPKUA9NHyYWrQc1vErJje4ad2e2R92cE4qhTF_Xo_pf3ktvwDc%3D/3/full.json?AWSAccessKeyId=AKIAJRDFEY23UEVW42BQ&amp;Expires=1415342773&amp;Signature=9%2Bed41g%2BJIjRN6hyFMvD3cb9Dy0%3D</analysis_url><energy>0.521076</energy><liveness>0.140355</liveness><tempo>179.99</tempo><speechiness>0.111005</speechiness><acousticness>0.415113</acousticness><instrumentalness>0.0</instrumentalness><mode>0</mode><time_signature>4</time_signature><duration>213.09288</duration><loudness>-8.275</loudness><audio_md5 /><valence>0.813906</valence><danceability>0.658978</danceability></audio_summary><title>Vergeef Mij De Liefde</title></song><song><artist_id>ARWOR5D1187B998D2E</artist_id><artist_name>ABN</artist_name><id>SOJZCEL13AC99C3794</id><audio_summary><key>5</key><analysis_url>http://echonest-analysis.s3.amazonaws.com/TR/JBY5EgloTxpyiJwS6FWEO9XYXr5K-SYEGFzmVNUbUzseQPrTPkN0pWBUwDyK1aQt37Az2VUhFz16ZrNUA%3D/3/full.json?AWSAccessKeyId=AKIAJRDFEY23UEVW42BQ&amp;Expires=1415342773&amp;Signature=YWzNo059vIqI%2BKDfSjp2b5D1%2BSY%3D</analysis_url><energy>0.814011</energy><liveness>0.600367</liveness><tempo>89.084</tempo><speechiness>0.252171</speechiness><acousticness>0.432084</acousticness><instrumentalness>0.854126</instrumentalness><mode>1</mode><time_signature>4</time_signature><duration>85.73288</duration><loudness>-9.356</loudness><audio_md5 /><valence>0.856835</valence><danceability>0.845123</danceability></audio_summary><title>Interlude IG-88</title></song><song><artist_id>ARWOR5D1187B998D2E</artist_id><artist_name>ABN</artist_name><id>SOJXXHS146CBC6F862</id><audio_summary><key>6</key><analysis_url>http://echonest-analysis.s3.amazonaws.com/TR/kN0THQ1lGjX44Fh0n1u-Sldy1JfDTKP8nDR0_YSeef8Rzv14I4DTVTXd03b6yvEHr5Ev0chQ5Y6CaeLI8%3D/3/full.json?AWSAccessKeyId=AKIAJRDFEY23UEVW42BQ&amp;Expires=1415342773&amp;Signature=36OaMUbv2/8ET%2BDGD/QPoQvYb9E%3D</analysis_url><energy>0.862124</energy><liveness>0.26984</liveness><tempo>95.991</tempo><speechiness>0.539063</speechiness><acousticness>0.042096</acousticness><instrumentalness>0.0</instrumentalness><mode>0</mode><time_signature>4</time_signature><duration>255.02621</duration><loudness>-7.805</loudness><audio_md5 /><valence>0.651742</valence><danceability>0.764196</danceability></audio_summary><title>Nekschot</title></song><song><artist_id>ARWOR5D1187B998D2E</artist_id><artist_name>ABN</artist_name><id>SOKQRVQ130516E0B36</id><audio_summary><key>7</key><analysis_url>http://echonest-analysis.s3.amazonaws.com/TR/w9tUegsqVIAsQoXZitjkB8lpuiUINScesgVGG864f8S_q2sEfdeZjTxOpBoptTqX6s5_6CYCoA5454Nvk%3D/3/full.json?AWSAccessKeyId=AKIAJRDFEY23UEVW42BQ&amp;Expires=1415342773&amp;Signature=OfmrIl/zR432GmGXefu3UEQUHtg%3D</analysis_url><energy>0.664782</energy><liveness>0.05011</liveness><tempo>111.958</tempo><speechiness>0.27089</speechiness><acousticness>0.054193</acousticness><instrumentalness>0.0</instrumentalness><mode>1</mode><time_signature>4</time_signature><duration>191.95955</duration><loudness>-7.794</loudness><audio_md5 /><valence>0.660007</valence><danceability>0.930188</danceability></audio_summary><title>Cava La Merde</title></song><song><artist_id>ARWOR5D1187B998D2E</artist_id><artist_name>ABN</artist_name><id>SOLMOJD1313438ECF7</id><audio_summary><key>11</key><analysis_url>http://echonest-analysis.s3.amazonaws.com/TR/jrwT-APRrPQ6KLp1r69IasP0bPuO3WneLHUMr2N6p6XCkY8R1emkbbNUOXOvowLrpJKU7WoVNnR6vt-5g%3D/3/full.json?AWSAccessKeyId=AKIAJRDFEY23UEVW42BQ&amp;Expires=1415342773&amp;Signature=SOh5f6CUljvszC/leqLERCn77Ww%3D</analysis_url><energy>0.281479</energy><liveness>0.371771</liveness><tempo>137.261</tempo><speechiness>0.813356</speechiness><acousticness>0.628578</acousticness><instrumentalness>0.0</instrumentalness><mode>1</mode><time_signature>4</time_signature><duration>150.30621</duration><loudness>-10.156</loudness><audio_md5 /><valence>0.695233</valence><danceability>0.698802</danceability></audio_summary><title>Charcuterie Royal</title></song><song><artist_id>ARWOR5D1187B998D2E</artist_id><artist_name>ABN</artist_name><id>SOLGQDK147CDF966FE</id><audio_summary><key>0</key><analysis_url>http://echonest-analysis.s3.amazonaws.com/TR/LG-zSgYs-MjgTprtuS1-80_H_Iq-DgC7gGsX-VfWK95hptTcaBxEJpDLcbIIYGgTeFr3Zee8J6-b13djI%3D/3/full.json?AWSAccessKeyId=AKIAJRDFEY23UEVW42BQ&amp;Expires=1415342773&amp;Signature=td4v0G9NtfuSa3czfI9iPNCnUcw%3D</analysis_url><energy>0.756109</energy><liveness>0.299505</liveness><tempo>109.986</tempo><speechiness>0.195723</speechiness><acousticness>0.52429</acousticness><instrumentalness>0.0</instrumentalness><mode>1</mode><time_signature>4</time_signature><duration>227.99955</duration><loudness>-7.586</loudness><audio_md5 /><valence>0.747962</valence><danceability>0.641445</danceability></audio_summary><title>'T Hangt Ervan Af</title></song><song><artist_id>ARWOR5D1187B998D2E</artist_id><artist_name>ABN</artist_name><id>SOJQQTY147CD97D865</id><audio_summary><key>5</key><analysis_url>http://echonest-analysis.s3.amazonaws.com/TR/QARP5gR1tRiyDdGvJ-G6DCYVZId1o_z0z6wZJc1Y_y3qcalkKOoNJl-AlyesfjA1uXXA9O7d_94FVU_7k%3D/3/full.json?AWSAccessKeyId=AKIAJRDFEY23UEVW42BQ&amp;Expires=1415342773&amp;Signature=vLDcg/lOKWHWlMmCFSuJAYL%2B2pk%3D</analysis_url><energy>0.892282</energy><liveness>0.177619</liveness><tempo>93.994</tempo><speechiness>0.373266</speechiness><acousticness>0.506735</acousticness><instrumentalness>0.0</instrumentalness><mode>1</mode><time_signature>4</time_signature><duration>209.93288</duration><loudness>-6.775</loudness><audio_md5 /><valence>0.472546</valence><danceability>0.859821</danceability></audio_summary><title>Monster Zonder Waarde</title></song><song><artist_id>ARWOR5D1187B998D2E</artist_id><artist_name>ABN</artist_name><id>SOILYID1462F8907A0</id><audio_summary><key>10</key><analysis_url>http://echonest-analysis.s3.amazonaws.com/TR/hgPuQwoLcT31KlWBywBphDM5WB2E1FqhaV48ahXRlENx3y-PeH180rjaU50NawtjqWBtQBs80bTB6XT2k%3D/3/full.json?AWSAccessKeyId=AKIAJRDFEY23UEVW42BQ&amp;Expires=1415342773&amp;Signature=T2szh4p6XabRPv7MfYlyTsUEXQ8%3D</analysis_url><energy>0.585661</energy><liveness>0.694934</liveness><tempo>205.157</tempo><speechiness>0.256422</speechiness><acousticness>0.239892</acousticness><instrumentalness>0.0</instrumentalness><mode>0</mode><time_signature>4</time_signature><duration>197.97288</duration><loudness>-11.096</loudness><audio_md5 /><valence>0.689935</valence><danceability>0.422949</danceability></audio_summary><title>Bloed, Zweet &amp; Treinen</title></song><song><artist_id>ARWOR5D1187B998D2E</artist_id><artist_name>ABN</artist_name><id>SOLXRHJ148A5EB75DE</id><audio_summary><key>1</key><analysis_url>http://echonest-analysis.s3.amazonaws.com/TR/I6c7fQsxk9eLXQSmJCNgdJYlpGHVmsE0Og2yKkkifH47u6RC1FHhpTZHvU4lghqhpiIpGktYJPArvsafc%3D/3/full.json?AWSAccessKeyId=AKIAJRDFEY23UEVW42BQ&amp;Expires=1415342773&amp;Signature=ZanKjyiMPy8i0M5aV0%2B1yX/Hx7M%3D</analysis_url><energy>0.695551</energy><liveness>0.122234</liveness><tempo>98.104</tempo><speechiness>0.365593</speechiness><acousticness>0.015104</acousticness><instrumentalness>0.0</instrumentalness><mode>1</mode><time_signature>4</time_signature><duration>259.13288</duration><loudness>-6.179</loudness><audio_md5 /><valence>0.691668</valence><danceability>0.78676</danceability></audio_summary><title>Mentalstrikeback</title></song><song><artist_id>ARWOR5D1187B998D2E</artist_id><artist_name>ABN</artist_name><id>SOMEAAN147CF8ECC8B</id><audio_summary><key>2</key><analysis_url>http://echonest-analysis.s3.amazonaws.com/TR/VgY02w2lG0c59m-Cud5Rk2JkP-P4fcV_rcGCJjAmhZMhRpdP4okKJRJ6f5H_YitkXrYWCfrMZg6JAmrfo%3D/3/full.json?AWSAccessKeyId=AKIAJRDFEY23UEVW42BQ&amp;Expires=1415342773&amp;Signature=FbN4ExUQmntIpIVnESjMFeRSuYg%3D</analysis_url><energy>0.546524</energy><liveness>0.114971</liveness><tempo>175.957</tempo><speechiness>0.371332</speechiness><acousticness>0.058239</acousticness><instrumentalness>5e-06</instrumentalness><mode>1</mode><time_signature>4</time_signature><duration>269.23955</duration><loudness>-6.463</loudness><audio_md5 /><valence>0.394889</valence><danceability>0.805537</danceability></audio_summary><title>Panker De Eekhoorn</title></song><song><artist_id>ARWOR5D1187B998D2E</artist_id><artist_name>ABN</artist_name><id>SOMHVSY1313438ECB5</id><audio_summary><key>2</key><analysis_url>http://echonest-analysis.s3.amazonaws.com/TR/63JeJgAgWZb2yMk_8sFh-0jkD40tEkTqdq4UzcjFO9w7nEHBPTtRgD646JVVL1b-E8Y-lgMsiquIUxdWQ%3D/3/full.json?AWSAccessKeyId=AKIAJRDFEY23UEVW42BQ&amp;Expires=1415342773&amp;Signature=H1FBSht7yTaFtcno5wGxomi0260%3D</analysis_url><energy>0.647067</energy><liveness>0.148624</liveness><tempo>104.996</tempo><speechiness>0.203947</speechiness><acousticness>0.517605</acousticness><instrumentalness>4e-06</instrumentalness><mode>1</mode><time_signature>4</time_signature><duration>195.22621</duration><loudness>-8.85</loudness><audio_md5 /><valence>0.509149</valence><danceability>0.830485</danceability></audio_summary><title>Hollywood</title></song><song><artist_id>ARWOR5D1187B998D2E</artist_id><artist_name>ABN</artist_name><id>SOMJNAJ13AC99C263F</id><audio_summary><key>7</key><analysis_url>http://echonest-analysis.s3.amazonaws.com/TR/UagjDQGlupf8v35Eo2yusaHqblkaIuc3gK5UfxunVcs-QQxc0BxaoCYMnGkuiwcm8g7t7o2WmPRfymhAI%3D/3/full.json?AWSAccessKeyId=AKIAJRDFEY23UEVW42BQ&amp;Expires=1415342773&amp;Signature=BWSkKf5REwUhzWH6mhOm2YEsEtU%3D</analysis_url><energy>0.760934</energy><liveness>0.152712</liveness><tempo>111.981</tempo><speechiness>0.177805</speechiness><acousticness>0.231663</acousticness><instrumentalness>0.0</instrumentalness><mode>1</mode><time_signature>4</time_signature><duration>147.59955</duration><loudness>-9.597</loudness><audio_md5 /><valence>0.504474</valence><danceability>0.886654</danceability></audio_summary><title>Check!</title></song><song><artist_id>ARWOR5D1187B998D2E</artist_id><artist_name>ABN</artist_name><id>SOACBUC1315CD43B09</id><audio_summary><key>1</key><analysis_url>http://echonest-analysis.s3.amazonaws.com/TR/VPOzDQAqpk3yE9pHvMd-00AyFJzlp50eipylqv/3/full.json?AWSAccessKeyId=AKIAJRDFEY23UEVW42BQ&amp;Expires=1415342773&amp;Signature=O8GKzvzZInLSspl29y7QfhqF4v8%3D</analysis_url><energy>0.385824</energy><liveness>0.355715</liveness><tempo>137.368</tempo><speechiness>0.314584</speechiness><acousticness>0.241335</acousticness><instrumentalness>0.000227</instrumentalness><mode>1</mode><time_signature>4</time_signature><duration>308.27057</duration><loudness>-14.011</loudness><audio_md5 /><valence>0.148019</valence><danceability>0.70472</danceability></audio_summary><title>Still Gets No Love</title></song><song><artist_id>ARWOR5D1187B998D2E</artist_id><artist_name>ABN</artist_name><id>SOHEOKI12A58A78A97</id><audio_summary><key>5</key><analysis_url>http://echonest-analysis.s3.amazonaws.com/TR/j0Gu6w5hk58niB5CWm8TTZpj5nq1e2RukQG14O/3/full.json?AWSAccessKeyId=AKIAJRDFEY23UEVW42BQ&amp;Expires=1415342773&amp;Signature=/UgFq9wh/ZZb3G4Y1TenEo6y16w%3D</analysis_url><energy>0.42162</energy><liveness>0.741367</liveness><tempo>125.78</tempo><speechiness>0.12072</speechiness><acousticness>0.0112</acousticness><instrumentalness>0.003098</instrumentalness><mode>0</mode><time_signature>4</time_signature><duration>309.34159</duration><loudness>-14.332</loudness><audio_md5 /><valence>0.348986</valence><danceability>0.729471</danceability></audio_summary><title>Still Gets No Love</title></song><song><artist_id>ARWOR5D1187B998D2E</artist_id><artist_name>ABN</artist_name><id>SOYJYOG1315CD4382A</id><audio_summary><key>11</key><analysis_url>http://echonest-analysis.s3.amazonaws.com/TR/lW-dbg2WZ0VUZyliPgetD8w4EBaMhCzzwWYAvW/3/full.json?AWSAccessKeyId=AKIAJRDFEY23UEVW42BQ&amp;Expires=1415342773&amp;Signature=i7jTr72%2BuO6gZh8luqvB0ccZz58%3D</analysis_url><energy>0.081744</energy><liveness>0.499971</liveness><tempo>128.848</tempo><speechiness>0.808758</speechiness><acousticness>0.742684</acousticness><instrumentalness>0.0</instrumentalness><mode>1</mode><time_signature>4</time_signature><duration>44.25098</duration><loudness>-22.221</loudness><audio_md5 /><valence>0.682</valence><danceability>0.700182</danceability></audio_summary><title>3-16's</title></song><song><artist_id>ARWOR5D1187B998D2E</artist_id><artist_name>ABN</artist_name><id>SOUWUYM1315CD3ED72</id><audio_summary><key>4</key><analysis_url>http://echonest-analysis.s3.amazonaws.com/TR/3pDGLA_e0uEWOhZrX4uVtC4AP6vTPJIfrFGO49/3/full.json?AWSAccessKeyId=AKIAJRDFEY23UEVW42BQ&amp;Expires=1415342773&amp;Signature=uUWBrQuZuzL5bN/QOtFCPp/Bss8%3D</analysis_url><energy>0.910603</energy><liveness>0.41473</liveness><tempo>81.443</tempo><speechiness>0.35183</speechiness><acousticness>0.139696</acousticness><instrumentalness>0.0</instrumentalness><mode>0</mode><time_signature>4</time_signature><duration>249.18159</duration><loudness>-5.944</loudness><audio_md5>a50e467a14e23b14f6c83fb2f53602b7</audio_md5><valence>0.514726</valence><danceability>0.52615</danceability></audio_summary><title>3-16's</title></song><song><artist_id>ARWOR5D1187B998D2E</artist_id><artist_name>ABN</artist_name><id>SOSPSCJ130516DDF11</id><audio_summary><key>4</key><analysis_url>http://echonest-analysis.s3.amazonaws.com/TR/tFkgFw_bmvXntZ9E2OlCuwCuADyzCozoYHU55C0FkKE6e4GTJtYSxQpTnyEnoa5nn5qZBnRgMmiL_7a_I%3D/3/full.json?AWSAccessKeyId=AKIAJRDFEY23UEVW42BQ&amp;Expires=1415342773&amp;Signature=O73ml1sj1hqAPCkS1N/u%2By9iOyc%3D</analysis_url><energy>0.393035</energy><liveness>0.119864</liveness><tempo>92.01</tempo><speechiness>0.177669</speechiness><acousticness>0.173124</acousticness><instrumentalness>2.5e-05</instrumentalness><mode>0</mode><time_signature>4</time_signature><duration>241.39955</duration><loudness>-11.507</loudness><audio_md5>a8caa1cbd342eef63a2122951a883e8a</audio_md5><valence>0.388347</valence><danceability>0.83212</danceability></audio_summary><title>Ex-Liefdadigheid</title></song><song><artist_id>ARWOR5D1187B998D2E</artist_id><artist_name>ABN</artist_name><id>SOAYGGZ12AF729FB9A</id><audio_summary><key>0</key><analysis_url>http://echonest-analysis.s3.amazonaws.com/TR/c4hWigtdVB1so9nli2UNS59wSgDTbuvnOP5Mo5/3/full.json?AWSAccessKeyId=AKIAJRDFEY23UEVW42BQ&amp;Expires=1415342773&amp;Signature=MleisUXYKzhYPiyl7R/hoEMqA5c%3D</analysis_url><energy>0.742774</energy><liveness>0.056755</liveness><tempo>88.019</tempo><speechiness>0.171392</speechiness><acousticness>0.216558</acousticness><instrumentalness>0.0</instrumentalness><mode>1</mode><time_signature>4</time_signature><duration>250.33098</duration><loudness>-5.126</loudness><audio_md5 /><valence>0.664614</valence><danceability>0.69793</danceability></audio_summary><title>In My City</title></song><song><artist_id>ARWOR5D1187B998D2E</artist_id><artist_name>ABN</artist_name><id>SOAAIIG12AF72A47A4</id><audio_summary><key>2</key><analysis_url>http://echonest-analysis.s3.amazonaws.com/TR/0iEnVQ2hlRow16fbc5C_wkIdyGCNaYspaGQP5q/3/full.json?AWSAccessKeyId=AKIAJRDFEY23UEVW42BQ&amp;Expires=1415342773&amp;Signature=tMMCVcF9RL0qeg3aNgMsopnhjHY%3D</analysis_url><energy>0.592026</energy><liveness>0.083328</liveness><tempo>96.0</tempo><speechiness>0.207034</speechiness><acousticness>0.026837</acousticness><instrumentalness>2.3e-05</instrumentalness><mode>1</mode><time_signature>4</time_signature><duration>285.75302</duration><loudness>-7.113</loudness><audio_md5 /><valence>0.154972</valence><danceability>0.855767</danceability></audio_summary><title>Picture Me</title></song><song><artist_id>ARWOR5D1187B998D2E</artist_id><artist_name>ABN</artist_name><id>SOQCFUS130516DDEEC</id><audio_summary><key>10</key><analysis_url>http://echonest-analysis.s3.amazonaws.com/TR/AsgEUANuNtYxYx4RTapdi8N_xvMeoyfLeySD11Gf70Rvr_jHdg_p2G7eLaWu-aYL-YXQ0azoErqsO-dVE%3D/3/full.json?AWSAccessKeyId=AKIAJRDFEY23UEVW42BQ&amp;Expires=1415342773&amp;Signature=MgUWOrdPF%2BzU3B7aINRstsHIQrM%3D</analysis_url><energy>0.889683</energy><liveness>0.164029</liveness><tempo>93.036</tempo><speechiness>0.26611</speechiness><acousticness>0.692925</acousticness><instrumentalness>0.0</instrumentalness><mode>0</mode><time_signature>4</time_signature><duration>240.70621</duration><loudness>-4.484</loudness><audio_md5>7d6720f66732b4c8bbe6b449aaa8856a</audio_md5><valence>0.766229</valence><danceability>0.709514</danceability></audio_summary><title>Politie Polutie</title></song><song><artist_id>ARWOR5D1187B998D2E</artist_id><artist_name>ABN</artist_name><id>SODMMGA12AF729F50B</id><audio_summary><key>1</key><analysis_url>http://echonest-analysis.s3.amazonaws.com/TR/aVRdwwKbSFJ_gyFEOAvQ5hiTq1I5GIxv3HR_fB/3/full.json?AWSAccessKeyId=AKIAJRDFEY23UEVW42BQ&amp;Expires=1415342773&amp;Signature=Vtm/8CHFLmTo4zlETf21Y4EinEA%3D</analysis_url><energy>0.321743</energy><liveness>0.219146</liveness><tempo>137.149</tempo><speechiness>0.232114</speechiness><acousticness>0.032654</acousticness><instrumentalness>0.00229</instrumentalness><mode>1</mode><time_signature>4</time_signature><duration>323.52608</duration><loudness>-12.811</loudness><audio_md5 /><valence>0.12079</valence><danceability>0.672829</danceability></audio_summary><title>I Wanna Get High</title></song><song><artist_id>ARWOR5D1187B998D2E</artist_id><artist_name>ABN</artist_name><id>SOLTTTY137354A8D5A</id><audio_summary><key>6</key><analysis_url>http://echonest-analysis.s3.amazonaws.com/TR/n35HVgwTDHTMIGyd0eENUJqpH4o04JMv0iwx5i/3/full.json?AWSAccessKeyId=AKIAJRDFEY23UEVW42BQ&amp;Expires=1415342773&amp;Signature=0JZhYh/92A7b5G2dnmLuGPvaQgA%3D</analysis_url><energy>0.741337</energy><liveness>0.336599</liveness><tempo>136.33</tempo><speechiness>0.437726</speechiness><acousticness>0.084725</acousticness><instrumentalness>1.5e-05</instrumentalness><mode>0</mode><time_signature>4</time_signature><duration>277.13261</duration><loudness>-8.543</loudness><audio_md5 /><valence>0.651372</valence><danceability>0.465781</danceability></audio_summary><title>I Wanna Get High</title></song><song><artist_id>ARWOR5D1187B998D2E</artist_id><artist_name>ABN</artist_name><id>SOPEFUR12DAA46C93F</id><audio_summary><key>9</key><analysis_url>http://echonest-analysis.s3.amazonaws.com/TR/gzW8vg3Qh_Pneey34uHrjbnOXh-vLKtz2lsvR3/3/full.json?AWSAccessKeyId=AKIAJRDFEY23UEVW42BQ&amp;Expires=1415342773&amp;Signature=74vkYvWgQ8uTLF3%2BO0NVJC%2BQpC0%3D</analysis_url><energy>0.723909</energy><liveness>0.217849</liveness><tempo>164.728</tempo><speechiness>0.33159</speechiness><acousticness>0.019559</acousticness><instrumentalness>0.0</instrumentalness><mode>1</mode><time_signature>4</time_signature><duration>257.12281</duration><loudness>-6.094</loudness><audio_md5>9410ff6aa7e4bce23754417700bd2050</audio_md5><valence>0.327191</valence><danceability>0.515123</danceability></audio_summary><title>I Wanna Get High</title></song><song><artist_id>ARWOR5D1187B998D2E</artist_id><artist_name>ABN</artist_name><id>SOAPOGJ1315CD43F13</id><audio_summary><key>1</key><analysis_url>http://echonest-analysis.s3.amazonaws.com/TR/ZE6CYQAmJ1n7jeYq91Kzi3qxLmlE5WOvpkYRGg/3/full.json?AWSAccessKeyId=AKIAJRDFEY23UEVW42BQ&amp;Expires=1415342773&amp;Signature=BcfTSNuCwJaM/pgqBqvjWzkUb7E%3D</analysis_url><energy>0.496231</energy><liveness>0.61215</liveness><tempo>125.905</tempo><speechiness>0.285164</speechiness><acousticness>0.468277</acousticness><instrumentalness>0.000126</instrumentalness><mode>1</mode><time_signature>4</time_signature><duration>350.79791</duration><loudness>-9.397</loudness><audio_md5 /><valence>0.651856</valence><danceability>0.709015</danceability></audio_summary><title>Whoa</title></song><song><artist_id>ARWOR5D1187B998D2E</artist_id><artist_name>ABN</artist_name><id>SOLBQBH1315CD416F9</id><audio_summary><key>9</key><analysis_url>http://echonest-analysis.s3.amazonaws.com/TR/ugMNQAadSAg46iwgieY5Tbtg74n032iefw4Oa2/3/full.json?AWSAccessKeyId=AKIAJRDFEY23UEVW42BQ&amp;Expires=1415342773&amp;Signature=j3UjFVoEZPsvWKGVeDSBExnlYqU%3D</analysis_url><energy>0.829397</energy><liveness>0.085792</liveness><tempo>66.587</tempo><speechiness>0.19021</speechiness><acousticness>0.199076</acousticness><instrumentalness>0.0</instrumentalness><mode>0</mode><time_signature>3</time_signature><duration>219.08853</duration><loudness>-5.745</loudness><audio_md5>3df12367ec4bc98c7235e16651d4bcc1</audio_md5><valence>0.704378</valence><danceability>0.438267</danceability></audio_summary><title>Keep On</title></song><song><artist_id>ARWOR5D1187B998D2E</artist_id><artist_name>ABN</artist_name><id>SOAJTYZ12A58A7B095</id><audio_summary><key>1</key><analysis_url>http://echonest-analysis.s3.amazonaws.com/TR/KRyhCwts269jc9AJO3YVsRzZ6a6yzp3LYw69hz/3/full.json?AWSAccessKeyId=AKIAJRDFEY23UEVW42BQ&amp;Expires=1415342773&amp;Signature=6ko5tsOD6hYWd0UY5AgAZG5cvZ8%3D</analysis_url><energy>0.573578</energy><liveness>0.120691</liveness><tempo>113.611</tempo><speechiness>0.217469</speechiness><acousticness>0.345384</acousticness><instrumentalness>5e-05</instrumentalness><mode>0</mode><time_signature>4</time_signature><duration>354.45506</duration><loudness>-12.272</loudness><audio_md5 /><valence>0.376075</valence><danceability>0.783372</danceability></audio_summary><title>Keep On</title></song><song><artist_id>ARWOR5D1187B998D2E</artist_id><artist_name>ABN</artist_name><id>SOCPJRJ1315CD440F3</id><audio_summary><key>8</key><analysis_url>http://echonest-analysis.s3.amazonaws.com/TR/SanHPAt12UKTMDia_AwHSRIJnIbBuRFVwAT_kt/3/full.json?AWSAccessKeyId=AKIAJRDFEY23UEVW42BQ&amp;Expires=1415342773&amp;Signature=IpwnHoWx5HOH2pl36HBh%2B75fOxA%3D</analysis_url><energy>0.683156</energy><liveness>0.132438</liveness><tempo>124.887</tempo><speechiness>0.321658</speechiness><acousticness>0.201569</acousticness><instrumentalness>0.006231</instrumentalness><mode>1</mode><time_signature>4</time_signature><duration>261.51138</duration><loudness>-10.191</loudness><audio_md5 /><valence>0.381533</valence><danceability>0.664876</danceability></audio_summary><title>Umm Hmm</title></song><song><artist_id>ARWOR5D1187B998D2E</artist_id><artist_name>ABN</artist_name><id>SOOQRNW1315CD40F28</id><audio_summary><key>6</key><analysis_url>http://echonest-analysis.s3.amazonaws.com/TR/pZre2AiF1mCoeRMDmg20gviLbU4CpLYGQNRZMo/3/full.json?AWSAccessKeyId=AKIAJRDFEY23UEVW42BQ&amp;Expires=1415342773&amp;Signature=/I9JXlQ8Qekpb4vfy54d5Za%2BhRE%3D</analysis_url><energy>0.803433</energy><liveness>0.099999</liveness><tempo>81.61</tempo><speechiness>0.348249</speechiness><acousticness>0.35564</acousticness><instrumentalness>0.0</instrumentalness><mode>1</mode><time_signature>4</time_signature><duration>272.8224</duration><loudness>-5.219</loudness><audio_md5>9d240fbaeead2a7f791b0aac7b648af3</audio_md5><valence>0.48718</valence><danceability>0.595128</danceability></audio_summary><title>SOS</title></song></songs></response>