<response><status><version>4.2</version><code>0</code><message>Success</message></status><songs><song><artist_id>AR7G5I41187FB4CE6C</artist_id><artist_name>Adam Ant</artist_name><id>SOHBIYE1313439D9A9</id><audio_summary><key>7</key><analysis_url>http://echonest-analysis.s3.amazonaws.com/TR/Noq9qALrypSTUmbqgMhXv6Zf-cQGWDVU8K7TnY-AbQetdY1JxtJ_kOxUHQzdjNpwklkE5jH1xp225hAV8%3D/3/full.json?AWSAccessKeyId=AKIAJRDFEY23UEVW42BQ&amp;Expires=1415342840&amp;Signature=AHgEiHnQDFtWl7hfEyeLPCdWmxw%3D</analysis_url><energy>0.844283</energy><liveness>0.303434</liveness><tempo>107.855</tempo><speechiness>0.034525</speechiness><acousticness>0.004384</acousticness><instrumentalness>0.000182</instrumentalness><mode>1</mode><time_signature>4</time_signature><duration>134.39955</duration><loudness>-8.221</loudness><audio_md5>64b8f7f01cb684f0ac8ca0fa81301449</audio_md5><valence>0.84056</valence><danceability>0.606264</danceability></audio_summary><title>It Doesn't Matter</title></song><song><artist_id>AR7G5I41187FB4CE6C</artist_id><artist_name>Adam Ant</artist_name><id>SOWYHNS1311AFE13CF</id><audio_summary><key>8</key><analysis_url>http://echonest-analysis.s3.amazonaws.com/TR/RjkDagEyodt37z_MF1aWo6vexvhh84vik-lJWVHofHnzn-7uNDeNgzCq6F9tHPuUnaKmiXXlcO9WuDGsg%3D/3/full.json?AWSAccessKeyId=AKIAJRDFEY23UEVW42BQ&amp;Expires=1415342840&amp;Signature=cCLVe5WyJXa6z8g8EYL9PPQOylQ%3D</analysis_url><energy>0.362768</energy><liveness>0.326364</liveness><tempo>116.173</tempo><speechiness>0.215135</speechiness><acousticness>0.259291</acousticness><instrumentalness>0.0</instrumentalness><mode>0</mode><time_signature>4</time_signature><duration>206.66621</duration><loudness>-9.276</loudness><audio_md5 /><valence>0.826758</valence><danceability>0.904371</danceability></audio_summary><title>Big Big Man (Razor Down) (Unreleased Demo Track)</title></song><song><artist_id>AR7G5I41187FB4CE6C</artist_id><artist_name>Adam Ant</artist_name><id>SOKTDKZ12AF72A58F8</id><audio_summary><key>7</key><analysis_url>http://echonest-analysis.s3.amazonaws.com/TR/WY7BAQuUmgUz5hMNwORHsSgKZByg6oOF_y07h5c1mJdWLTFKKprwE7spKQvW1h5Z3aGitNvc1Tc8na5DU%3D/3/full.json?AWSAccessKeyId=AKIAJRDFEY23UEVW42BQ&amp;Expires=1415342840&amp;Signature=RP1fYSkf64geXImEZSBkTqMRvlM%3D</analysis_url><energy>0.794772</energy><liveness>0.173366</liveness><tempo>102.954</tempo><speechiness>0.043784</speechiness><acousticness>0.281666</acousticness><instrumentalness>5.7e-05</instrumentalness><mode>1</mode><time_signature>4</time_signature><duration>235.06621</duration><loudness>-8.723</loudness><audio_md5 /><valence>0.715313</valence><danceability>0.646212</danceability></audio_summary><title>Beautiful Dream (Single Remix)</title></song><song><artist_id>AR7G5I41187FB4CE6C</artist_id><artist_name>Adam Ant</artist_name><id>SODUMID12B350582D5</id><audio_summary><key>0</key><analysis_url>http://echonest-analysis.s3.amazonaws.com/TR/isUTkwMrmfyImU_X8AYAOG0ke30Ungp3KzpdCeDIu9x4znVPDsKYEszAP_FkvtyxUvoMaOPyA-1fvabeE%3D/3/full.json?AWSAccessKeyId=AKIAJRDFEY23UEVW42BQ&amp;Expires=1415342840&amp;Signature=45vM0h33rIDGoYaHhh%2Bk%2BTAksmo%3D</analysis_url><energy>0.58614</energy><liveness>0.714995</liveness><tempo>94.279</tempo><speechiness>0.025804</speechiness><acousticness>0.116646</acousticness><instrumentalness>0.246381</instrumentalness><mode>1</mode><time_signature>4</time_signature><duration>273.53061</duration><loudness>-10.765</loudness><audio_md5 /><valence>0.462656</valence><danceability>0.485537</danceability></audio_summary><title>Ying &amp; Yang</title></song><song><artist_id>AR7G5I41187FB4CE6C</artist_id><artist_name>Adam Ant</artist_name><id>SOUSDSI1315CD49377</id><audio_summary><key>10</key><analysis_url>http://echonest-analysis.s3.amazonaws.com/TR/0s9ZUgKsFAGCjC1-YVrNIvHhoJF3bosI1G6uo_yFs9LQQkUH7nJT-Snm49qzq6PRZozdpFk8H0ju-LWBA%3D/3/full.json?AWSAccessKeyId=AKIAJRDFEY23UEVW42BQ&amp;Expires=1415342840&amp;Signature=0xi9fig47sI7l7pgwGtdfSTNUZw%3D</analysis_url><energy>0.775045</energy><liveness>0.074212</liveness><tempo>122.101</tempo><speechiness>0.034481</speechiness><acousticness>0.030661</acousticness><instrumentalness>0.283455</instrumentalness><mode>1</mode><time_signature>4</time_signature><duration>322.46621</duration><loudness>-9.042</loudness><audio_md5 /><valence>0.841362</valence><danceability>0.739994</danceability></audio_summary><title>Bright Lights Black Leather</title></song><song><artist_id>AR7G5I41187FB4CE6C</artist_id><artist_name>Adam Ant</artist_name><id>SOBRODJ13167715C24</id><audio_summary><key>2</key><analysis_url>http://echonest-analysis.s3.amazonaws.com/TR/RM_O2AHr79d1h2RLUmXTK8N-mNNwBNFVB1-XP_ZPeZ066OmWBqqglOVouu1StVxzCUP_aMUaWLFAvTk0E%3D/3/full.json?AWSAccessKeyId=AKIAJRDFEY23UEVW42BQ&amp;Expires=1415342840&amp;Signature=6%2BlKOaotyv8LIrYmlHOi%2BMrBcM4%3D</analysis_url><energy>0.638961</energy><liveness>0.065683</liveness><tempo>125.044</tempo><speechiness>0.026708</speechiness><acousticness>0.02365</acousticness><instrumentalness>0.004092</instrumentalness><mode>1</mode><time_signature>4</time_signature><duration>239.94621</duration><loudness>-6.768</loudness><audio_md5 /><valence>0.513655</valence><danceability>0.598235</danceability></audio_summary><title>If</title></song><song><artist_id>AR7G5I41187FB4CE6C</artist_id><artist_name>Adam Ant</artist_name><id>SOLVIVJ146094BF7BA</id><audio_summary><key>0</key><analysis_url>http://echonest-analysis.s3.amazonaws.com/TR/GmQ0xw770Rsz-tJVP2Ogm0f-bM1ymO45KZQmxIOP1_vQxg-WNmHDnzTk5T-RSEVGhSBOhuJFLOFaL3Dao%3D/3/full.json?AWSAccessKeyId=AKIAJRDFEY23UEVW42BQ&amp;Expires=1415342840&amp;Signature=zNnLEVPyZABnStKh9rLa2Nr2OAs%3D</analysis_url><energy>0.905628</energy><liveness>0.68244</liveness><tempo>118.457</tempo><speechiness>0.05212</speechiness><acousticness>0.008246</acousticness><instrumentalness>0.000111</instrumentalness><mode>1</mode><time_signature>4</time_signature><duration>406.53288</duration><loudness>-6.949</loudness><audio_md5 /><valence>0.580757</valence><danceability>0.644817</danceability></audio_summary><title>Apollo 9 (Francois K Splashdown Mix)</title></song><song><artist_id>AR7G5I41187FB4CE6C</artist_id><artist_name>Adam Ant</artist_name><id>SOESVCF1311AFEB1B9</id><audio_summary><key>9</key><analysis_url>http://echonest-analysis.s3.amazonaws.com/TR/yvUTJQmh4qaLawGgz_oGaULMRRT-ffZeNch3jY8RxnHYXtYuFq5yPXZO9duHHbCcGSn10GNHRwGIgJTZY%3D/3/full.json?AWSAccessKeyId=AKIAJRDFEY23UEVW42BQ&amp;Expires=1415342840&amp;Signature=FoE/h4kt/q5EMOhlo9zSU7nXJuM%3D</analysis_url><energy>0.890719</energy><liveness>0.408215</liveness><tempo>115.815</tempo><speechiness>0.030403</speechiness><acousticness>0.127707</acousticness><instrumentalness>0.428693</instrumentalness><mode>1</mode><time_signature>4</time_signature><duration>181.43955</duration><loudness>-5.308</loudness><audio_md5 /><valence>0.763945</valence><danceability>0.604967</danceability></audio_summary><title>Good Sex Rumples The Clothing (Unreleased B Side)</title></song><song><artist_id>AR7G5I41187FB4CE6C</artist_id><artist_name>Adam Ant</artist_name><id>SOFKPMA12A8C139610</id><audio_summary><key>4</key><analysis_url>http://echonest-analysis.s3.amazonaws.com/TR/md5qjAn7djTlq1jXQs1n5aLp3SXL5Th8oX5x9Mdj_UmUdT0R2klQXK8kCvt0nrgcubI3G97tIBxTbgiMI%3D/3/full.json?AWSAccessKeyId=AKIAJRDFEY23UEVW42BQ&amp;Expires=1415342840&amp;Signature=0f%2BbIl3bZ8SPjSfsO/oImn44bLY%3D</analysis_url><energy>0.725516</energy><liveness>0.128652</liveness><tempo>99.386</tempo><speechiness>0.061371</speechiness><acousticness>0.463468</acousticness><instrumentalness>5e-06</instrumentalness><mode>1</mode><time_signature>4</time_signature><duration>186.26621</duration><loudness>-6.297</loudness><audio_md5 /><valence>0.702075</valence><danceability>0.695083</danceability></audio_summary><title>She Wins Zulus (Unreleased Demo Track)</title></song><song><artist_id>AR7G5I41187FB4CE6C</artist_id><artist_name>Adam Ant</artist_name><id>SOFPHUG12AB01882B0</id><audio_summary><key>1</key><analysis_url>http://echonest-analysis.s3.amazonaws.com/TR/9n4jwAVCzTsAYP2hayrQCBnm8DnC0bxRK8c9GPTbSraT08pRg3xTqLuzrLhb-f-IGTG-jxirg-4HWiQAI%3D/3/full.json?AWSAccessKeyId=AKIAJRDFEY23UEVW42BQ&amp;Expires=1415342840&amp;Signature=pqjuMppoZZ3b32DKl/XacswaIt0%3D</analysis_url><energy>0.452551</energy><liveness>0.269409</liveness><tempo>180.153</tempo><speechiness>0.094217</speechiness><acousticness>0.002138</acousticness><instrumentalness>0.744359</instrumentalness><mode>0</mode><time_signature>4</time_signature><duration>196.50621</duration><loudness>-15.407</loudness><audio_md5 /><valence>0.690465</valence><danceability>0.43115</danceability></audio_summary><title>Prick Up Your Ears (Demo)</title></song><song><artist_id>AR7G5I41187FB4CE6C</artist_id><artist_name>Adam Ant</artist_name><id>SOJFCLE146191B9679</id><audio_summary><key>11</key><analysis_url>http://echonest-analysis.s3.amazonaws.com/TR/kYHb7QuGKG2phE5YRepVJ4TlUbmbzvjazPZxjh3yygTRYdneWYeeRLC6PQT5NlPCa5xwpF7srmAvwWCqw%3D/3/full.json?AWSAccessKeyId=AKIAJRDFEY23UEVW42BQ&amp;Expires=1415342840&amp;Signature=aad2UoxN8QYfK9kk0l5p%2BmI7S2U%3D</analysis_url><energy>0.726018</energy><liveness>0.091332</liveness><tempo>79.388</tempo><speechiness>0.043803</speechiness><acousticness>0.000296</acousticness><instrumentalness>0.000158</instrumentalness><mode>0</mode><time_signature>4</time_signature><duration>248.33288</duration><loudness>-12.514</loudness><audio_md5>cfcfcb4cf8b9fc4368764758f7fd2bcb</audio_md5><valence>0.356881</valence><danceability>0.277487</danceability></audio_summary><title>Red Scab</title></song><song><artist_id>AR7G5I41187FB4CE6C</artist_id><artist_name>Adam Ant</artist_name><id>SOANYLJ1312FDFF2D3</id><audio_summary><key>11</key><analysis_url>http://echonest-analysis.s3.amazonaws.com/TR/dJBsdghr6RJcQQRnmGmJrw1TyZRVapJC28POf1GIPpZMvQ8KwjzktRSiffm00rBadJz4hH8cMNfTh7R6w%3D/3/full.json?AWSAccessKeyId=AKIAJRDFEY23UEVW42BQ&amp;Expires=1415342840&amp;Signature=rOCF%2BurCYZXU%2BsPC3%2Bfu2mq3hoc%3D</analysis_url><energy>0.585479</energy><liveness>0.131179</liveness><tempo>87.595</tempo><speechiness>0.145413</speechiness><acousticness>0.276903</acousticness><instrumentalness>0.005358</instrumentalness><mode>0</mode><time_signature>4</time_signature><duration>236.31955</duration><loudness>-8.59</loudness><audio_md5 /><valence>0.72453</valence><danceability>0.625641</danceability></audio_summary><title>Navel To Neck (Live Rehearsal 15/1/83)</title></song><song><artist_id>AR7G5I41187FB4CE6C</artist_id><artist_name>Adam Ant</artist_name><id>SOOHXBW12A6D4F7C47</id><audio_summary><key>7</key><analysis_url>http://echonest-analysis.s3.amazonaws.com/TR/-QeQNQyykDzq3wDLnkaLM1S5dgvM6REwurYAFiAMVejYJyDtPOklJYrDilsRHhBohxzLrwsKa3OL1LaRA%3D/3/full.json?AWSAccessKeyId=AKIAJRDFEY23UEVW42BQ&amp;Expires=1415342840&amp;Signature=%2BaSy0pFZYlI30cjAbtPUQupqO%2BM%3D</analysis_url><energy>0.62823</energy><liveness>0.084799</liveness><tempo>103.233</tempo><speechiness>0.078854</speechiness><acousticness>0.003266</acousticness><instrumentalness>2e-06</instrumentalness><mode>1</mode><time_signature>4</time_signature><duration>246.75955</duration><loudness>-9.201</loudness><audio_md5 /><valence>0.837372</valence><danceability>0.725175</danceability></audio_summary><title>Beautiful Dream (Lucas Master Mix)</title></song><song><artist_id>AR7G5I41187FB4CE6C</artist_id><artist_name>Adam Ant</artist_name><id>SOMGJBI12A6D4F7C40</id><audio_summary><key>3</key><analysis_url>http://echonest-analysis.s3.amazonaws.com/TR/VhKRsg13EdOACrkfULL6rSzBJ6jcnjM5yQGQeiGBfLouEfTY5pVua8J-WP84HP_8vTcSWBtKMnjLLEysU%3D/3/full.json?AWSAccessKeyId=AKIAJRDFEY23UEVW42BQ&amp;Expires=1415342840&amp;Signature=QNRGojzTyIRLKqNrUf1tPuHTH14%3D</analysis_url><energy>0.623111</energy><liveness>0.090063</liveness><tempo>102.028</tempo><speechiness>0.028483</speechiness><acousticness>0.516053</acousticness><instrumentalness>1e-06</instrumentalness><mode>0</mode><time_signature>4</time_signature><duration>221.55955</duration><loudness>-9.993</loudness><audio_md5 /><valence>0.286921</valence><danceability>0.538712</danceability></audio_summary><title>Wonderful (Hot AC Mix)</title></song><song><artist_id>AR7G5I41187FB4CE6C</artist_id><artist_name>Adam Ant</artist_name><id>SOTUKJS12AB01882BC</id><audio_summary><key>1</key><analysis_url>http://echonest-analysis.s3.amazonaws.com/TR/4bjviw34LM-ZxP_8hptJtD7ztivUKb2R2AWGjRYxlLbJ51g2-P4eh5ZmrszZAXL28dTw0as0bbyhfSsOs%3D/3/full.json?AWSAccessKeyId=AKIAJRDFEY23UEVW42BQ&amp;Expires=1415342840&amp;Signature=aGKNteTzGiIpuN/YAy%2BTFkCG2rc%3D</analysis_url><energy>0.692405</energy><liveness>0.52438</liveness><tempo>122.544</tempo><speechiness>0.070274</speechiness><acousticness>0.563897</acousticness><instrumentalness>2e-06</instrumentalness><mode>0</mode><time_signature>4</time_signature><duration>237.41288</duration><loudness>-10.408</loudness><audio_md5 /><valence>0.63661</valence><danceability>0.653301</danceability></audio_summary><title>That Voodoo! (Demo)</title></song><song><artist_id>AR7G5I41187FB4CE6C</artist_id><artist_name>Adam Ant</artist_name><id>SOTACJU13B0DA26300</id><audio_summary><key>8</key><analysis_url>http://echonest-analysis.s3.amazonaws.com/TR/n-ypoADvtWJv0Cp-mM5Bqway4AtoC8dy0bN34s/3/full.json?AWSAccessKeyId=AKIAJRDFEY23UEVW42BQ&amp;Expires=1415342840&amp;Signature=4sfKNsKEoQt1WsMvY2X2CH156mU%3D</analysis_url><energy>0.68568</energy><liveness>0.670459</liveness><tempo>163.039</tempo><speechiness>0.115933</speechiness><acousticness>0.221837</acousticness><instrumentalness>0.0</instrumentalness><mode>1</mode><time_signature>4</time_signature><duration>176.19256</duration><loudness>-11.477</loudness><audio_md5 /><valence>0.538877</valence><danceability>0.56239</danceability></audio_summary><title>Friend or Foe (Demo)</title></song><song><artist_id>AR7G5I41187FB4CE6C</artist_id><artist_name>Adam Ant</artist_name><id>SOULCLQ131677154A4</id><audio_summary><key>6</key><analysis_url>http://echonest-analysis.s3.amazonaws.com/TR/bOXqAwJs2sGcqITDHyfaXvxI_WYlzVwc8HUg4g9qa0gIv_LLUqpVNJ9odT-2UdVqFEWu_oNpDbXQJchp8%3D/3/full.json?AWSAccessKeyId=AKIAJRDFEY23UEVW42BQ&amp;Expires=1415342840&amp;Signature=ybOF0jbVAZsIrwN/Itwx84Rqx0s%3D</analysis_url><energy>0.746031</energy><liveness>0.095702</liveness><tempo>102.055</tempo><speechiness>0.0276</speechiness><acousticness>0.125013</acousticness><instrumentalness>3e-06</instrumentalness><mode>1</mode><time_signature>4</time_signature><duration>266.41288</duration><loudness>-8.318</loudness><audio_md5 /><valence>0.426292</valence><danceability>0.547131</danceability></audio_summary><title>Wonderful (Clearmountain Mix) (Unedited)</title></song><song><artist_id>AR7G5I41187FB4CE6C</artist_id><artist_name>Adam Ant</artist_name><id>SOLOSYP1313438E29F</id><audio_summary><key>1</key><analysis_url>http://echonest-analysis.s3.amazonaws.com/TR/eS-vPwmhqDA2R15gVN95mPE7CNdOf5-Qxn4CHD1mpQ4Do4J9XhoaGq28qlk1KTpjxKWdkldJRQw7i2Tnc%3D/3/full.json?AWSAccessKeyId=AKIAJRDFEY23UEVW42BQ&amp;Expires=1415342840&amp;Signature=o7v4zgJPilQ0/rkjuU5LosiBbfA%3D</analysis_url><energy>0.400611</energy><liveness>0.061541</liveness><tempo>93.497</tempo><speechiness>0.038289</speechiness><acousticness>0.764413</acousticness><instrumentalness>0.034575</instrumentalness><mode>0</mode><time_signature>3</time_signature><duration>223.71959</duration><loudness>-11.274</loudness><audio_md5 /><valence>0.64809</valence><danceability>0.717797</danceability></audio_summary><title>Ups &amp; Downs (Demo)</title></song><song><artist_id>AR7G5I41187FB4CE6C</artist_id><artist_name>Adam Ant</artist_name><id>SOLORYZ12A8AE4621E</id><audio_summary><key>2</key><analysis_url>http://echonest-analysis.s3.amazonaws.com/TR/s_DLSgYDKmHtvuH4ukybcanWzyhcYQsSWqUHGJzewkK_DbMLcphhEgNFawSyz7n1vtgLOyTvd4Cxwt46I%3D/3/full.json?AWSAccessKeyId=AKIAJRDFEY23UEVW42BQ&amp;Expires=1415342840&amp;Signature=rnQxcWsza7ZG77B7mHPboQARp0E%3D</analysis_url><energy>0.588675</energy><liveness>0.240576</liveness><tempo>108.978</tempo><speechiness>0.035913</speechiness><acousticness>0.565308</acousticness><instrumentalness>0.000616</instrumentalness><mode>1</mode><time_signature>4</time_signature><duration>155.35955</duration><loudness>-10.6</loudness><audio_md5 /><valence>0.895734</valence><danceability>0.882593</danceability></audio_summary><title>Why Do Girls Love Horses</title></song><song><artist_id>AR7G5I41187FB4CE6C</artist_id><artist_name>Adam Ant</artist_name><id>SOLPCBU12A58A7E30D</id><audio_summary><key>2</key><analysis_url>http://echonest-analysis.s3.amazonaws.com/TR/UezRQANxRDOo6rfGv8-d2ijGGuqZXa6GpYqFpMnvUSM1xsp12GtqYRgz5TX3d6lgX-tmZuuZORE3_N3zI%3D/3/full.json?AWSAccessKeyId=AKIAJRDFEY23UEVW42BQ&amp;Expires=1415342840&amp;Signature=e4ZKbfay8wffIz2zMDAJ08KW0%2BE%3D</analysis_url><energy>0.694276</energy><liveness>0.552134</liveness><tempo>111.371</tempo><speechiness>0.048207</speechiness><acousticness>0.512249</acousticness><instrumentalness>0.049777</instrumentalness><mode>1</mode><time_signature>4</time_signature><duration>231.97288</duration><loudness>-13.512</loudness><audio_md5 /><valence>0.45388</valence><danceability>0.581682</danceability></audio_summary><title>Mowhok (Demo)</title></song><song><artist_id>AR7G5I41187FB4CE6C</artist_id><artist_name>Adam Ant</artist_name><id>SOMXVYA1311AFE676C</id><audio_summary><key>11</key><analysis_url>http://echonest-analysis.s3.amazonaws.com/TR/c0k3DgJDLGtPNZe3SAgw9ukzs92n6HTyNIdYydwQOT9s0PvRoIowXxdzjOooDMm-M6qdq7tUSKolwE1oc%3D/3/full.json?AWSAccessKeyId=AKIAJRDFEY23UEVW42BQ&amp;Expires=1415342840&amp;Signature=Z1prPO0ouM2sHLDJtYM%2BcKTM7ow%3D</analysis_url><energy>0.688186</energy><liveness>0.411825</liveness><tempo>137.137</tempo><speechiness>0.100828</speechiness><acousticness>0.215485</acousticness><instrumentalness>9.1e-05</instrumentalness><mode>1</mode><time_signature>4</time_signature><duration>219.55955</duration><loudness>-11.926</loudness><audio_md5 /><valence>0.410179</valence><danceability>0.658321</danceability></audio_summary><title>Saigon (Demo)</title></song><song><artist_id>AR7G5I41187FB4CE6C</artist_id><artist_name>Adam Ant</artist_name><id>SOHADRN1312FE006E5</id><audio_summary><key>7</key><analysis_url>http://echonest-analysis.s3.amazonaws.com/TR/cyCNIwzZjx2rJ01Uxsvful1auJkh-7MKpx12p3YIyEtBMsrs98kst35oYuqpJO9lYqTpFpZbwvvvGgEoc%3D/3/full.json?AWSAccessKeyId=AKIAJRDFEY23UEVW42BQ&amp;Expires=1415342840&amp;Signature=9l%2B6dtdTX3P1zfj/0zgCKRgqigo%3D</analysis_url><energy>0.724419</energy><liveness>0.202</liveness><tempo>117.619</tempo><speechiness>0.053282</speechiness><acousticness>0.195879</acousticness><instrumentalness>5e-06</instrumentalness><mode>1</mode><time_signature>4</time_signature><duration>366.10621</duration><loudness>-7.898</loudness><audio_md5 /><valence>0.57329</valence><danceability>0.741959</danceability></audio_summary><title>Playboy (Live Rehearsal 15/1/83)</title></song><song><artist_id>AR7G5I41187FB4CE6C</artist_id><artist_name>Adam Ant</artist_name><id>SONAGOC1313438D9C3</id><audio_summary><key>2</key><analysis_url>http://echonest-analysis.s3.amazonaws.com/TR/sdpQPANgw6IQ9K68X5OYqZWHbMg9f3uv79K1dxx4cUp1Zi73OtSl834GNCK4iAJgLekvPVFbPvKNkiQ7A%3D/3/full.json?AWSAccessKeyId=AKIAJRDFEY23UEVW42BQ&amp;Expires=1415342840&amp;Signature=2Vyys704F0a7jJHTjQBYH%2BUWxIw%3D</analysis_url><energy>0.549517</energy><liveness>0.221712</liveness><tempo>115.689</tempo><speechiness>0.045456</speechiness><acousticness>0.189941</acousticness><instrumentalness>0.005859</instrumentalness><mode>1</mode><time_signature>4</time_signature><duration>221.14621</duration><loudness>-12.6</loudness><audio_md5 /><valence>0.545034</valence><danceability>0.59426</danceability></audio_summary><title>Scorpio Rising (Demo)</title></song><song><artist_id>AR7G5I41187FB4CE6C</artist_id><artist_name>Adam Ant</artist_name><id>SOHOVWS1313439EDFF</id><audio_summary><key>4</key><analysis_url>http://echonest-analysis.s3.amazonaws.com/TR/8gbo7ArHvsBv6CQ8hI7cts5gOkcalkDqPicarmw0NoPa4V1oSEletqlivIUgeAZHdfvRyx1JnwpgZ3qrw%3D/3/full.json?AWSAccessKeyId=AKIAJRDFEY23UEVW42BQ&amp;Expires=1415342840&amp;Signature=DCLezfMYfoImrSWyzfOalpqg%2Bps%3D</analysis_url><energy>0.685476</energy><liveness>0.728802</liveness><tempo>107.606</tempo><speechiness>0.102616</speechiness><acousticness>0.670665</acousticness><instrumentalness>0.0</instrumentalness><mode>0</mode><time_signature>4</time_signature><duration>185.31955</duration><loudness>-7.918</loudness><audio_md5 /><valence>0.827658</valence><danceability>0.801538</danceability></audio_summary><title>Night They Vietcong (Unreleased Demo Track)</title></song><song><artist_id>AR7G5I41187FB4CE6C</artist_id><artist_name>Adam Ant</artist_name><id>SOITQTF12A8C13A99B</id><audio_summary><key>11</key><analysis_url>http://echonest-analysis.s3.amazonaws.com/TR/V9GttwtFz1iQxn7h5JdmEAC-HZR6j34PzSzH5hcf5sfNtyxkcpyOJOcdJtvXBQLZAHO3flx0-XRfhLrIY%3D/3/full.json?AWSAccessKeyId=AKIAJRDFEY23UEVW42BQ&amp;Expires=1415342840&amp;Signature=6sA/shaAfJQhT2J9SeXOG9n06IA%3D</analysis_url><energy>0.667045</energy><liveness>0.235895</liveness><tempo>125.931</tempo><speechiness>0.078946</speechiness><acousticness>0.541868</acousticness><instrumentalness>0.163033</instrumentalness><mode>0</mode><time_signature>4</time_signature><duration>180.03955</duration><loudness>-9.608</loudness><audio_md5 /><valence>0.907442</valence><danceability>0.787111</danceability></audio_summary><title>Strip (Unreleased Demo Track)</title></song><song><artist_id>AR7G5I41187FB4CE6C</artist_id><artist_name>Adam Ant</artist_name><id>SOKBRGM12AB01882B7</id><audio_summary><key>1</key><analysis_url>http://echonest-analysis.s3.amazonaws.com/TR/a_QQnwF1JJWOApkgrVRJUqGZALXUY38pLEQ3V1t_mMb1JmKpnnuqxXJ1PCzA9F7JzRdcLd94SH5aIH9J8%3D/3/full.json?AWSAccessKeyId=AKIAJRDFEY23UEVW42BQ&amp;Expires=1415342840&amp;Signature=y0kOwxuGSNX0AsUJRndn2Nh8qGU%3D</analysis_url><energy>0.496194</energy><liveness>0.295842</liveness><tempo>123.196</tempo><speechiness>0.07119</speechiness><acousticness>0.160438</acousticness><instrumentalness>3e-06</instrumentalness><mode>0</mode><time_signature>4</time_signature><duration>260.53288</duration><loudness>-13.631</loudness><audio_md5 /><valence>0.417155</valence><danceability>0.64695</danceability></audio_summary><title>Don't Be Square Be There (Demo)</title></song><song><artist_id>AR7G5I41187FB4CE6C</artist_id><artist_name>Adam Ant</artist_name><id>SOLTCCF1312FDFC882</id><audio_summary><key>2</key><analysis_url>http://echonest-analysis.s3.amazonaws.com/TR/KUQBCgqQ5qimLZJXk66dhRvzU0YyaQggvyyjc4D_FhtNi3YxHYqmyFFIlZI1teZXCUCe6hy-NNDyYy3P4%3D/3/full.json?AWSAccessKeyId=AKIAJRDFEY23UEVW42BQ&amp;Expires=1415342840&amp;Signature=JHrsLTiFter/vyGNLPS4Zn9SNv8%3D</analysis_url><energy>0.755926</energy><liveness>0.291871</liveness><tempo>117.589</tempo><speechiness>0.039877</speechiness><acousticness>0.249626</acousticness><instrumentalness>4e-06</instrumentalness><mode>1</mode><time_signature>4</time_signature><duration>236.23955</duration><loudness>-7.087</loudness><audio_md5 /><valence>0.546855</valence><danceability>0.650874</danceability></audio_summary><title>Dirty Harry (Demo Version of Amazon)</title></song><song><artist_id>AR7G5I41187FB4CE6C</artist_id><artist_name>Adam Ant</artist_name><id>SOBQPLO13730F96E85</id><audio_summary><key>2</key><analysis_url>http://echonest-analysis.s3.amazonaws.com/TR/2fiCzApBT8_OHYszqpBdZJFJxWgUdWsqcu58x9n5vuG6NBUq2T_71MK8iKUlG01g2Vp2KTCZr4UZIRa2s%3D/3/full.json?AWSAccessKeyId=AKIAJRDFEY23UEVW42BQ&amp;Expires=1415342840&amp;Signature=/DFPIpuFGdJ%2BozNcj8Buf8SlqDo%3D</analysis_url><energy>0.77048</energy><liveness>0.060499</liveness><tempo>158.206</tempo><speechiness>0.065966</speechiness><acousticness>0.023253</acousticness><instrumentalness>0.161373</instrumentalness><mode>1</mode><time_signature>4</time_signature><duration>211.33288</duration><loudness>-9.358</loudness><audio_md5 /><valence>0.863109</valence><danceability>0.54095</danceability></audio_summary><title>Young, Dumb &amp; Full Of It</title></song><song><artist_id>AR7G5I41187FB4CE6C</artist_id><artist_name>Adam Ant</artist_name><id>SOBJFKN12AF72A105F</id><audio_summary><key>0</key><analysis_url>http://echonest-analysis.s3.amazonaws.com/TR/QAeEIQDI2C902DtjauzKv1xsb4-GS_FoF8KLC0bVXYrMNUIV-i7ijIiedgC03mdRDrVShZ2nFgS9qKs-4%3D/3/full.json?AWSAccessKeyId=AKIAJRDFEY23UEVW42BQ&amp;Expires=1415342840&amp;Signature=S%2BcxcBtJBci7vbFEVRf1rAL6dTw%3D</analysis_url><energy>0.965244</energy><liveness>0.277285</liveness><tempo>131.059</tempo><speechiness>0.039321</speechiness><acousticness>0.009158</acousticness><instrumentalness>0.000126</instrumentalness><mode>1</mode><time_signature>4</time_signature><duration>229.33288</duration><loudness>-5.32</loudness><audio_md5 /><valence>0.811282</valence><danceability>0.631093</danceability></audio_summary><title>Vive Le Rock (Unreleased US 7" Mix)</title></song><song><artist_id>AR7G5I41187FB4CE6C</artist_id><artist_name>Adam Ant</artist_name><id>SOBPJLC12AB01882BD</id><audio_summary><key>4</key><analysis_url>http://echonest-analysis.s3.amazonaws.com/TR/uRB5twu8St7F0AIN2QQPYAJtxHPbXha1PCzWP7IUjglfA8NtIiMsr3Ijp0qy8ef-8XsmldooiDSfvJXho%3D/3/full.json?AWSAccessKeyId=AKIAJRDFEY23UEVW42BQ&amp;Expires=1415342840&amp;Signature=m3ol5LRxNAeSHuJKcWwnvHVgOFA%3D</analysis_url><energy>0.597382</energy><liveness>0.194463</liveness><tempo>106.179</tempo><speechiness>0.050127</speechiness><acousticness>0.461987</acousticness><instrumentalness>0.000754</instrumentalness><mode>1</mode><time_signature>4</time_signature><duration>221.02621</duration><loudness>-12.236</loudness><audio_md5 /><valence>0.578832</valence><danceability>0.697763</danceability></audio_summary><title>5 Guns West (Demo)</title></song><song><artist_id>AR7G5I41187FB4CE6C</artist_id><artist_name>Adam Ant</artist_name><id>SOBTFBA145B14106FF</id><audio_summary><key>7</key><analysis_url>http://echonest-analysis.s3.amazonaws.com/TR/jP1C5Qi9f3z90ji95F7IJBFZFSkjKja3zXmbJuOu-YfREsBMADgO3GoXtRLcuWTgB8IwF-Kjxw5-2gMw0%3D/3/full.json?AWSAccessKeyId=AKIAJRDFEY23UEVW42BQ&amp;Expires=1415342840&amp;Signature=kK06y4r0%2BZpC0Ui515N9u9ua4gY%3D</analysis_url><energy>0.921558</energy><liveness>0.402324</liveness><tempo>205.427</tempo><speechiness>0.085532</speechiness><acousticness>0.036812</acousticness><instrumentalness>0.0</instrumentalness><mode>1</mode><time_signature>4</time_signature><duration>186.85288</duration><loudness>-5.505</loudness><audio_md5 /><valence>0.697399</valence><danceability>0.447103</danceability></audio_summary><title>Human Bondage Den (Unreleased Album Track)</title></song><song><artist_id>AR7G5I41187FB4CE6C</artist_id><artist_name>Adam Ant</artist_name><id>SOCDWAA12A8AE47030</id><audio_summary><key>6</key><analysis_url>http://echonest-analysis.s3.amazonaws.com/TR/-IMnswg34_21JL7PtYYwS5v-nFQhN4NBrIFO9UtEWoAOiGym87wmjz1VyqaH7oC3JT-FhDGRpNbg3Eg1A%3D/3/full.json?AWSAccessKeyId=AKIAJRDFEY23UEVW42BQ&amp;Expires=1415342840&amp;Signature=4mm%2BFp1u%2B2GOTGyNj43MbOBus9E%3D</analysis_url><energy>0.927971</energy><liveness>0.832349</liveness><tempo>90.622</tempo><speechiness>0.064613</speechiness><acousticness>0.387945</acousticness><instrumentalness>0.090691</instrumentalness><mode>0</mode><time_signature>4</time_signature><duration>170.22621</duration><loudness>-3.945</loudness><audio_md5 /><valence>0.468201</valence><danceability>0.451629</danceability></audio_summary><title>Maid of Money (Adam On Drums Demo)</title></song><song><artist_id>AR7G5I41187FB4CE6C</artist_id><artist_name>Adam Ant</artist_name><id>SOCXYFA13134389B6D</id><audio_summary><key>1</key><analysis_url>http://echonest-analysis.s3.amazonaws.com/TR/BbScxgQdVh6gGGe3iZJc-tCo8k4QLeVYo2tud1Qc8UvpArnsJPr_0tA1Gv3JgQmpDrVu8UdewlkLyTGig%3D/3/full.json?AWSAccessKeyId=AKIAJRDFEY23UEVW42BQ&amp;Expires=1415342840&amp;Signature=CnrdRwkSGqAtve3L1GjkfZPATo0%3D</analysis_url><energy>0.652775</energy><liveness>0.526841</liveness><tempo>136.169</tempo><speechiness>0.057118</speechiness><acousticness>0.306479</acousticness><instrumentalness>0.767274</instrumentalness><mode>1</mode><time_signature>4</time_signature><duration>203.54621</duration><loudness>-10.166</loudness><audio_md5 /><valence>0.554162</valence><danceability>0.655812</danceability></audio_summary><title>Manzenera (Instrumental Demo)</title></song><song><artist_id>AR7G5I41187FB4CE6C</artist_id><artist_name>Adam Ant</artist_name><id>SODKGGR12A58A7DCB2</id><audio_summary><key>0</key><analysis_url>http://echonest-analysis.s3.amazonaws.com/TR/wGFcDQH-AxLuZpofGEdT6Wf87zQIG_3qIO7ZO54tLIZpC4uLBEHJO9-DFm0edxPFRk82UsUIe4j6bD8hY%3D/3/full.json?AWSAccessKeyId=AKIAJRDFEY23UEVW42BQ&amp;Expires=1415342840&amp;Signature=JBOdb6ucHJZmWgf9BgpnQsbcXIo%3D</analysis_url><energy>0.464422</energy><liveness>0.171164</liveness><tempo>82.019</tempo><speechiness>0.04793</speechiness><acousticness>0.659724</acousticness><instrumentalness>0.000176</instrumentalness><mode>1</mode><time_signature>4</time_signature><duration>226.51955</duration><loudness>-11.863</loudness><audio_md5 /><valence>0.797406</valence><danceability>0.682808</danceability></audio_summary><title>Mohair Locker Room Pin-Up Boys (Demo)</title></song><song><artist_id>AR7G5I41187FB4CE6C</artist_id><artist_name>Adam Ant</artist_name><id>SODZBUV1312A8AC76F</id><audio_summary><key>10</key><analysis_url>http://echonest-analysis.s3.amazonaws.com/TR/1X-XWgx8hLrjhSuBxc7LQe_HYzwcDEiBsc2rs-utEzLMIXJn-rmhOWmxVDQfgiIWdiTL_pEpm4VasvY98%3D/3/full.json?AWSAccessKeyId=AKIAJRDFEY23UEVW42BQ&amp;Expires=1415342840&amp;Signature=fyxy%2BuBnIglY6ZAKuStnh%2BEeFes%3D</analysis_url><energy>0.569483</energy><liveness>0.352769</liveness><tempo>132.926</tempo><speechiness>0.03397</speechiness><acousticness>0.195421</acousticness><instrumentalness>0.002029</instrumentalness><mode>0</mode><time_signature>4</time_signature><duration>141.42621</duration><loudness>-8.736</loudness><audio_md5 /><valence>0.520463</valence><danceability>0.538078</danceability></audio_summary><title>Gargoyles Are Go (Unreleased Demo Track)</title></song><song><artist_id>AR7G5I41187FB4CE6C</artist_id><artist_name>Adam Ant</artist_name><id>SOBWIHI12AB018F5C1</id><audio_summary><key>3</key><analysis_url>http://echonest-analysis.s3.amazonaws.com/TR/NLkwswSLBwluygzyOxnuajZZA6ZSLsrXEfQ1T8-Q1Mv-K6HBOxyXHKfsrNjwgOMhC9-7FArhyvNFn235E%3D/3/full.json?AWSAccessKeyId=AKIAJRDFEY23UEVW42BQ&amp;Expires=1415342840&amp;Signature=jbklwV7VXoEaCBkATGGdmJnIp/0%3D</analysis_url><energy>0.936183</energy><liveness>0.386543</liveness><tempo>168.208</tempo><speechiness>0.05626</speechiness><acousticness>0.05412</acousticness><instrumentalness>0.889058</instrumentalness><mode>0</mode><time_signature>4</time_signature><duration>146.51955</duration><loudness>-7.154</loudness><audio_md5 /><valence>0.211077</valence><danceability>0.306649</danceability></audio_summary><title>Here Comes The Grump (Instrumental Demo)</title></song><song><artist_id>AR7G5I41187FB4CE6C</artist_id><artist_name>Adam Ant</artist_name><id>SODYLSO12A8C13964C</id><audio_summary><key>2</key><analysis_url>http://echonest-analysis.s3.amazonaws.com/TR/NLo6iAlT1UMVKGD0KwWN1ksqNwiETC2zkvNgHykGBEBgPsjy6wB6jUIfwQkIQOKZ4h2TJKomzS3c5hYns%3D/3/full.json?AWSAccessKeyId=AKIAJRDFEY23UEVW42BQ&amp;Expires=1415342840&amp;Signature=vOb7yGni5qOocZ3Z21OkXVgR4HM%3D</analysis_url><energy>0.836505</energy><liveness>0.328842</liveness><tempo>125.858</tempo><speechiness>0.095163</speechiness><acousticness>0.341572</acousticness><instrumentalness>1.9e-05</instrumentalness><mode>1</mode><time_signature>4</time_signature><duration>270.94621</duration><loudness>-9.806</loudness><audio_md5 /><valence>0.510111</valence><danceability>0.792401</danceability></audio_summary><title>Strip (Live Studio Version)</title></song><song><artist_id>AR7G5I41187FB4CE6C</artist_id><artist_name>Adam Ant</artist_name><id>SOAMFLN12A58A7DEF4</id><audio_summary><key>7</key><analysis_url>http://echonest-analysis.s3.amazonaws.com/TR/7xr5tAVCilcnkRnHpovmMSgV03nKMsB-Ub9F_jAsjbJ6jBifBEyX-7aYCGL0x_Of0Zb4gedOtHM_1PAzI%3D/3/full.json?AWSAccessKeyId=AKIAJRDFEY23UEVW42BQ&amp;Expires=1415342840&amp;Signature=VmZQE1xa3zKE1qLD6TsdAl4uODw%3D</analysis_url><energy>0.531023</energy><liveness>0.219248</liveness><tempo>127.302</tempo><speechiness>0.036266</speechiness><acousticness>0.668591</acousticness><instrumentalness>0.656967</instrumentalness><mode>1</mode><time_signature>4</time_signature><duration>146.58621</duration><loudness>-10.019</loudness><audio_md5 /><valence>0.545226</valence><danceability>0.845728</danceability></audio_summary><title>Yellowbeard (Unreleased Demo Track)</title></song><song><artist_id>AR7G5I41187FB4CE6C</artist_id><artist_name>Adam Ant</artist_name><id>SOATBPV1311AFD78D1</id><audio_summary><key>7</key><analysis_url>http://echonest-analysis.s3.amazonaws.com/TR/1pSbfgqndGZdU0LVSiCK6HYBD9wUzj4vbgcst6v-l8dgGbsvtyn82NE-EeOLv5Wr3yc2u1ua-hDZCVfyU%3D/3/full.json?AWSAccessKeyId=AKIAJRDFEY23UEVW42BQ&amp;Expires=1415342840&amp;Signature=PjndfmX5BS22AApVABQMMQhWvvU%3D</analysis_url><energy>0.855069</energy><liveness>0.55186</liveness><tempo>121.321</tempo><speechiness>0.136138</speechiness><acousticness>0.059469</acousticness><instrumentalness>0.0</instrumentalness><mode>1</mode><time_signature>4</time_signature><duration>198.73288</duration><loudness>-10.288</loudness><audio_md5 /><valence>0.205232</valence><danceability>0.378189</danceability></audio_summary><title>Greta-X</title></song><song><artist_id>AR7G5I41187FB4CE6C</artist_id><artist_name>Adam Ant</artist_name><id>SOAJBHH13134390FF3</id><audio_summary><key>0</key><analysis_url>http://echonest-analysis.s3.amazonaws.com/TR/XE8bTQ8TiWvCjLDcdoOjlooh4qTOgL-rhZ0UBEmauRIIBAL-0OQEzE1I0RMbHkvPX_6zAvw8iFRkMk4u0%3D/3/full.json?AWSAccessKeyId=AKIAJRDFEY23UEVW42BQ&amp;Expires=1415342840&amp;Signature=MApZVYL2oKNABGvLpI4CgqWERxw%3D</analysis_url><energy>0.92928</energy><liveness>0.23549</liveness><tempo>196.205</tempo><speechiness>0.051876</speechiness><acousticness>0.009667</acousticness><instrumentalness>0.0</instrumentalness><mode>1</mode><time_signature>4</time_signature><duration>227.54621</duration><loudness>-7.405</loudness><audio_md5 /><valence>0.692676</valence><danceability>0.405199</danceability></audio_summary><title>Doggy Style (Unreleased Demo Track)</title></song><song><artist_id>AR7G5I41187FB4CE6C</artist_id><artist_name>Adam Ant</artist_name><id>SOALTKT13167714576</id><audio_summary><key>9</key><analysis_url>http://echonest-analysis.s3.amazonaws.com/TR/rIV-FwQuXuQR9WzNt1jZgytQlC6b1hEADJkNe-JUKZCEvPoX4AOm2OSzeYIalfrgslegEAx_w1UTLxWnk%3D/3/full.json?AWSAccessKeyId=AKIAJRDFEY23UEVW42BQ&amp;Expires=1415342840&amp;Signature=iEdDw9fKrDafxIcz4xYq1h6dJDY%3D</analysis_url><energy>0.88795</energy><liveness>0.141653</liveness><tempo>130.126</tempo><speechiness>0.109128</speechiness><acousticness>0.024738</acousticness><instrumentalness>0.00237</instrumentalness><mode>1</mode><time_signature>4</time_signature><duration>264.15955</duration><loudness>-5.586</loudness><audio_md5 /><valence>0.59784</valence><danceability>0.566802</danceability></audio_summary><title>Goes Around</title></song><song><artist_id>AR7G5I41187FB4CE6C</artist_id><artist_name>Adam Ant</artist_name><id>SOARGFO145AFDF9C3A</id><audio_summary><key>6</key><analysis_url>http://echonest-analysis.s3.amazonaws.com/TR/tjJosAUerkW2doJHwR7Xyc39LQO4MHOd5XYOGZXVJ4f3U1q8Yd4o28wiGinDwTTDAyQcB-U2wH3W4cdOk%3D/3/full.json?AWSAccessKeyId=AKIAJRDFEY23UEVW42BQ&amp;Expires=1415342840&amp;Signature=iC9QIybeKt8LAMTCA677du1s6Rg%3D</analysis_url><energy>0.79449</energy><liveness>0.114769</liveness><tempo>175.696</tempo><speechiness>0.12721</speechiness><acousticness>0.125049</acousticness><instrumentalness>9.7e-05</instrumentalness><mode>1</mode><time_signature>4</time_signature><duration>192.22621</duration><loudness>-6.824</loudness><audio_md5 /><valence>0.885522</valence><danceability>0.619192</danceability></audio_summary><title>Goody Two Shoes (Demo Version)</title></song><song><artist_id>AR7G5I41187FB4CE6C</artist_id><artist_name>Adam Ant</artist_name><id>SOVCDRA1315CD46E9E</id><audio_summary><key>0</key><analysis_url>http://echonest-analysis.s3.amazonaws.com/TR/68J7cwnmkrERp6H5eSIkyZkHVUbl2jEr-KD-RplAM9zugSisg_Il7uxtsf7SbSND-FPv68V1j8QjZZH_8%3D/3/full.json?AWSAccessKeyId=AKIAJRDFEY23UEVW42BQ&amp;Expires=1415342840&amp;Signature=1V9gIOI0XijdcFsg7vcRy2R6THA%3D</analysis_url><energy>0.814101</energy><liveness>0.140139</liveness><tempo>93.041</tempo><speechiness>0.041502</speechiness><acousticness>0.02594</acousticness><instrumentalness>0.003125</instrumentalness><mode>1</mode><time_signature>4</time_signature><duration>275.69288</duration><loudness>-9.349</loudness><audio_md5 /><valence>0.928263</valence><danceability>0.716878</danceability></audio_summary><title>Anger Inc.</title></song><song><artist_id>AR7G5I41187FB4CE6C</artist_id><artist_name>Adam Ant</artist_name><id>SOQJMJH12A8AE47037</id><audio_summary><key>4</key><analysis_url>http://echonest-analysis.s3.amazonaws.com/TR/XWZylwZMLDWVpXQpiktlpZ0nx22LPbEhqcCAzwRz6GCksdHSWhAkekGpNtd_fMeP0FkokdT5v4Vg72yLQ%3D/3/full.json?AWSAccessKeyId=AKIAJRDFEY23UEVW42BQ&amp;Expires=1415342840&amp;Signature=hDbW8WXpLt2JZ1OZmo5h5i5%2BByU%3D</analysis_url><energy>0.64399</energy><liveness>0.375447</liveness><tempo>151.96</tempo><speechiness>0.071509</speechiness><acousticness>0.171105</acousticness><instrumentalness>0.0</instrumentalness><mode>1</mode><time_signature>4</time_signature><duration>218.37288</duration><loudness>-6.923</loudness><audio_md5 /><valence>0.687416</valence><danceability>0.606228</danceability></audio_summary><title>And So You Shall (Unreleased Demo)</title></song><song><artist_id>AR7G5I41187FB4CE6C</artist_id><artist_name>Adam Ant</artist_name><id>SOUDDIA1313438403E</id><audio_summary><key>8</key><analysis_url>http://echonest-analysis.s3.amazonaws.com/TR/zSj6MQTj0FXdp4RvxNNsto06N8ekdNAI2-_SIuisxeOkq_zUQ-qijBBKYZVeL1xxRXiEgL7WKvK8Svhn4%3D/3/full.json?AWSAccessKeyId=AKIAJRDFEY23UEVW42BQ&amp;Expires=1415342840&amp;Signature=wO%2BPa7FGx5JKKi2CSrDYR/K/Yqc%3D</analysis_url><energy>0.363179</energy><liveness>0.108933</liveness><tempo>130.524</tempo><speechiness>0.053617</speechiness><acousticness>0.565714</acousticness><instrumentalness>6.6e-05</instrumentalness><mode>1</mode><time_signature>4</time_signature><duration>184.62621</duration><loudness>-13.739</loudness><audio_md5 /><valence>0.567837</valence><danceability>0.662499</danceability></audio_summary><title>Jolly Roger (Demo)</title></song><song><artist_id>AR7G5I41187FB4CE6C</artist_id><artist_name>Adam Ant</artist_name><id>SOQTPUF12AF72A1FFF</id><audio_summary><key>3</key><analysis_url>http://echonest-analysis.s3.amazonaws.com/TR/NiUmKQ1vk_jxPrhNWIZI6I2gZhM0p3mkY_2HeO3bNmMY7aD7EnVwCdbTbo6YCIUwB3kLNe7TNq44lrucI%3D/3/full.json?AWSAccessKeyId=AKIAJRDFEY23UEVW42BQ&amp;Expires=1415342840&amp;Signature=jud7QzzbrKWcyEcuBEkAp24QuVg%3D</analysis_url><energy>0.701775</energy><liveness>0.143328</liveness><tempo>103.169</tempo><speechiness>0.048494</speechiness><acousticness>0.112988</acousticness><instrumentalness>0.010521</instrumentalness><mode>0</mode><time_signature>4</time_signature><duration>228.75955</duration><loudness>-12.742</loudness><audio_md5 /><valence>0.629169</valence><danceability>0.661861</danceability></audio_summary><title>Making History (Demo)</title></song><song><artist_id>AR7G5I41187FB4CE6C</artist_id><artist_name>Adam Ant</artist_name><id>SOPWGBX137314AC0C5</id><audio_summary><key>6</key><analysis_url>http://echonest-analysis.s3.amazonaws.com/TR/2-IAWAjhob7f-yByRXQg2EfQlUojSYEkV7fo7KcIHRv7CXTMlQlPlZ7wNEjSGUMXOYcpxCjdXm12IY73I%3D/3/full.json?AWSAccessKeyId=AKIAJRDFEY23UEVW42BQ&amp;Expires=1415342840&amp;Signature=K93fkAjVOwj0koust/do8FPg7%2Bk%3D</analysis_url><energy>0.558399</energy><liveness>0.097494</liveness><tempo>208.641</tempo><speechiness>0.073363</speechiness><acousticness>0.00239</acousticness><instrumentalness>0.829353</instrumentalness><mode>0</mode><time_signature>4</time_signature><duration>183.35955</duration><loudness>-13.245</loudness><audio_md5 /><valence>0.443279</valence><danceability>0.416509</danceability></audio_summary><title>Seven Up (Instrumental Demo)</title></song><song><artist_id>AR7G5I41187FB4CE6C</artist_id><artist_name>Adam Ant</artist_name><id>SOQIHLS12A6D4F7C3E</id><audio_summary><key>4</key><analysis_url>http://echonest-analysis.s3.amazonaws.com/TR/CW0bLgSLGFhoFWDFEPd0qwNcth7wYV9Tk2PwERpTaXFxj4NnfzplKNGFpeT5itf2kwDa4Xtf0aqrMc2FE%3D/3/full.json?AWSAccessKeyId=AKIAJRDFEY23UEVW42BQ&amp;Expires=1415342840&amp;Signature=ad9TkuY4Awqa5a13xYzC5R/LaCM%3D</analysis_url><energy>0.739594</energy><liveness>0.148068</liveness><tempo>95.955</tempo><speechiness>0.02437</speechiness><acousticness>0.018231</acousticness><instrumentalness>0.008717</instrumentalness><mode>0</mode><time_signature>4</time_signature><duration>258.62621</duration><loudness>-5.762</loudness><audio_md5 /><valence>0.597845</valence><danceability>0.561174</danceability></audio_summary><title>Phoenix</title></song><song><artist_id>AR7G5I41187FB4CE6C</artist_id><artist_name>Adam Ant</artist_name><id>SOICQSJ12A6D4F7C41</id><audio_summary><key>3</key><analysis_url>http://echonest-analysis.s3.amazonaws.com/TR/FZFV5g8COX1YWrD40T7vzEby2JnfTGzzGLLAaCYB133sshsWR8J0JMHEDI1k7U1k-RA-s311L67J_R9Xs%3D/3/full.json?AWSAccessKeyId=AKIAJRDFEY23UEVW42BQ&amp;Expires=1415342840&amp;Signature=Drguwwk4CyF9k4mw40%2B9TuUgvIY%3D</analysis_url><energy>0.668558</energy><liveness>0.069526</liveness><tempo>102.05</tempo><speechiness>0.027028</speechiness><acousticness>0.092251</acousticness><instrumentalness>1e-06</instrumentalness><mode>0</mode><time_signature>4</time_signature><duration>236.51955</duration><loudness>-10.93</loudness><audio_md5 /><valence>0.431744</valence><danceability>0.566295</danceability></audio_summary><title>Wonderful (Remix)</title></song><song><artist_id>AR7G5I41187FB4CE6C</artist_id><artist_name>Adam Ant</artist_name><id>SOIYBAF1311AFE2E71</id><audio_summary><key>0</key><analysis_url>http://echonest-analysis.s3.amazonaws.com/TR/Q4cQBwYj9FZ8Jw79iPGi_pZ_h6Rx80qs7Lie8gW1W5-Rr4SSLXcG2SBxofgQsJexrtRTGnftEgJpHixOA%3D/3/full.json?AWSAccessKeyId=AKIAJRDFEY23UEVW42BQ&amp;Expires=1415342840&amp;Signature=FZlwz6EPAuFLsQnY9Y6fcuL59VE%3D</analysis_url><energy>0.961123</energy><liveness>0.44424</liveness><tempo>90.684</tempo><speechiness>0.11166</speechiness><acousticness>0.189725</acousticness><instrumentalness>0.21436</instrumentalness><mode>1</mode><time_signature>4</time_signature><duration>181.93288</duration><loudness>-5.325</loudness><audio_md5 /><valence>0.612572</valence><danceability>0.574088</danceability></audio_summary><title>Place In The Country (Adam On Drums Demo)</title></song><song><artist_id>AR7G5I41187FB4CE6C</artist_id><artist_name>Adam Ant</artist_name><id>SOJYYCU1312A8A6635</id><audio_summary><key>8</key><analysis_url>http://echonest-analysis.s3.amazonaws.com/TR/DAtiUQ0D-hUr5PXThOgnHnp-RjIpOUw5d-Dhze8Tfb7Nwok4m07TXwY1wNHDMA4sMBXEJLIXVv0aiWfhU%3D/3/full.json?AWSAccessKeyId=AKIAJRDFEY23UEVW42BQ&amp;Expires=1415342840&amp;Signature=xUH4wHevAdyoJknql1kvLjDTZ9Q%3D</analysis_url><energy>0.670883</energy><liveness>0.379183</liveness><tempo>119.798</tempo><speechiness>0.043389</speechiness><acousticness>0.40998</acousticness><instrumentalness>0.844087</instrumentalness><mode>1</mode><time_signature>4</time_signature><duration>139.13288</duration><loudness>-6.581</loudness><audio_md5 /><valence>0.134836</valence><danceability>0.691204</danceability></audio_summary><title>Little Italy (Demo version of Man Called Marco)</title></song><song><artist_id>AR7G5I41187FB4CE6C</artist_id><artist_name>Adam Ant</artist_name><id>SOIDAMI1312A8A8C71</id><audio_summary><key>7</key><analysis_url>http://echonest-analysis.s3.amazonaws.com/TR/tD6Ing6oszgFhbG_ZC_E9gS-TYNFH0cjYai5MMDzQWWvqDRfoLAWINODRX9OCm1UEKAtWa_qqLyNyKgds%3D/3/full.json?AWSAccessKeyId=AKIAJRDFEY23UEVW42BQ&amp;Expires=1415342840&amp;Signature=hh9vI8D4ueI5VLYBkoQXRGQ%2B/zY%3D</analysis_url><energy>0.7935</energy><liveness>0.115133</liveness><tempo>179.06</tempo><speechiness>0.113747</speechiness><acousticness>0.124644</acousticness><instrumentalness>0.0</instrumentalness><mode>1</mode><time_signature>4</time_signature><duration>165.17288</duration><loudness>-5.26</loudness><audio_md5 /><valence>0.666702</valence><danceability>0.543471</danceability></audio_summary><title>Horse You Rode In On (Unreleased Demo Track)</title></song><song><artist_id>AR7G5I41187FB4CE6C</artist_id><artist_name>Adam Ant</artist_name><id>SOCZCVX12AB018F6E8</id><audio_summary><key>8</key><analysis_url>http://echonest-analysis.s3.amazonaws.com/TR/Czy6YAAHY5ojwbqg6fJrQixFGxlT_o1Nbrt7NpVHI3x8RToim3Sr42cMzkQNIoZIWqYpV4FnoVy7RUEhI%3D/3/full.json?AWSAccessKeyId=AKIAJRDFEY23UEVW42BQ&amp;Expires=1415342840&amp;Signature=jAVVUaAX8Tdbj9qoPJNvhLDVuMc%3D</analysis_url><energy>0.693062</energy><liveness>0.206118</liveness><tempo>162.927</tempo><speechiness>0.141082</speechiness><acousticness>0.435016</acousticness><instrumentalness>0.0</instrumentalness><mode>1</mode><time_signature>4</time_signature><duration>176.01288</duration><loudness>-11.936</loudness><audio_md5 /><valence>0.516747</valence><danceability>0.584902</danceability></audio_summary><title>Friend Or Foe (Demo)</title></song><song><artist_id>AR7G5I41187FB4CE6C</artist_id><artist_name>Adam Ant</artist_name><id>SOFDYWE13167716C78</id><audio_summary><key>3</key><analysis_url>http://echonest-analysis.s3.amazonaws.com/TR/6jd9rALH1MeECWKqvA1c7bDtxGqneTBUKwHRM40LjZIZ6JAebKZNUNGoCkpk37L-kHoy8oCE9PLjOE3ws%3D/3/full.json?AWSAccessKeyId=AKIAJRDFEY23UEVW42BQ&amp;Expires=1415342840&amp;Signature=Qs0lzf16hVJMvYhCdcTabomknw8%3D</analysis_url><energy>0.554043</energy><liveness>0.092863</liveness><tempo>102.041</tempo><speechiness>0.025614</speechiness><acousticness>0.627201</acousticness><instrumentalness>1.6e-05</instrumentalness><mode>0</mode><time_signature>4</time_signature><duration>172.57288</duration><loudness>-10.527</loudness><audio_md5 /><valence>0.458422</valence><danceability>0.55725</danceability></audio_summary><title>Wonderful (AC Mix)</title></song><song><artist_id>AR7G5I41187FB4CE6C</artist_id><artist_name>Adam Ant</artist_name><id>SOFXSGE1312A8A6415</id><audio_summary><key>11</key><analysis_url>http://echonest-analysis.s3.amazonaws.com/TR/nHFfzAlPrfIMg2B2IenssFDddhkzzgmQQhLrl55pQafPdc2NpcPwG4TWmsasVtvNtGEyoPdIzZVST2FQQ%3D/3/full.json?AWSAccessKeyId=AKIAJRDFEY23UEVW42BQ&amp;Expires=1415342840&amp;Signature=pSWfnM/jzj9TzVcrP9UeMrv9k3Y%3D</analysis_url><energy>0.627385</energy><liveness>0.24885</liveness><tempo>126.262</tempo><speechiness>0.13081</speechiness><acousticness>0.526336</acousticness><instrumentalness>0.002811</instrumentalness><mode>1</mode><time_signature>4</time_signature><duration>228.81288</duration><loudness>-8.673</loudness><audio_md5 /><valence>0.499641</valence><danceability>0.709772</danceability></audio_summary><title>I Know They Know (Unreleased Demo Track)</title></song><song><artist_id>AR7G5I41187FB4CE6C</artist_id><artist_name>Adam Ant</artist_name><id>SOBDOFG131677143F1</id><audio_summary><key>3</key><analysis_url>http://echonest-analysis.s3.amazonaws.com/TR/SoHpCQhuaIXg325xmuTRekl6BVm_XUb-3sJfHDTON1P-ytJGAkrg7iEhbtV268OJSplLwqc2CQlGrQEvM%3D/3/full.json?AWSAccessKeyId=AKIAJRDFEY23UEVW42BQ&amp;Expires=1415342840&amp;Signature=LavLuWPV2Eu9jKd8J9ymB/IuUj8%3D</analysis_url><energy>0.585494</energy><liveness>0.112167</liveness><tempo>110.185</tempo><speechiness>0.029187</speechiness><acousticness>0.358492</acousticness><instrumentalness>0.224079</instrumentalness><mode>0</mode><time_signature>4</time_signature><duration>257.53288</duration><loudness>-6.244</loudness><audio_md5 /><valence>0.733873</valence><danceability>0.706694</danceability></audio_summary><title>Norman</title></song><song><artist_id>AR7G5I41187FB4CE6C</artist_id><artist_name>Adam Ant</artist_name><id>SOIYZNH1312A8AA097</id><audio_summary><key>9</key><analysis_url>http://echonest-analysis.s3.amazonaws.com/TR/HgSACQeDHqBdFDUgsIKG36_ZwgAUuwE-oi-peRnjqGfpyWYpY32z5ZC-Oh4uYY7FmlidXyGtEG3QrBu68%3D/3/full.json?AWSAccessKeyId=AKIAJRDFEY23UEVW42BQ&amp;Expires=1415342840&amp;Signature=PH4nDqU%2B/u/B%2B1TnJLIgb5rT008%3D</analysis_url><energy>0.659986</energy><liveness>0.393579</liveness><tempo>187.025</tempo><speechiness>0.063405</speechiness><acousticness>0.392996</acousticness><instrumentalness>0.0</instrumentalness><mode>1</mode><time_signature>4</time_signature><duration>187.37288</duration><loudness>-10.095</loudness><audio_md5 /><valence>0.944564</valence><danceability>0.656541</danceability></audio_summary><title>Yours, Yours, Yours</title></song><song><artist_id>AR7G5I41187FB4CE6C</artist_id><artist_name>Adam Ant</artist_name><id>SOCNTZP1311AFE64BA</id><audio_summary><key>0</key><analysis_url>http://echonest-analysis.s3.amazonaws.com/TR/B3f7-AYEaebwkL_6_w0uIpVXfAYx5KoW4DHoeQI5qRGZfUL3Xa8NB349wqk77JegznzOVTkGZmYpRebWs%3D/3/full.json?AWSAccessKeyId=AKIAJRDFEY23UEVW42BQ&amp;Expires=1415342840&amp;Signature=4sDBGdttSaH/qWDl%2BEXJjqYLqBQ%3D</analysis_url><energy>0.891853</energy><liveness>0.654484</liveness><tempo>159.966</tempo><speechiness>0.103992</speechiness><acousticness>0.738635</acousticness><instrumentalness>0.101454</instrumentalness><mode>1</mode><time_signature>4</time_signature><duration>195.45288</duration><loudness>-9.43</loudness><audio_md5 /><valence>0.352645</valence><danceability>0.610986</danceability></audio_summary><title>Rip Down (Demo)</title></song><song><artist_id>AR7G5I41187FB4CE6C</artist_id><artist_name>Adam Ant</artist_name><id>SOCBPJH1372D07916C</id><audio_summary><key>7</key><analysis_url>http://echonest-analysis.s3.amazonaws.com/TR/rvJyPwfeMpVd3gSuf6f6QPms7XnTWnH1hm5JZB6ur-8JcCa_Ib55uKhdstZHgKKi4bONHr-cKJ4TjfNiU%3D/3/full.json?AWSAccessKeyId=AKIAJRDFEY23UEVW42BQ&amp;Expires=1415342840&amp;Signature=eumYtN7JsFHkgxdwRxlW3Ha5%2By4%3D</analysis_url><energy>0.845913</energy><liveness>0.156429</liveness><tempo>132.175</tempo><speechiness>0.04106</speechiness><acousticness>0.063747</acousticness><instrumentalness>0.054021</instrumentalness><mode>1</mode><time_signature>4</time_signature><duration>174.55955</duration><loudness>-6.608</loudness><audio_md5 /><valence>0.697173</valence><danceability>0.432565</danceability></audio_summary><title>Get A Grip</title></song><song><artist_id>AR7G5I41187FB4CE6C</artist_id><artist_name>Adam Ant</artist_name><id>SOXVOCX13D52606FB0</id><audio_summary><key>0</key><analysis_url>http://echonest-analysis.s3.amazonaws.com/TR/laZh_ALTpAaYYVGZBC2kiH2wd4vLbRsz3KdHbq/3/full.json?AWSAccessKeyId=AKIAJRDFEY23UEVW42BQ&amp;Expires=1415342840&amp;Signature=qKmat6av5Z67MQZs2TSJgrrIpII%3D</analysis_url><energy>0.946698</energy><liveness>0.409869</liveness><tempo>82.69</tempo><speechiness>0.042874</speechiness><acousticness>0.178068</acousticness><instrumentalness>0.000137</instrumentalness><mode>1</mode><time_signature>4</time_signature><duration>43.72853</duration><loudness>-6.838</loudness><audio_md5 /><valence>0.937828</valence><danceability>0.592596</danceability></audio_summary><title>Mohair Locker Room Pin-Up Boys</title></song><song><artist_id>AR7G5I41187FB4CE6C</artist_id><artist_name>Adam Ant</artist_name><id>SODSUCX12A58A7CC06</id><audio_summary><key>10</key><analysis_url>http://echonest-analysis.s3.amazonaws.com/TR/2L7wNwvgVjszgKKOj_AeLmo9L71h60xwfYAe6zsWNPh-i_lLNE3iqxR4rPxcTP9gmjHxsKuhO4vUU_LYw%3D/3/full.json?AWSAccessKeyId=AKIAJRDFEY23UEVW42BQ&amp;Expires=1415342840&amp;Signature=j4Kr/VngjQUZpbQI0WXkpaHPT6Y%3D</analysis_url><energy>0.964318</energy><liveness>0.357558</liveness><tempo>165.343</tempo><speechiness>0.043953</speechiness><acousticness>0.099936</acousticness><instrumentalness>2e-05</instrumentalness><mode>1</mode><time_signature>4</time_signature><duration>194.93288</duration><loudness>-6.34</loudness><audio_md5 /><valence>0.848797</valence><danceability>0.502888</danceability></audio_summary><title>Mohair Locker Room Pin-Up Boys</title></song><song><artist_id>AR7G5I41187FB4CE6C</artist_id><artist_name>Adam Ant</artist_name><id>SOEVROG145AFEDE849</id><audio_summary><key>7</key><analysis_url>http://echonest-analysis.s3.amazonaws.com/TR/4u_M1QKyvO9BNLkdVnf0ll90dQHZFhNePo7s9Uyl7YcOVcoiIffN3ASRVAsxThXC4awooAefnw1ZWEWRg%3D/3/full.json?AWSAccessKeyId=AKIAJRDFEY23UEVW42BQ&amp;Expires=1415342840&amp;Signature=u90dov9V9eg1cYvhX5o8e/gmoWU%3D</analysis_url><energy>0.883909</energy><liveness>0.464309</liveness><tempo>110.08</tempo><speechiness>0.034527</speechiness><acousticness>0.161475</acousticness><instrumentalness>0.000778</instrumentalness><mode>1</mode><time_signature>4</time_signature><duration>246.85288</duration><loudness>-5.494</loudness><audio_md5>95807c95113ac60f74da6e4744b7cffb</audio_md5><valence>0.818278</valence><danceability>0.611141</danceability></audio_summary><title>Scorpio Rising</title></song><song><artist_id>AR7G5I41187FB4CE6C</artist_id><artist_name>Adam Ant</artist_name><id>SOFWNCU12A8AE47201</id><audio_summary><key>0</key><analysis_url>http://echonest-analysis.s3.amazonaws.com/TR/7zaD1gBWebK6_PfgFoSlL1VqMpqOqwBxt4WvGBE1Egj2XM84DoUlg0rmt9rbpS4nJ3SHcyLq-E3WhyoiM%3D/3/full.json?AWSAccessKeyId=AKIAJRDFEY23UEVW42BQ&amp;Expires=1415342840&amp;Signature=vK7Dq6sXTM6TkggNu48IjKDX6Rs%3D</analysis_url><energy>0.844537</energy><liveness>0.68118</liveness><tempo>118.437</tempo><speechiness>0.053466</speechiness><acousticness>0.004822</acousticness><instrumentalness>7e-06</instrumentalness><mode>1</mode><time_signature>4</time_signature><duration>221.27955</duration><loudness>-6.622</loudness><audio_md5 /><valence>0.783863</valence><danceability>0.623043</danceability></audio_summary><title>Apollo 9 (Unreleased Francois K 7" Mix)</title></song><song><artist_id>AR7G5I41187FB4CE6C</artist_id><artist_name>Adam Ant</artist_name><id>SODSDCT1312A8A66F0</id><audio_summary><key>0</key><analysis_url>http://echonest-analysis.s3.amazonaws.com/TR/VGDICwYjm0HW6vRewB8eebSloFbSFne-aZ3fJxkIA8zAXtph80n15CnvMdtHdX9WdZQG6q4QJyEpaBCVg%3D/3/full.json?AWSAccessKeyId=AKIAJRDFEY23UEVW42BQ&amp;Expires=1415342840&amp;Signature=3C0allq7USnoRCv7u7QXIKqf%2Bbs%3D</analysis_url><energy>0.936215</energy><liveness>0.725675</liveness><tempo>187.099</tempo><speechiness>0.051923</speechiness><acousticness>0.051288</acousticness><instrumentalness>0.0</instrumentalness><mode>1</mode><time_signature>4</time_signature><duration>205.34621</duration><loudness>-5.95</loudness><audio_md5 /><valence>0.756643</valence><danceability>0.410103</danceability></audio_summary><title>P.O.E.</title></song><song><artist_id>AR7G5I41187FB4CE6C</artist_id><artist_name>Adam Ant</artist_name><id>SOEDQTZ12A8AE46124</id><audio_summary><key>10</key><analysis_url>http://echonest-analysis.s3.amazonaws.com/TR/b-FHcAKtWQcqgGcTCvxba9WpL6XgrjRirx4cPivH3AfeqGcVeHxnEc7ma8tmwSNhjTxoACHTr0xmXG-a0%3D/3/full.json?AWSAccessKeyId=AKIAJRDFEY23UEVW42BQ&amp;Expires=1415342840&amp;Signature=ZoPQYJGfEXiI53mIFpPPeHdL0iY%3D</analysis_url><energy>0.863107</energy><liveness>0.095117</liveness><tempo>131.46</tempo><speechiness>0.04149</speechiness><acousticness>0.001012</acousticness><instrumentalness>0.031036</instrumentalness><mode>1</mode><time_signature>4</time_signature><duration>311.90621</duration><loudness>-12.899</loudness><audio_md5 /><valence>0.563874</valence><danceability>0.802449</danceability></audio_summary><title>Vive Le Rock - Instrumental Dub Mix</title></song><song><artist_id>AR7G5I41187FB4CE6C</artist_id><artist_name>Adam Ant</artist_name><id>SOAWIQC1315CD46659</id><audio_summary><key>0</key><analysis_url>http://echonest-analysis.s3.amazonaws.com/TR/twdPxgJ2BeTR5LUKIJ95JVXnABOImhKCRSv5pib-gbYFd5g9zTTwoCeqdfjhLsoKi0Z0bSECfUDlj9v34%3D/3/full.json?AWSAccessKeyId=AKIAJRDFEY23UEVW42BQ&amp;Expires=1415342840&amp;Signature=2l%2B2h4HTKTARmJrA3cOPW37r0DA%3D</analysis_url><energy>0.689039</energy><liveness>0.184327</liveness><tempo>95.07</tempo><speechiness>0.03446</speechiness><acousticness>0.215249</acousticness><instrumentalness>3.1e-05</instrumentalness><mode>1</mode><time_signature>4</time_signature><duration>215.33288</duration><loudness>-11.761</loudness><audio_md5 /><valence>0.94476</valence><danceability>0.747283</danceability></audio_summary><title>Kiss The Drummer</title></song><song><artist_id>AR7G5I41187FB4CE6C</artist_id><artist_name>Adam Ant</artist_name><id>SOIDFKV145B1679901</id><audio_summary><key>8</key><analysis_url>http://echonest-analysis.s3.amazonaws.com/TR/t0nN1QNKiik19zJeTL_WuWRc4vfdUv-Mt1lSO3Yt_-PhZJ8FpVaUJ4v-JRL3a_kxruqagBUCIh-HjdpKY%3D/3/full.json?AWSAccessKeyId=AKIAJRDFEY23UEVW42BQ&amp;Expires=1415342840&amp;Signature=Fta10sYnEW%2Bf6E9iPD6BOSnkj%2Bo%3D</analysis_url><energy>0.782295</energy><liveness>0.989112</liveness><tempo>97.718</tempo><speechiness>0.026244</speechiness><acousticness>0.040416</acousticness><instrumentalness>0.001252</instrumentalness><mode>1</mode><time_signature>4</time_signature><duration>197.31955</duration><loudness>-7.572</loudness><audio_md5 /><valence>0.720819</valence><danceability>0.590142</danceability></audio_summary><title>Cleopatra (Live)</title></song><song><artist_id>AR7G5I41187FB4CE6C</artist_id><artist_name>Adam Ant</artist_name><id>SOTONKY12AF72A543B</id><audio_summary><key>10</key><analysis_url>http://echonest-analysis.s3.amazonaws.com/TR/QQDOCQuw0V2AhGq1Mk1BfrU2sg7_hfzhMfMk7yGP75q52kPL_Zmd0pdWnB8sr80RbJtAo4tpQ5cTVNUyE%3D/3/full.json?AWSAccessKeyId=AKIAJRDFEY23UEVW42BQ&amp;Expires=1415342840&amp;Signature=QC2yazLXJNKmwDccfVs918D0vV8%3D</analysis_url><energy>0.811235</energy><liveness>0.15845</liveness><tempo>118.032</tempo><speechiness>0.056396</speechiness><acousticness>0.243875</acousticness><instrumentalness>1e-06</instrumentalness><mode>1</mode><time_signature>4</time_signature><duration>240.31955</duration><loudness>-7.718</loudness><audio_md5>5dfb1a3634ea1698c83f697a7b8ef45e</audio_md5><valence>0.591458</valence><danceability>0.620595</danceability></audio_summary><title>Billy Boy</title></song><song><artist_id>AR7G5I41187FB4CE6C</artist_id><artist_name>Adam Ant</artist_name><id>SOLOEVM12AF72A5928</id><audio_summary><key>4</key><analysis_url>http://echonest-analysis.s3.amazonaws.com/TR/UcSrcAuFHtnxyUs7FF8pk7ZYGcA8joyVZYRf-sfivpf8ppwDIL2vmBhbp4dt4fCXgGQM4EB5pA8vkMaoM%3D/3/full.json?AWSAccessKeyId=AKIAJRDFEY23UEVW42BQ&amp;Expires=1415342840&amp;Signature=aCIHoh/G62Rb19fWSo/78zk6B3w%3D</analysis_url><energy>0.782544</energy><liveness>0.224256</liveness><tempo>126.437</tempo><speechiness>0.031429</speechiness><acousticness>0.006272</acousticness><instrumentalness>0.0</instrumentalness><mode>0</mode><time_signature>4</time_signature><duration>277.53288</duration><loudness>-7.11</loudness><audio_md5>1c37e0d719e8c2355e2455c2f4b9fd73</audio_md5><valence>0.517706</valence><danceability>0.564633</danceability></audio_summary><title>Let's Have A Fight</title></song><song><artist_id>AR7G5I41187FB4CE6C</artist_id><artist_name>Adam Ant</artist_name><id>SOXUTTV13E87F7BC51</id><audio_summary><key>11</key><analysis_url>http://echonest-analysis.s3.amazonaws.com/TR/zdx2ZAcE3CtKd40tU6S4K2PHixnyCNj1HZtPNI/3/full.json?AWSAccessKeyId=AKIAJRDFEY23UEVW42BQ&amp;Expires=1415342840&amp;Signature=K5aWr4xUC1yoD3JbmVOaYECj2zA%3D</analysis_url><energy>0.537518</energy><liveness>0.365773</liveness><tempo>83.416</tempo><speechiness>0.102998</speechiness><acousticness>0.811063</acousticness><instrumentalness>0.018312</instrumentalness><mode>1</mode><time_signature>4</time_signature><duration>159.55546</duration><loudness>-9.155</loudness><audio_md5 /><valence>0.698053</valence><danceability>0.671987</danceability></audio_summary><title>Coup D'Etat</title></song><song><artist_id>AR7G5I41187FB4CE6C</artist_id><artist_name>Adam Ant</artist_name><id>SOHDHWQ1315CD47FED</id><audio_summary><key>2</key><analysis_url>http://echonest-analysis.s3.amazonaws.com/TR/zL47LwczAK0Yp6MN89oMLcqSfYKHUtAA11lbV7WAD1p2vxiPQccNOnT3FwykK8db6MrnS1kFMdO_1pwLo%3D/3/full.json?AWSAccessKeyId=AKIAJRDFEY23UEVW42BQ&amp;Expires=1415342840&amp;Signature=Ki5BeJJf/YsIjIjkHJNZuWmmv8A%3D</analysis_url><energy>0.867476</energy><liveness>0.043081</liveness><tempo>119.064</tempo><speechiness>0.027855</speechiness><acousticness>0.019205</acousticness><instrumentalness>6.6e-05</instrumentalness><mode>1</mode><time_signature>4</time_signature><duration>255.63955</duration><loudness>-9.153</loudness><audio_md5>1148c621cd63f9b69b424c0aef804273</audio_md5><valence>0.953483</valence><danceability>0.711122</danceability></audio_summary><title>If You Keep On</title></song><song><artist_id>AR7G5I41187FB4CE6C</artist_id><artist_name>Adam Ant</artist_name><id>SOTDFZC13D98CBEDBB</id><audio_summary><key>4</key><analysis_url>http://echonest-analysis.s3.amazonaws.com/TR/5m_T9A2hkr__tqkP3NdzT5kqjSJoCuTROq2NapQVXtCI07uk2nzsIkcGvwmCeEIsbjAQJh89eDR-Wd-0o%3D/3/full.json?AWSAccessKeyId=AKIAJRDFEY23UEVW42BQ&amp;Expires=1415342840&amp;Signature=6k7noARxueuPF06InSCcTIeEGho%3D</analysis_url><energy>0.737361</energy><liveness>0.688359</liveness><tempo>123.032</tempo><speechiness>0.037063</speechiness><acousticness>0.077861</acousticness><instrumentalness>0.000243</instrumentalness><mode>1</mode><time_signature>4</time_signature><duration>221.66621</duration><loudness>-5.44</loudness><audio_md5>02b5de6c59567f927dce62bd99a11585</audio_md5><valence>0.464173</valence><danceability>0.569585</danceability></audio_summary><title>Sausage</title></song><song><artist_id>AR7G5I41187FB4CE6C</artist_id><artist_name>Adam Ant</artist_name><id>SOKVOPX12A6D4F7C49</id><audio_summary><key>8</key><analysis_url>http://echonest-analysis.s3.amazonaws.com/TR/cTD0KwXS8Zt3MRwBAx0JWYdtL-lYlTY2FDUIhGAo5dvNRVoWi77g7ax2x8lX8ADaoUMFXGt26c6i4lmDM%3D/3/full.json?AWSAccessKeyId=AKIAJRDFEY23UEVW42BQ&amp;Expires=1415342840&amp;Signature=Qgq7InYC06yX%2Bgvw5Je%2BHegKBwI%3D</analysis_url><energy>0.954696</energy><liveness>0.726859</liveness><tempo>165.873</tempo><speechiness>0.052645</speechiness><acousticness>0.003143</acousticness><instrumentalness>5e-06</instrumentalness><mode>1</mode><time_signature>4</time_signature><duration>189.37288</duration><loudness>-7.792</loudness><audio_md5>64873042171f6ca1f81892930c185efa</audio_md5><valence>0.455854</valence><danceability>0.280364</danceability></audio_summary><title>Beat My Guest (Live)</title></song><song><artist_id>AR7G5I41187FB4CE6C</artist_id><artist_name>Adam Ant</artist_name><id>SOCJUZH1311AFE5C41</id><audio_summary><key>9</key><analysis_url>http://echonest-analysis.s3.amazonaws.com/TR/W1TnjQI11WyuDQ-90BMgphci4TyaHZQMv9BDliDCOHk2zgQtJQJCUbZ2qHBF8h_ZKg9K_Yl7IViULTicA%3D/3/full.json?AWSAccessKeyId=AKIAJRDFEY23UEVW42BQ&amp;Expires=1415342840&amp;Signature=XOEzqImncEsNlYtWVRXKyGyNwh4%3D</analysis_url><energy>0.708434</energy><liveness>0.321612</liveness><tempo>121.986</tempo><speechiness>0.02968</speechiness><acousticness>0.027201</acousticness><instrumentalness>8e-06</instrumentalness><mode>1</mode><time_signature>4</time_signature><duration>231.11955</duration><loudness>-6.623</loudness><audio_md5 /><valence>0.60499</valence><danceability>0.73187</danceability></audio_summary><title>Amazon</title></song><song><artist_id>AR7G5I41187FB4CE6C</artist_id><artist_name>Adam Ant</artist_name><id>SOCQJPX13D98CD0377</id><audio_summary><key>4</key><analysis_url>http://echonest-analysis.s3.amazonaws.com/TR/K9sFlgYT-GTUnspQGMl1lwrNNcCJNLSPvekerx/3/full.json?AWSAccessKeyId=AKIAJRDFEY23UEVW42BQ&amp;Expires=1415342840&amp;Signature=znTxIqu4Z8ef/3Uf6lGXQ1gQIgM%3D</analysis_url><energy>0.644268</energy><liveness>0.082989</liveness><tempo>119.969</tempo><speechiness>0.028201</speechiness><acousticness>0.329235</acousticness><instrumentalness>1.3e-05</instrumentalness><mode>0</mode><time_signature>4</time_signature><duration>342.66231</duration><loudness>-7.945</loudness><audio_md5 /><valence>0.242055</valence><danceability>0.57412</danceability></audio_summary><title>Valentines</title></song><song><artist_id>AR7G5I41187FB4CE6C</artist_id><artist_name>Adam Ant</artist_name><id>SOTSVBR13D523F5216</id><audio_summary><key>0</key><analysis_url>http://echonest-analysis.s3.amazonaws.com/TR/fajG7gnsdCPJUPMaEQiKF9399YX7Ia3YvPLuQI/3/full.json?AWSAccessKeyId=AKIAJRDFEY23UEVW42BQ&amp;Expires=1415342840&amp;Signature=N9bRsiA5h/5ZSbh2H27Yvaixucg%3D</analysis_url><energy>0.902541</energy><liveness>0.2008</liveness><tempo>78.213</tempo><speechiness>0.095137</speechiness><acousticness>0.321799</acousticness><instrumentalness>0.0</instrumentalness><mode>1</mode><time_signature>4</time_signature><duration>42.39628</duration><loudness>-7.246</loudness><audio_md5 /><valence>0.71641</valence><danceability>0.562826</danceability></audio_summary><title>Rip Down</title></song><song><artist_id>AR7G5I41187FB4CE6C</artist_id><artist_name>Adam Ant</artist_name><id>SOJYFHJ1315CD4926F</id><audio_summary><key>9</key><analysis_url>http://echonest-analysis.s3.amazonaws.com/TR/1yEC3wbSKK5qMVL8qityqQtW8cnemRHQxvKhy0IV0uw2yiiUbp5rVpOiVMRX3nLodT19zsE8ksagM4hBY%3D/3/full.json?AWSAccessKeyId=AKIAJRDFEY23UEVW42BQ&amp;Expires=1415342840&amp;Signature=7rYeFlolfQr/9wBAvaUQP6EdJXk%3D</analysis_url><energy>0.837326</energy><liveness>0.259735</liveness><tempo>110.036</tempo><speechiness>0.026007</speechiness><acousticness>0.006588</acousticness><instrumentalness>0.163578</instrumentalness><mode>1</mode><time_signature>4</time_signature><duration>282.57288</duration><loudness>-8.646</loudness><audio_md5>f6d9a58a1c3aaf3cf7664ff39a48654c</audio_md5><valence>0.570032</valence><danceability>0.625747</danceability></audio_summary><title>Can't Set Rules About Love</title></song><song><artist_id>AR7G5I41187FB4CE6C</artist_id><artist_name>Adam Ant</artist_name><id>SOKDLXS1316771551F</id><audio_summary><key>0</key><analysis_url>http://echonest-analysis.s3.amazonaws.com/TR/yQOKAQupFM8oszMD7q8UBUiJG4K4Pd28-s_3nAAjHJ0u8Mq9_8lrm64XS-ssVbAz8b_5ytNyKTqH1a_10%3D/3/full.json?AWSAccessKeyId=AKIAJRDFEY23UEVW42BQ&amp;Expires=1415342840&amp;Signature=sM3hSqJNrw9t6dVbfEGaDOipyi4%3D</analysis_url><energy>0.758861</energy><liveness>0.192034</liveness><tempo>123.96</tempo><speechiness>0.028978</speechiness><acousticness>0.030499</acousticness><instrumentalness>0.0</instrumentalness><mode>1</mode><time_signature>4</time_signature><duration>219.2888</duration><loudness>-6.99</loudness><audio_md5>af0eb095d0306807c6bf19d689f8b2af</audio_md5><valence>0.962942</valence><danceability>0.693081</danceability></audio_summary><title>Alien</title></song><song><artist_id>AR7G5I41187FB4CE6C</artist_id><artist_name>Adam Ant</artist_name><id>SOIJGHB145B17E7BDD</id><audio_summary><key>8</key><analysis_url>http://echonest-analysis.s3.amazonaws.com/TR/odgDHAfKXpSb835Q-o9uV7ekVbeVZBIUBAmhXo-yVI2kBNVezxSH-T27cF8yPT2ELKdTOZP_bYbwtZRd8%3D/3/full.json?AWSAccessKeyId=AKIAJRDFEY23UEVW42BQ&amp;Expires=1415342840&amp;Signature=n9sAlPhLoYP71pdk/%2BNOldPgjLc%3D</analysis_url><energy>0.85927</energy><liveness>0.531709</liveness><tempo>102.674</tempo><speechiness>0.044884</speechiness><acousticness>0.000134</acousticness><instrumentalness>0.001883</instrumentalness><mode>0</mode><time_signature>4</time_signature><duration>204.05288</duration><loudness>-9.622</loudness><audio_md5>3d987e9efdcff3d54a3ceda979a8750c</audio_md5><valence>0.764859</valence><danceability>0.559859</danceability></audio_summary><title>Dog Eat Dog (Live)</title></song><song><artist_id>AR7G5I41187FB4CE6C</artist_id><artist_name>Adam Ant</artist_name><id>SOAIOBL13E87BB8E83</id><audio_summary><key>9</key><analysis_url>http://echonest-analysis.s3.amazonaws.com/TR/--MqfAkC7piiuzbqFThsNWWaD8dw2gZ3ugGFfM/3/full.json?AWSAccessKeyId=AKIAJRDFEY23UEVW42BQ&amp;Expires=1415342840&amp;Signature=ZWbh5KBz5ysijElvPkIicb5PV1U%3D</analysis_url><energy>0.748733</energy><liveness>0.028581</liveness><tempo>106.724</tempo><speechiness>0.037565</speechiness><acousticness>0.014967</acousticness><instrumentalness>0.000137</instrumentalness><mode>1</mode><time_signature>4</time_signature><duration>214.07302</duration><loudness>-10.895</loudness><audio_md5 /><valence>0.927743</valence><danceability>0.722741</danceability></audio_summary><title>Friends</title></song><song><artist_id>AR7G5I41187FB4CE6C</artist_id><artist_name>Adam Ant</artist_name><id>SOCQTHI12A8AE4621C</id><audio_summary><key>9</key><analysis_url>http://echonest-analysis.s3.amazonaws.com/TR/II4TxQ--__hjfD6mBNX1wGbxCBZ6b4p2xc2x7CZqbgYMmUBwjFmCBqk6W3E5yLSOwdNHg3iUaHXvyQUds%3D/3/full.json?AWSAccessKeyId=AKIAJRDFEY23UEVW42BQ&amp;Expires=1415342840&amp;Signature=cSApbcWHEs5c2rwHkrn8Re6pSVc%3D</analysis_url><energy>0.488332</energy><liveness>0.211129</liveness><tempo>116.06</tempo><speechiness>0.043669</speechiness><acousticness>0.260138</acousticness><instrumentalness>0.000332</instrumentalness><mode>1</mode><time_signature>4</time_signature><duration>267.83955</duration><loudness>-12.518</loudness><audio_md5 /><valence>0.907464</valence><danceability>0.762062</danceability></audio_summary><title>Juanito The Bandito</title></song><song><artist_id>AR7G5I41187FB4CE6C</artist_id><artist_name>Adam Ant</artist_name><id>SOILZGM13D98CC28A7</id><audio_summary><key>5</key><analysis_url>http://echonest-analysis.s3.amazonaws.com/TR/Hz8CmQRck-Or3AIjbXtNO8_IfpxjUofiGAp-ZI/3/full.json?AWSAccessKeyId=AKIAJRDFEY23UEVW42BQ&amp;Expires=1415342840&amp;Signature=UFijF02rUxnoUI3ShOYgoo77F6Y%3D</analysis_url><energy>0.679237</energy><liveness>0.153143</liveness><tempo>127.578</tempo><speechiness>0.038539</speechiness><acousticness>0.114801</acousticness><instrumentalness>0.000776</instrumentalness><mode>1</mode><time_signature>4</time_signature><duration>346.03211</duration><loudness>-8.121</loudness><audio_md5>04425faf2efbfdb9f6a1cbb21c0e3ca8</audio_md5><valence>0.388007</valence><danceability>0.418201</danceability></audio_summary><title>Who's a Goofy Bunny?</title></song><song><artist_id>AR7G5I41187FB4CE6C</artist_id><artist_name>Adam Ant</artist_name><id>SOGBAIU1315CD45FF7</id><audio_summary><key>0</key><analysis_url>http://echonest-analysis.s3.amazonaws.com/TR/pIhQ0gCnSnPXvcnEKOmVGnioqq8uY9OQ62-zpebnjHD3mSDzuceudJ0jyyY36udmDV_HSQ4TVVS-bg2C4%3D/3/full.json?AWSAccessKeyId=AKIAJRDFEY23UEVW42BQ&amp;Expires=1415342840&amp;Signature=4bYtAEXNDAdQk%2BzPGwjlKLF%2BRCw%3D</analysis_url><energy>0.819538</energy><liveness>0.34919</liveness><tempo>106.05</tempo><speechiness>0.043775</speechiness><acousticness>0.004927</acousticness><instrumentalness>0.082663</instrumentalness><mode>1</mode><time_signature>4</time_signature><duration>292.59955</duration><loudness>-10.71</loudness><audio_md5>38711fb4a9867b692b9560aa627b3a20</audio_md5><valence>0.756833</valence><danceability>0.650251</danceability></audio_summary><title>Piccadilly</title></song><song><artist_id>AR7G5I41187FB4CE6C</artist_id><artist_name>Adam Ant</artist_name><id>SODMESK146094B8C2E</id><audio_summary><key>7</key><analysis_url>http://echonest-analysis.s3.amazonaws.com/TR/9oiJdgEfd5ewovzcaOhgH57Y0g8ZT3lYuHSmeX3eYC2_g5Rg8klWuYym0m_78fUUavxdf3ViD7mEDsoiI%3D/3/full.json?AWSAccessKeyId=AKIAJRDFEY23UEVW42BQ&amp;Expires=1415342840&amp;Signature=KEmVOacEGyfWRh2kFwOO9%2BWl0us%3D</analysis_url><energy>0.950759</energy><liveness>0.874353</liveness><tempo>117.805</tempo><speechiness>0.110572</speechiness><acousticness>0.673496</acousticness><instrumentalness>1.6e-05</instrumentalness><mode>0</mode><time_signature>4</time_signature><duration>90.31955</duration><loudness>-9.152</loudness><audio_md5 /><valence>0.147205</valence><danceability>0.631873</danceability></audio_summary><title>Apollo 9 (Reprise)</title></song><song><artist_id>AR7G5I41187FB4CE6C</artist_id><artist_name>Adam Ant</artist_name><id>SOEQXIT1462B497C6C</id><audio_summary><key>9</key><analysis_url>http://echonest-analysis.s3.amazonaws.com/TR/8Ipkmgtmg4xqMp4XgiSXU4TPhMCNy7wZ7LL9oLNCp-40Fge6nPOMLYl8Q3T32lVFsfIr1rYHsAywWclu4%3D/3/full.json?AWSAccessKeyId=AKIAJRDFEY23UEVW42BQ&amp;Expires=1415342840&amp;Signature=hqq%2BQtAHGhz4dShOWmfWtqxYNXc%3D</analysis_url><energy>0.860919</energy><liveness>0.600421</liveness><tempo>94.99</tempo><speechiness>0.044974</speechiness><acousticness>0.127902</acousticness><instrumentalness>0.154954</instrumentalness><mode>1</mode><time_signature>4</time_signature><duration>213.43955</duration><loudness>-8.245</loudness><audio_md5>81a4c906ce4a6d79202b0e223e4566f0</audio_md5><valence>0.774484</valence><danceability>0.451942</danceability></audio_summary><title>How Can I Say I Miss You?</title></song><song><artist_id>AR7G5I41187FB4CE6C</artist_id><artist_name>Adam Ant</artist_name><id>SORRYDM13D5246D820</id><audio_summary><key>0</key><analysis_url>http://echonest-analysis.s3.amazonaws.com/TR/Qjq75Q8HrHZIgm20jWeFV0J4xVh3Q0lu-i18jL/3/full.json?AWSAccessKeyId=AKIAJRDFEY23UEVW42BQ&amp;Expires=1415342840&amp;Signature=%2BYoT%2BKzqhmOxx6d0R6JUrlKrUQc%3D</analysis_url><energy>0.893539</energy><liveness>0.684278</liveness><tempo>160.645</tempo><speechiness>0.177737</speechiness><acousticness>0.844293</acousticness><instrumentalness>0.088697</instrumentalness><mode>1</mode><time_signature>4</time_signature><duration>44.25098</duration><loudness>-10.894</loudness><audio_md5 /><valence>0.354326</valence><danceability>0.566787</danceability></audio_summary><title>Rip Down</title></song><song><artist_id>AR7G5I41187FB4CE6C</artist_id><artist_name>Adam Ant</artist_name><id>SOWPPHA146191B8C19</id><audio_summary><key>4</key><analysis_url>http://echonest-analysis.s3.amazonaws.com/TR/HnWtuginPeBBqS18PSjVyFWb_V9gvkCxwhh1ZKCKzYQwVy7EaySohF5B7fMfuxqoMD7sLC9qBtaRE53Nw%3D/3/full.json?AWSAccessKeyId=AKIAJRDFEY23UEVW42BQ&amp;Expires=1415342840&amp;Signature=vMfV%2Bu4zXtlpIBUDLVJx9yD48Jo%3D</analysis_url><energy>0.94768</energy><liveness>0.745761</liveness><tempo>142.879</tempo><speechiness>0.061929</speechiness><acousticness>0.0086</acousticness><instrumentalness>0.000413</instrumentalness><mode>1</mode><time_signature>4</time_signature><duration>281.95955</duration><loudness>-9.38</loudness><audio_md5 /><valence>0.601683</valence><danceability>0.428518</danceability></audio_summary><title>B-Side Baby</title></song><song><artist_id>AR7G5I41187FB4CE6C</artist_id><artist_name>Adam Ant</artist_name><id>SOZFULO146193E1B9A</id><audio_summary><key>4</key><analysis_url>http://echonest-analysis.s3.amazonaws.com/TR/gdLmRgveieMwCVhkDbSybWMh51hWBiioFbxIYr/3/full.json?AWSAccessKeyId=AKIAJRDFEY23UEVW42BQ&amp;Expires=1415342840&amp;Signature=XgxbMR9h/683RZRp/KilgoWhujo%3D</analysis_url><energy>0.983409</energy><liveness>0.84611</liveness><tempo>143.23</tempo><speechiness>0.07593</speechiness><acousticness>0.024808</acousticness><instrumentalness>0.010785</instrumentalness><mode>1</mode><time_signature>4</time_signature><duration>218.122</duration><loudness>-6.08</loudness><audio_md5 /><valence>0.732195</valence><danceability>0.389463</danceability></audio_summary><title>B-Side Baby</title></song><song><artist_id>AR7G5I41187FB4CE6C</artist_id><artist_name>Adam Ant</artist_name><id>SOZPLAL13D98CCC108</id><audio_summary><key>7</key><analysis_url>http://echonest-analysis.s3.amazonaws.com/TR/lNdd0wEMcL8PWKUWxJXsqmJrLWFRgp2FMdvjwe6MdM9zZRG6QN2ZlmQ_d71d9nfRBGFL2Dqxs26jsAbF4%3D/3/full.json?AWSAccessKeyId=AKIAJRDFEY23UEVW42BQ&amp;Expires=1415342840&amp;Signature=FUnNBEXyZQngK1e77BP7jhjZHzg%3D</analysis_url><energy>0.710952</energy><liveness>0.189387</liveness><tempo>140.137</tempo><speechiness>0.03227</speechiness><acousticness>0.00173</acousticness><instrumentalness>0.002589</instrumentalness><mode>1</mode><time_signature>4</time_signature><duration>298.01288</duration><loudness>-6.125</loudness><audio_md5 /><valence>0.176984</valence><danceability>0.499624</danceability></audio_summary><title>Cradle Your Hatred</title></song><song><artist_id>AR7G5I41187FB4CE6C</artist_id><artist_name>Adam Ant</artist_name><id>SONHCWN1373194F48E</id><audio_summary><key>9</key><analysis_url>http://echonest-analysis.s3.amazonaws.com/TR/eUWEXA3gHgJcQgP9xc2o9Tlz3kf7y-WsO6oImo/3/full.json?AWSAccessKeyId=AKIAJRDFEY23UEVW42BQ&amp;Expires=1415342840&amp;Signature=u4xFBFOZJHzc2JsHxUumqAUv6iA%3D</analysis_url><energy>0.927989</energy><liveness>0.036431</liveness><tempo>95.941</tempo><speechiness>0.081056</speechiness><acousticness>0.002936</acousticness><instrumentalness>0.074366</instrumentalness><mode>1</mode><time_signature>4</time_signature><duration>210.61333</duration><loudness>-7.006</loudness><audio_md5 /><valence>0.683197</valence><danceability>0.619194</danceability></audio_summary><title>Goody Two Shoes (Album Version / Clean Version)</title></song><song><artist_id>AR7G5I41187FB4CE6C</artist_id><artist_name>Adam Ant</artist_name><id>SOAYHVO13167714D2C</id><audio_summary><key>8</key><analysis_url>http://echonest-analysis.s3.amazonaws.com/TR/B8yjAA4Gk39-p9SIyl7gPNV90R51EcUNvd1v2drtttYCnJ6qKi9XvFgKSm-k26p-NzKS9-hob0dtuZ8mU%3D/3/full.json?AWSAccessKeyId=AKIAJRDFEY23UEVW42BQ&amp;Expires=1415342840&amp;Signature=8PIzORNm%2BIckOQG3u/X%2Bc9m0juU%3D</analysis_url><energy>0.927851</energy><liveness>0.727551</liveness><tempo>155.499</tempo><speechiness>0.051598</speechiness><acousticness>0.000604</acousticness><instrumentalness>0.028996</instrumentalness><mode>1</mode><time_signature>4</time_signature><duration>391.74621</duration><loudness>-7.868</loudness><audio_md5 /><valence>0.388367</valence><danceability>0.243729</danceability></audio_summary><title>Physical (You're So) (Live)</title></song><song><artist_id>AR7G5I41187FB4CE6C</artist_id><artist_name>Adam Ant</artist_name><id>SOCGUTZ12A8AE47064</id><audio_summary><key>0</key><analysis_url>http://echonest-analysis.s3.amazonaws.com/TR/Afxh4AJH5-3VYWQYXTfo9EU01VRtGVWclE2zN9zlL5A_kC4aNjNSisHNkwLpyPlAl90gBVnha7ep0HbPQ%3D/3/full.json?AWSAccessKeyId=AKIAJRDFEY23UEVW42BQ&amp;Expires=1415342840&amp;Signature=0F2ClyGnkrixSARzue00m5tltCE%3D</analysis_url><energy>0.631541</energy><liveness>0.162892</liveness><tempo>86.429</tempo><speechiness>0.028803</speechiness><acousticness>0.003523</acousticness><instrumentalness>9.5e-05</instrumentalness><mode>1</mode><time_signature>4</time_signature><duration>191.63955</duration><loudness>-6.967</loudness><audio_md5 /><valence>0.555938</valence><danceability>0.53726</danceability></audio_summary><title>Coup D'Etat (Unreleased Album Version)</title></song><song><artist_id>AR7G5I41187FB4CE6C</artist_id><artist_name>Adam Ant</artist_name><id>SOQKBPV1311AFDBBE6</id><audio_summary><key>0</key><analysis_url>http://echonest-analysis.s3.amazonaws.com/TR/gcgI6wyRlivbRE-fRihOl2Ld-u3Ji-7MYZgrxqturzbY4Yu9Dvdz7I3GA-VDqWwKFVvPsxXahSthhrdxQ%3D/3/full.json?AWSAccessKeyId=AKIAJRDFEY23UEVW42BQ&amp;Expires=1415342840&amp;Signature=wM8/6zWEJ3MIle7fOR5XllK5rvA%3D</analysis_url><energy>0.978536</energy><liveness>0.299119</liveness><tempo>195.54</tempo><speechiness>0.172644</speechiness><acousticness>0.210849</acousticness><instrumentalness>0.002436</instrumentalness><mode>1</mode><time_signature>4</time_signature><duration>194.99955</duration><loudness>-6.768</loudness><audio_md5>c95c3bf189a89210a96e581d1155ff2e</audio_md5><valence>0.587309</valence><danceability>0.404841</danceability></audio_summary><title>No Zap</title></song><song><artist_id>AR7G5I41187FB4CE6C</artist_id><artist_name>Adam Ant</artist_name><id>SOXFNSB13D54C8F824</id><audio_summary><key>0</key><analysis_url>http://echonest-analysis.s3.amazonaws.com/TR/ikuoFwTb2z5ahH_yCYo5utaCc5ygTBRbWpj_vI/3/full.json?AWSAccessKeyId=AKIAJRDFEY23UEVW42BQ&amp;Expires=1415342840&amp;Signature=UteSqTL37rqyWI4RXHHea6fEGLU%3D</analysis_url><energy>0.973789</energy><liveness>0.373182</liveness><tempo>98.431</tempo><speechiness>0.03973</speechiness><acousticness>0.077231</acousticness><instrumentalness>0.002127</instrumentalness><mode>0</mode><time_signature>4</time_signature><duration>201.7171</duration><loudness>-6.898</loudness><audio_md5 /><valence>0.661292</valence><danceability>0.588933</danceability></audio_summary><title>No Zap</title></song><song><artist_id>AR7G5I41187FB4CE6C</artist_id><artist_name>Adam Ant</artist_name><id>SOBMVCC131343A4024</id><audio_summary><key>0</key><analysis_url>http://echonest-analysis.s3.amazonaws.com/TR/R6U_egO7-uTHY9k484zSZyRY6UsefWti9yp3fspNjkSN42USjUq_47V78MGv1sQrCxoAxDiA3U21R98e8%3D/3/full.json?AWSAccessKeyId=AKIAJRDFEY23UEVW42BQ&amp;Expires=1415342840&amp;Signature=N0Y03UziAzq7Nb8jqrpMQXB4nf4%3D</analysis_url><energy>0.929932</energy><liveness>0.314848</liveness><tempo>78.187</tempo><speechiness>0.06625</speechiness><acousticness>0.181224</acousticness><instrumentalness>0.0</instrumentalness><mode>1</mode><time_signature>4</time_signature><duration>203.77288</duration><loudness>-6.874</loudness><audio_md5 /><valence>0.571565</valence><danceability>0.5312</danceability></audio_summary><title>Rip Down</title></song><song><artist_id>AR7G5I41187FB4CE6C</artist_id><artist_name>Adam Ant</artist_name><id>SOBRJIF1312FE00773</id><audio_summary><key>0</key><analysis_url>http://echonest-analysis.s3.amazonaws.com/TR/aI3u4QorKPDNtDSPp1t16lWb4OU0oTzlz3i4NkrVIFap6trZ0F_ODEqixdqLrprAASesXvLeeUd3MzBY4%3D/3/full.json?AWSAccessKeyId=AKIAJRDFEY23UEVW42BQ&amp;Expires=1415342840&amp;Signature=JnTIEnhiSuTPzB8OELtUxMfqK2k%3D</analysis_url><energy>0.968867</energy><liveness>0.34234</liveness><tempo>132.683</tempo><speechiness>0.069823</speechiness><acousticness>0.003926</acousticness><instrumentalness>0.001166</instrumentalness><mode>1</mode><time_signature>4</time_signature><duration>448.65288</duration><loudness>-4.516</loudness><audio_md5 /><valence>0.641653</valence><danceability>0.602313</danceability></audio_summary><title>Vive Le Rock (Unreleased 12" Mix)</title></song><song><artist_id>AR7G5I41187FB4CE6C</artist_id><artist_name>Adam Ant</artist_name><id>SOZWMXQ13B1F6784CF</id><audio_summary><key>9</key><analysis_url>http://echonest-analysis.s3.amazonaws.com/TR/IBHF4wBh7a9fAVNQvGBu8AWKB5BaxSWkSaEozQtWmEP4O2TcvttAwvLQ2e3e9xCRDbqJTHu_ujyInbpas%3D/3/full.json?AWSAccessKeyId=AKIAJRDFEY23UEVW42BQ&amp;Expires=1415342840&amp;Signature=JZ0qZKfGaXaDT5XF7UQkA8yho9Q%3D</analysis_url><energy>0.895407</energy><liveness>0.153016</liveness><tempo>131.505</tempo><speechiness>0.045105</speechiness><acousticness>0.100862</acousticness><instrumentalness>0.00053</instrumentalness><mode>0</mode><time_signature>4</time_signature><duration>311.33288</duration><loudness>-7.029</loudness><audio_md5 /><valence>0.458442</valence><danceability>0.532152</danceability></audio_summary><title>Gun In Your Pocket</title></song><song><artist_id>AR7G5I41187FB4CE6C</artist_id><artist_name>Adam Ant</artist_name><id>SOLDHGS13D52501D4F</id><audio_summary><key>0</key><analysis_url>http://echonest-analysis.s3.amazonaws.com/TR/tyhpfwXAsebNAI5kw9iGyDq7Vxvz8HxKMNHF6z/3/full.json?AWSAccessKeyId=AKIAJRDFEY23UEVW42BQ&amp;Expires=1415342840&amp;Signature=m1p3i0/cKoh41XojSUWneQEJ0Wk%3D</analysis_url><energy>0.890412</energy><liveness>0.392311</liveness><tempo>95.742</tempo><speechiness>0.127519</speechiness><acousticness>0.543424</acousticness><instrumentalness>0.000782</instrumentalness><mode>1</mode><time_signature>4</time_signature><duration>44.06812</duration><loudness>-8.85</loudness><audio_md5 /><valence>0.745771</valence><danceability>0.485621</danceability></audio_summary><title>No Zap</title></song><song><artist_id>AR7G5I41187FB4CE6C</artist_id><artist_name>Adam Ant</artist_name><id>SOTCDOE1315CD474D2</id><audio_summary><key>7</key><analysis_url>http://echonest-analysis.s3.amazonaws.com/TR/1-9fqAMUWaJ-TqaEYaorfzQ1jdOcxhvRdZCnKqkl2fK19x0xFkKd7ES28VabBKjHh_bjt5EVpiJc08PYg%3D/3/full.json?AWSAccessKeyId=AKIAJRDFEY23UEVW42BQ&amp;Expires=1415342840&amp;Signature=A%2BccJOV49THO8HnVhs4tDHqumXI%3D</analysis_url><energy>0.877571</energy><liveness>0.784477</liveness><tempo>91.074</tempo><speechiness>0.050927</speechiness><acousticness>0.01426</acousticness><instrumentalness>0.000147</instrumentalness><mode>1</mode><time_signature>4</time_signature><duration>266.39955</duration><loudness>-9.174</loudness><audio_md5>be36739b36288e8a9c7d081597345842</audio_md5><valence>0.726018</valence><danceability>0.637671</danceability></audio_summary><title>U.S.S.A.</title></song><song><artist_id>AR7G5I41187FB4CE6C</artist_id><artist_name>Adam Ant</artist_name><id>SOYLXQJ13D98CD1AA0</id><audio_summary><key>11</key><analysis_url>http://echonest-analysis.s3.amazonaws.com/TR/N4PVpwcYjmvg-G_jTIiVTyyWfLkmaau8atD_3X/3/full.json?AWSAccessKeyId=AKIAJRDFEY23UEVW42BQ&amp;Expires=1415342840&amp;Signature=CyuuJXeBmlN0qUaR7lVHjNvp4Vs%3D</analysis_url><energy>0.661901</energy><liveness>0.500979</liveness><tempo>109.971</tempo><speechiness>0.038369</speechiness><acousticness>4e-06</acousticness><instrumentalness>0.840027</instrumentalness><mode>0</mode><time_signature>4</time_signature><duration>218.8419</duration><loudness>-9.271</loudness><audio_md5>0d012f8a3c95153926ff0b83eceafd51</audio_md5><valence>0.293412</valence><danceability>0.362791</danceability></audio_summary><title>Stay in the Game</title></song></songs></response>