<response><status><version>4.2</version><code>0</code><message>Success</message></status><songs><song><artist_id>AR3HCGR119B3403953</artist_id><artist_name>Adam Anders</artist_name><id>SOBHSQN133A920C574</id><audio_summary><key>1</key><analysis_url>http://echonest-analysis.s3.amazonaws.com/TR/sGgK8QTRtXepK93XvW-iT5Luz78gD2oX10V67WSVZmOG6db-vL0u5fhDiOVgbq88WPidCUlWuOXKy6XKc%3D/3/full.json?AWSAccessKeyId=AKIAJRDFEY23UEVW42BQ&amp;Expires=1415342836&amp;Signature=cyEdqwGzeTHx2oYban3%2BivoFzjE%3D</analysis_url><energy>0.718968</energy><liveness>0.148599</liveness><tempo>172.031</tempo><speechiness>0.033392</speechiness><acousticness>0.014432</acousticness><instrumentalness>0.000108</instrumentalness><mode>1</mode><time_signature>4</time_signature><duration>205.54621</duration><loudness>-10.262</loudness><audio_md5 /><valence>0.621228</valence><danceability>0.464681</danceability></audio_summary><title>Wouldn't Change A Thing (Sing Along Instrumental)</title></song><song><artist_id>ARZPZBF13361805D1F</artist_id><artist_name>Adam Anders/Nikki Hassman</artist_name><id>SOXXRMX12AB0189C93</id><audio_summary><key>10</key><analysis_url>http://echonest-analysis.s3.amazonaws.com/TR/68TTvAz-ZxNOKBhpEYnZQxQ5nheVoNEpdcec9Q9H2EHZqdZkqTunCB2C0nbmUmtmx3EZmSLpe85zFW1bQ%3D/3/full.json?AWSAccessKeyId=AKIAJRDFEY23UEVW42BQ&amp;Expires=1415342836&amp;Signature=GA1Se2NlZLK8PmdxOnmOM3qsCio%3D</analysis_url><energy>0.711851</energy><liveness>0.061816</liveness><tempo>109.009</tempo><speechiness>0.035231</speechiness><acousticness>0.012335</acousticness><instrumentalness>0.190951</instrumentalness><mode>0</mode><time_signature>4</time_signature><duration>182.86621</duration><loudness>-5.39</loudness><audio_md5 /><valence>0.537566</valence><danceability>0.671258</danceability></audio_summary><title>Hoedown Throwdown (Karaoke Instrumental)</title></song></songs></response>