<response><status><version>4.2</version><code>0</code><message>Success</message></status><songs><song><artist_id>ARRTGMD123E29C1FD8</artist_id><artist_name>Adam Goldstein</artist_name><id>SOTQFTS148F10C1421</id><audio_summary><key>2</key><analysis_url>http://echonest-analysis.s3.amazonaws.com/TR/DDrLsQovt3OUyPdICWoH4bvS6DjfUO6Nr-r9oX3zQBZ9t0SIzm6fDHShQvXWc7zwqDPMojrO0994TvlgA%3D/3/full.json?AWSAccessKeyId=AKIAJRDFEY23UEVW42BQ&amp;Expires=1415342853&amp;Signature=1v4VCpG9jwHg9wtokPlj7P3248k%3D</analysis_url><energy>0.267551</energy><liveness>0.110276</liveness><tempo>136.961</tempo><speechiness>0.029285</speechiness><acousticness>0.836671</acousticness><instrumentalness>2e-06</instrumentalness><mode>1</mode><time_signature>3</time_signature><duration>303.58621</duration><loudness>-12.098</loudness><audio_md5 /><valence>0.332677</valence><danceability>0.612918</danceability></audio_summary><title>Forgiveness Waltz</title></song><song><artist_id>ARRTGMD123E29C1FD8</artist_id><artist_name>Adam Goldstein</artist_name><id>SORDYPN148F10C27EC</id><audio_summary><key>6</key><analysis_url>http://echonest-analysis.s3.amazonaws.com/TR/QDBcugs2FOAFpwliwRZaHlS3HdrlXXIgXft6U-XtNTrS0Px67MORcbhQy8loAy5GcQb60dDGE2CB8asg8%3D/3/full.json?AWSAccessKeyId=AKIAJRDFEY23UEVW42BQ&amp;Expires=1415342853&amp;Signature=qqAc2yEB%2BCpBR5MtiEe5MkyNayo%3D</analysis_url><energy>0.289268</energy><liveness>0.095028</liveness><tempo>79.039</tempo><speechiness>0.02878</speechiness><acousticness>0.808699</acousticness><instrumentalness>0.0</instrumentalness><mode>0</mode><time_signature>4</time_signature><duration>353.10621</duration><loudness>-12.572</loudness><audio_md5 /><valence>0.458331</valence><danceability>0.625829</danceability></audio_summary><title>I'd Take the Fall</title></song><song><artist_id>ARRTGMD123E29C1FD8</artist_id><artist_name>Adam Goldstein</artist_name><id>SOGZETM148F10C5AEB</id><audio_summary><key>4</key><analysis_url>http://echonest-analysis.s3.amazonaws.com/TR/iWhohwhkcdmVYbFpXa41tqpiLdT4tpKub3R7FK1TKAYXyDWi04hdwP9ArlMQObQf8TIM1Y-7xUiGo22ZA%3D/3/full.json?AWSAccessKeyId=AKIAJRDFEY23UEVW42BQ&amp;Expires=1415342853&amp;Signature=14MZSa9F4tx2ddCdrMpA9HhfJjE%3D</analysis_url><energy>0.4898</energy><liveness>0.106221</liveness><tempo>91.755</tempo><speechiness>0.026345</speechiness><acousticness>0.099893</acousticness><instrumentalness>0.003111</instrumentalness><mode>1</mode><time_signature>4</time_signature><duration>199.27955</duration><loudness>-7.526</loudness><audio_md5 /><valence>0.554216</valence><danceability>0.440504</danceability></audio_summary><title>Adelaine</title></song><song><artist_id>ARRTGMD123E29C1FD8</artist_id><artist_name>Adam Goldstein</artist_name><id>SOLEUDQ148F10C027F</id><audio_summary><key>7</key><analysis_url>http://echonest-analysis.s3.amazonaws.com/TR/mD-9mgXWW_FSXzkYT4RS1NnqJMGUaPOaMW5zi_nNv1AH3p3LP8hcDJRD3z_c_9NcwMXWcjvEY8lHQYi1k%3D/3/full.json?AWSAccessKeyId=AKIAJRDFEY23UEVW42BQ&amp;Expires=1415342853&amp;Signature=qqlQJcSQQ8/JA6lLOfUp/JAJ5ak%3D</analysis_url><energy>0.430457</energy><liveness>0.104058</liveness><tempo>126.062</tempo><speechiness>0.028686</speechiness><acousticness>0.746033</acousticness><instrumentalness>1e-06</instrumentalness><mode>1</mode><time_signature>4</time_signature><duration>224.14621</duration><loudness>-7.606</loudness><audio_md5 /><valence>0.606495</valence><danceability>0.661067</danceability></audio_summary><title>The Heart Wants What It Wants</title></song><song><artist_id>ARRTGMD123E29C1FD8</artist_id><artist_name>Adam Goldstein</artist_name><id>SOYBAKN148F10C3D07</id><audio_summary><key>7</key><analysis_url>http://echonest-analysis.s3.amazonaws.com/TR/-JLXDw5OTXfMLB6M-h8q-itlakug3tLREj3IrsP38bT5XqVXxt1lACEm45YK55M8o75QL1kmNs0IYVLes%3D/3/full.json?AWSAccessKeyId=AKIAJRDFEY23UEVW42BQ&amp;Expires=1415342853&amp;Signature=36a%2BKOxI9Vsobwkj0h62vIFg/cA%3D</analysis_url><energy>0.495086</energy><liveness>0.283215</liveness><tempo>175.754</tempo><speechiness>0.037948</speechiness><acousticness>0.295045</acousticness><instrumentalness>0.000384</instrumentalness><mode>1</mode><time_signature>4</time_signature><duration>183.69288</duration><loudness>-7.033</loudness><audio_md5 /><valence>0.442932</valence><danceability>0.302184</danceability></audio_summary><title>Stage Right</title></song></songs></response>