<response><status><version>4.2</version><code>0</code><message>Success</message></status><songs><song><artist_id>ARUV2AE1187FB4D04B</artist_id><artist_name>Agallah</artist_name><id>SOAELYI1311AFD690A</id><audio_summary><key>1</key><analysis_url>http://echonest-analysis.s3.amazonaws.com/TR/yhptrA77k8Ya7WNIM9OHW7bO94Hk2oe2fnKyfzPGdmspI3cvj0rN-e-BE4fBWauVP9Y0Lyc48pnJh5JDM%3D/3/full.json?AWSAccessKeyId=AKIAJRDFEY23UEVW42BQ&amp;Expires=1415342944&amp;Signature=mh9xlKJXroGS6blHqd9zDBjKJmY%3D</analysis_url><energy>0.822433</energy><liveness>0.646728</liveness><tempo>79.546</tempo><speechiness>0.246947</speechiness><acousticness>0.144746</acousticness><instrumentalness>0.0</instrumentalness><mode>1</mode><time_signature>4</time_signature><duration>205.27955</duration><loudness>-3.76</loudness><audio_md5 /><valence>0.300253</valence><danceability>0.606652</danceability></audio_summary><title>I'm Gettin' Money</title></song><song><artist_id>ARUV2AE1187FB4D04B</artist_id><artist_name>Agallah</artist_name><id>SOAJQQC13603554F42</id><audio_summary><key>1</key><analysis_url>http://echonest-analysis.s3.amazonaws.com/TR/j6EeqAWoyKA6PzYpllyrcV0Q6OX08ng-k8R4peRj00LS2jqNYTVunzMUQzJlxJx9PdYvsHZ0GG1lh7gqQ%3D/3/full.json?AWSAccessKeyId=AKIAJRDFEY23UEVW42BQ&amp;Expires=1415342944&amp;Signature=M2nvdTxi8P0slowIsLG8lbqBX8U%3D</analysis_url><energy>0.860954</energy><liveness>0.244929</liveness><tempo>145.961</tempo><speechiness>0.268746</speechiness><acousticness>0.48049</acousticness><instrumentalness>0.000545</instrumentalness><mode>0</mode><time_signature>4</time_signature><duration>212.55955</duration><loudness>-5.672</loudness><audio_md5 /><valence>0.700972</valence><danceability>0.699058</danceability></audio_summary><title>Built For This (Clean)</title></song><song><artist_id>ARUV2AE1187FB4D04B</artist_id><artist_name>Agallah</artist_name><id>SOXRHND143F563712D</id><audio_summary><key>7</key><analysis_url>http://echonest-analysis.s3.amazonaws.com/TR/pZpkWQXxkSFJTHHLgkhfuy1mhGa1mZFN0-VVEh/3/full.json?AWSAccessKeyId=AKIAJRDFEY23UEVW42BQ&amp;Expires=1415342944&amp;Signature=7U1OhLxh5V0bedYYfoCxc4Bep0Q%3D</analysis_url><energy>0.537254</energy><liveness>0.392343</liveness><tempo>80.13</tempo><speechiness>0.481954</speechiness><acousticness>0.046925</acousticness><instrumentalness>0.000757</instrumentalness><mode>1</mode><time_signature>4</time_signature><duration>210.30404</duration><loudness>-14.176</loudness><audio_md5 /><valence>0.402056</valence><danceability>0.612296</danceability></audio_summary><title>Sky High</title></song><song><artist_id>ARUV2AE1187FB4D04B</artist_id><artist_name>Agallah</artist_name><id>SOMMNKK143F5636D78</id><audio_summary><key>7</key><analysis_url>http://echonest-analysis.s3.amazonaws.com/TR/2HUObw2yZ35z0U0w_mQ0Ev2hcDQFmyoBShWSfT/3/full.json?AWSAccessKeyId=AKIAJRDFEY23UEVW42BQ&amp;Expires=1415342944&amp;Signature=c3y7maMrY4DUKPU50NoULpbNjVU%3D</analysis_url><energy>0.695954</energy><liveness>0.332828</liveness><tempo>81.82</tempo><speechiness>0.457275</speechiness><acousticness>0.03077</acousticness><instrumentalness>0.0</instrumentalness><mode>1</mode><time_signature>4</time_signature><duration>250.65601</duration><loudness>-10.387</loudness><audio_md5>6c7eab745cd0541cae1eb0fbeec346d7</audio_md5><valence>0.228601</valence><danceability>0.505743</danceability></audio_summary><title>Coat Of Arms</title></song><song><artist_id>ARUV2AE1187FB4D04B</artist_id><artist_name>Agallah</artist_name><id>SOUCMZW1450833F3A7</id><audio_summary><key>11</key><analysis_url>http://echonest-analysis.s3.amazonaws.com/TR/bNOQMwUCM2SccgLE-QRfHIoHwUwpTx81egvaK9Fb5YVQ0OAQelTqj_2pEkz7Nl9VH1U-P7zMwZUnK6Tbg%3D/3/full.json?AWSAccessKeyId=AKIAJRDFEY23UEVW42BQ&amp;Expires=1415342944&amp;Signature=TbmStN43taJNqMiOwZzJjE5k65k%3D</analysis_url><energy>0.630858</energy><liveness>0.085217</liveness><tempo>75.063</tempo><speechiness>0.396984</speechiness><acousticness>0.010928</acousticness><instrumentalness>0.0</instrumentalness><mode>0</mode><time_signature>4</time_signature><duration>204.79955</duration><loudness>-11.331</loudness><audio_md5>cc5546322e5b94989fbcfcc87c6b8325</audio_md5><valence>0.372705</valence><danceability>0.674956</danceability></audio_summary><title>Where Things Could Go</title></song><song><artist_id>ARUV2AE1187FB4D04B</artist_id><artist_name>Agallah</artist_name><id>SORKHUM143F5636B07</id><audio_summary><key>11</key><analysis_url>http://echonest-analysis.s3.amazonaws.com/TR/LgQD_wbOVt1Ta9Uz9fi6lmlVymkqkGiooqYgeV/3/full.json?AWSAccessKeyId=AKIAJRDFEY23UEVW42BQ&amp;Expires=1415342944&amp;Signature=SOHCr0i1Le20OW1Wn13dJ5LCYrE%3D</analysis_url><energy>0.846918</energy><liveness>0.23615</liveness><tempo>74.936</tempo><speechiness>0.460484</speechiness><acousticness>0.224529</acousticness><instrumentalness>0.0</instrumentalness><mode>0</mode><time_signature>4</time_signature><duration>205.79197</duration><loudness>-5.981</loudness><audio_md5>3a85b03815f93079361a3f4b932156df</audio_md5><valence>0.352936</valence><danceability>0.675965</danceability></audio_summary><title>Where Things Could Go</title></song><song><artist_id>ARUV2AE1187FB4D04B</artist_id><artist_name>Agallah</artist_name><id>SORLYLQ1417BF74AFC</id><audio_summary><key>7</key><analysis_url>http://echonest-analysis.s3.amazonaws.com/TR/e0v-dwxxqFKOkr6vTgBTzIXnOrMM9hSmRVY8BDMcnTADIEeI87ciG9wmYbJbka9bRJ8_jo5Rkbo4a_2jk%3D/3/full.json?AWSAccessKeyId=AKIAJRDFEY23UEVW42BQ&amp;Expires=1415342944&amp;Signature=kEP3EpW5TdrA3vEMFT7B5Tt62iE%3D</analysis_url><energy>0.64344</energy><liveness>0.209794</liveness><tempo>81.006</tempo><speechiness>0.441795</speechiness><acousticness>0.000316</acousticness><instrumentalness>0.0</instrumentalness><mode>1</mode><time_signature>4</time_signature><duration>246.2058</duration><loudness>-11.207</loudness><audio_md5>5328b87298e26a07189e21d48c9b88e0</audio_md5><valence>0.155225</valence><danceability>0.467138</danceability></audio_summary><title>Coat Of Arms</title></song><song><artist_id>ARUV2AE1187FB4D04B</artist_id><artist_name>Agallah</artist_name><id>SONAIXL145084687FA</id><audio_summary><key>1</key><analysis_url>http://echonest-analysis.s3.amazonaws.com/TR/jglp_ANj7kaqRQ27U2-Sg4kwETK_jQG_LSzFANdVOGM8rYYzg9Fb_7Yz9abQjC2eMB_-hjSJepwHRdNqU%3D/3/full.json?AWSAccessKeyId=AKIAJRDFEY23UEVW42BQ&amp;Expires=1415342944&amp;Signature=yY%2BDDs77Mfi%2Bbb198rzBre24a10%3D</analysis_url><energy>0.636072</energy><liveness>0.08097</liveness><tempo>157.911</tempo><speechiness>0.426598</speechiness><acousticness>0.008746</acousticness><instrumentalness>3e-06</instrumentalness><mode>1</mode><time_signature>4</time_signature><duration>127.62717</duration><loudness>-10.576</loudness><audio_md5>43376782cd70bf78552c9949c20e0fd0</audio_md5><valence>0.384273</valence><danceability>0.570888</danceability></audio_summary><title>Red Velvet Intro</title></song><song><artist_id>ARUV2AE1187FB4D04B</artist_id><artist_name>Agallah</artist_name><id>SOLTTPB1450833E395</id><audio_summary><key>7</key><analysis_url>http://echonest-analysis.s3.amazonaws.com/TR/gByJyge0tE6w3Ven1FbK33XctXgvYe_DY7CEWQxX1vGqk_9W8hTprt8tzyN8SFtffCDKJnFDEGoQUJSpg%3D/3/full.json?AWSAccessKeyId=AKIAJRDFEY23UEVW42BQ&amp;Expires=1415342944&amp;Signature=ol0evn0yHkP%2B3gmNOiketOZs0hY%3D</analysis_url><energy>0.620525</energy><liveness>0.148194</liveness><tempo>78.698</tempo><speechiness>0.343622</speechiness><acousticness>0.001504</acousticness><instrumentalness>0.276052</instrumentalness><mode>1</mode><time_signature>4</time_signature><duration>184.6683</duration><loudness>-12.454</loudness><audio_md5 /><valence>0.349435</valence><danceability>0.556179</danceability></audio_summary><title>Sky High</title></song><song><artist_id>ARUV2AE1187FB4D04B</artist_id><artist_name>Agallah</artist_name><id>SOCIJEF14508428182</id><audio_summary><key>11</key><analysis_url>http://echonest-analysis.s3.amazonaws.com/TR/Xa3xXwD20R5ncHpjXPxkSxG9QAd72obSI-6mc6gqR9jeVHyn0Zt4u_hkKlrC0ja91yZGi9xsl540_2Tjw%3D/3/full.json?AWSAccessKeyId=AKIAJRDFEY23UEVW42BQ&amp;Expires=1415342944&amp;Signature=baLtp1KXZzw9zMchk3%2BBMcQPZGI%3D</analysis_url><energy>0.574705</energy><liveness>0.100556</liveness><tempo>112.617</tempo><speechiness>0.503098</speechiness><acousticness>0.158031</acousticness><instrumentalness>0.0</instrumentalness><mode>0</mode><time_signature>3</time_signature><duration>186.43927</duration><loudness>-13.721</loudness><audio_md5 /><valence>0.392412</valence><danceability>0.495172</danceability></audio_summary><title>Identity Theft</title></song><song><artist_id>ARUV2AE1187FB4D04B</artist_id><artist_name>Agallah</artist_name><id>SOPRLKP14508419157</id><audio_summary><key>9</key><analysis_url>http://echonest-analysis.s3.amazonaws.com/TR/MYr7jgSBaCZ-Xb0aWTgrfQ0eVYwfZgMnz-5vBj0fcuvz7RaWkzWyNRLyus6Xz05rL5VD6-aH0yiQOrRoI%3D/3/full.json?AWSAccessKeyId=AKIAJRDFEY23UEVW42BQ&amp;Expires=1415342944&amp;Signature=xtbm/02Ve0XUO2xgwMlFy0HqMFY%3D</analysis_url><energy>0.743496</energy><liveness>0.238559</liveness><tempo>166.02</tempo><speechiness>0.902007</speechiness><acousticness>0.002793</acousticness><instrumentalness>0.0</instrumentalness><mode>0</mode><time_signature>4</time_signature><duration>277.58993</duration><loudness>-11.526</loudness><audio_md5>6c6c0d56f906820872decd0e0f1cdb82</audio_md5><valence>0.220416</valence><danceability>0.557238</danceability></audio_summary><title>Painted Pictures</title></song><song><artist_id>ARUV2AE1187FB4D04B</artist_id><artist_name>Agallah</artist_name><id>SOYGJXL1450832FCC1</id><audio_summary><key>5</key><analysis_url>http://echonest-analysis.s3.amazonaws.com/TR/fzBK6wUtNXuIwIqx57IIS-kRDNYPHIK2WAkB7pwLCq_1PreHYkJX0lkNUsc5TT_RvmD0vxF3HxWrryWb4%3D/3/full.json?AWSAccessKeyId=AKIAJRDFEY23UEVW42BQ&amp;Expires=1415342944&amp;Signature=N85hsmm7Nt7D1oPeoKehPCp2QkM%3D</analysis_url><energy>0.628519</energy><liveness>0.134268</liveness><tempo>124.563</tempo><speechiness>0.524891</speechiness><acousticness>0.027773</acousticness><instrumentalness>0.021578</instrumentalness><mode>0</mode><time_signature>5</time_signature><duration>225.62898</duration><loudness>-15.538</loudness><audio_md5>19e89d1edb260070561bf73d652e2c40</audio_md5><valence>0.782554</valence><danceability>0.42524</danceability></audio_summary><title>Haterz Is Madd</title></song><song><artist_id>ARUV2AE1187FB4D04B</artist_id><artist_name>Agallah</artist_name><id>SOJHWCQ141CE703ABF</id><audio_summary><key>7</key><analysis_url>http://echonest-analysis.s3.amazonaws.com/TR/yLSbUgMfMRPtM-A5slxc78dGvfACrj-CwuuWqzBv90tmITwhm9K8b6wHohVvY9S9LdT47j95PTdYfCK64%3D/3/full.json?AWSAccessKeyId=AKIAJRDFEY23UEVW42BQ&amp;Expires=1415342944&amp;Signature=9D4DnvYa2rlK4aSoGEbpt/5drGk%3D</analysis_url><energy>0.912135</energy><liveness>0.386347</liveness><tempo>82.322</tempo><speechiness>0.554426</speechiness><acousticness>0.020254</acousticness><instrumentalness>0.000342</instrumentalness><mode>1</mode><time_signature>4</time_signature><duration>190.58893</duration><loudness>-11.858</loudness><audio_md5>d19328f377587c1207699600b2de369d</audio_md5><valence>0.190777</valence><danceability>0.519403</danceability></audio_summary><title>Kurt Kobain</title></song><song><artist_id>ARUV2AE1187FB4D04B</artist_id><artist_name>Agallah</artist_name><id>SOXLZMX14508340F02</id><audio_summary><key>0</key><analysis_url>http://echonest-analysis.s3.amazonaws.com/TR/CFzwyAByadGwnRRz_HygtnfOfY6kdUyFPEn0P6ptobuCORIoUcnuKSYnM7ee4zGEJdzwov148_nSkxQL8%3D/3/full.json?AWSAccessKeyId=AKIAJRDFEY23UEVW42BQ&amp;Expires=1415342944&amp;Signature=vWPtCY1wFn3Yn/GmylEVTSDGDG0%3D</analysis_url><energy>0.796037</energy><liveness>0.304666</liveness><tempo>80.855</tempo><speechiness>0.152644</speechiness><acousticness>0.003968</acousticness><instrumentalness>0.0</instrumentalness><mode>1</mode><time_signature>4</time_signature><duration>287.58345</duration><loudness>-9.562</loudness><audio_md5>4349c92b039cdbeb38fc47db2cb4a27b</audio_md5><valence>0.807912</valence><danceability>0.559987</danceability></audio_summary><title>(E.F.S.) Exclusive Fly Sh*t</title></song><song><artist_id>ARUV2AE1187FB4D04B</artist_id><artist_name>Agallah</artist_name><id>SOPWQRF145083385FD</id><audio_summary><key>2</key><analysis_url>http://echonest-analysis.s3.amazonaws.com/TR/C9VcOgxABYS3St4P-aAY0ZVXxw2oZhNJMFELHw8Jj93TCm8NByiG3BTj3WEMVIcivGoJqyEcHodYz6KMQ%3D/3/full.json?AWSAccessKeyId=AKIAJRDFEY23UEVW42BQ&amp;Expires=1415342944&amp;Signature=ZTNlwq9SVijRtxpbzeVQcZbvdcA%3D</analysis_url><energy>0.829586</energy><liveness>0.315241</liveness><tempo>87.618</tempo><speechiness>0.381502</speechiness><acousticness>0.181547</acousticness><instrumentalness>1e-05</instrumentalness><mode>1</mode><time_signature>4</time_signature><duration>151.62993</duration><loudness>-10.016</loudness><audio_md5>79a30b676edb3dc50ecc12e7ca47a643</audio_md5><valence>0.499221</valence><danceability>0.437733</danceability></audio_summary><title>Simon Bar Sinister</title></song><song><artist_id>ARUV2AE1187FB4D04B</artist_id><artist_name>Agallah</artist_name><id>SOHCJGX143F56363A8</id><audio_summary><key>6</key><analysis_url>http://echonest-analysis.s3.amazonaws.com/TR/nU8mUgmU5F-UveRoyQZtY8FM02nemr7KLzaAJS/3/full.json?AWSAccessKeyId=AKIAJRDFEY23UEVW42BQ&amp;Expires=1415342944&amp;Signature=KW%2BPSbZhOh/XfktyIlzl2BbPtDY%3D</analysis_url><energy>0.825503</energy><liveness>0.297307</liveness><tempo>82.072</tempo><speechiness>0.340722</speechiness><acousticness>0.774546</acousticness><instrumentalness>0.0</instrumentalness><mode>1</mode><time_signature>4</time_signature><duration>149.21601</duration><loudness>-6.853</loudness><audio_md5>a3a9d41d9fa00cd9e30799b8ea79ea80</audio_md5><valence>0.584741</valence><danceability>0.49402</danceability></audio_summary><title>Simon Bar Sinister</title></song><song><artist_id>ARUV2AE1187FB4D04B</artist_id><artist_name>Agallah</artist_name><id>SOAQYSY1315CD509C5</id><audio_summary><key>6</key><analysis_url>http://echonest-analysis.s3.amazonaws.com/TR/FiWZsgbwVjD4FaEniP-PY1uEukmqpl0-PcKe4eJ5q1BAx6Oh4v5FaE5OFgbDNvtAJXT6S7hOKiUs3IqD4%3D/3/full.json?AWSAccessKeyId=AKIAJRDFEY23UEVW42BQ&amp;Expires=1415342944&amp;Signature=TvD%2BUYFXqAtAUf%2B7lOuZNaq4KuI%3D</analysis_url><energy>0.902853</energy><liveness>0.18862</liveness><tempo>118.811</tempo><speechiness>0.523782</speechiness><acousticness>0.220045</acousticness><instrumentalness>0.0</instrumentalness><mode>0</mode><time_signature>3</time_signature><duration>213.46621</duration><loudness>-5.498</loudness><audio_md5 /><valence>0.562487</valence><danceability>0.573784</danceability></audio_summary><title>Club Hoppin' (Clean)</title></song><song><artist_id>ARUV2AE1187FB4D04B</artist_id><artist_name>Agallah</artist_name><id>SOBOWIP13134388C6B</id><audio_summary><key>10</key><analysis_url>http://echonest-analysis.s3.amazonaws.com/TR/iC72XguUiUgXMO8fWaeRVtU2zjCpNdLAPFvGyhs6u4Cfl60NdxvuhuKWcDdjKtB8WG2T_vJZaWCbQSPlc%3D/3/full.json?AWSAccessKeyId=AKIAJRDFEY23UEVW42BQ&amp;Expires=1415342944&amp;Signature=xCe0VCbFplWF5dlBvKvZzZcwHNw%3D</analysis_url><energy>0.680308</energy><liveness>0.079952</liveness><tempo>78.886</tempo><speechiness>0.247696</speechiness><acousticness>0.181083</acousticness><instrumentalness>0.0</instrumentalness><mode>0</mode><time_signature>4</time_signature><duration>201.65288</duration><loudness>-8.267</loudness><audio_md5 /><valence>0.52461</valence><danceability>0.514215</danceability></audio_summary><title>Eyes On The Bump (Feat. Jane Beryl)</title></song><song><artist_id>ARUV2AE1187FB4D04B</artist_id><artist_name>Agallah</artist_name><id>SOAZAMH1450833F532</id><audio_summary><key>6</key><analysis_url>http://echonest-analysis.s3.amazonaws.com/TR/5gK0gAAq8rIFFWygIcupVPE_GzlQg3FompW1c04NMiDJifS5QwxHz1fxsFsjcRcEdpkiAqgFbZL0HQwtM%3D/3/full.json?AWSAccessKeyId=AKIAJRDFEY23UEVW42BQ&amp;Expires=1415342944&amp;Signature=2ahLBfIVozwFzAZDzzNbvezR6ho%3D</analysis_url><energy>0.485766</energy><liveness>0.135753</liveness><tempo>75.473</tempo><speechiness>0.366962</speechiness><acousticness>0.029025</acousticness><instrumentalness>0.0</instrumentalness><mode>1</mode><time_signature>4</time_signature><duration>201.85388</duration><loudness>-15.328</loudness><audio_md5 /><valence>0.715092</valence><danceability>0.686028</danceability></audio_summary><title>(Bonus Track) Just Ridin</title></song><song><artist_id>ARUV2AE1187FB4D04B</artist_id><artist_name>Agallah</artist_name><id>SOBSZON1450834E253</id><audio_summary><key>4</key><analysis_url>http://echonest-analysis.s3.amazonaws.com/TR/sIDdJwZkRPDAecscAWBr38FJ-d-hz90V5Hu_VwX_Lao38CHI8nXSj7Wl9uPlo2_yOBaK31QwfnHLhG7G4%3D/3/full.json?AWSAccessKeyId=AKIAJRDFEY23UEVW42BQ&amp;Expires=1415342944&amp;Signature=1%2BuwHQ74u7nNRtO/4OS/avIphd4%3D</analysis_url><energy>0.643606</energy><liveness>0.834223</liveness><tempo>88.944</tempo><speechiness>0.255328</speechiness><acousticness>0.250976</acousticness><instrumentalness>0.0</instrumentalness><mode>0</mode><time_signature>4</time_signature><duration>170.18354</duration><loudness>-13.286</loudness><audio_md5 /><valence>0.386392</valence><danceability>0.541964</danceability></audio_summary><title>Wants and Needs</title></song><song><artist_id>ARUV2AE1187FB4D04B</artist_id><artist_name>Agallah</artist_name><id>SOSXNZZ14508330135</id><audio_summary><key>6</key><analysis_url>http://echonest-analysis.s3.amazonaws.com/TR/wz8yUAw7k9HAxoyjCWuQzrIQv6AzFV-nnmfxzjxR68qepO1mxoYLiuyVnto-zQBLlOkE1SVlgOYzJUrmA%3D/3/full.json?AWSAccessKeyId=AKIAJRDFEY23UEVW42BQ&amp;Expires=1415342944&amp;Signature=NeV/8SQXrZx37V/ztwg3sFOGc1A%3D</analysis_url><energy>0.552638</energy><liveness>0.359263</liveness><tempo>78.148</tempo><speechiness>0.508998</speechiness><acousticness>0.000643</acousticness><instrumentalness>0.0</instrumentalness><mode>0</mode><time_signature>4</time_signature><duration>214.18562</duration><loudness>-14.438</loudness><audio_md5>48e1bbc41e1da1278ce3772c2b645a8d</audio_md5><valence>0.496132</valence><danceability>0.440527</danceability></audio_summary><title>Kush Parade</title></song><song><artist_id>ARUV2AE1187FB4D04B</artist_id><artist_name>Agallah</artist_name><id>SOEHKSG145083868F4</id><audio_summary><key>8</key><analysis_url>http://echonest-analysis.s3.amazonaws.com/TR/203stgLVDc0A4kzTqOFY2anlAxpf20AlTjzxjfkaJg-GFx-nPCSAc8G5OGoDEeoqlFla6WpCTrifGzuEA%3D/3/full.json?AWSAccessKeyId=AKIAJRDFEY23UEVW42BQ&amp;Expires=1415342944&amp;Signature=h689T0sYylFUQpyi/P/BNnDS1qI%3D</analysis_url><energy>0.583307</energy><liveness>0.315608</liveness><tempo>78.261</tempo><speechiness>0.336081</speechiness><acousticness>0.02213</acousticness><instrumentalness>0.0</instrumentalness><mode>0</mode><time_signature>4</time_signature><duration>146.75111</duration><loudness>-13.875</loudness><audio_md5>cd1e0b0c3bc6479c800029690b5ad750</audio_md5><valence>0.493417</valence><danceability>0.548173</danceability></audio_summary><title>Crack In The Courthouse</title></song><song><artist_id>ARUV2AE1187FB4D04B</artist_id><artist_name>Agallah</artist_name><id>SOMQBUB141CE71911B</id><audio_summary><key>11</key><analysis_url>http://echonest-analysis.s3.amazonaws.com/TR/EoWrBQceYKZTYSft5hr3EyYrrEn6KwCQq4JAmxRK-CC37KFHRFYkAhial30hIKhcXeP3COk9vRpdXARis%3D/3/full.json?AWSAccessKeyId=AKIAJRDFEY23UEVW42BQ&amp;Expires=1415342944&amp;Signature=wGhvaiUULXw7ADOqXeYEc8AzF9g%3D</analysis_url><energy>0.587625</energy><liveness>0.140598</liveness><tempo>112.691</tempo><speechiness>0.393195</speechiness><acousticness>4.3e-05</acousticness><instrumentalness>0.0</instrumentalness><mode>0</mode><time_signature>5</time_signature><duration>177.58939</duration><loudness>-11.354</loudness><audio_md5>e35f4256c54e5a17c605373059b5db87</audio_md5><valence>0.480539</valence><danceability>0.4808</danceability></audio_summary><title>Everything I Love</title></song><song><artist_id>ARUV2AE1187FB4D04B</artist_id><artist_name>Agallah</artist_name><id>SOGGXOB143FB098E4F</id><audio_summary><key>10</key><analysis_url>http://echonest-analysis.s3.amazonaws.com/TR/obOnGwp244lm8duINq2CTT9XmY8iPmFD0zZj3d/3/full.json?AWSAccessKeyId=AKIAJRDFEY23UEVW42BQ&amp;Expires=1415342944&amp;Signature=Zc5nC%2B59QdybiX6qIBOX7EqPN5k%3D</analysis_url><energy>0.641971</energy><liveness>0.313136</liveness><tempo>102.513</tempo><speechiness>0.136193</speechiness><acousticness>0.038357</acousticness><instrumentalness>0.0</instrumentalness><mode>1</mode><time_signature>3</time_signature><duration>192.83197</duration><loudness>-6.08</loudness><audio_md5>396d07c1eea6d4772701b76ea3fbb447</audio_md5><valence>0.291822</valence><danceability>0.537941</danceability></audio_summary><title>Outlaw's Bible</title></song><song><artist_id>ARUV2AE1187FB4D04B</artist_id><artist_name>Agallah</artist_name><id>SOTCZQX14508342F22</id><audio_summary><key>10</key><analysis_url>http://echonest-analysis.s3.amazonaws.com/TR/asTkkARHJuL0Eu1xFjjd6UVrRpPRVlE_jNfeb3Kasm49pXGVxuIZpio99RY5JFbnotuqjrp7M6p_itRUs%3D/3/full.json?AWSAccessKeyId=AKIAJRDFEY23UEVW42BQ&amp;Expires=1415342944&amp;Signature=6BroevmXvhev8PR0j8NF6ruZeS0%3D</analysis_url><energy>0.47383</energy><liveness>0.197554</liveness><tempo>136.1</tempo><speechiness>0.219538</speechiness><acousticness>0.000284</acousticness><instrumentalness>0.0</instrumentalness><mode>1</mode><time_signature>4</time_signature><duration>269.33488</duration><loudness>-12.712</loudness><audio_md5>f50731a86f9f293ccf42921ec31857be</audio_md5><valence>0.236267</valence><danceability>0.489766</danceability></audio_summary><title>Outlaws Bible</title></song><song><artist_id>ARUV2AE1187FB4D04B</artist_id><artist_name>Agallah</artist_name><id>SOCQWPH1450833D337</id><audio_summary><key>7</key><analysis_url>http://echonest-analysis.s3.amazonaws.com/TR/VUZSkQl4-aO7kht_64xjThxAWhrrVbkWP3Buzdj64c1HDCwM-mYf06BmVag79ogFppwr0obsFAtdEFv30%3D/3/full.json?AWSAccessKeyId=AKIAJRDFEY23UEVW42BQ&amp;Expires=1415342944&amp;Signature=XaX6UFRsUBmlpjD2xlD9CFq4jYg%3D</analysis_url><energy>0.539197</energy><liveness>0.125924</liveness><tempo>84.745</tempo><speechiness>0.483653</speechiness><acousticness>0.006499</acousticness><instrumentalness>0.000436</instrumentalness><mode>1</mode><time_signature>4</time_signature><duration>190.93723</duration><loudness>-10.946</loudness><audio_md5 /><valence>0.412646</valence><danceability>0.648073</danceability></audio_summary><title>Slaughter</title></song><song><artist_id>ARUV2AE1187FB4D04B</artist_id><artist_name>Agallah</artist_name><id>SOISWRT1450833B022</id><audio_summary><key>8</key><analysis_url>http://echonest-analysis.s3.amazonaws.com/TR/lrkw1Ayom6gaXqEMaojv2vTsDoy1wMZotbeLv1yJwl30BgLa9kU_izfcpIUrm-ihUPh5SbDOl-SjiWHak%3D/3/full.json?AWSAccessKeyId=AKIAJRDFEY23UEVW42BQ&amp;Expires=1415342944&amp;Signature=n5N/RXpePdJM8mHIJd5DST7NX44%3D</analysis_url><energy>0.479578</energy><liveness>0.377257</liveness><tempo>71.815</tempo><speechiness>0.793736</speechiness><acousticness>0.000626</acousticness><instrumentalness>0.0</instrumentalness><mode>1</mode><time_signature>3</time_signature><duration>249.46558</duration><loudness>-13.391</loudness><audio_md5>e6048cf945845dc0af09b0194f968bc9</audio_md5><valence>0.38607</valence><danceability>0.523568</danceability></audio_summary><title>We Hittin That</title></song><song><artist_id>ARUV2AE1187FB4D04B</artist_id><artist_name>Agallah</artist_name><id>SOFFXJS12AF72A8F06</id><audio_summary><key>4</key><analysis_url>http://echonest-analysis.s3.amazonaws.com/TR/N8t3fg_jVzcXyB1QSdgxQ4OsudXZkIMv4Jz_174qNanqky7PqVYCacaAFjCHxQuj_io3tuJ5d6lWBoBI4%3D/3/full.json?AWSAccessKeyId=AKIAJRDFEY23UEVW42BQ&amp;Expires=1415342944&amp;Signature=ROi%2BC0OWNpZKgFMFTDmNhPqBYWI%3D</analysis_url><energy>0.704252</energy><liveness>0.331592</liveness><tempo>84.961</tempo><speechiness>0.338712</speechiness><acousticness>0.36157</acousticness><instrumentalness>1e-05</instrumentalness><mode>0</mode><time_signature>4</time_signature><duration>213.95955</duration><loudness>-6.543</loudness><audio_md5 /><valence>0.495377</valence><danceability>0.625267</danceability></audio_summary><title>Ride Out (O.G.G.G.)</title></song><song><artist_id>ARUV2AE1187FB4D04B</artist_id><artist_name>Agallah</artist_name><id>SOJAZWJ13167712C51</id><audio_summary><key>2</key><analysis_url>http://echonest-analysis.s3.amazonaws.com/TR/mAJ7LgGZN2iyp5Ed6Br7A8qe9Ig0hrfZDA8F6BjZSd6Gq7mh649kErjHuY-QP1FFixjl6bvVn2SIJ_fQo%3D/3/full.json?AWSAccessKeyId=AKIAJRDFEY23UEVW42BQ&amp;Expires=1415342944&amp;Signature=LfQeXrZPvZeo%2BqPPghXVbNzBt%2Bs%3D</analysis_url><energy>0.665777</energy><liveness>0.187008</liveness><tempo>85.001</tempo><speechiness>0.254313</speechiness><acousticness>0.329256</acousticness><instrumentalness>1e-05</instrumentalness><mode>1</mode><time_signature>4</time_signature><duration>218.63955</duration><loudness>-8.54</loudness><audio_md5 /><valence>0.540098</valence><danceability>0.775417</danceability></audio_summary><title>Ride Out (O.G.G.G.)</title></song><song><artist_id>ARUV2AE1187FB4D04B</artist_id><artist_name>Agallah</artist_name><id>SOEHVWG12AF72A2C8B</id><audio_summary><key>3</key><analysis_url>http://echonest-analysis.s3.amazonaws.com/TR/C2h96ghLrvF6MC1H7eqN-ArrwTka3OkZ_blAh2owQFm7AlRhCAHvmyj-B2siafiCNZpZAGUN3PaGfkX-k%3D/3/full.json?AWSAccessKeyId=AKIAJRDFEY23UEVW42BQ&amp;Expires=1415342944&amp;Signature=em4HxmoI2Cqab178XO3sL9VP4vg%3D</analysis_url><energy>0.866294</energy><liveness>0.270259</liveness><tempo>77.513</tempo><speechiness>0.073732</speechiness><acousticness>0.219466</acousticness><instrumentalness>0.01084</instrumentalness><mode>0</mode><time_signature>4</time_signature><duration>158.03955</duration><loudness>-5.165</loudness><audio_md5 /><valence>0.651959</valence><danceability>0.684784</danceability></audio_summary><title>What's Hood?</title></song><song><artist_id>ARUV2AE1187FB4D04B</artist_id><artist_name>Agallah</artist_name><id>SOEZCCM12AF72A3616</id><audio_summary><key>0</key><analysis_url>http://echonest-analysis.s3.amazonaws.com/TR/kgTycQaMKse4cwDqN-ZwEtngfXd_NqYkuOxQ3_4gd1r_idD4bFKjVbIxiR8T8ta0-8q1IXGibBexDxLd8%3D/3/full.json?AWSAccessKeyId=AKIAJRDFEY23UEVW42BQ&amp;Expires=1415342944&amp;Signature=KS7kLp94LevOxNLP2rQcPyHnfqI%3D</analysis_url><energy>0.806047</energy><liveness>0.243905</liveness><tempo>146.526</tempo><speechiness>0.343891</speechiness><acousticness>0.105693</acousticness><instrumentalness>0.0</instrumentalness><mode>1</mode><time_signature>4</time_signature><duration>198.05288</duration><loudness>-5.611</loudness><audio_md5 /><valence>0.28974</valence><danceability>0.469116</danceability></audio_summary><title>Look At You Now (Intro)</title></song><song><artist_id>ARUV2AE1187FB4D04B</artist_id><artist_name>Agallah</artist_name><id>SOYIEMW13167712323</id><audio_summary><key>2</key><analysis_url>http://echonest-analysis.s3.amazonaws.com/TR/K3dIfgba1DMmbztiYUNMBqj4LLfDBMOCVBotDNbJMl9OTeh1ehqxxqt6yX4IQnHJVXv1vCqoRiuWRCgbI%3D/3/full.json?AWSAccessKeyId=AKIAJRDFEY23UEVW42BQ&amp;Expires=1415342944&amp;Signature=%2BsF/XEne/odF/tNvtjoYgsqyaoA%3D</analysis_url><energy>0.432964</energy><liveness>0.199607</liveness><tempo>84.945</tempo><speechiness>0.033477</speechiness><acousticness>0.831443</acousticness><instrumentalness>0.192247</instrumentalness><mode>1</mode><time_signature>4</time_signature><duration>217.95955</duration><loudness>-9.799</loudness><audio_md5 /><valence>0.259112</valence><danceability>0.693149</danceability></audio_summary><title>Ride Out (O.G.G.G.) (Instr.)</title></song><song><artist_id>ARUV2AE1187FB4D04B</artist_id><artist_name>Agallah</artist_name><id>SOWUCZP13E906678BA</id><audio_summary><key>1</key><analysis_url>http://echonest-analysis.s3.amazonaws.com/TR/J7EXRwar8aSy46kWZpwct4xdTfm4A3lQsCXOzA/3/full.json?AWSAccessKeyId=AKIAJRDFEY23UEVW42BQ&amp;Expires=1415342944&amp;Signature=7%2Bi22JEo17KKr64b4NJQPgFyU90%3D</analysis_url><energy>0.73153</energy><liveness>0.085964</liveness><tempo>76.861</tempo><speechiness>0.340282</speechiness><acousticness>0.226584</acousticness><instrumentalness>0.020262</instrumentalness><mode>1</mode><time_signature>4</time_signature><duration>195.35955</duration><loudness>-6.857</loudness><audio_md5>527b21bab581464e252b9feb75e2b068</audio_md5><valence>0.590195</valence><danceability>0.529409</danceability></audio_summary><title>New York Ryder Music</title></song><song><artist_id>ARUV2AE1187FB4D04B</artist_id><artist_name>Agallah</artist_name><id>SONLIQM13134394DE1</id><audio_summary><key>5</key><analysis_url>http://echonest-analysis.s3.amazonaws.com/TR/i703IwSUvPu1hhtpW0wruV1lE9grKIcKEx4BK5ZA-decjZi707YtUMizydqwDEdxRhBY3xyl1isqmLOts%3D/3/full.json?AWSAccessKeyId=AKIAJRDFEY23UEVW42BQ&amp;Expires=1415342944&amp;Signature=sWxCuWegAMFVGpuJUw%2BbLr7PChI%3D</analysis_url><energy>0.691973</energy><liveness>0.272684</liveness><tempo>75.68</tempo><speechiness>0.377073</speechiness><acousticness>0.218647</acousticness><instrumentalness>0.010963</instrumentalness><mode>0</mode><time_signature>4</time_signature><duration>219.38621</duration><loudness>-5.763</loudness><audio_md5>d76ff440b4e022b2e407d9ec7b52f8a2</audio_md5><valence>0.708635</valence><danceability>0.652578</danceability></audio_summary><title>New York Ryder Music</title></song><song><artist_id>ARUV2AE1187FB4D04B</artist_id><artist_name>Agallah</artist_name><id>SOSIFGF13134396133</id><audio_summary><key>1</key><analysis_url>http://echonest-analysis.s3.amazonaws.com/TR/yRgiiQZgkiSs8X5ydXUEQBP0E3L1ocNfPSDXMFdV2uYIGrfEqkVAbv1ygZdXut1tIfTgxb_WxjP7ugBuU%3D/3/full.json?AWSAccessKeyId=AKIAJRDFEY23UEVW42BQ&amp;Expires=1415342944&amp;Signature=JmvpwKGYH0IEpEmydgvLQ%2BAoLYI%3D</analysis_url><energy>0.351847</energy><liveness>0.057831</liveness><tempo>119.685</tempo><speechiness>0.645706</speechiness><acousticness>0.543629</acousticness><instrumentalness>0.0</instrumentalness><mode>0</mode><time_signature>4</time_signature><duration>30.17288</duration><loudness>-9.854</loudness><audio_md5 /><valence>0.676595</valence><danceability>0.72683</danceability></audio_summary><title>Big Mike Outro</title></song><song><artist_id>ARUV2AE1187FB4D04B</artist_id><artist_name>Agallah</artist_name><id>SOUMQFZ136F35E344A</id><audio_summary><key>9</key><analysis_url>http://echonest-analysis.s3.amazonaws.com/TR/kcieMwJhl5QoGeHpKxyTGxQweLVnm8RvvY2wHcTaDueGyT7GufqW7q5gvWaqmuPcNdKv3w94KRZFleoXU%3D/3/full.json?AWSAccessKeyId=AKIAJRDFEY23UEVW42BQ&amp;Expires=1415342944&amp;Signature=OBJZIhCSw332uB/ZFuSg/TGpThY%3D</analysis_url><energy>0.764344</energy><liveness>0.100325</liveness><tempo>162.036</tempo><speechiness>0.379833</speechiness><acousticness>0.278849</acousticness><instrumentalness>0.00073</instrumentalness><mode>0</mode><time_signature>4</time_signature><duration>260.73288</duration><loudness>-4.939</loudness><audio_md5 /><valence>0.523147</valence><danceability>0.726436</danceability></audio_summary><title>Stacks (Feat. Advocates)</title></song><song><artist_id>ARUV2AE1187FB4D04B</artist_id><artist_name>Agallah</artist_name><id>SOWDBXM1311AFE42E5</id><audio_summary><key>4</key><analysis_url>http://echonest-analysis.s3.amazonaws.com/TR/g4_nOAEJZiSWMrvp1bgQFCTi1b58b2lqS8M6y6-Hsi8PkUYKb8AKmgOZxFnBuTQopcmABYkoxr8aGf_s8%3D/3/full.json?AWSAccessKeyId=AKIAJRDFEY23UEVW42BQ&amp;Expires=1415342944&amp;Signature=Dr5hnAnZsfcuy2H7cU7ZtFhtoSw%3D</analysis_url><energy>0.692438</energy><liveness>0.151801</liveness><tempo>158.295</tempo><speechiness>0.361192</speechiness><acousticness>0.021249</acousticness><instrumentalness>0.0</instrumentalness><mode>1</mode><time_signature>4</time_signature><duration>232.37288</duration><loudness>-8.727</loudness><audio_md5 /><valence>0.811104</valence><danceability>0.585597</danceability></audio_summary><title>Get That Gat</title></song><song><artist_id>ARUV2AE1187FB4D04B</artist_id><artist_name>Agallah</artist_name><id>SOVUGWJ1313438AEBB</id><audio_summary><key>1</key><analysis_url>http://echonest-analysis.s3.amazonaws.com/TR/agFjxQREgAlUFb9YJ-0pA4IhL8StG0IcXeT6CfEB15g6coQDbsEhRAhSaJoA0ejISsk1JNT74Nyg-aVuA%3D/3/full.json?AWSAccessKeyId=AKIAJRDFEY23UEVW42BQ&amp;Expires=1415342944&amp;Signature=lGAVwe0CXP6J6lg2CTICg3z11kM%3D</analysis_url><energy>0.110396</energy><liveness>0.157343</liveness><tempo>112.604</tempo><speechiness>0.938428</speechiness><acousticness>0.824148</acousticness><instrumentalness>0.0</instrumentalness><mode>1</mode><time_signature>4</time_signature><duration>80.46621</duration><loudness>-25.208</loudness><audio_md5 /><valence>0.715966</valence><danceability>0.746592</danceability></audio_summary><title>Pmd &amp; Whookid Talk Agallah</title></song><song><artist_id>ARUV2AE1187FB4D04B</artist_id><artist_name>Agallah</artist_name><id>SORNEER1370BA899E5</id><audio_summary><key>7</key><analysis_url>http://echonest-analysis.s3.amazonaws.com/TR/cCSvRAJYLS1siEdkJLV0GIAImk6jZ_5OPnI9FgFV3cCh7J29XoHlfulgYskB-9T4uuX46AzuFSLPBxDAo%3D/3/full.json?AWSAccessKeyId=AKIAJRDFEY23UEVW42BQ&amp;Expires=1415342944&amp;Signature=4C9cYKaa818Frt9lf06zDCKXYVM%3D</analysis_url><energy>0.422229</energy><liveness>0.843072</liveness><tempo>81.943</tempo><speechiness>0.2893</speechiness><acousticness>0.294402</acousticness><instrumentalness>0.0</instrumentalness><mode>1</mode><time_signature>4</time_signature><duration>257.99955</duration><loudness>-9.966</loudness><audio_md5 /><valence>0.484996</valence><danceability>0.600053</danceability></audio_summary><title>Propaine Theme Music (Feat. Legacy, Mizzo &amp; Anamoss)</title></song><song><artist_id>ARUV2AE1187FB4D04B</artist_id><artist_name>Agallah</artist_name><id>SOQQYWR1311AFEC1DD</id><audio_summary><key>9</key><analysis_url>http://echonest-analysis.s3.amazonaws.com/TR/K8S1JgTOcQYXcFD8mOLepmgcuD9lQNzYj0Kewiqr3FOMbcEnQYD5GrPvNtWaxG9oQAtv488Od9Q05ULGA%3D/3/full.json?AWSAccessKeyId=AKIAJRDFEY23UEVW42BQ&amp;Expires=1415342944&amp;Signature=SMWFvwq/mHK82oMKFTGqS7VKJig%3D</analysis_url><energy>0.284461</energy><liveness>0.339233</liveness><tempo>56.07</tempo><speechiness>0.554563</speechiness><acousticness>0.448604</acousticness><instrumentalness>0.0</instrumentalness><mode>1</mode><time_signature>5</time_signature><duration>33.79955</duration><loudness>-11.721</loudness><audio_md5 /><valence>0.835063</valence><danceability>0.795994</danceability></audio_summary><title>Big Mike Speaks</title></song><song><artist_id>ARUV2AE1187FB4D04B</artist_id><artist_name>Agallah</artist_name><id>SOKVXXS1313438DD33</id><audio_summary><key>11</key><analysis_url>http://echonest-analysis.s3.amazonaws.com/TR/Ik7kkQ9L4GbtltTiAY3V_7CDe-yYNcC-CxtUZVoFM_IQnaqX-D7-nKm2WAloyK3srSdnzftK3Z33enWp8%3D/3/full.json?AWSAccessKeyId=AKIAJRDFEY23UEVW42BQ&amp;Expires=1415342944&amp;Signature=5cztv%2BIY0ydFWbvMzk9pvFVCvc0%3D</analysis_url><energy>0.704763</energy><liveness>0.137412</liveness><tempo>77.296</tempo><speechiness>0.293509</speechiness><acousticness>0.020451</acousticness><instrumentalness>0.0</instrumentalness><mode>0</mode><time_signature>4</time_signature><duration>203.79955</duration><loudness>-5.653</loudness><audio_md5 /><valence>0.301178</valence><danceability>0.584945</danceability></audio_summary><title>King Me</title></song><song><artist_id>ARUV2AE1187FB4D04B</artist_id><artist_name>Agallah</artist_name><id>SOMYKJQ12AF72A5915</id><audio_summary><key>9</key><analysis_url>http://echonest-analysis.s3.amazonaws.com/TR/Vffvng2vwClfsTg0Q_nmC0bzBx5lETJN_WUq8vp-n1frQD1Gn5wE9U5ZAOINPmLklda3vqxjCx1s7NIo4%3D/3/full.json?AWSAccessKeyId=AKIAJRDFEY23UEVW42BQ&amp;Expires=1415342944&amp;Signature=2cCiRUe8e1MjmVxkpj5zVGvrxJM%3D</analysis_url><energy>0.683291</energy><liveness>0.247365</liveness><tempo>80.007</tempo><speechiness>0.128973</speechiness><acousticness>0.641743</acousticness><instrumentalness>0.0</instrumentalness><mode>0</mode><time_signature>4</time_signature><duration>278.61288</duration><loudness>-7.475</loudness><audio_md5 /><valence>0.402647</valence><danceability>0.50131</danceability></audio_summary><title>Cry For Help</title></song><song><artist_id>ARUV2AE1187FB4D04B</artist_id><artist_name>Agallah</artist_name><id>SOMRKOY1315CD50782</id><audio_summary><key>11</key><analysis_url>http://echonest-analysis.s3.amazonaws.com/TR/cjN28AiWy_o0NH3yMXb53jvBt-E7PNIskvxBKA5BIYVbLbiQ71yC4h-7OwOZeGZZlwdi-mPS0ZgjFFd9k%3D/3/full.json?AWSAccessKeyId=AKIAJRDFEY23UEVW42BQ&amp;Expires=1415342944&amp;Signature=Vb9BxpcqGTgorl34qaeaP1GhvBY%3D</analysis_url><energy>0.753473</energy><liveness>0.347236</liveness><tempo>77.163</tempo><speechiness>0.4164</speechiness><acousticness>0.12878</acousticness><instrumentalness>0.0</instrumentalness><mode>0</mode><time_signature>4</time_signature><duration>257.99955</duration><loudness>-7.594</loudness><audio_md5>0d76372ff4fcb8384587dd4ba4436934</audio_md5><valence>0.505239</valence><danceability>0.491212</danceability></audio_summary><title>Hardcore</title></song><song><artist_id>ARUV2AE1187FB4D04B</artist_id><artist_name>Agallah</artist_name><id>SONNBXH13603554DDF</id><audio_summary><key>4</key><analysis_url>http://echonest-analysis.s3.amazonaws.com/TR/CYDKWAc7tfGUcesy63_4POSimMl9mWMY7chhSAjKPO1BPK2SIT4P1lzzspz1H46MkeWeeTZEDmKEIk4Eo%3D/3/full.json?AWSAccessKeyId=AKIAJRDFEY23UEVW42BQ&amp;Expires=1415342944&amp;Signature=45Qx/8XchYo8t7CCiKV6wcRWZDA%3D</analysis_url><energy>0.501464</energy><liveness>0.285225</liveness><tempo>75.005</tempo><speechiness>0.061642</speechiness><acousticness>0.00611</acousticness><instrumentalness>0.497784</instrumentalness><mode>0</mode><time_signature>4</time_signature><duration>257.93288</duration><loudness>-11.062</loudness><audio_md5 /><valence>0.764537</valence><danceability>0.702668</danceability></audio_summary><title>Hardcore (Instr.)</title></song><song><artist_id>ARUV2AE1187FB4D04B</artist_id><artist_name>Agallah</artist_name><id>SOPLTWX12AF72A3284</id><audio_summary><key>7</key><analysis_url>http://echonest-analysis.s3.amazonaws.com/TR/kmJl-wTVsxFT0WaG4c8emGyv08z7RDf7owSZrfniD22aF6Gsn5ooRcRanyjYZOwUuXxzTKvlK8XtqVHMM%3D/3/full.json?AWSAccessKeyId=AKIAJRDFEY23UEVW42BQ&amp;Expires=1415342944&amp;Signature=QkjWGlohEM/mWFSuBAl9DrrXeX0%3D</analysis_url><energy>0.88804</energy><liveness>0.302779</liveness><tempo>78.323</tempo><speechiness>0.302031</speechiness><acousticness>0.21004</acousticness><instrumentalness>0.0</instrumentalness><mode>1</mode><time_signature>4</time_signature><duration>284.75955</duration><loudness>-4.828</loudness><audio_md5 /><valence>0.478917</valence><danceability>0.567053</danceability></audio_summary><title>On The Ave</title></song><song><artist_id>ARUV2AE1187FB4D04B</artist_id><artist_name>Agallah</artist_name><id>SOPULTU1315CD430C7</id><audio_summary><key>9</key><analysis_url>http://echonest-analysis.s3.amazonaws.com/TR/adulowC0i9GJrWxB_iPzNVOyCBb6gRqfKh33lC5uR854Zaw31gF9RKBabPq76nWceKCxHMp07j9z_7210%3D/3/full.json?AWSAccessKeyId=AKIAJRDFEY23UEVW42BQ&amp;Expires=1415342944&amp;Signature=2pzv1UoAnkC8Jv3SeccZeVgCGRg%3D</analysis_url><energy>0.68407</energy><liveness>0.34915</liveness><tempo>160.311</tempo><speechiness>0.399667</speechiness><acousticness>0.049471</acousticness><instrumentalness>0.0</instrumentalness><mode>1</mode><time_signature>4</time_signature><duration>206.55955</duration><loudness>-8.095</loudness><audio_md5 /><valence>0.308782</valence><danceability>0.399635</danceability></audio_summary><title>Freestyle</title></song><song><artist_id>ARUV2AE1187FB4D04B</artist_id><artist_name>Agallah</artist_name><id>SOPWAYN130516DE723</id><audio_summary><key>1</key><analysis_url>http://echonest-analysis.s3.amazonaws.com/TR/Z7WBHwlB5KAVHelTwYAMcEQlKWuX3R2aJEZOjcIUrbxggZAXFmUCIJRF-ztq2t_8zSLdiU6kRL8l95M-c%3D/3/full.json?AWSAccessKeyId=AKIAJRDFEY23UEVW42BQ&amp;Expires=1415342944&amp;Signature=jNCz%2B2AeCpwh7YXHaV065JxyVWo%3D</analysis_url><energy>0.724474</energy><liveness>0.310226</liveness><tempo>80.828</tempo><speechiness>0.4304</speechiness><acousticness>0.0092</acousticness><instrumentalness>0.0</instrumentalness><mode>1</mode><time_signature>4</time_signature><duration>198.46621</duration><loudness>-5.728</loudness><audio_md5 /><valence>0.463122</valence><danceability>0.599371</danceability></audio_summary><title>Check</title></song><song><artist_id>ARUV2AE1187FB4D04B</artist_id><artist_name>Agallah</artist_name><id>SONYGGJ1315CD4EA7A</id><audio_summary><key>6</key><analysis_url>http://echonest-analysis.s3.amazonaws.com/TR/5QNdTQmArzpdcCzoBuc56Ccqvtzv55GhHNn9ReT1U4HNa9jv7_5ecKNxHGPV81oubbvoXC9j3vfy72wUI%3D/3/full.json?AWSAccessKeyId=AKIAJRDFEY23UEVW42BQ&amp;Expires=1415342944&amp;Signature=DN8RShuX9AcYmCjZniEj%2BsTFm4Q%3D</analysis_url><energy>0.665642</energy><liveness>0.108138</liveness><tempo>111.435</tempo><speechiness>0.14802</speechiness><acousticness>0.061816</acousticness><instrumentalness>0.541858</instrumentalness><mode>0</mode><time_signature>4</time_signature><duration>232.89288</duration><loudness>-7.624</loudness><audio_md5 /><valence>0.334029</valence><danceability>0.926262</danceability></audio_summary><title>Club Hoppin' (Instr.)</title></song><song><artist_id>ARUV2AE1187FB4D04B</artist_id><artist_name>Agallah</artist_name><id>SONUNWC12A58A79AAD</id><audio_summary><key>3</key><analysis_url>http://echonest-analysis.s3.amazonaws.com/TR/n6EO2AUq-y5s14awGzZ6Igsr9vFX9bMlnJ2NnIDEe2KcSjKI6X_UfnRYWdg3q8-mg9cQRs0h-AkoljY6Y%3D/3/full.json?AWSAccessKeyId=AKIAJRDFEY23UEVW42BQ&amp;Expires=1415342944&amp;Signature=5b1fIU/wIyQXvVRlas6yYzVXZIs%3D</analysis_url><energy>0.034088</energy><liveness>0.199227</liveness><tempo>131.825</tempo><speechiness>0.83898</speechiness><acousticness>0.879816</acousticness><instrumentalness>0.0</instrumentalness><mode>1</mode><time_signature>4</time_signature><duration>20.01288</duration><loudness>-15.261</loudness><audio_md5 /><valence>0.961844</valence><danceability>0.703187</danceability></audio_summary><title>Words From Prodigy (of Mobb Deep)</title></song><song><artist_id>ARUV2AE1187FB4D04B</artist_id><artist_name>Agallah</artist_name><id>SOOOLEU13736274267</id><audio_summary><key>1</key><analysis_url>http://echonest-analysis.s3.amazonaws.com/TR/atK24QRcMzMmAGkuyDPJ98fTVK1T63Qiln4A7tcWNHJXNiWiXS9Wu7BSIqcbT2NHe6Yaq82d9bfsPGcjE%3D/3/full.json?AWSAccessKeyId=AKIAJRDFEY23UEVW42BQ&amp;Expires=1415342944&amp;Signature=uJrSNWZ2hnYoE%2BTstGyJkgQdhXM%3D</analysis_url><energy>0.507739</energy><liveness>0.100709</liveness><tempo>86.697</tempo><speechiness>0.479265</speechiness><acousticness>0.378755</acousticness><instrumentalness>0.0</instrumentalness><mode>1</mode><time_signature>4</time_signature><duration>239.49288</duration><loudness>-8.074</loudness><audio_md5 /><valence>0.595062</valence><danceability>0.64794</danceability></audio_summary><title>My Gun Go</title></song><song><artist_id>ARUV2AE1187FB4D04B</artist_id><artist_name>Agallah</artist_name><id>SOOOKIS1311AFD9BB5</id><audio_summary><key>9</key><analysis_url>http://echonest-analysis.s3.amazonaws.com/TR/kz-HdA6SgE7xThwXTfT5gtS7L7Vc_wQBpL_3LjYz-Byai-Ow5gtPI5oI5HXqTz-OjgrlaD_YA4x5Ba7Eg%3D/3/full.json?AWSAccessKeyId=AKIAJRDFEY23UEVW42BQ&amp;Expires=1415342944&amp;Signature=rubPzQK4ESeQgHfbrLR3uiA%2BV9E%3D</analysis_url><energy>0.929438</energy><liveness>0.687767</liveness><tempo>78.068</tempo><speechiness>0.343955</speechiness><acousticness>0.017948</acousticness><instrumentalness>0.0</instrumentalness><mode>0</mode><time_signature>4</time_signature><duration>205.13288</duration><loudness>-5.207</loudness><audio_md5 /><valence>0.365517</valence><danceability>0.560551</danceability></audio_summary><title>Right Now!</title></song><song><artist_id>ARUV2AE1187FB4D04B</artist_id><artist_name>Agallah</artist_name><id>SOFLJVR1311AFE9CAF</id><audio_summary><key>2</key><analysis_url>http://echonest-analysis.s3.amazonaws.com/TR/FAS7qgT0pW3AFvqza4FYMaGwzhJLJ5ieuy5buGyvkQWNPVZJaI-E00WIGZtEdVzmhNqkz36hF7hsXlrLY%3D/3/full.json?AWSAccessKeyId=AKIAJRDFEY23UEVW42BQ&amp;Expires=1415342944&amp;Signature=giNHcLJEVM3%2BVIAHevv%2BhFtp5uo%3D</analysis_url><energy>0.80319</energy><liveness>0.101555</liveness><tempo>175.011</tempo><speechiness>0.411687</speechiness><acousticness>0.194932</acousticness><instrumentalness>0.0</instrumentalness><mode>1</mode><time_signature>4</time_signature><duration>171.19955</duration><loudness>-7.064</loudness><audio_md5 /><valence>0.548117</valence><danceability>0.461022</danceability></audio_summary><title>Lord</title></song><song><artist_id>ARUV2AE1187FB4D04B</artist_id><artist_name>Agallah</artist_name><id>SOGIDZC13129A907F3</id><audio_summary><key>3</key><analysis_url>http://echonest-analysis.s3.amazonaws.com/TR/E_d9bgA25pQd8GVhIIDn3BwoUDROipUrfvRK9vAEMbGJNfnx0L_W5ZqmD2YEz5AE4weUPzyPW43qBrUfM%3D/3/full.json?AWSAccessKeyId=AKIAJRDFEY23UEVW42BQ&amp;Expires=1415342944&amp;Signature=exOEVaDA09GmTqUy42xbfMeFNTg%3D</analysis_url><energy>0.499226</energy><liveness>0.266688</liveness><tempo>88.502</tempo><speechiness>0.07626</speechiness><acousticness>0.087785</acousticness><instrumentalness>4e-06</instrumentalness><mode>1</mode><time_signature>4</time_signature><duration>216.82621</duration><loudness>-6.595</loudness><audio_md5 /><valence>0.690513</valence><danceability>0.910108</danceability></audio_summary><title>Who's Knockin At My Door</title></song><song><artist_id>ARUV2AE1187FB4D04B</artist_id><artist_name>Agallah</artist_name><id>SOFBRVJ13603554E3E</id><audio_summary><key>11</key><analysis_url>http://echonest-analysis.s3.amazonaws.com/TR/wOxA4A6yeK8OEOcQfh07c8BU0htRdUil9-yKP8ycYa6q9E8IriWr-9LIC4mrfm8aT4Si2Yy1XIl7ftNH4%3D/3/full.json?AWSAccessKeyId=AKIAJRDFEY23UEVW42BQ&amp;Expires=1415342944&amp;Signature=Qq0WrV8PL2dxNSNnm0/Fxewv0U8%3D</analysis_url><energy>0.750108</energy><liveness>0.318375</liveness><tempo>74.866</tempo><speechiness>0.405103</speechiness><acousticness>0.131359</acousticness><instrumentalness>0.0</instrumentalness><mode>0</mode><time_signature>4</time_signature><duration>257.93288</duration><loudness>-7.621</loudness><audio_md5 /><valence>0.510869</valence><danceability>0.605516</danceability></audio_summary><title>Hardcore (Clean)</title></song><song><artist_id>ARUV2AE1187FB4D04B</artist_id><artist_name>Agallah</artist_name><id>SOJHGWN14508345D8A</id><audio_summary><key>10</key><analysis_url>http://echonest-analysis.s3.amazonaws.com/TR/KsVXow2eBJn875IX6fvVtgTES7i01dGyjIZQ5PRRlbcRZpHY9HxNScvLmnwr_OOuLAxf6O7qXxyt2Fzek%3D/3/full.json?AWSAccessKeyId=AKIAJRDFEY23UEVW42BQ&amp;Expires=1415342944&amp;Signature=ONmDbZIc6H6qr/Zp6LK%2B4WNCkKk%3D</analysis_url><energy>0.747023</energy><liveness>0.054371</liveness><tempo>78.025</tempo><speechiness>0.345188</speechiness><acousticness>0.000246</acousticness><instrumentalness>0.0</instrumentalness><mode>0</mode><time_signature>4</time_signature><duration>270.42662</duration><loudness>-9.302</loudness><audio_md5>272c8bb497af2963544a160b33fc0bad</audio_md5><valence>0.382665</valence><danceability>0.587068</danceability></audio_summary><title>Come On</title></song><song><artist_id>ARUV2AE1187FB4D04B</artist_id><artist_name>Agallah</artist_name><id>SOFXGFQ12AB018B39D</id><audio_summary><key>9</key><analysis_url>http://echonest-analysis.s3.amazonaws.com/TR/mOvIDADXjS3z3VhrveC3-chSmyvpohaiDo2pP07oVhMrk2FIR17bQduFB9ni1Q6TG3J9Fh_e0YMjPfsRs%3D/3/full.json?AWSAccessKeyId=AKIAJRDFEY23UEVW42BQ&amp;Expires=1415342944&amp;Signature=JNATXU31d%2BbiSBWdbR11Wov1FsU%3D</analysis_url><energy>0.883749</energy><liveness>0.047383</liveness><tempo>76.2</tempo><speechiness>0.294733</speechiness><acousticness>0.003125</acousticness><instrumentalness>0.0</instrumentalness><mode>0</mode><time_signature>4</time_signature><duration>205.99955</duration><loudness>-6.537</loudness><audio_md5 /><valence>0.271908</valence><danceability>0.326527</danceability></audio_summary><title>Fame</title></song><song><artist_id>ARUV2AE1187FB4D04B</artist_id><artist_name>Agallah</artist_name><id>SOHCDJD12AF72A8E07</id><audio_summary><key>1</key><analysis_url>http://echonest-analysis.s3.amazonaws.com/TR/DBzM8QiWIAjYUs8cd07QUEvyR7W-bOkEM4Zv32oKIhxxS--9EcE482MZCPDjDpgbWU9t2g9DyFb4UboVc%3D/3/full.json?AWSAccessKeyId=AKIAJRDFEY23UEVW42BQ&amp;Expires=1415342944&amp;Signature=F%2BXrfOZflSZq4I%2BxNZ9ByViNk64%3D</analysis_url><energy>0.841979</energy><liveness>0.245158</liveness><tempo>83.356</tempo><speechiness>0.443634</speechiness><acousticness>0.016301</acousticness><instrumentalness>0.0</instrumentalness><mode>0</mode><time_signature>4</time_signature><duration>169.14621</duration><loudness>-6.953</loudness><audio_md5 /><valence>0.527189</valence><danceability>0.775622</danceability></audio_summary><title>Take Me Back</title></song><song><artist_id>ARUV2AE1187FB4D04B</artist_id><artist_name>Agallah</artist_name><id>SOKDEUI1312A8A423C</id><audio_summary><key>7</key><analysis_url>http://echonest-analysis.s3.amazonaws.com/TR/PzzwFwcPP2FOlEZAadHjrccfj2dlKfAAst983GlCImme-bsRJJAT_GHqYYd4RhRgXkhGfSLUpgOtilQHo%3D/3/full.json?AWSAccessKeyId=AKIAJRDFEY23UEVW42BQ&amp;Expires=1415342944&amp;Signature=yVE7VadVeqtiLdnahkgRKFuouec%3D</analysis_url><energy>0.831007</energy><liveness>0.076796</liveness><tempo>86.953</tempo><speechiness>0.284383</speechiness><acousticness>0.072204</acousticness><instrumentalness>0.0</instrumentalness><mode>1</mode><time_signature>4</time_signature><duration>176.49288</duration><loudness>-5.895</loudness><audio_md5 /><valence>0.533619</valence><danceability>0.76448</danceability></audio_summary><title>Can You Dig It?</title></song><song><artist_id>ARUV2AE1187FB4D04B</artist_id><artist_name>Agallah</artist_name><id>SOGYWNM144D6F3ACB4</id><audio_summary><key>11</key><analysis_url>http://echonest-analysis.s3.amazonaws.com/TR/8T7uHgcI9cfvfY4ebuCD41pBF8KHNXfFn4j4Tg/3/full.json?AWSAccessKeyId=AKIAJRDFEY23UEVW42BQ&amp;Expires=1415342944&amp;Signature=3WLPW4QhAJOlv8l5tpQ9M/QfEgM%3D</analysis_url><energy>0.815856</energy><liveness>0.329185</liveness><tempo>79.171</tempo><speechiness>0.453382</speechiness><acousticness>0.022436</acousticness><instrumentalness>0.0</instrumentalness><mode>0</mode><time_signature>4</time_signature><duration>237.83293</duration><loudness>-6.848</loudness><audio_md5 /><valence>0.456676</valence><danceability>0.389715</danceability></audio_summary><title>Real Sh*t</title></song><song><artist_id>ARUV2AE1187FB4D04B</artist_id><artist_name>Agallah</artist_name><id>SOIDXZY136888C6830</id><audio_summary><key>5</key><analysis_url>http://echonest-analysis.s3.amazonaws.com/TR/sM8NxwC_pPf0AK4azEb0NCm1yf-IJFUM49NxltllVEb1L2MkFrBW8dHcid_lJuAVoFOIzwDipLQCsqDNQ%3D/3/full.json?AWSAccessKeyId=AKIAJRDFEY23UEVW42BQ&amp;Expires=1415342944&amp;Signature=SjmmIk%2BFZLXKVSyyXzhy7/VL3HE%3D</analysis_url><energy>0.690604</energy><liveness>0.308753</liveness><tempo>75.714</tempo><speechiness>0.362036</speechiness><acousticness>0.203385</acousticness><instrumentalness>0.004852</instrumentalness><mode>0</mode><time_signature>4</time_signature><duration>221.79955</duration><loudness>-5.689</loudness><audio_md5 /><valence>0.712521</valence><danceability>0.676838</danceability></audio_summary><title>NY Ryder Music (Clean)</title></song><song><artist_id>ARUV2AE1187FB4D04B</artist_id><artist_name>Agallah</artist_name><id>SOJWIHR1312A8A4885</id><audio_summary><key>4</key><analysis_url>http://echonest-analysis.s3.amazonaws.com/TR/BENJCAN8qLOJLRSoKT6GAwVqgEMueVeddRwEWDEICu9711AG5Ut4MLK_cFSHDQfTIMidM7NYa4L3nIHXM%3D/3/full.json?AWSAccessKeyId=AKIAJRDFEY23UEVW42BQ&amp;Expires=1415342944&amp;Signature=BCYYdmyM51LPIJS2vByI9rvHVlI%3D</analysis_url><energy>0.77386</energy><liveness>0.19348</liveness><tempo>74.61</tempo><speechiness>0.385852</speechiness><acousticness>0.136353</acousticness><instrumentalness>0.0</instrumentalness><mode>0</mode><time_signature>4</time_signature><duration>281.62621</duration><loudness>-6.542</loudness><audio_md5 /><valence>0.423728</valence><danceability>0.559342</danceability></audio_summary><title>Hardcore</title></song><song><artist_id>ARUV2AE1187FB4D04B</artist_id><artist_name>Agallah</artist_name><id>SOLMYRP1311AFE8726</id><audio_summary><key>10</key><analysis_url>http://echonest-analysis.s3.amazonaws.com/TR/7YEfdAREZH8C4oyUHn8DVP0Wny9mJR7u0-QSaQUTDMm7eO-QSHoN3RuJpg-ozcNXe08k3I710PAKy4GN8%3D/3/full.json?AWSAccessKeyId=AKIAJRDFEY23UEVW42BQ&amp;Expires=1415342944&amp;Signature=iWfHwaN5a2MrhhB1Qc4yP%2B2MOQY%3D</analysis_url><energy>0.936629</energy><liveness>0.114168</liveness><tempo>84.08</tempo><speechiness>0.647971</speechiness><acousticness>0.196318</acousticness><instrumentalness>0.0</instrumentalness><mode>0</mode><time_signature>4</time_signature><duration>107.02621</duration><loudness>-4.544</loudness><audio_md5 /><valence>0.523585</valence><danceability>0.544636</danceability></audio_summary><title>Respect The Jux</title></song><song><artist_id>ARUV2AE1187FB4D04B</artist_id><artist_name>Agallah</artist_name><id>SOLCWAB1315CD44F75</id><audio_summary><key>9</key><analysis_url>http://echonest-analysis.s3.amazonaws.com/TR/5YqwnQLBMf0EJXA-keaVvYmKbKLlY702x2gUI5xObcN95jY4t1YCqzUX6oIlTCv6DavCBLH2Wwl-an9VQ%3D/3/full.json?AWSAccessKeyId=AKIAJRDFEY23UEVW42BQ&amp;Expires=1415342944&amp;Signature=CuLIXxiMkavlJWQ6ijqIzhY6Gu0%3D</analysis_url><energy>0.567736</energy><liveness>0.337879</liveness><tempo>159.467</tempo><speechiness>0.42568</speechiness><acousticness>0.079695</acousticness><instrumentalness>0.0</instrumentalness><mode>0</mode><time_signature>4</time_signature><duration>211.29288</duration><loudness>-8.766</loudness><audio_md5 /><valence>0.2458</valence><danceability>0.543639</danceability></audio_summary><title>Payback</title></song><song><artist_id>ARUV2AE1187FB4D04B</artist_id><artist_name>Agallah</artist_name><id>SOKZPUG12CEB1219A8</id><audio_summary><key>6</key><analysis_url>http://echonest-analysis.s3.amazonaws.com/TR/poAcgwL3ZTU2-n7fmPh2w9iIkkT6g94XcViRl2SMh5t29u-nPIskCQkkVeyTDZEelyBDZ9O4axwQnlt0c%3D/3/full.json?AWSAccessKeyId=AKIAJRDFEY23UEVW42BQ&amp;Expires=1415342944&amp;Signature=babs%2BkE7puCWKuONOzL4hlWjBhM%3D</analysis_url><energy>0.822395</energy><liveness>0.331651</liveness><tempo>90.088</tempo><speechiness>0.460982</speechiness><acousticness>0.053058</acousticness><instrumentalness>0.0</instrumentalness><mode>0</mode><time_signature>4</time_signature><duration>270.75955</duration><loudness>-7.893</loudness><audio_md5 /><valence>0.046267</valence><danceability>0.278336</danceability></audio_summary><title>Do Not 4 Get (Feat. Sean Price)</title></song><song><artist_id>ARUV2AE1187FB4D04B</artist_id><artist_name>Agallah</artist_name><id>SOJEKED12A58A766D9</id><audio_summary><key>6</key><analysis_url>http://echonest-analysis.s3.amazonaws.com/TR/Ha5jqQlOm4aR-mo7u7hiIeE8T9yvZcjd_C4yxgUZG94KQPWZFX8OAp3SKX037_78i0v9c0MTlvylSuF54%3D/3/full.json?AWSAccessKeyId=AKIAJRDFEY23UEVW42BQ&amp;Expires=1415342944&amp;Signature=xUvGYdA6ybgjE0LSdezH5RwJqG8%3D</analysis_url><energy>0.774148</energy><liveness>0.09987</liveness><tempo>151.095</tempo><speechiness>0.202706</speechiness><acousticness>0.197987</acousticness><instrumentalness>0.0</instrumentalness><mode>1</mode><time_signature>4</time_signature><duration>273.42621</duration><loudness>-4.897</loudness><audio_md5 /><valence>0.581723</valence><danceability>0.702393</danceability></audio_summary><title>Artificial Love feat. Umi and Stic.Man of Dead Prez (introducing Real Estate)</title></song><song><artist_id>ARUV2AE1187FB4D04B</artist_id><artist_name>Agallah</artist_name><id>SOKMBSF1312FDFCB9C</id><audio_summary><key>11</key><analysis_url>http://echonest-analysis.s3.amazonaws.com/TR/xcqZgACsfQDRtCffWdPSYz0KF7R9EpSbrs7E4r8uwUuW4WZ3jV-tPqAEIeuwW8gnP5PiRlvjV8ryTiyrw%3D/3/full.json?AWSAccessKeyId=AKIAJRDFEY23UEVW42BQ&amp;Expires=1415342944&amp;Signature=Nya9kEGMmpwWxFHn/wqIFxLCCTY%3D</analysis_url><energy>0.915425</energy><liveness>0.887171</liveness><tempo>81.48</tempo><speechiness>0.905762</speechiness><acousticness>0.18769</acousticness><instrumentalness>0.0</instrumentalness><mode>0</mode><time_signature>4</time_signature><duration>291.22621</duration><loudness>-7.191</loudness><audio_md5 /><valence>0.396784</valence><danceability>0.44008</danceability></audio_summary><title>God Of War</title></song><song><artist_id>ARUV2AE1187FB4D04B</artist_id><artist_name>Agallah</artist_name><id>SOKDBBG1313438EEBC</id><audio_summary><key>6</key><analysis_url>http://echonest-analysis.s3.amazonaws.com/TR/j-KGvQ74gQhb55csfJ-Dmt-82obrJHusCsK7Zp7y6fjbVGTElIQAqsqzyt0QkS7Hs8F44bd4TYn7dV7M0%3D/3/full.json?AWSAccessKeyId=AKIAJRDFEY23UEVW42BQ&amp;Expires=1415342944&amp;Signature=KRO04mS1HzAKRxBMrPgCsoq0CV4%3D</analysis_url><energy>0.911113</energy><liveness>0.337949</liveness><tempo>111.5</tempo><speechiness>0.354073</speechiness><acousticness>0.241553</acousticness><instrumentalness>0.0</instrumentalness><mode>0</mode><time_signature>4</time_signature><duration>262.79955</duration><loudness>-5.7</loudness><audio_md5 /><valence>0.506207</valence><danceability>0.810001</danceability></audio_summary><title>Club Hoppin'</title></song><song><artist_id>ARUV2AE1187FB4D04B</artist_id><artist_name>Agallah</artist_name><id>SOJCLNO1311AFE814C</id><audio_summary><key>9</key><analysis_url>http://echonest-analysis.s3.amazonaws.com/TR/yZPc6wuOd90epBOiunCiJ1HBvMYuznDuSgdZUKSgja93153lVcRmHkcLAB0mPk-ZepCTxjyhHXsYMheA8%3D/3/full.json?AWSAccessKeyId=AKIAJRDFEY23UEVW42BQ&amp;Expires=1415342944&amp;Signature=30XCO49v0smtca6cRodmyrXG1e0%3D</analysis_url><energy>0.762495</energy><liveness>0.07105</liveness><tempo>76.808</tempo><speechiness>0.226632</speechiness><acousticness>0.002388</acousticness><instrumentalness>0.0</instrumentalness><mode>0</mode><time_signature>4</time_signature><duration>203.43955</duration><loudness>-5.314</loudness><audio_md5 /><valence>0.186385</valence><danceability>0.522744</danceability></audio_summary><title>F.A.M.E. Intro</title></song><song><artist_id>ARUV2AE1187FB4D04B</artist_id><artist_name>Agallah</artist_name><id>SOMJSJO1370BA875C7</id><audio_summary><key>5</key><analysis_url>http://echonest-analysis.s3.amazonaws.com/TR/wjIrLAiXN-57FS0LWTYWwmtl0XGcsNdi3QBTW_2_wBzH-IzSiCucAVeDMjZNU0q-X5pPnM1cyI0Y4lgrs%3D/3/full.json?AWSAccessKeyId=AKIAJRDFEY23UEVW42BQ&amp;Expires=1415342944&amp;Signature=pe8CD0ueKhqNZpdLIIMubAM10iI%3D</analysis_url><energy>0.889586</energy><liveness>0.320459</liveness><tempo>81.553</tempo><speechiness>0.441096</speechiness><acousticness>0.11534</acousticness><instrumentalness>5e-06</instrumentalness><mode>1</mode><time_signature>4</time_signature><duration>176.71955</duration><loudness>-7.222</loudness><audio_md5 /><valence>0.408082</valence><danceability>0.716414</danceability></audio_summary><title>Extended Clips Feat Future</title></song><song><artist_id>ARUV2AE1187FB4D04B</artist_id><artist_name>Agallah</artist_name><id>SOMJCKA13603554AF5</id><audio_summary><key>6</key><analysis_url>http://echonest-analysis.s3.amazonaws.com/TR/gMrNcAdAqLpFZmtW32CgkE3cJANFjLzJQZcWvPhyPxHeQe46XZez23PJX5Hf13KIdWZJEsTdH8wLwRHJQ%3D/3/full.json?AWSAccessKeyId=AKIAJRDFEY23UEVW42BQ&amp;Expires=1415342944&amp;Signature=pG/NIxgvYI/cQ4muD0SHRJyEojE%3D</analysis_url><energy>0.922813</energy><liveness>0.175853</liveness><tempo>111.551</tempo><speechiness>0.291837</speechiness><acousticness>0.360053</acousticness><instrumentalness>0.0</instrumentalness><mode>1</mode><time_signature>4</time_signature><duration>213.53288</duration><loudness>-4.665</loudness><audio_md5 /><valence>0.569028</valence><danceability>0.781969</danceability></audio_summary><title>Club Hoppin'</title></song><song><artist_id>ARUV2AE1187FB4D04B</artist_id><artist_name>Agallah</artist_name><id>SOXNDKO13167712208</id><audio_summary><key>2</key><analysis_url>http://echonest-analysis.s3.amazonaws.com/TR/2zpUfA5Q4Wrim_4KpxR_QO_XK_PrdpSkZmIPXY0NhpNAQ7qxHLQkyHcNFKXDvS4GytuCahwg_8QdV-FDQ%3D/3/full.json?AWSAccessKeyId=AKIAJRDFEY23UEVW42BQ&amp;Expires=1415342944&amp;Signature=4wi7F4a5JVODy5ZQnG0xn900pfI%3D</analysis_url><energy>0.631684</energy><liveness>0.189871</liveness><tempo>85.06</tempo><speechiness>0.28628</speechiness><acousticness>0.364322</acousticness><instrumentalness>4.7e-05</instrumentalness><mode>1</mode><time_signature>4</time_signature><duration>218.69288</duration><loudness>-8.08</loudness><audio_md5 /><valence>0.453752</valence><danceability>0.68428</danceability></audio_summary><title>Ride Out (O.G.G.G.) (Clean)</title></song><song><artist_id>ARUV2AE1187FB4D04B</artist_id><artist_name>Agallah</artist_name><id>SOYVHQB1313439F217</id><audio_summary><key>3</key><analysis_url>http://echonest-analysis.s3.amazonaws.com/TR/4IJ1Bg1rBVQzyXK_MAL4pJJTVN--zS0JevTmjvzZqE01u6s2ANMZKMbgNgC05k2p7zPhh-6r84L1xPKhc%3D/3/full.json?AWSAccessKeyId=AKIAJRDFEY23UEVW42BQ&amp;Expires=1415342944&amp;Signature=ljCERLbq8WIVU%2BlFdwDoJZd23vE%3D</analysis_url><energy>0.935594</energy><liveness>0.064159</liveness><tempo>81.298</tempo><speechiness>0.390105</speechiness><acousticness>0.089399</acousticness><instrumentalness>0.0</instrumentalness><mode>0</mode><time_signature>4</time_signature><duration>243.02621</duration><loudness>-5.364</loudness><audio_md5 /><valence>0.40996</valence><danceability>0.351339</danceability></audio_summary><title>Propain Campaign Feat Caviar Dreams, Mizzo &amp; Future</title></song><song><artist_id>ARUV2AE1187FB4D04B</artist_id><artist_name>Agallah</artist_name><id>SOZZIIP131343992CC</id><audio_summary><key>10</key><analysis_url>http://echonest-analysis.s3.amazonaws.com/TR/2GEI9QCLt79T4Dggc3FbmEhnBRwT1fVIqg5cl0lwlIsX51dqRGx36S2CwYbMstuJOeyrHJ5khQIIZMCQo%3D/3/full.json?AWSAccessKeyId=AKIAJRDFEY23UEVW42BQ&amp;Expires=1415342944&amp;Signature=6Zn0W5eiOORB1Z49vgo94XW6DI8%3D</analysis_url><energy>0.539975</energy><liveness>0.60265</liveness><tempo>129.783</tempo><speechiness>0.370732</speechiness><acousticness>0.854389</acousticness><instrumentalness>0.0</instrumentalness><mode>0</mode><time_signature>3</time_signature><duration>38.82621</duration><loudness>-10.175</loudness><audio_md5 /><valence>0.900959</valence><danceability>0.611936</danceability></audio_summary><title>Cocaine Cowboy Skit</title></song><song><artist_id>ARUV2AE1187FB4D04B</artist_id><artist_name>Agallah</artist_name><id>SOBLBJK13167712A97</id><audio_summary><key>8</key><analysis_url>http://echonest-analysis.s3.amazonaws.com/TR/_Vbbtg0cP4dmq4ib9GyLZfzJz2fL7zstbEaQv71m49dPo9WWbjKkaXgZXyoKXMx-l_ghEpGBbR4A5bPUY%3D/3/full.json?AWSAccessKeyId=AKIAJRDFEY23UEVW42BQ&amp;Expires=1415342944&amp;Signature=NXWL23TrwlXeYgYTkVeVbX3CLoU%3D</analysis_url><energy>0.710887</energy><liveness>0.088694</liveness><tempo>75.696</tempo><speechiness>0.116791</speechiness><acousticness>0.211211</acousticness><instrumentalness>0.490553</instrumentalness><mode>1</mode><time_signature>4</time_signature><duration>196.62621</duration><loudness>-5.998</loudness><audio_md5 /><valence>0.573829</valence><danceability>0.688065</danceability></audio_summary><title>NY Ryder Music</title></song><song><artist_id>ARUV2AE1187FB4D04B</artist_id><artist_name>Agallah</artist_name><id>SOBUBPR130516DF004</id><audio_summary><key>2</key><analysis_url>http://echonest-analysis.s3.amazonaws.com/TR/n4drqAHx0tAu9g8rs_LNJ6rrY1VDbCIOOfC8AU8c09O9fKYa53YIpjdPL2P8xXnUARYaYmpPp7Sr5T6YI%3D/3/full.json?AWSAccessKeyId=AKIAJRDFEY23UEVW42BQ&amp;Expires=1415342944&amp;Signature=iouvP0BBY6xOkGn8SCTPbVvmYMY%3D</analysis_url><energy>0.582247</energy><liveness>0.665606</liveness><tempo>101.211</tempo><speechiness>0.350764</speechiness><acousticness>0.160054</acousticness><instrumentalness>0.0</instrumentalness><mode>1</mode><time_signature>5</time_signature><duration>143.71955</duration><loudness>-7.186</loudness><audio_md5 /><valence>0.509319</valence><danceability>0.500325</danceability></audio_summary><title>Get Paid</title></song><song><artist_id>ARUV2AE1187FB4D04B</artist_id><artist_name>Agallah</artist_name><id>SOBVJDO1313438BB96</id><audio_summary><key>2</key><analysis_url>http://echonest-analysis.s3.amazonaws.com/TR/m_ucVQuv1i5-tPkyL6GvixL0EL4Ks9nqekxvMnNChCcxJgfxGVXM5yBVd_Eyu8M92s5pAWR3WYbo5uGgE%3D/3/full.json?AWSAccessKeyId=AKIAJRDFEY23UEVW42BQ&amp;Expires=1415342944&amp;Signature=ISqo/u7UiIQFK1/SvOttiEkTzoA%3D</analysis_url><energy>0.755236</energy><liveness>0.131919</liveness><tempo>81.48</tempo><speechiness>0.408082</speechiness><acousticness>0.552463</acousticness><instrumentalness>0.0</instrumentalness><mode>0</mode><time_signature>4</time_signature><duration>271.89288</duration><loudness>-6.509</loudness><audio_md5 /><valence>0.35221</valence><danceability>0.49829</danceability></audio_summary><title>Won The War</title></song><song><artist_id>ARUV2AE1187FB4D04B</artist_id><artist_name>Agallah</artist_name><id>SODLISS131343864DC</id><audio_summary><key>10</key><analysis_url>http://echonest-analysis.s3.amazonaws.com/TR/CudsmgZgxcbjowyvBCYmnp7HaY3qSA9XIH4MZ7XxdcMOHKrf5QdnDlbUxp0PRJ6-M6HLV8hOU7XZeKTtc%3D/3/full.json?AWSAccessKeyId=AKIAJRDFEY23UEVW42BQ&amp;Expires=1415342944&amp;Signature=30JO%2BjLZBrBvtC6ZM2N0F0NIUkU%3D</analysis_url><energy>0.72784</energy><liveness>0.355061</liveness><tempo>80.121</tempo><speechiness>0.44604</speechiness><acousticness>0.144563</acousticness><instrumentalness>0.0</instrumentalness><mode>0</mode><time_signature>4</time_signature><duration>120.33288</duration><loudness>-3.974</loudness><audio_md5 /><valence>0.573196</valence><danceability>0.775975</danceability></audio_summary><title>Ghetto Rock Stars</title></song><song><artist_id>ARUV2AE1187FB4D04B</artist_id><artist_name>Agallah</artist_name><id>SODPMLG130516E0997</id><audio_summary><key>10</key><analysis_url>http://echonest-analysis.s3.amazonaws.com/TR/qGbkKw6jFKsfk88IPkB64YzGsKfIFZKbYnv-8Mu-dZRcGsKZDWsWHCoQjTDz8pIGNLXEZI2xSzyoifX3U%3D/3/full.json?AWSAccessKeyId=AKIAJRDFEY23UEVW42BQ&amp;Expires=1415342944&amp;Signature=c4BnYAIr%2BNcZ7GZ3QW9bENi0aDY%3D</analysis_url><energy>0.785661</energy><liveness>0.307931</liveness><tempo>85.489</tempo><speechiness>0.34531</speechiness><acousticness>0.030958</acousticness><instrumentalness>0.0</instrumentalness><mode>0</mode><time_signature>4</time_signature><duration>163.06621</duration><loudness>-5.093</loudness><audio_md5 /><valence>0.239095</valence><danceability>0.541212</danceability></audio_summary><title>Don Bishop</title></song><song><artist_id>ARUV2AE1187FB4D04B</artist_id><artist_name>Agallah</artist_name><id>SOFRCQU1370BA87411</id><audio_summary><key>7</key><analysis_url>http://echonest-analysis.s3.amazonaws.com/TR/aQWjiguA3Rrs5S5JY6SJuFhBR7F4WPnm6ooRRo8ba8W73xcyq1DoPRFhObQOfpmOeFFoouHxP0CyfvNJc%3D/3/full.json?AWSAccessKeyId=AKIAJRDFEY23UEVW42BQ&amp;Expires=1415342944&amp;Signature=7eytJ8Rzm%2BwBk0t/sPrSMaVGTRE%3D</analysis_url><energy>0.720887</energy><liveness>0.465178</liveness><tempo>134.804</tempo><speechiness>0.326209</speechiness><acousticness>0.034833</acousticness><instrumentalness>0.0</instrumentalness><mode>1</mode><time_signature>4</time_signature><duration>316.49288</duration><loudness>-9.219</loudness><audio_md5 /><valence>0.626568</valence><danceability>0.365703</danceability></audio_summary><title>Real O.G. (Feat. Shiest Bubz)</title></song><song><artist_id>ARLMUAM12FE085D2AB</artist_id><artist_name>Agallah, Shan</artist_name><id>SOGYLAX130516DF514</id><audio_summary><key>1</key><analysis_url>http://echonest-analysis.s3.amazonaws.com/TR/ljGv4ghSe9ZC8QLOz_pbA_uXeyoZ0q5585Kjsp/3/full.json?AWSAccessKeyId=AKIAJRDFEY23UEVW42BQ&amp;Expires=1415342944&amp;Signature=m4iIDMlUzr5PiKlfjWv3hJY5VR4%3D</analysis_url><energy>0.888533</energy><liveness>0.349301</liveness><tempo>90.994</tempo><speechiness>0.334842</speechiness><acousticness>0.015394</acousticness><instrumentalness>0.0</instrumentalness><mode>1</mode><time_signature>4</time_signature><duration>226.2868</duration><loudness>-7.603</loudness><audio_md5 /><valence>0.469804</valence><danceability>0.594496</danceability></audio_summary><title>Rooftop</title></song><song><artist_id>ARBFKCQ136658EAB0C</artist_id><artist_name>Agallah Don Bishop</artist_name><id>SOEKMPW1393E5158AB</id><audio_summary><key>0</key><analysis_url>http://echonest-analysis.s3.amazonaws.com/TR/SIUuhQ-GnE-78Yy9zVy2muHkTlRtIRjnds2W0sdl_rr8p85uIaEiS9OrEv2_0RFdOj5nExVvLL7DAm3qY%3D/3/full.json?AWSAccessKeyId=AKIAJRDFEY23UEVW42BQ&amp;Expires=1415342944&amp;Signature=k8C4HfaFLK0/k/iQmA79dWAAxGg%3D</analysis_url><energy>0.725611</energy><liveness>0.174058</liveness><tempo>92.129</tempo><speechiness>0.301081</speechiness><acousticness>0.14499</acousticness><instrumentalness>0.0</instrumentalness><mode>1</mode><time_signature>4</time_signature><duration>236.042</duration><loudness>-5.229</loudness><audio_md5 /><valence>0.512147</valence><danceability>0.718902</danceability></audio_summary><title>My New Hit</title></song><song><artist_id>ARJPHWL124549A37D9</artist_id><artist_name>Agallah "The Don Bishop"</artist_name><id>SOUMXNV1312A8A6554</id><audio_summary><key>1</key><analysis_url>http://echonest-analysis.s3.amazonaws.com/TR/CaVYiwFGm5Ao6gwcmRMRVAwVBiqH3824rI_W6SLDDFiH8i2UNV_kaP-fL1alN8UJRBXbrP3zUPC46rvEw%3D/3/full.json?AWSAccessKeyId=AKIAJRDFEY23UEVW42BQ&amp;Expires=1415342944&amp;Signature=xeAgVqIne6WrUToKldPgu8u%2BwJw%3D</analysis_url><energy>0.848981</energy><liveness>0.108758</liveness><tempo>145.928</tempo><speechiness>0.31159</speechiness><acousticness>0.43772</acousticness><instrumentalness>2e-06</instrumentalness><mode>0</mode><time_signature>4</time_signature><duration>210.49288</duration><loudness>-6.581</loudness><audio_md5 /><valence>0.702042</valence><danceability>0.726079</danceability></audio_summary><title>Built For This</title></song><song><artist_id>ARJPHWL124549A37D9</artist_id><artist_name>Agallah "The Don Bishop"</artist_name><id>SOOVVOY12AF729FFAD</id><audio_summary><key>2</key><analysis_url>http://echonest-analysis.s3.amazonaws.com/TR/AqOMZABQR-SJCPFFTnqyX0SD8OmvO3CibdJly1Bo8faDDbogt31DWFSrWWYv93SMysMkN4-IPba4-WP4w%3D/3/full.json?AWSAccessKeyId=AKIAJRDFEY23UEVW42BQ&amp;Expires=1415342944&amp;Signature=1Y4nnIaEAQuY%2BTLqFgrEJ9StIhY%3D</analysis_url><energy>0.845047</energy><liveness>0.292001</liveness><tempo>119.002</tempo><speechiness>0.178875</speechiness><acousticness>0.538968</acousticness><instrumentalness>0.0</instrumentalness><mode>1</mode><time_signature>4</time_signature><duration>276.65288</duration><loudness>-5.615</loudness><audio_md5 /><valence>0.235012</valence><danceability>0.435814</danceability></audio_summary><title>Mama (Mom R.I.P.)</title></song><song><artist_id>ARJPHWL124549A37D9</artist_id><artist_name>Agallah "The Don Bishop"</artist_name><id>SORJBOT131343913BB</id><audio_summary><key>3</key><analysis_url>http://echonest-analysis.s3.amazonaws.com/TR/exmYQwLo7RA4P3DrlKcq0nV6pLKfdSvb6XX_Dhe10sSDr7c3eJYptHo2MBm7EpmrP3pfmSHZJHpr1oLak%3D/3/full.json?AWSAccessKeyId=AKIAJRDFEY23UEVW42BQ&amp;Expires=1415342944&amp;Signature=AqtUJGzE5ZbfTsNOZ4TaEPGC5bA%3D</analysis_url><energy>0.881198</energy><liveness>0.272476</liveness><tempo>76.607</tempo><speechiness>0.364839</speechiness><acousticness>0.220976</acousticness><instrumentalness>1e-06</instrumentalness><mode>1</mode><time_signature>4</time_signature><duration>235.18621</duration><loudness>-6.668</loudness><audio_md5 /><valence>0.632697</valence><danceability>0.350126</danceability></audio_summary><title>Picture Me Rollin</title></song><song><artist_id>ARPKOTS12F129964FB</artist_id><artist_name>Agallah, Ike Eyes</artist_name><id>SOLUKGG1373627BFD0</id><audio_summary><key>10</key><analysis_url>http://echonest-analysis.s3.amazonaws.com/TR/lHjlmwO2A6DS_XpUncaWkJil8W6FOgy0ZuKBDamJZSueJuD1KA-5RBj4VNEMkXW-iLqWJhW56xoeN257o%3D/3/full.json?AWSAccessKeyId=AKIAJRDFEY23UEVW42BQ&amp;Expires=1415342944&amp;Signature=widU1SGd2DZayStVoaJJ%2BGfnVR4%3D</analysis_url><energy>0.579488</energy><liveness>0.496805</liveness><tempo>83.711</tempo><speechiness>0.230566</speechiness><acousticness>0.098015</acousticness><instrumentalness>9e-06</instrumentalness><mode>1</mode><time_signature>4</time_signature><duration>95.83955</duration><loudness>-5.127</loudness><audio_md5 /><valence>0.528239</valence><danceability>0.43511</danceability></audio_summary><title>Punk Ass Rappers</title></song><song><artist_id>ARSPIKO1250940EC60</artist_id><artist_name>CX Kidtronik;Agallah</artist_name><id>SOOKUSD1315CD4881F</id><audio_summary><key>11</key><analysis_url>http://echonest-analysis.s3.amazonaws.com/TR/ma2e1QXjYFCgc_VgxyGUfK59c3kG_W0Jth8I7zBA_pMl2pOGRS6gq-Xbe7M6a3i28q-GrnMG1IfFshLZk%3D/3/full.json?AWSAccessKeyId=AKIAJRDFEY23UEVW42BQ&amp;Expires=1415342944&amp;Signature=vi622a6gL5lvtiiRMvUJhAd0AQY%3D</analysis_url><energy>0.960932</energy><liveness>0.831206</liveness><tempo>121.447</tempo><speechiness>0.400373</speechiness><acousticness>0.090548</acousticness><instrumentalness>0.0</instrumentalness><mode>1</mode><time_signature>3</time_signature><duration>171.86621</duration><loudness>-4.266</loudness><audio_md5 /><valence>0.525911</valence><danceability>0.384162</danceability></audio_summary><title>[Whut]'T'Hell Wit Y'all (feat. Agallah of Purple Ciy)</title></song><song><artist_id>ARKVEYR12FE08603D3</artist_id><artist_name>Agallah &amp; Ike Eyes</artist_name><id>SOPXVTX131343871DE</id><audio_summary><key>11</key><analysis_url>http://echonest-analysis.s3.amazonaws.com/TR/ZVs80wnLEJkXN7bdoxRZZSgvPHvktNOZoBjkBjCYsMXp0xwKKkuM6nGRyzNAWGXfIsZgDd0sq2Vph0UMA%3D/3/full.json?AWSAccessKeyId=AKIAJRDFEY23UEVW42BQ&amp;Expires=1415342944&amp;Signature=1je09mZ7ePRD77qcQ5YST1DEbjI%3D</analysis_url><energy>0.653676</energy><liveness>0.111084</liveness><tempo>96.004</tempo><speechiness>0.458194</speechiness><acousticness>0.096706</acousticness><instrumentalness>0.0</instrumentalness><mode>1</mode><time_signature>4</time_signature><duration>241.87955</duration><loudness>-7.381</loudness><audio_md5 /><valence>0.556194</valence><danceability>0.598488</danceability></audio_summary><title>Get Da Game Right</title></song><song><artist_id>ARJPHWL124549A37D9</artist_id><artist_name>Agallah "The Don Bishop"</artist_name><id>SOFKEPP12A58A80A1C</id><audio_summary><key>0</key><analysis_url>http://echonest-analysis.s3.amazonaws.com/TR/uhTJAQMu0vwbEYA2irWt0OsZEbCspEoPq1Hwa4kUkA9fGFFofNfl_CJ0gGYAArKVtRSXbWIvmJcYnkf4w%3D/3/full.json?AWSAccessKeyId=AKIAJRDFEY23UEVW42BQ&amp;Expires=1415342944&amp;Signature=avNue5LDOqy6JxVNNjQ/Pkk/fao%3D</analysis_url><energy>0.824328</energy><liveness>0.432914</liveness><tempo>81.244</tempo><speechiness>0.365893</speechiness><acousticness>0.036382</acousticness><instrumentalness>0.029857</instrumentalness><mode>1</mode><time_signature>4</time_signature><duration>207.67955</duration><loudness>-5.699</loudness><audio_md5 /><valence>0.509299</valence><danceability>0.451887</danceability></audio_summary><title>Losing My Mind</title></song><song><artist_id>ARMRAED13D8AAAEEF0</artist_id><artist_name>Agallah, Shiest Bubz</artist_name><id>SOIAPQI13736274192</id><audio_summary><key>1</key><analysis_url>http://echonest-analysis.s3.amazonaws.com/TR/7u6fpQ15BBq76-L60d48pQOAT2vf7aPMSFwXO49Uq9d2klM7y7H5BNehK8Hq3v12uLNIi74bA-AqLo58M%3D/3/full.json?AWSAccessKeyId=AKIAJRDFEY23UEVW42BQ&amp;Expires=1415342944&amp;Signature=WNceygcdv1GWJv/yp0FuV6Zp5v4%3D</analysis_url><energy>0.818514</energy><liveness>0.142325</liveness><tempo>80.022</tempo><speechiness>0.276473</speechiness><acousticness>0.211331</acousticness><instrumentalness>0.0</instrumentalness><mode>1</mode><time_signature>4</time_signature><duration>144.03955</duration><loudness>-6.482</loudness><audio_md5 /><valence>0.608611</valence><danceability>0.717676</danceability></audio_summary><title>Haterz and Homies</title></song><song><artist_id>ARJPHWL124549A37D9</artist_id><artist_name>Agallah "The Don Bishop"</artist_name><id>SOHNZKF1313439526E</id><audio_summary><key>4</key><analysis_url>http://echonest-analysis.s3.amazonaws.com/TR/13YNlAlrCouSa3h2HPKhphgOkjH2Oroun3NYZnytwhSoLvFoHC6_FPcokxu_C2_fpvMLWz4kDEeAJAYN8%3D/3/full.json?AWSAccessKeyId=AKIAJRDFEY23UEVW42BQ&amp;Expires=1415342944&amp;Signature=OtT23yd4Iq2xJIRm7VJSGBb0BbA%3D</analysis_url><energy>0.785227</energy><liveness>0.259185</liveness><tempo>77.367</tempo><speechiness>0.263966</speechiness><acousticness>0.046043</acousticness><instrumentalness>0.0</instrumentalness><mode>0</mode><time_signature>4</time_signature><duration>189.53288</duration><loudness>-3.567</loudness><audio_md5 /><valence>0.318489</valence><danceability>0.527035</danceability></audio_summary><title>In The Ghetto</title></song><song><artist_id>ARPKOTS12F129964FB</artist_id><artist_name>Agallah, Ike Eyes</artist_name><id>SOIWNWC1373627A5D2</id><audio_summary><key>4</key><analysis_url>http://echonest-analysis.s3.amazonaws.com/TR/y7-bgAYg6_d6lXz8mXPo7REXg-VnmrC427S57TgULTlTZKsBLZLyQVLkgX3x4m0xHbD4zAd9cuVdFJutk%3D/3/full.json?AWSAccessKeyId=AKIAJRDFEY23UEVW42BQ&amp;Expires=1415342944&amp;Signature=bN/nL917AUR7Fn7yoprx8OdwYT0%3D</analysis_url><energy>0.683553</energy><liveness>0.658831</liveness><tempo>82.153</tempo><speechiness>0.329969</speechiness><acousticness>0.029166</acousticness><instrumentalness>0.0</instrumentalness><mode>0</mode><time_signature>4</time_signature><duration>186.86621</duration><loudness>-7.499</loudness><audio_md5 /><valence>0.65152</valence><danceability>0.61495</danceability></audio_summary><title>Big Boss</title></song><song><artist_id>ARKRQGV13E15D39EB3</artist_id><artist_name>Agallah, Un Kasa</artist_name><id>SOJOEYY130516E0016</id><audio_summary><key>10</key><analysis_url>http://echonest-analysis.s3.amazonaws.com/TR/ebaeggbWtc0_WVgeZpr0sBHpvrincegcoJz4SqeiSHMCldkJtgMF_HvMUqFKuITBPSk0jUN_L1WQEkSKA%3D/3/full.json?AWSAccessKeyId=AKIAJRDFEY23UEVW42BQ&amp;Expires=1415342944&amp;Signature=BIW3Jyb30Z4f8%2Bvq%2BVlOumFgm74%3D</analysis_url><energy>0.830709</energy><liveness>0.320059</liveness><tempo>167.443</tempo><speechiness>0.390747</speechiness><acousticness>0.013047</acousticness><instrumentalness>0.0</instrumentalness><mode>0</mode><time_signature>4</time_signature><duration>203.37288</duration><loudness>-6.153</loudness><audio_md5 /><valence>0.621479</valence><danceability>0.477006</danceability></audio_summary><title>Amethyst Soldiers</title></song><song><artist_id>ARVXRAT11F4C843A50</artist_id><artist_name>8-Off Agallah</artist_name><id>SOJEBAH12AB01886AD</id><audio_summary><key>1</key><analysis_url>http://echonest-analysis.s3.amazonaws.com/TR/QX5grwsw_IDjpMo0cwDVYKcU5FapCKqNvCWJ6OqS3jC3pQODTo0ASvvZgmDu3alZBc3pJW5pO52azvndU%3D/3/full.json?AWSAccessKeyId=AKIAJRDFEY23UEVW42BQ&amp;Expires=1415342944&amp;Signature=hK6qUF3ROPqQA6xbmBpQDcUZUr0%3D</analysis_url><energy>0.908454</energy><liveness>0.306908</liveness><tempo>120.298</tempo><speechiness>0.469773</speechiness><acousticness>0.053892</acousticness><instrumentalness>0.0</instrumentalness><mode>1</mode><time_signature>5</time_signature><duration>302.53288</duration><loudness>-5.118</loudness><audio_md5 /><valence>0.70777</valence><danceability>0.512432</danceability></audio_summary><title>Rising To The Top</title></song><song><artist_id>ARJPHWL124549A37D9</artist_id><artist_name>Agallah "The Don Bishop"</artist_name><id>SOWRWZM137191616DA</id><audio_summary><key>11</key><analysis_url>http://echonest-analysis.s3.amazonaws.com/TR/TZpqcAR429aEHBG-4EvPaj7UmyMzckwd2KsEaNuhkFMpPul76XLW7otIzMLmna1cG1nkoK0N3YUdFLJYw%3D/3/full.json?AWSAccessKeyId=AKIAJRDFEY23UEVW42BQ&amp;Expires=1415342944&amp;Signature=yIJbE5WagcQPK/1mczqHmyblZ0M%3D</analysis_url><energy>0.862086</energy><liveness>0.093013</liveness><tempo>90.135</tempo><speechiness>0.487472</speechiness><acousticness>0.049407</acousticness><instrumentalness>0.000493</instrumentalness><mode>1</mode><time_signature>5</time_signature><duration>233.66621</duration><loudness>-5.455</loudness><audio_md5 /><valence>0.355719</valence><danceability>0.374099</danceability></audio_summary><title>Yeah Baby</title></song><song><artist_id>ARMRAED13D8AAAEEF0</artist_id><artist_name>Agallah, Shiest Bubz</artist_name><id>SOEEUUP1373627AD6A</id><audio_summary><key>10</key><analysis_url>http://echonest-analysis.s3.amazonaws.com/TR/mX9kdwNzXDSHvnj4fG-y7K7EDpen9aORbklG9elifuDA50WMizKIsuuQk35SwaGtEpmZv9nJKEN12M3kE%3D/3/full.json?AWSAccessKeyId=AKIAJRDFEY23UEVW42BQ&amp;Expires=1415342944&amp;Signature=CdN3WjyrvS3Yy1lTotEk5oxxlr0%3D</analysis_url><energy>0.825389</energy><liveness>0.48437</liveness><tempo>94.682</tempo><speechiness>0.143088</speechiness><acousticness>0.06475</acousticness><instrumentalness>0.0</instrumentalness><mode>0</mode><time_signature>4</time_signature><duration>195.14621</duration><loudness>-5.714</loudness><audio_md5 /><valence>0.346546</valence><danceability>0.563622</danceability></audio_summary><title>Byrd Gang</title></song><song><artist_id>ARVXRAT11F4C843A50</artist_id><artist_name>8-Off Agallah</artist_name><id>SODLGQW13152A73D57</id><audio_summary><key>6</key><analysis_url>http://echonest-analysis.s3.amazonaws.com/TR/tJx9PQpVccLbLoSFavdNa4Gt6IuU4EeBOaljPk2d5Kd9Uwlkx9nBL4Ke6DqxhLxEGkQyc3_YXKWOLqPqM%3D/3/full.json?AWSAccessKeyId=AKIAJRDFEY23UEVW42BQ&amp;Expires=1415342944&amp;Signature=99%2Bylvyp4LKdmF4A1CxPw%2BpFLiE%3D</analysis_url><energy>0.934468</energy><liveness>0.139243</liveness><tempo>177.725</tempo><speechiness>0.447932</speechiness><acousticness>0.161121</acousticness><instrumentalness>0.0</instrumentalness><mode>1</mode><time_signature>4</time_signature><duration>198.19955</duration><loudness>-5.83</loudness><audio_md5 /><valence>0.650134</valence><danceability>0.513086</danceability></audio_summary><title>Five Star Millas</title></song><song><artist_id>ARKRQGV13E15D39EB3</artist_id><artist_name>Agallah, Un Kasa</artist_name><id>SOXQBLT137362770A6</id><audio_summary><key>2</key><analysis_url>http://echonest-analysis.s3.amazonaws.com/TR/E0uB1A8gfXwVRHzCB5U-kaDYNQdtC9Z_N64ccGaGGXIwi_1M4n3WvQIiYuw5J7SgbqdEdr7G3vPc13zAc%3D/3/full.json?AWSAccessKeyId=AKIAJRDFEY23UEVW42BQ&amp;Expires=1415342944&amp;Signature=x9IrfdD6RMtXzTKUp84mCQ3XbMY%3D</analysis_url><energy>0.622295</energy><liveness>0.58561</liveness><tempo>76.497</tempo><speechiness>0.415142</speechiness><acousticness>0.024057</acousticness><instrumentalness>0.0</instrumentalness><mode>1</mode><time_signature>1</time_signature><duration>251.30621</duration><loudness>-6.157</loudness><audio_md5 /><valence>0.70495</valence><danceability>0.529615</danceability></audio_summary><title>Purple City Anthem</title></song><song><artist_id>ARQISIM12F1299BF5B</artist_id><artist_name>Agallah, Un Kasa, Ike Eyes</artist_name><id>SOQJNYI1315CD44F83</id><audio_summary><key>4</key><analysis_url>http://echonest-analysis.s3.amazonaws.com/TR/Buxu2wy5G1CfDjN-oziPH6tPA8QuunIO581MowWSp4j1Fm--6iXiAlslDjzCljksh-IGtVs-KchEMN-iA%3D/3/full.json?AWSAccessKeyId=AKIAJRDFEY23UEVW42BQ&amp;Expires=1415342944&amp;Signature=jlN5/Hi02FU39bM9poPvYaHYxL8%3D</analysis_url><energy>0.686893</energy><liveness>0.335208</liveness><tempo>150.024</tempo><speechiness>0.27054</speechiness><acousticness>0.049326</acousticness><instrumentalness>0.0</instrumentalness><mode>1</mode><time_signature>4</time_signature><duration>280.65288</duration><loudness>-8.818</loudness><audio_md5 /><valence>0.93764</valence><danceability>0.880227</danceability></audio_summary><title>Strip Club</title></song></songs></response>