<response><status><version>4.2</version><code>0</code><message>Success</message></status><songs><song><artist_id>ARL92EA1187B9A1944</artist_id><artist_name>Alannah Myles</artist_name><id>SOQXMRZ131677128B2</id><audio_summary><key>1</key><analysis_url>http://echonest-analysis.s3.amazonaws.com/TR/PRP4XAlUgfb_YDac2kWBwMcoNyChNYdkV0V_K61_PakYJ5NpfEMI_E_hHBjVQMksvD5-9UTBm39dDuIl8%3D/3/full.json?AWSAccessKeyId=AKIAJRDFEY23UEVW42BQ&amp;Expires=1415343071&amp;Signature=/VgpWME8ZdyLpCkQ41M0wQR3dUk%3D</analysis_url><energy>0.797388</energy><liveness>0.334714</liveness><tempo>148.016</tempo><speechiness>0.044745</speechiness><acousticness>0.077429</acousticness><instrumentalness>0.009947</instrumentalness><mode>1</mode><time_signature>4</time_signature><duration>289.13288</duration><loudness>-8.366</loudness><audio_md5>288c1a5159dcbce98696a23866cbc492</audio_md5><valence>0.789441</valence><danceability>0.586809</danceability></audio_summary><title>Leave It Alone (85bpm)</title></song><song><artist_id>ARL92EA1187B9A1944</artist_id><artist_name>Alannah Myles</artist_name><id>SOISUFB1373AF116CA</id><audio_summary><key>4</key><analysis_url>http://echonest-analysis.s3.amazonaws.com/TR/Adv1MAVKK5BlJYAPbZDg0z2ngcKHy-ETX1Epnnmv4KMN7ttOljGUqGjISMSE-LT2pKD8fInH9ui7l0q9Q%3D/3/full.json?AWSAccessKeyId=AKIAJRDFEY23UEVW42BQ&amp;Expires=1415343071&amp;Signature=LT45JIGGnoenl3rsUOYnSI2Ae8E%3D</analysis_url><energy>0.829953</energy><liveness>0.278764</liveness><tempo>98.635</tempo><speechiness>0.028337</speechiness><acousticness>0.054228</acousticness><instrumentalness>0.012481</instrumentalness><mode>1</mode><time_signature>4</time_signature><duration>288.79955</duration><loudness>-7.844</loudness><audio_md5>547bfe66761f2d68b044cd4d95287a26</audio_md5><valence>0.425649</valence><danceability>0.547007</danceability></audio_summary><title>Mistress of Erzulie</title></song><song><artist_id>ARL92EA1187B9A1944</artist_id><artist_name>Alannah Myles</artist_name><id>SOYTNDG12A8C14410F</id><audio_summary><key>1</key><analysis_url>http://echonest-analysis.s3.amazonaws.com/TR/9aMJkwPuFLSOW0L5CxRGPNOmAvCeadzjGZB0TDuvFkXGefyyzJ2M6gD7ZMpKgFwDH46YMnki2-WaFzP48%3D/3/full.json?AWSAccessKeyId=AKIAJRDFEY23UEVW42BQ&amp;Expires=1415343071&amp;Signature=lgfMPA7fd4z3cA%2BYepjxS7v1B0E%3D</analysis_url><energy>0.742198</energy><liveness>0.178301</liveness><tempo>89.407</tempo><speechiness>0.041101</speechiness><acousticness>0.238721</acousticness><instrumentalness>2.4e-05</instrumentalness><mode>1</mode><time_signature>4</time_signature><duration>340.90621</duration><loudness>-8.652</loudness><audio_md5 /><valence>0.715508</valence><danceability>0.410278</danceability></audio_summary><title>Break the Silence</title></song><song><artist_id>ARL92EA1187B9A1944</artist_id><artist_name>Alannah Myles</artist_name><id>SOTANLD12A670208CD</id><audio_summary><key>4</key><analysis_url>http://echonest-analysis.s3.amazonaws.com/TR/fEkNQAaqBpsYJdY93SlhKub3X7NWIshgNduoVACaMnqlkeLL98okgJyt0CAHavNJ2CuhLr9gxG9pWLQeM%3D/3/full.json?AWSAccessKeyId=AKIAJRDFEY23UEVW42BQ&amp;Expires=1415343071&amp;Signature=7aifMnnRUj0DO5YeGLFvPbdBWS0%3D</analysis_url><energy>0.207972</energy><liveness>0.092011</liveness><tempo>106.781</tempo><speechiness>0.04125</speechiness><acousticness>0.882139</acousticness><instrumentalness>0.000112</instrumentalness><mode>0</mode><time_signature>5</time_signature><duration>169.09288</duration><loudness>-15.098</loudness><audio_md5>0c297afac2fe6f2447765dcace93b050</audio_md5><valence>0.16157</valence><danceability>0.203616</danceability></audio_summary><title>Sally, Go 'Round the Roses</title></song><song><artist_id>ARL92EA1187B9A1944</artist_id><artist_name>Alannah Myles</artist_name><id>SOOHJJW12A58A7D6D8</id><audio_summary><key>1</key><analysis_url>http://echonest-analysis.s3.amazonaws.com/TR/ehUpKA6sIpbROS2klxDYzqRKYHmTziwlg0ogV7qDTaJfLWwFtZLiJD8VJSfWhnN_ngGaFYt1glXFEZvPg%3D/3/full.json?AWSAccessKeyId=AKIAJRDFEY23UEVW42BQ&amp;Expires=1415343071&amp;Signature=ml%2BzGj/KNnPxiwxnyOS8h0YwjzI%3D</analysis_url><energy>0.801688</energy><liveness>0.235162</liveness><tempo>131.182</tempo><speechiness>0.038171</speechiness><acousticness>0.198476</acousticness><instrumentalness>2.9e-05</instrumentalness><mode>0</mode><time_signature>4</time_signature><duration>279.70621</duration><loudness>-7.005</loudness><audio_md5>7b68bec7455c3b82297048b34c5428bb</audio_md5><valence>0.415513</valence><danceability>0.52776</danceability></audio_summary><title>Everybody's Breakin' Up</title></song><song><artist_id>ARL92EA1187B9A1944</artist_id><artist_name>Alannah Myles</artist_name><id>SOOFONX1373A2D3620</id><audio_summary><key>2</key><analysis_url>http://echonest-analysis.s3.amazonaws.com/TR/4eOcAwjsPjJdPYF2VaKK0Tek06txmQnYFdDJ_gTu-2AfvRPDWjNvMpb2GkYTLK4Dxdi_MCQqzsBDSsmgs%3D/3/full.json?AWSAccessKeyId=AKIAJRDFEY23UEVW42BQ&amp;Expires=1415343071&amp;Signature=VmELSof2cm3l%2BnIyoOuU8bVW5Us%3D</analysis_url><energy>0.192057</energy><liveness>0.122829</liveness><tempo>85.618</tempo><speechiness>0.037312</speechiness><acousticness>0.482007</acousticness><instrumentalness>0.0</instrumentalness><mode>1</mode><time_signature>4</time_signature><duration>154.82621</duration><loudness>-11.543</loudness><audio_md5 /><valence>0.497924</valence><danceability>0.404337</danceability></audio_summary><title>Do You Really Want To Know Me</title></song><song><artist_id>ARL92EA1187B9A1944</artist_id><artist_name>Alannah Myles</artist_name><id>SOIATQA1316771FD2F</id><audio_summary><key>11</key><analysis_url>http://echonest-analysis.s3.amazonaws.com/TR/AsQDaQJNPmIRL86PFsOgSYQDvsvf2xA8034ZI9Esbx_sLk1C6XztiLMLE7PZCUBT10x5bckLa_QvQQxho%3D/3/full.json?AWSAccessKeyId=AKIAJRDFEY23UEVW42BQ&amp;Expires=1415343071&amp;Signature=sjiACd/9X86siodSMiEisKTb0ms%3D</analysis_url><energy>0.211453</energy><liveness>0.104438</liveness><tempo>113.609</tempo><speechiness>0.035618</speechiness><acousticness>0.639386</acousticness><instrumentalness>1e-06</instrumentalness><mode>0</mode><time_signature>4</time_signature><duration>251.83955</duration><loudness>-13.345</loudness><audio_md5>3c1a5ec6c82f7531f49832b6a28f55e4</audio_md5><valence>0.470876</valence><danceability>0.56824</danceability></audio_summary><title>Dance Of Love</title></song><song><artist_id>ARL92EA1187B9A1944</artist_id><artist_name>Alannah Myles</artist_name><id>SOCZGDK12AB0184FFD</id><audio_summary><key>2</key><analysis_url>http://echonest-analysis.s3.amazonaws.com/TR/Jyr6Ng9hW4Vyb5XrFn9T6V6df5KsaHVobVlcqMhdcXiBhNXyZ2jCsRYQZQ6GrCzyls4uTbgPNEtDCy6sc%3D/3/full.json?AWSAccessKeyId=AKIAJRDFEY23UEVW42BQ&amp;Expires=1415343071&amp;Signature=LgeyS0wOng2Il91GraOuMLFKvo0%3D</analysis_url><energy>0.906901</energy><liveness>0.138362</liveness><tempo>92.973</tempo><speechiness>0.325025</speechiness><acousticness>0.240063</acousticness><instrumentalness>0.0</instrumentalness><mode>1</mode><time_signature>4</time_signature><duration>207.89288</duration><loudness>-6.16</loudness><audio_md5 /><valence>0.373945</valence><danceability>0.379639</danceability></audio_summary><title>What Is Love</title></song><song><artist_id>ARL92EA1187B9A1944</artist_id><artist_name>Alannah Myles</artist_name><id>SODMZNS1316771FD2E</id><audio_summary><key>0</key><analysis_url>http://echonest-analysis.s3.amazonaws.com/TR/MkrfFQp92uGG6hywNIiyocmYZPQZwnNxMrZMXLr7B1mWDu08TfKH3ylAmXLqSMYk5tv9dnMLf-et2d8ks%3D/3/full.json?AWSAccessKeyId=AKIAJRDFEY23UEVW42BQ&amp;Expires=1415343071&amp;Signature=S%2Bn6OspKNOwNymxwLNOgCJjEMjI%3D</analysis_url><energy>0.684675</energy><liveness>0.263578</liveness><tempo>77.282</tempo><speechiness>0.056818</speechiness><acousticness>0.008758</acousticness><instrumentalness>0.000219</instrumentalness><mode>1</mode><time_signature>3</time_signature><duration>199.66621</duration><loudness>-7.024</loudness><audio_md5 /><valence>0.185861</valence><danceability>0.24255</danceability></audio_summary><title>Everything Missing</title></song><song><artist_id>ARL92EA1187B9A1944</artist_id><artist_name>Alannah Myles</artist_name><id>SOKZCHE12A58A7C2DB</id><audio_summary><key>7</key><analysis_url>http://echonest-analysis.s3.amazonaws.com/TR/mhzFmQ9mBQI_brjsYXUcYepumt0g1i4uO-V-tszHrQ-xEYI7HEQ4DsqVbi7Ga6Cqx3FUs-A3zOqxjHS_4%3D/3/full.json?AWSAccessKeyId=AKIAJRDFEY23UEVW42BQ&amp;Expires=1415343071&amp;Signature=/iI/qhA03pB4Ro7G%2Bm45Lz8r4t0%3D</analysis_url><energy>0.799862</energy><liveness>0.104578</liveness><tempo>87.112</tempo><speechiness>0.159152</speechiness><acousticness>0.047661</acousticness><instrumentalness>0.000192</instrumentalness><mode>1</mode><time_signature>4</time_signature><duration>247.69288</duration><loudness>-7.807</loudness><audio_md5 /><valence>0.422079</valence><danceability>0.308768</danceability></audio_summary><title>Motherload</title></song><song><artist_id>ARL92EA1187B9A1944</artist_id><artist_name>Alannah Myles</artist_name><id>SOBSIKG1456221FF46</id><audio_summary><key>3</key><analysis_url>http://echonest-analysis.s3.amazonaws.com/TR/FYopaQicfS6pZTtIwSxAbNRpn95leBzVnutDQOM_T-MDddKYF-yUHimWggs-z6Cy1Jso2wjxCBzLHteYY%3D/3/full.json?AWSAccessKeyId=AKIAJRDFEY23UEVW42BQ&amp;Expires=1415343071&amp;Signature=eC8p4wFrPu%2BJ9mVF6T59zOnT7uE%3D</analysis_url><energy>0.510138</energy><liveness>0.198946</liveness><tempo>87.902</tempo><speechiness>0.040159</speechiness><acousticness>0.144733</acousticness><instrumentalness>0.000237</instrumentalness><mode>0</mode><time_signature>4</time_signature><duration>278.51955</duration><loudness>-10.228</loudness><audio_md5 /><valence>0.487039</valence><danceability>0.506551</danceability></audio_summary><title>Black Velvet (Veronica Ferraro Mix)</title></song><song><artist_id>ARL92EA1187B9A1944</artist_id><artist_name>Alannah Myles</artist_name><id>SOMOTLT14562220A5F</id><audio_summary><key>0</key><analysis_url>http://echonest-analysis.s3.amazonaws.com/TR/09R2CA5UgxhbWf4_Oox7HX8qgA2bV6NtYluSW0CpohI4_FtBbcJB43mrYOFQUK4wuVPUCv-BsL63e3YPY%3D/3/full.json?AWSAccessKeyId=AKIAJRDFEY23UEVW42BQ&amp;Expires=1415343071&amp;Signature=0KmJgvYjEpqLTwaaOK3KAmMn/qQ%3D</analysis_url><energy>0.45483</energy><liveness>0.081738</liveness><tempo>176.846</tempo><speechiness>0.210169</speechiness><acousticness>0.913356</acousticness><instrumentalness>0.001844</instrumentalness><mode>1</mode><time_signature>4</time_signature><duration>219.85288</duration><loudness>-8.823</loudness><audio_md5>b0f73cebb031413aede0c493e44a60a2</audio_md5><valence>0.60835</valence><danceability>0.673124</danceability></audio_summary><title>Trouble (Acoustic)</title></song><song><artist_id>ARL92EA1187B9A1944</artist_id><artist_name>Alannah Myles</artist_name><id>SOFFPVG1312FDFB1A0</id><audio_summary><key>4</key><analysis_url>http://echonest-analysis.s3.amazonaws.com/TR/Kog1ew0JDoOoAGcHMjTuxitmVn4iWYY2HRsWKHm0U17khArcIB5IsRqjgtTS0HcoBuBIesXcvQ2An-9yw%3D/3/full.json?AWSAccessKeyId=AKIAJRDFEY23UEVW42BQ&amp;Expires=1415343071&amp;Signature=iM/VnQD9w6qP4wMYfucuva6pzj0%3D</analysis_url><energy>0.668181</energy><liveness>0.172029</liveness><tempo>77.853</tempo><speechiness>0.034826</speechiness><acousticness>0.121791</acousticness><instrumentalness>3e-06</instrumentalness><mode>1</mode><time_signature>4</time_signature><duration>258.82621</duration><loudness>-8.095</loudness><audio_md5 /><valence>0.911943</valence><danceability>0.623296</danceability></audio_summary><title>Blow Wind Blow</title></song><song><artist_id>ARL92EA1187B9A1944</artist_id><artist_name>Alannah Myles</artist_name><id>SOXBGCP1455E969FA8</id><audio_summary><key>7</key><analysis_url>http://echonest-analysis.s3.amazonaws.com/TR/YTNoEgdv-E2acE2M7PKaLHA49XFIEhTKVAkl0itYFGJW_GMpF46tqNWWJtOX4ds4plT74DoAlhKWaDh1U%3D/3/full.json?AWSAccessKeyId=AKIAJRDFEY23UEVW42BQ&amp;Expires=1415343071&amp;Signature=IQgGfWlfNN/E8jDENiDxMJ4X6zA%3D</analysis_url><energy>0.634582</energy><liveness>0.177019</liveness><tempo>128.343</tempo><speechiness>0.032799</speechiness><acousticness>0.310323</acousticness><instrumentalness>4e-06</instrumentalness><mode>1</mode><time_signature>3</time_signature><duration>254.41288</duration><loudness>-6.928</loudness><audio_md5>88ec1299f2509f2e48ae9f3df081cc07</audio_md5><valence>0.251281</valence><danceability>0.519306</danceability></audio_summary><title>Lover of Mine (Duet) [feat. Liny Wood]</title></song><song><artist_id>ARL92EA1187B9A1944</artist_id><artist_name>Alannah Myles</artist_name><id>SOJWQHA1316771366C</id><audio_summary><key>4</key><analysis_url>http://echonest-analysis.s3.amazonaws.com/TR/MqUurwIdxc0qzfW6Ce2UXhmDhL7IHGXDL3zlhsEjjL8VpBwZD3DJjcs5DJyr9HKjawgb2XAFjso-I1UaA%3D/3/full.json?AWSAccessKeyId=AKIAJRDFEY23UEVW42BQ&amp;Expires=1415343071&amp;Signature=JAkrFxawajRgX/3aY38NulUZSIY%3D</analysis_url><energy>0.903915</energy><liveness>0.244451</liveness><tempo>118.017</tempo><speechiness>0.044248</speechiness><acousticness>0.00976</acousticness><instrumentalness>3.2e-05</instrumentalness><mode>1</mode><time_signature>4</time_signature><duration>185.01288</duration><loudness>-4.857</loudness><audio_md5 /><valence>0.681627</valence><danceability>0.610422</danceability></audio_summary><title>Anywhere But Home</title></song><song><artist_id>ARL92EA1187B9A1944</artist_id><artist_name>Alannah Myles</artist_name><id>SOIMWDY1313439D7E4</id><audio_summary><key>9</key><analysis_url>http://echonest-analysis.s3.amazonaws.com/TR/ySQ1rg3i1Wz1Qzvnsgna8K2JHD3kEx02-1ZXT1nFzG3i0s_QwDhSU9sENLSk-_cq_xzR4R_Vk5gbt4vgk%3D/3/full.json?AWSAccessKeyId=AKIAJRDFEY23UEVW42BQ&amp;Expires=1415343071&amp;Signature=8XODjqrKc%2BTXl8UiqARtidnSCDE%3D</analysis_url><energy>0.771669</energy><liveness>0.052407</liveness><tempo>164.88</tempo><speechiness>0.038545</speechiness><acousticness>0.055958</acousticness><instrumentalness>7.4e-05</instrumentalness><mode>0</mode><time_signature>4</time_signature><duration>271.50621</duration><loudness>-7.189</loudness><audio_md5>94f94317a293e7f652e71b4851aedd30</audio_md5><valence>0.470821</valence><danceability>0.417499</danceability></audio_summary><title>Simple Man's Dream</title></song><song><artist_id>ARL92EA1187B9A1944</artist_id><artist_name>Alannah Myles</artist_name><id>SONXQBV1316771DD23</id><audio_summary><key>7</key><analysis_url>http://echonest-analysis.s3.amazonaws.com/TR/_WeywAaELRCXXYkTWWo0Y7xiNe6Yn-gnyBZfcLdhtWwQB-0Pa7fDGP5IlyOL_jhBwKtCz3fsr7IxldO7o%3D/3/full.json?AWSAccessKeyId=AKIAJRDFEY23UEVW42BQ&amp;Expires=1415343071&amp;Signature=mydkX8SvEN7i82X7GJ%2Bq0FbvwyE%3D</analysis_url><energy>0.632109</energy><liveness>0.16719</liveness><tempo>85.669</tempo><speechiness>0.035512</speechiness><acousticness>0.422518</acousticness><instrumentalness>4.5e-05</instrumentalness><mode>1</mode><time_signature>4</time_signature><duration>220.37288</duration><loudness>-8.771</loudness><audio_md5 /><valence>0.417885</valence><danceability>0.364542</danceability></audio_summary><title>Chained (Final Rescue)</title></song><song><artist_id>ARL92EA1187B9A1944</artist_id><artist_name>Alannah Myles</artist_name><id>SOFPXMO1316771200F</id><audio_summary><key>5</key><analysis_url>http://echonest-analysis.s3.amazonaws.com/TR/-na2fAhph0pbeIO2csrX8dPZf6BSPHYCwNhCi9bolL-iqXohgP81XZUdZyea3CBi19bf_Gn0UOwFzgnv8%3D/3/full.json?AWSAccessKeyId=AKIAJRDFEY23UEVW42BQ&amp;Expires=1415343071&amp;Signature=heiVqluMVJN13ki0Zvv3vQy2fsY%3D</analysis_url><energy>0.792104</energy><liveness>0.087025</liveness><tempo>178.052</tempo><speechiness>0.056867</speechiness><acousticness>0.056585</acousticness><instrumentalness>1e-06</instrumentalness><mode>0</mode><time_signature>4</time_signature><duration>262.26621</duration><loudness>-6.352</loudness><audio_md5>3a360f7ef6a683670303af7ff6a8ab63</audio_md5><valence>0.826218</valence><danceability>0.55032</danceability></audio_summary><title>Give Me Love</title></song><song><artist_id>ARL92EA1187B9A1944</artist_id><artist_name>Alannah Myles</artist_name><id>SOABQRX131677212CF</id><audio_summary><key>7</key><analysis_url>http://echonest-analysis.s3.amazonaws.com/TR/5D2OVgLdPKEjyZywdHKkh2_UHchdqQ0xq3c6GG3zNG8HbtUjXXWEJQaBHjp9grlTkVFWxzwWN4kVRwBOo%3D/3/full.json?AWSAccessKeyId=AKIAJRDFEY23UEVW42BQ&amp;Expires=1415343071&amp;Signature=Ch8KXLDwEw6BKiLHzXBjH4x%2B/Yo%3D</analysis_url><energy>0.474348</energy><liveness>0.416322</liveness><tempo>87.605</tempo><speechiness>0.030567</speechiness><acousticness>0.873048</acousticness><instrumentalness>0.000557</instrumentalness><mode>1</mode><time_signature>4</time_signature><duration>196.22621</duration><loudness>-9.831</loudness><audio_md5 /><valence>0.507319</valence><danceability>0.500487</danceability></audio_summary><title>Yellow Rose</title></song><song><artist_id>ARL92EA1187B9A1944</artist_id><artist_name>Alannah Myles</artist_name><id>SODUEKH1312FE01507</id><audio_summary><key>5</key><analysis_url>http://echonest-analysis.s3.amazonaws.com/TR/-7BQ9QtCdadySlHKU2fvrZw6zAqVN8u1qkKb8-D9ICqwQhE1AdgHqKksbClIG9CcBcoOdkj-umvzWVQ1A%3D/3/full.json?AWSAccessKeyId=AKIAJRDFEY23UEVW42BQ&amp;Expires=1415343071&amp;Signature=bpuqR5NE8AeCrJ9UACk8WyFLO98%3D</analysis_url><energy>0.239903</energy><liveness>0.095536</liveness><tempo>77.676</tempo><speechiness>0.031922</speechiness><acousticness>0.959321</acousticness><instrumentalness>8.6e-05</instrumentalness><mode>1</mode><time_signature>4</time_signature><duration>276.79955</duration><loudness>-10.487</loudness><audio_md5 /><valence>0.157139</valence><danceability>0.212854</danceability></audio_summary><title>I Love You</title></song><song><artist_id>ARL92EA1187B9A1944</artist_id><artist_name>Alannah Myles</artist_name><id>SOJBAVH12AB0186EE9</id><audio_summary><key>1</key><analysis_url>http://echonest-analysis.s3.amazonaws.com/TR/r_F2cwGHxE8KjjFfL55tavXaC7KxPnLBpZItWw2Rix5zq3rAdrnGnyVGMj0VohCKJuO9XJbaRMayCUiwc%3D/3/full.json?AWSAccessKeyId=AKIAJRDFEY23UEVW42BQ&amp;Expires=1415343071&amp;Signature=CfBejoJFCF8PXtd7QEAAFo3OE%2BA%3D</analysis_url><energy>0.775163</energy><liveness>0.395979</liveness><tempo>110.025</tempo><speechiness>0.02751</speechiness><acousticness>0.36489</acousticness><instrumentalness>2e-06</instrumentalness><mode>0</mode><time_signature>4</time_signature><duration>322.41288</duration><loudness>-5.644</loudness><audio_md5>59e9649774c677aba63558c67c50d3bb</audio_md5><valence>0.590952</valence><danceability>0.659297</danceability></audio_summary><title>Comment Ca Va</title></song><song><artist_id>ARL92EA1187B9A1944</artist_id><artist_name>Alannah Myles</artist_name><id>SOCVZDS12A670208C8</id><audio_summary><key>7</key><analysis_url>http://echonest-analysis.s3.amazonaws.com/TR/c0BP1gGgprwGDqspfXht_JOaJJlUk2Mb_6H-7PLYFVtmy-CsA4mJNayz6piBweFCnt443re1S8PTsqyKg%3D/3/full.json?AWSAccessKeyId=AKIAJRDFEY23UEVW42BQ&amp;Expires=1415343071&amp;Signature=rj9SAqf3NEbrM1dD%2Bp6NnREW8N0%3D</analysis_url><energy>0.791932</energy><liveness>0.32252</liveness><tempo>77.986</tempo><speechiness>0.044939</speechiness><acousticness>0.239644</acousticness><instrumentalness>1.2e-05</instrumentalness><mode>1</mode><time_signature>4</time_signature><duration>244.59955</duration><loudness>-7.286</loudness><audio_md5 /><valence>0.559781</valence><danceability>0.507638</danceability></audio_summary><title>Mother Nature</title></song><song><artist_id>ARL92EA1187B9A1944</artist_id><artist_name>Alannah Myles</artist_name><id>SOJDXVR131343A044C</id><audio_summary><key>7</key><analysis_url>http://echonest-analysis.s3.amazonaws.com/TR/jGJhTQGjjDlSx62dhZG7dP1wHvHFFI0nDElEKaKLtRRKxZJoafvy1mUK6K_FA2x157evig0PbHmDQioD4%3D/3/full.json?AWSAccessKeyId=AKIAJRDFEY23UEVW42BQ&amp;Expires=1415343071&amp;Signature=TbI0Oa7fWHm/NXvuCAkjenmMiOA%3D</analysis_url><energy>0.631369</energy><liveness>0.211199</liveness><tempo>143.685</tempo><speechiness>0.027829</speechiness><acousticness>0.424649</acousticness><instrumentalness>0.0</instrumentalness><mode>1</mode><time_signature>4</time_signature><duration>237.26621</duration><loudness>-7.314</loudness><audio_md5 /><valence>0.790235</valence><danceability>0.606554</danceability></audio_summary><title>Keeper of My Heart</title></song><song><artist_id>ARL92EA1187B9A1944</artist_id><artist_name>Alannah Myles</artist_name><id>SOPOOMU131677212D0</id><audio_summary><key>9</key><analysis_url>http://echonest-analysis.s3.amazonaws.com/TR/qW3x9g8ZM3VDB973yvsD9wc9sJ0jn-r95py6R2tIzDSQucGORAHhQe4IZkL62zmrksYJH3rx-SrhaZ2oU%3D/3/full.json?AWSAccessKeyId=AKIAJRDFEY23UEVW42BQ&amp;Expires=1415343071&amp;Signature=zTv2pJZ93t11XBQ99WnDFMVEA7g%3D</analysis_url><energy>0.736226</energy><liveness>0.131477</liveness><tempo>157.263</tempo><speechiness>0.070289</speechiness><acousticness>0.168263</acousticness><instrumentalness>0.000935</instrumentalness><mode>1</mode><time_signature>4</time_signature><duration>327.29288</duration><loudness>-6.274</loudness><audio_md5 /><valence>0.572851</valence><danceability>0.478134</danceability></audio_summary><title>The Great Divide</title></song><song><artist_id>ARL92EA1187B9A1944</artist_id><artist_name>Alannah Myles</artist_name><id>SOUGQIL1311AFEB512</id><audio_summary><key>11</key><analysis_url>http://echonest-analysis.s3.amazonaws.com/TR/Z1kbvQRxvGRpiviGp2SXcTJ6xWe2I9iV9yghhVOkRTLRNsXW9L9h2dL1O72t1DYSDTGBOlediyESWuUok%3D/3/full.json?AWSAccessKeyId=AKIAJRDFEY23UEVW42BQ&amp;Expires=1415343071&amp;Signature=DDNKXIcioUlmg9mzozAXRqPfEB4%3D</analysis_url><energy>0.748633</energy><liveness>0.090295</liveness><tempo>82.012</tempo><speechiness>0.050139</speechiness><acousticness>0.074332</acousticness><instrumentalness>0.000141</instrumentalness><mode>1</mode><time_signature>4</time_signature><duration>209.57288</duration><loudness>-6.682</loudness><audio_md5>8d399557584250072bb637f0c7c9a9bb</audio_md5><valence>0.761599</valence><danceability>0.717795</danceability></audio_summary><title>I Can't Stand The Rain (as made famous by Tina Turner)</title></song><song><artist_id>ARL92EA1187B9A1944</artist_id><artist_name>Alannah Myles</artist_name><id>SOQEFTW13FFC39674F</id><audio_summary><key>4</key><analysis_url>http://echonest-analysis.s3.amazonaws.com/TR/vO8wQgVpyzr-_Ut2EXLFLj0i7hgdaQSWQPPYOGSwSq2s4CAGfAZ3BUu03BnMGHaFeuVSYGkKx8AKVT7As%3D/3/full.json?AWSAccessKeyId=AKIAJRDFEY23UEVW42BQ&amp;Expires=1415343071&amp;Signature=UXvUs5UHzNeSHhxz/B7uSX5KiIc%3D</analysis_url><energy>0.976866</energy><liveness>0.096091</liveness><tempo>154.926</tempo><speechiness>0.070696</speechiness><acousticness>0.000534</acousticness><instrumentalness>0.0</instrumentalness><mode>0</mode><time_signature>4</time_signature><duration>178.34621</duration><loudness>-2.544</loudness><audio_md5 /><valence>0.696822</valence><danceability>0.489766</danceability></audio_summary><title>We Got it All</title></song><song><artist_id>ARL92EA1187B9A1944</artist_id><artist_name>Alannah Myles</artist_name><id>SOERUBL1311AFE4969</id><audio_summary><key>5</key><analysis_url>http://echonest-analysis.s3.amazonaws.com/TR/5q05agTtIx2EQErm_XvelnuCClem8BGsLGlMEf/3/full.json?AWSAccessKeyId=AKIAJRDFEY23UEVW42BQ&amp;Expires=1415343071&amp;Signature=7B6NiwCcFY7zNVqCov6pBuH7yJs%3D</analysis_url><energy>0.939124</energy><liveness>0.121494</liveness><tempo>103.023</tempo><speechiness>0.044601</speechiness><acousticness>0.001519</acousticness><instrumentalness>2e-06</instrumentalness><mode>0</mode><time_signature>4</time_signature><duration>306.09088</duration><loudness>-7.757</loudness><audio_md5>6848c195dd4fe68e237d31f30512b64e</audio_md5><valence>0.79905</valence><danceability>0.561854</danceability></audio_summary><title>Lies And Rumors</title></song><song><artist_id>ARL92EA1187B9A1944</artist_id><artist_name>Alannah Myles</artist_name><id>SOLWWXW12A8C14404F</id><audio_summary><key>7</key><analysis_url>http://echonest-analysis.s3.amazonaws.com/TR/8mmUawHXI4FEPL-_6RXsRoBhj8-zyWz3-9ekEj1X1Qc5PurTgD-8u4-fB8mcKGH4VjNUOJGgH8OkBeJGc%3D/3/full.json?AWSAccessKeyId=AKIAJRDFEY23UEVW42BQ&amp;Expires=1415343071&amp;Signature=vAkSbjdhzx2pWz4//qs6VnQBNv8%3D</analysis_url><energy>0.439798</energy><liveness>0.125184</liveness><tempo>144.96</tempo><speechiness>0.042946</speechiness><acousticness>0.617758</acousticness><instrumentalness>0.001801</instrumentalness><mode>0</mode><time_signature>4</time_signature><duration>313.33288</duration><loudness>-9.752</loudness><audio_md5 /><valence>0.313019</valence><danceability>0.392267</danceability></audio_summary><title>Long, Long Time</title></song><song><artist_id>ARL92EA1187B9A1944</artist_id><artist_name>Alannah Myles</artist_name><id>SOMYBRJ131343A02D7</id><audio_summary><key>0</key><analysis_url>http://echonest-analysis.s3.amazonaws.com/TR/NSFdSQdshhu6BK53dqZNocaZQevK5bQQGTbjWx/3/full.json?AWSAccessKeyId=AKIAJRDFEY23UEVW42BQ&amp;Expires=1415343071&amp;Signature=F1oGWO9u3pASF4BFQca5xzvUSzU%3D</analysis_url><energy>0.73833</energy><liveness>0.085396</liveness><tempo>105.327</tempo><speechiness>0.041071</speechiness><acousticness>0.008889</acousticness><instrumentalness>0.010513</instrumentalness><mode>1</mode><time_signature>4</time_signature><duration>384.27537</duration><loudness>-8.802</loudness><audio_md5>17e509f7dde1e954605cc057475e1d7a</audio_md5><valence>0.664999</valence><danceability>0.624853</danceability></audio_summary><title>Our World Our Times</title></song><song><artist_id>ARL92EA1187B9A1944</artist_id><artist_name>Alannah Myles</artist_name><id>SOGZDTD12A6D4FB4BF</id><audio_summary><key>2</key><analysis_url>http://echonest-analysis.s3.amazonaws.com/TR/PVTxCgBOb63uDAB9chUIKh-oifyBtxOJywJbLU594hujCa0Czz5Fwgt0gPG1FepfcynbXx1fP0KxS8hLY%3D/3/full.json?AWSAccessKeyId=AKIAJRDFEY23UEVW42BQ&amp;Expires=1415343071&amp;Signature=THbjYjCWmY1ACOu/jcprJ6iIGsw%3D</analysis_url><energy>0.881403</energy><liveness>0.308108</liveness><tempo>116.697</tempo><speechiness>0.043953</speechiness><acousticness>0.007852</acousticness><instrumentalness>0.045756</instrumentalness><mode>1</mode><time_signature>4</time_signature><duration>222.49288</duration><loudness>-10.759</loudness><audio_md5>707fe830c5ad805e3097d1fdbebb8051</audio_md5><valence>0.919681</valence><danceability>0.580587</danceability></audio_summary><title>Kick Start My Heart</title></song><song><artist_id>ARL92EA1187B9A1944</artist_id><artist_name>Alannah Myles</artist_name><id>SOETDHB1311AFE5582</id><audio_summary><key>5</key><analysis_url>http://echonest-analysis.s3.amazonaws.com/TR/7m0mVA6-wv5weO6Z-9dwLWwnH9qjgblST7Ei3X/3/full.json?AWSAccessKeyId=AKIAJRDFEY23UEVW42BQ&amp;Expires=1415343071&amp;Signature=RE1U/kNZPU2Y9QcpfOw3hWzZfkk%3D</analysis_url><energy>0.808148</energy><liveness>0.161589</liveness><tempo>99.387</tempo><speechiness>0.027046</speechiness><acousticness>0.004173</acousticness><instrumentalness>0.0</instrumentalness><mode>1</mode><time_signature>4</time_signature><duration>287.83129</duration><loudness>-7.068</loudness><audio_md5>54ba909693090c085a91ab1e77ef8309</audio_md5><valence>0.675372</valence><danceability>0.621863</danceability></audio_summary><title>Love In The Big Town</title></song><song><artist_id>ARL92EA1187B9A1944</artist_id><artist_name>Alannah Myles</artist_name><id>SOLPSNB131677132EC</id><audio_summary><key>2</key><analysis_url>http://echonest-analysis.s3.amazonaws.com/TR/o3_ZqgVQZMUsSXbn-2FRRlrypTnmtl41FlM1gYkqQBWtkk9xuLy30QeCyJ-DeXFl1rdUyFwzdHll1BttU%3D/3/full.json?AWSAccessKeyId=AKIAJRDFEY23UEVW42BQ&amp;Expires=1415343071&amp;Signature=nw5fqY%2BTS7n2VAHJBWiflzO6uDw%3D</analysis_url><energy>0.46524</energy><liveness>0.130018</liveness><tempo>104.107</tempo><speechiness>0.025065</speechiness><acousticness>0.672471</acousticness><instrumentalness>8.6e-05</instrumentalness><mode>0</mode><time_signature>4</time_signature><duration>199.59955</duration><loudness>-7.27</loudness><audio_md5>205555a837af25af778c56b887de28dc</audio_md5><valence>0.325813</valence><danceability>0.528159</danceability></audio_summary><title>Faces In The Crowd</title></song><song><artist_id>ARL92EA1187B9A1944</artist_id><artist_name>Alannah Myles</artist_name><id>SOMDTYU12A8AE47BC4</id><audio_summary><key>2</key><analysis_url>http://echonest-analysis.s3.amazonaws.com/TR/V_0pNQDoOxCRR_mNFGVyTMS4bk7CFlHol-Wbyc/3/full.json?AWSAccessKeyId=AKIAJRDFEY23UEVW42BQ&amp;Expires=1415343071&amp;Signature=IbQUNJgdj0thmWG84ak8CDDMHn8%3D</analysis_url><energy>0.849234</energy><liveness>0.098978</liveness><tempo>90.324</tempo><speechiness>0.0354</speechiness><acousticness>0.002218</acousticness><instrumentalness>0.003655</instrumentalness><mode>1</mode><time_signature>4</time_signature><duration>349.19293</duration><loudness>-6.528</loudness><audio_md5>a323eb1697757bd00d37b86ac3229270</audio_md5><valence>0.677975</valence><danceability>0.615348</danceability></audio_summary><title>Make Me Happy</title></song><song><artist_id>ARL92EA1187B9A1944</artist_id><artist_name>Alannah Myles</artist_name><id>SOFUYJG131343A2860</id><audio_summary><key>9</key><analysis_url>http://echonest-analysis.s3.amazonaws.com/TR/nmRzDATlQJ11LN-7RfmqKSkouHzbTwg3KvN-na/3/full.json?AWSAccessKeyId=AKIAJRDFEY23UEVW42BQ&amp;Expires=1415343071&amp;Signature=aBfYpacwiX3n6XuS1M4kHHAQaTI%3D</analysis_url><energy>0.838451</energy><liveness>0.081016</liveness><tempo>129.394</tempo><speechiness>0.030954</speechiness><acousticness>0.013149</acousticness><instrumentalness>0.0</instrumentalness><mode>1</mode><time_signature>4</time_signature><duration>278.63619</duration><loudness>-7.38</loudness><audio_md5>f307386236c8ca7ace0ee4ed86aa43c4</audio_md5><valence>0.896178</valence><danceability>0.640637</danceability></audio_summary><title>Tumbleweed</title></song><song><artist_id>ARL92EA1187B9A1944</artist_id><artist_name>Alannah Myles</artist_name><id>SOJWSWM1312A8A90F7</id><audio_summary><key>5</key><analysis_url>http://echonest-analysis.s3.amazonaws.com/TR/4GEymgtJg92ngJ3UoGi11lvRE3ff6NOUlarm1fsNqktjbi2MvMQccC8ISto1o5DxM4hrNd116XNP0vYCU%3D/3/full.json?AWSAccessKeyId=AKIAJRDFEY23UEVW42BQ&amp;Expires=1415343071&amp;Signature=p5bgBFYRIh3dYcCwZM/3zbg5vc0%3D</analysis_url><energy>0.783594</energy><liveness>0.131573</liveness><tempo>101.9</tempo><speechiness>0.046532</speechiness><acousticness>0.061015</acousticness><instrumentalness>0.000227</instrumentalness><mode>0</mode><time_signature>4</time_signature><duration>223.22621</duration><loudness>-6.792</loudness><audio_md5 /><valence>0.623496</valence><danceability>0.586924</danceability></audio_summary><title>Dark Side of Me</title></song><song><artist_id>ARL92EA1187B9A1944</artist_id><artist_name>Alannah Myles</artist_name><id>SOTNSDW1316771FA8B</id><audio_summary><key>0</key><analysis_url>http://echonest-analysis.s3.amazonaws.com/TR/GUrBAAsD7jv_tK0Wl8jqFjgyzqEi83vLoeWW2yK8mJiaELXl1L_SCUYhCJndwk-YgYroXMPgvdxtB5RqY%3D/3/full.json?AWSAccessKeyId=AKIAJRDFEY23UEVW42BQ&amp;Expires=1415343071&amp;Signature=OXaNAy8YtnW227Gn7xhjPnc1H/M%3D</analysis_url><energy>0.254419</energy><liveness>0.108688</liveness><tempo>124.92</tempo><speechiness>0.03847</speechiness><acousticness>0.946412</acousticness><instrumentalness>0.002133</instrumentalness><mode>1</mode><time_signature>4</time_signature><duration>283.26621</duration><loudness>-10.257</loudness><audio_md5>445e6af467743516e3a436077e673fb5</audio_md5><valence>0.103747</valence><danceability>0.424759</danceability></audio_summary><title>What Am I Gonna Do With You?</title></song><song><artist_id>ARL92EA1187B9A1944</artist_id><artist_name>Alannah Myles</artist_name><id>SOHDOSF12A58A7BC8F</id><audio_summary><key>11</key><analysis_url>http://echonest-analysis.s3.amazonaws.com/TR/TmH-VgWCxi6lrOSeGcZ64GyJtUdeV4AhgRSUbQvA1zkMzxwwmONmJTw57KUjpuMF2CmqOsIPxqSyid7kk%3D/3/full.json?AWSAccessKeyId=AKIAJRDFEY23UEVW42BQ&amp;Expires=1415343071&amp;Signature=9ZtPRR/H1guUwKgGalcng9SQOVU%3D</analysis_url><energy>0.961844</energy><liveness>0.089033</liveness><tempo>98.718</tempo><speechiness>0.051543</speechiness><acousticness>0.049207</acousticness><instrumentalness>0.384919</instrumentalness><mode>1</mode><time_signature>4</time_signature><duration>272.86621</duration><loudness>-6.243</loudness><audio_md5 /><valence>0.59193</valence><danceability>0.63694</danceability></audio_summary><title>Lightning in a Bottle</title></song><song><artist_id>ARL92EA1187B9A1944</artist_id><artist_name>Alannah Myles</artist_name><id>SOGFCVR1316771F573</id><audio_summary><key>4</key><analysis_url>http://echonest-analysis.s3.amazonaws.com/TR/nxkG1A6Ka98RVi5NLf0jqVRxU2Xiw6rIDw2OMfX-1tMb-fdoGrZNt5dOaYPt6RFb9oih-awbroMkn_cY4%3D/3/full.json?AWSAccessKeyId=AKIAJRDFEY23UEVW42BQ&amp;Expires=1415343071&amp;Signature=LKzKySwuno1HXYARNjQ6gOBmPIk%3D</analysis_url><energy>0.647362</energy><liveness>0.409989</liveness><tempo>89.286</tempo><speechiness>0.048189</speechiness><acousticness>0.426331</acousticness><instrumentalness>1e-06</instrumentalness><mode>0</mode><time_signature>4</time_signature><duration>228.53288</duration><loudness>-7.619</loudness><audio_md5 /><valence>0.59153</valence><danceability>0.605766</danceability></audio_summary><title>Kisses Are Weapons</title></song><song><artist_id>ARL92EA1187B9A1944</artist_id><artist_name>Alannah Myles</artist_name><id>SOTISQL131677117AB</id><audio_summary><key>8</key><analysis_url>http://echonest-analysis.s3.amazonaws.com/TR/B7znLwLk9Cs3ukcAHwBjhthZhtMe-j_iqVjA3glsRRIndm_m9p9HhanrQ7HqehAjCJzbYgAS_vIio0cSM%3D/3/full.json?AWSAccessKeyId=AKIAJRDFEY23UEVW42BQ&amp;Expires=1415343071&amp;Signature=HmotqbBZKXp6IzNQeENUwRxR1R8%3D</analysis_url><energy>0.950906</energy><liveness>0.372326</liveness><tempo>93.957</tempo><speechiness>0.056194</speechiness><acousticness>0.130049</acousticness><instrumentalness>1e-06</instrumentalness><mode>1</mode><time_signature>4</time_signature><duration>246.26621</duration><loudness>-4.247</loudness><audio_md5 /><valence>0.589039</valence><danceability>0.549025</danceability></audio_summary><title>Prime Of My Life</title></song><song><artist_id>ARL92EA1187B9A1944</artist_id><artist_name>Alannah Myles</artist_name><id>SOGYVPA137399FFE59</id><audio_summary><key>11</key><analysis_url>http://echonest-analysis.s3.amazonaws.com/TR/u0_K_AgZQvhsgfP4Iso4-_GLWXVRCpxGoDpikjFyF9pmf_pA7Nk8B6jjmrOdvgJ-_YodqY7Uj_07WaZkw%3D/3/full.json?AWSAccessKeyId=AKIAJRDFEY23UEVW42BQ&amp;Expires=1415343071&amp;Signature=iA5ujAuhov2CmZcOE5ilS621va4%3D</analysis_url><energy>0.370895</energy><liveness>0.055373</liveness><tempo>106.664</tempo><speechiness>0.028142</speechiness><acousticness>0.046375</acousticness><instrumentalness>0.00032</instrumentalness><mode>1</mode><time_signature>3</time_signature><duration>263.33288</duration><loudness>-10.453</loudness><audio_md5 /><valence>0.121643</valence><danceability>0.389473</danceability></audio_summary><title>Irish Rain</title></song><song><artist_id>ARL92EA1187B9A1944</artist_id><artist_name>Alannah Myles</artist_name><id>SOBOYWX1316771E92F</id><audio_summary><key>2</key><analysis_url>http://echonest-analysis.s3.amazonaws.com/TR/neDA2gGBvtRl3OHWUzP_JPwgzWf7Lyx2JHrUjqrSzDG5uVdSMJRZFgme4cZzoUdfPFanX_mcK5kRYyJqE%3D/3/full.json?AWSAccessKeyId=AKIAJRDFEY23UEVW42BQ&amp;Expires=1415343071&amp;Signature=JW/JGJCU5/mcPI7nRf190dwT1hQ%3D</analysis_url><energy>0.760714</energy><liveness>0.090604</liveness><tempo>134.842</tempo><speechiness>0.029262</speechiness><acousticness>0.180162</acousticness><instrumentalness>1.3e-05</instrumentalness><mode>1</mode><time_signature>4</time_signature><duration>290.09288</duration><loudness>-8.427</loudness><audio_md5 /><valence>0.895599</valence><danceability>0.567335</danceability></audio_summary><title>Why Have Angels Denied You?</title></song><song><artist_id>ARL92EA1187B9A1944</artist_id><artist_name>Alannah Myles</artist_name><id>SOLGYAI12AB0186F20</id><audio_summary><key>5</key><analysis_url>http://echonest-analysis.s3.amazonaws.com/TR/IzWtKQKuniHtNbFFWNuu2_H3FzKkWChKE9vuK82RO2kQXaCJ_zCSiaWG1vBygR12SxucKAl2Ts6bmWml4%3D/3/full.json?AWSAccessKeyId=AKIAJRDFEY23UEVW42BQ&amp;Expires=1415343071&amp;Signature=CZeuklr6hoCxFKAF/2%2BRNtCXsW0%3D</analysis_url><energy>0.879432</energy><liveness>0.148404</liveness><tempo>141.963</tempo><speechiness>0.069446</speechiness><acousticness>0.059277</acousticness><instrumentalness>0.0</instrumentalness><mode>1</mode><time_signature>4</time_signature><duration>269.63955</duration><loudness>-7.628</loudness><audio_md5 /><valence>0.67609</valence><danceability>0.550108</danceability></audio_summary><title>Only Wings</title></song><song><artist_id>ARL92EA1187B9A1944</artist_id><artist_name>Alannah Myles</artist_name><id>SOAQYQE12AB0186EDC</id><audio_summary><key>1</key><analysis_url>http://echonest-analysis.s3.amazonaws.com/TR/NZ-_FAYztIq3xLsQmR2u8rrxSkPd-VrFJkOVPXqyYBIlPVBGK8wQ0KSiecie9NUqdpwXxSJgOHtA0rXk8%3D/3/full.json?AWSAccessKeyId=AKIAJRDFEY23UEVW42BQ&amp;Expires=1415343071&amp;Signature=9gvkHU7MohOUAMP9nLyhcTEpzPY%3D</analysis_url><energy>0.722466</energy><liveness>0.151527</liveness><tempo>175.93</tempo><speechiness>0.058912</speechiness><acousticness>0.015419</acousticness><instrumentalness>4e-06</instrumentalness><mode>1</mode><time_signature>4</time_signature><duration>281.91955</duration><loudness>-6.044</loudness><audio_md5 /><valence>0.554281</valence><danceability>0.401016</danceability></audio_summary><title>Black Velvet 2007</title></song><song><artist_id>ARL92EA1187B9A1944</artist_id><artist_name>Alannah Myles</artist_name><id>SOECXMR12A8AE47BFB</id><audio_summary><key>9</key><analysis_url>http://echonest-analysis.s3.amazonaws.com/TR/s0G6QgFJHVbgqeIo4Z9tYSSjEHr6kWgAxaCE3O/3/full.json?AWSAccessKeyId=AKIAJRDFEY23UEVW42BQ&amp;Expires=1415343071&amp;Signature=3dNaYp3lVvWMB5DcE1CYAKVMEiA%3D</analysis_url><energy>0.464587</energy><liveness>0.100395</liveness><tempo>111.301</tempo><speechiness>0.031132</speechiness><acousticness>0.121383</acousticness><instrumentalness>0.000188</instrumentalness><mode>1</mode><time_signature>4</time_signature><duration>254.29007</duration><loudness>-10.447</loudness><audio_md5 /><valence>0.426158</valence><danceability>0.748675</danceability></audio_summary><title>The Last Time I Saw William</title></song><song><artist_id>ARL92EA1187B9A1944</artist_id><artist_name>Alannah Myles</artist_name><id>SOAMAPF12A6D4FAA9D</id><audio_summary><key>5</key><analysis_url>http://echonest-analysis.s3.amazonaws.com/TR/N0FJOwgC6Rq0namEAgH1KDrD-cPDfua4TJ1yJW/3/full.json?AWSAccessKeyId=AKIAJRDFEY23UEVW42BQ&amp;Expires=1415343071&amp;Signature=I4zVX2fccuTZsuO3XsoV/LRyz%2BI%3D</analysis_url><energy>0.595892</energy><liveness>0.14685</liveness><tempo>90.961</tempo><speechiness>0.031068</speechiness><acousticness>0.192984</acousticness><instrumentalness>0.000377</instrumentalness><mode>1</mode><time_signature>4</time_signature><duration>181.06884</duration><loudness>-8.583</loudness><audio_md5 /><valence>0.935516</valence><danceability>0.67689</danceability></audio_summary><title>Rockinghorse</title></song><song><artist_id>ARL92EA1187B9A1944</artist_id><artist_name>Alannah Myles</artist_name><id>SOKVWGC1311AFEB10B</id><audio_summary><key>0</key><analysis_url>http://echonest-analysis.s3.amazonaws.com/TR/i6hX7QvkfGToFO0TX8wHsaOCOA6K5PaNYBssepBOtDlMk0KReeRLkcgzUF0I0aFsFtN9P0MyVmwVgCfxc%3D/3/full.json?AWSAccessKeyId=AKIAJRDFEY23UEVW42BQ&amp;Expires=1415343071&amp;Signature=JKYM%2BEH0ffjNYOmJWlG4UgYbvsI%3D</analysis_url><energy>0.630487</energy><liveness>0.079327</liveness><tempo>177.222</tempo><speechiness>0.207861</speechiness><acousticness>0.237383</acousticness><instrumentalness>6.3e-05</instrumentalness><mode>1</mode><time_signature>4</time_signature><duration>312.63955</duration><loudness>-9.37</loudness><audio_md5>3af8bc0e6d8a96b449e5789496d642e0</audio_md5><valence>0.240056</valence><danceability>0.451319</danceability></audio_summary><title>Trouble</title></song><song><artist_id>ARL92EA1187B9A1944</artist_id><artist_name>Alannah Myles</artist_name><id>SOYYJDB12A6D4FB4C2</id><audio_summary><key>9</key><analysis_url>http://echonest-analysis.s3.amazonaws.com/TR/0quxSgm5NbXj-pvVD_xfPjhGwaenWa_aHgmNKTWx9oni71QTDJ0rGGcbSH5VDDLHvNKfT6fMCkpgLVaqY%3D/3/full.json?AWSAccessKeyId=AKIAJRDFEY23UEVW42BQ&amp;Expires=1415343071&amp;Signature=VBzAZ%2BE/dNIl%2B5MWxATaR9awB4M%3D</analysis_url><energy>0.113964</energy><liveness>0.107502</liveness><tempo>131.141</tempo><speechiness>0.041963</speechiness><acousticness>0.823131</acousticness><instrumentalness>0.0</instrumentalness><mode>0</mode><time_signature>4</time_signature><duration>136.73288</duration><loudness>-15.021</loudness><audio_md5>2d05cc6e424e08d82f1139bfa0c22b5f</audio_md5><valence>0.530652</valence><danceability>0.701371</danceability></audio_summary><title>Hurry Make Love</title></song><song><artist_id>ARL92EA1187B9A1944</artist_id><artist_name>Alannah Myles</artist_name><id>SOAIZDK1312FE0003F</id><audio_summary><key>2</key><analysis_url>http://echonest-analysis.s3.amazonaws.com/TR/qYzdIA-3JOwRZ52FG0tKPreau7Ns5SDzScCx2O/3/full.json?AWSAccessKeyId=AKIAJRDFEY23UEVW42BQ&amp;Expires=1415343071&amp;Signature=%2BZ0b3NZSzJ2%2Bu7S4qf0VGfBXSIY%3D</analysis_url><energy>0.426635</energy><liveness>0.061277</liveness><tempo>134.38</tempo><speechiness>0.0267</speechiness><acousticness>0.123256</acousticness><instrumentalness>0.00061</instrumentalness><mode>1</mode><time_signature>4</time_signature><duration>307.34476</duration><loudness>-9.418</loudness><audio_md5 /><valence>0.238424</valence><danceability>0.521058</danceability></audio_summary><title>Sonny Say You Will</title></song><song><artist_id>ARL92EA1187B9A1944</artist_id><artist_name>Alannah Myles</artist_name><id>SOSLJBJ12A6D4FB4BD</id><audio_summary><key>10</key><analysis_url>http://echonest-analysis.s3.amazonaws.com/TR/01ej_gtt2aSYfeuqfxnQ1CyAAJ4SmFZDvr2YJv-bkxKNEZY4k4QgLBzciq-hDBWjlsw8QnF7pgf7mjlVA%3D/3/full.json?AWSAccessKeyId=AKIAJRDFEY23UEVW42BQ&amp;Expires=1415343071&amp;Signature=wNdXZLDRh0IS%2B31aFCP0wgURESM%3D</analysis_url><energy>0.728964</energy><liveness>0.10149</liveness><tempo>161.599</tempo><speechiness>0.032327</speechiness><acousticness>0.026202</acousticness><instrumentalness>5.8e-05</instrumentalness><mode>1</mode><time_signature>4</time_signature><duration>242.33288</duration><loudness>-10.752</loudness><audio_md5>a4d131496e204123da7da27548ea9e41</audio_md5><valence>0.83708</valence><danceability>0.48633</danceability></audio_summary><title>Rock This Joint</title></song><song><artist_id>ARL92EA1187B9A1944</artist_id><artist_name>Alannah Myles</artist_name><id>SOZHTRJ12A6D4FB4C1</id><audio_summary><key>0</key><analysis_url>http://echonest-analysis.s3.amazonaws.com/TR/Iv8AuAnC2WPkzKLq5TWFe4jWnTkcXB60mf9sxgGmEqlPgrsRqyHvzy5_4oVQ18r2sOkmhSGF7Wu002XxA%3D/3/full.json?AWSAccessKeyId=AKIAJRDFEY23UEVW42BQ&amp;Expires=1415343071&amp;Signature=GcZEBcn8grunH7QefDJ/9qIZNZE%3D</analysis_url><energy>0.217385</energy><liveness>0.092051</liveness><tempo>110.099</tempo><speechiness>0.033842</speechiness><acousticness>0.610921</acousticness><instrumentalness>0.000135</instrumentalness><mode>0</mode><time_signature>4</time_signature><duration>217.35955</duration><loudness>-14.776</loudness><audio_md5>974afc8105c3188a3662d3da308cf25c</audio_md5><valence>0.304051</valence><danceability>0.544139</danceability></audio_summary><title>Who Loves You</title></song><song><artist_id>ARL92EA1187B9A1944</artist_id><artist_name>Alannah Myles</artist_name><id>SOQQLXZ12AF72A4327</id><audio_summary><key>1</key><analysis_url>http://echonest-analysis.s3.amazonaws.com/TR/GCeS5gIOfL6wLu8jtI08xcPIDqyHT13o2bXF00B2kjCaG2Mbi0wCr3h71ZTjPBB6MZLn12NbkibpIjzKY%3D/3/full.json?AWSAccessKeyId=AKIAJRDFEY23UEVW42BQ&amp;Expires=1415343071&amp;Signature=yZnX95xNDOu7bRgbYZuoIqdcqiw%3D</analysis_url><energy>0.744254</energy><liveness>0.324131</liveness><tempo>111.21</tempo><speechiness>0.028782</speechiness><acousticness>0.026947</acousticness><instrumentalness>0.000277</instrumentalness><mode>0</mode><time_signature>4</time_signature><duration>251.94621</duration><loudness>-10.837</loudness><audio_md5>12044bfaaacbea2e4e47a05df4e0fc9a</audio_md5><valence>0.88678</valence><danceability>0.632571</danceability></audio_summary><title>If You Want To</title></song><song><artist_id>ARL92EA1187B9A1944</artist_id><artist_name>Alannah Myles</artist_name><id>SOBUFYY12A58A782FE</id><audio_summary><key>7</key><analysis_url>http://echonest-analysis.s3.amazonaws.com/TR/EmHwDgpo1baHM0eINWO_KI8EUjqP8hof-Tnk5K5XZpdA2QRtyLP6WjFZQbYAuqZ-lZGuQv8is2AI5-SEI%3D/3/full.json?AWSAccessKeyId=AKIAJRDFEY23UEVW42BQ&amp;Expires=1415343071&amp;Signature=uITvyrwWz%2BNO8FKzg2mLGp7ZfG4%3D</analysis_url><energy>0.943159</energy><liveness>0.458559</liveness><tempo>117.395</tempo><speechiness>0.045039</speechiness><acousticness>0.002834</acousticness><instrumentalness>0.000289</instrumentalness><mode>1</mode><time_signature>4</time_signature><duration>213.14567</duration><loudness>-6.615</loudness><audio_md5 /><valence>0.734316</valence><danceability>0.580801</danceability></audio_summary><title>Just One Kiss</title></song><song><artist_id>ARL92EA1187B9A1944</artist_id><artist_name>Alannah Myles</artist_name><id>SOBMTOB1455E79A98E</id><audio_summary><key>8</key><analysis_url>http://echonest-analysis.s3.amazonaws.com/TR/yc_c4w9mgINvj79lfEr5d03ddr4k9kpARq3su74-zEncx-HAWxMAZD74psIG76o6pLm_v2xL0kwdJS7lo%3D/3/full.json?AWSAccessKeyId=AKIAJRDFEY23UEVW42BQ&amp;Expires=1415343071&amp;Signature=8A/jDNNwecXJeFl6Ry39W5saI08%3D</analysis_url><energy>0.486755</energy><liveness>0.216992</liveness><tempo>91.167</tempo><speechiness>0.033166</speechiness><acousticness>0.178435</acousticness><instrumentalness>2.8e-05</instrumentalness><mode>1</mode><time_signature>4</time_signature><duration>287.55955</duration><loudness>-7.501</loudness><audio_md5 /><valence>0.380676</valence><danceability>0.422584</danceability></audio_summary><title>Black Velvet (Original Rerecord)</title></song><song><artist_id>ARL92EA1187B9A1944</artist_id><artist_name>Alannah Myles</artist_name><id>SOSEFCT1316771F574</id><audio_summary><key>7</key><analysis_url>http://echonest-analysis.s3.amazonaws.com/TR/_FHx1ge8MZ_8PqrpVEVgRbW0tKR8vBtM9ki-VNtOgRLedN3NjCYL6fu2TFm0as0UL2g58Zyikp_TmMdgc%3D/3/full.json?AWSAccessKeyId=AKIAJRDFEY23UEVW42BQ&amp;Expires=1415343071&amp;Signature=fByUWyc6kruCmXYc%2BC8bx21PAuk%3D</analysis_url><energy>0.801491</energy><liveness>0.319804</liveness><tempo>122.903</tempo><speechiness>0.094393</speechiness><acousticness>0.06898</acousticness><instrumentalness>0.000158</instrumentalness><mode>1</mode><time_signature>3</time_signature><duration>232.50621</duration><loudness>-4.865</loudness><audio_md5 /><valence>0.421278</valence><danceability>0.376742</danceability></audio_summary><title>Bad 4 you</title></song><song><artist_id>ARL92EA1187B9A1944</artist_id><artist_name>Alannah Myles</artist_name><id>SOIRMXX12A8AE47BE1</id><audio_summary><key>7</key><analysis_url>http://echonest-analysis.s3.amazonaws.com/TR/bLcxWQ3tB8J57V9SKjUwyL5kjOeqPUS3zLmNAJ/3/full.json?AWSAccessKeyId=AKIAJRDFEY23UEVW42BQ&amp;Expires=1415343071&amp;Signature=%2Bu9SArYK9lsT54CzVC5GQhJvOQI%3D</analysis_url><energy>0.723372</energy><liveness>0.038175</liveness><tempo>110.026</tempo><speechiness>0.030697</speechiness><acousticness>0.046359</acousticness><instrumentalness>0.000328</instrumentalness><mode>1</mode><time_signature>4</time_signature><duration>352.17088</duration><loudness>-8.208</loudness><audio_md5>8942742306217fd3ef7b2bbb027b54c7</audio_md5><valence>0.464935</valence><danceability>0.63264</danceability></audio_summary><title>Livin' On A Memory</title></song><song><artist_id>ARL92EA1187B9A1944</artist_id><artist_name>Alannah Myles</artist_name><id>SOFFKDU12A58A78C12</id><audio_summary><key>1</key><analysis_url>http://echonest-analysis.s3.amazonaws.com/TR/SBRyRAji6kMzACEemc0qpDCr_-yHyxfWaXtXy2uASNRUUp2LPvXL3bhazP7vDhy-fuY4f9JUmbxF1fBD8%3D/3/full.json?AWSAccessKeyId=AKIAJRDFEY23UEVW42BQ&amp;Expires=1415343071&amp;Signature=EX%2BDj%2B0wQPskS6VUJJZSFFyiR2o%3D</analysis_url><energy>0.491097</energy><liveness>0.199128</liveness><tempo>105.777</tempo><speechiness>0.02767</speechiness><acousticness>0.297183</acousticness><instrumentalness>0.000134</instrumentalness><mode>1</mode><time_signature>4</time_signature><duration>319.03955</duration><loudness>-8.233</loudness><audio_md5 /><valence>0.546078</valence><danceability>0.7496</danceability></audio_summary><title>Family Secret</title></song><song><artist_id>ARL92EA1187B9A1944</artist_id><artist_name>Alannah Myles</artist_name><id>SOGNYEN1478D20C1A7</id><audio_summary><key>8</key><analysis_url>http://echonest-analysis.s3.amazonaws.com/TR/ouF4-wQs0SSNfOeVC3G12b4VFxyjvvUBDsN8tHB9NZdgQa8TE%3D/3/full.json?AWSAccessKeyId=AKIAJRDFEY23UEVW42BQ&amp;Expires=1415343071&amp;Signature=c%2BytroAIGhZKpPxKBYBuYgK0F2A%3D</analysis_url><energy>0.351957</energy><liveness>0.104425</liveness><tempo>91.144</tempo><speechiness>0.031309</speechiness><acousticness>0.242116</acousticness><instrumentalness>9.6e-05</instrumentalness><mode>1</mode><time_signature>4</time_signature><duration>287.43955</duration><loudness>-10.578</loudness><audio_md5>28783958690e25e36cb9babe4087fcb5</audio_md5><valence>0.483136</valence><danceability>0.765613</danceability></audio_summary><title>Black Velvet</title></song><song><artist_id>ARL92EA1187B9A1944</artist_id><artist_name>Alannah Myles</artist_name><id>SODHQTQ13739B677CB</id><audio_summary><key>9</key><analysis_url>http://echonest-analysis.s3.amazonaws.com/TR/fsxOtwJPqKVlrKmp9ciiuQosmYF7HT0l0d9EXxmqRvIXcuc9iY9eLHBSbYuRzKpJ4kYDc3mBUaLLGfG1A%3D/3/full.json?AWSAccessKeyId=AKIAJRDFEY23UEVW42BQ&amp;Expires=1415343071&amp;Signature=a6X%2Bz%2BvSZqL/9dnzNJ1/b0LACh0%3D</analysis_url><energy>0.399063</energy><liveness>0.143131</liveness><tempo>148.013</tempo><speechiness>0.028151</speechiness><acousticness>0.259154</acousticness><instrumentalness>0.0</instrumentalness><mode>1</mode><time_signature>4</time_signature><duration>277.4098</duration><loudness>-10.587</loudness><audio_md5 /><valence>0.106857</valence><danceability>0.419751</danceability></audio_summary><title>Lover Of Mine</title></song><song><artist_id>ARL92EA1187B9A1944</artist_id><artist_name>Alannah Myles</artist_name><id>SOFYTTR13B09AD4897</id><audio_summary><key>8</key><analysis_url>http://echonest-analysis.s3.amazonaws.com/TR/sZmF6wF24lnucOqQGAQs74Sks0XQSuHC-K64O6OamOrkqR4iAt-D06nMN9LnFMviQkWv09FbYEn_bgjvk%3D/3/full.json?AWSAccessKeyId=AKIAJRDFEY23UEVW42BQ&amp;Expires=1415343071&amp;Signature=BFts7pzq86DVb9R5U1IFL2r6aUo%3D</analysis_url><energy>0.479813</energy><liveness>0.182978</liveness><tempo>91.126</tempo><speechiness>0.032068</speechiness><acousticness>0.311925</acousticness><instrumentalness>4e-06</instrumentalness><mode>1</mode><time_signature>4</time_signature><duration>223.49288</duration><loudness>-6.166</loudness><audio_md5>d02201f9e575ba30b291638f62b8aeac</audio_md5><valence>0.491045</valence><danceability>0.695799</danceability></audio_summary><title>Black Velvet</title></song><song><artist_id>ARL92EA1187B9A1944</artist_id><artist_name>Alannah Myles</artist_name><id>SOBAONP1312A8AB180</id><audio_summary><key>8</key><analysis_url>http://echonest-analysis.s3.amazonaws.com/TR/zQcrtwsSXrUGSRWiYr9XdMaKwXpsdeWL6wzxkgxSVM4V5fruqgdvNk_uuk7FLZjDIhRTtdlZ99AidLIYE%3D/3/full.json?AWSAccessKeyId=AKIAJRDFEY23UEVW42BQ&amp;Expires=1415343072&amp;Signature=zTFVoD2q70LGHw%2BPsRxoGpmxT/s%3D</analysis_url><energy>0.365988</energy><liveness>0.107086</liveness><tempo>91.14</tempo><speechiness>0.031878</speechiness><acousticness>0.306726</acousticness><instrumentalness>0.000104</instrumentalness><mode>1</mode><time_signature>4</time_signature><duration>287.44952</duration><loudness>-10.094</loudness><audio_md5 /><valence>0.497194</valence><danceability>0.749507</danceability></audio_summary><title>Black Velvet</title></song><song><artist_id>ARL92EA1187B9A1944</artist_id><artist_name>Alannah Myles</artist_name><id>SOLLPNK13D536E97E3</id><audio_summary><key>2</key><analysis_url>http://echonest-analysis.s3.amazonaws.com/TR/MdgrBwUjk7Q_tlTw9zylrmIHewd4x2lYtV7DqJcIvlKxoOAoXzs6amqB6G6Q_DMWgsGTZnLaSaCAOERr0%3D/3/full.json?AWSAccessKeyId=AKIAJRDFEY23UEVW42BQ&amp;Expires=1415343072&amp;Signature=AG7mi0jqFQcLbh2Eimd2z4yN0Q8%3D</analysis_url><energy>0.924069</energy><liveness>0.316643</liveness><tempo>101.153</tempo><speechiness>0.098719</speechiness><acousticness>0.003375</acousticness><instrumentalness>0.002557</instrumentalness><mode>1</mode><time_signature>4</time_signature><duration>216.12363</duration><loudness>-7.438</loudness><audio_md5 /><valence>0.506517</valence><danceability>0.653439</danceability></audio_summary><title>Love Is</title></song><song><artist_id>ARL92EA1187B9A1944</artist_id><artist_name>Alannah Myles</artist_name><id>SOCTRYM1313438AE96</id><audio_summary><key>2</key><analysis_url>http://echonest-analysis.s3.amazonaws.com/TR/5yeHbwYy3SvIv86-tGhgsWxrOfH-Z7cAb1Tt2-nRDLqVUoIuE3ugoW9PJq-CGBIG2eIKdgK3adzZfD_3Y%3D/3/full.json?AWSAccessKeyId=AKIAJRDFEY23UEVW42BQ&amp;Expires=1415343072&amp;Signature=mLSc1BG8gL9ZXdtfxa7czAh1bns%3D</analysis_url><energy>0.865338</energy><liveness>0.263912</liveness><tempo>101.148</tempo><speechiness>0.041033</speechiness><acousticness>0.041713</acousticness><instrumentalness>0.007921</instrumentalness><mode>1</mode><time_signature>4</time_signature><duration>218.63955</duration><loudness>-9.497</loudness><audio_md5 /><valence>0.69805</valence><danceability>0.725961</danceability></audio_summary><title>Love Is</title></song><song><artist_id>ARL92EA1187B9A1944</artist_id><artist_name>Alannah Myles</artist_name><id>SOSVZMI14562217739</id><audio_summary><key>4</key><analysis_url>http://echonest-analysis.s3.amazonaws.com/TR/7lqQPgrkr11Jnk1rdWtsFef9mlZ7MHJO7nF4VVmMRIuzv-GHo03qIbfsHwq5qHcA4KBUH3bYanmZ7NBS4%3D/3/full.json?AWSAccessKeyId=AKIAJRDFEY23UEVW42BQ&amp;Expires=1415343072&amp;Signature=6Qn6yYj93bB5vwEsyYUkDP95Eu8%3D</analysis_url><energy>0.777826</energy><liveness>0.106525</liveness><tempo>163.957</tempo><speechiness>0.078649</speechiness><acousticness>0.342476</acousticness><instrumentalness>0.000375</instrumentalness><mode>1</mode><time_signature>4</time_signature><duration>241.90621</duration><loudness>-5.471</loudness><audio_md5>80cbea9bab47988f4a85742109366a98</audio_md5><valence>0.764465</valence><danceability>0.550935</danceability></audio_summary><title>Can't Stand the Rain</title></song><song><artist_id>ARL92EA1187B9A1944</artist_id><artist_name>Alannah Myles</artist_name><id>SOSYYEU13134392310</id><audio_summary><key>10</key><analysis_url>http://echonest-analysis.s3.amazonaws.com/TR/K_1AbAQ4XgGn6U3kB9e05gMtBesh-N5H70Tm6Z/3/full.json?AWSAccessKeyId=AKIAJRDFEY23UEVW42BQ&amp;Expires=1415343072&amp;Signature=Q3z1vdnKB2VbdN5Ntng83DnnG1I%3D</analysis_url><energy>0.299483</energy><liveness>0.22034</liveness><tempo>135.362</tempo><speechiness>0.028535</speechiness><acousticness>0.736544</acousticness><instrumentalness>0.004189</instrumentalness><mode>0</mode><time_signature>4</time_signature><duration>303.94884</duration><loudness>-9.772</loudness><audio_md5>a0fbf21bcf57536937ed4f7bb638520a</audio_md5><valence>0.118235</valence><danceability>0.291304</danceability></audio_summary><title>Song Instead Of A Kiss</title></song><song><artist_id>ARL92EA1187B9A1944</artist_id><artist_name>Alannah Myles</artist_name><id>SOVHWCJ12AF72A04DB</id><audio_summary><key>9</key><analysis_url>http://echonest-analysis.s3.amazonaws.com/TR/kJqHIAAftIFy46jpebtmtZW5BeHLh0086_nTizKp8xcLLD6fpThlakKyxHOv-JHqf7eut_j1Ea3pG5irc%3D/3/full.json?AWSAccessKeyId=AKIAJRDFEY23UEVW42BQ&amp;Expires=1415343072&amp;Signature=H1f6NCfcPiAXm2rv9K/HBm3nrKo%3D</analysis_url><energy>0.878834</energy><liveness>0.334238</liveness><tempo>124.162</tempo><speechiness>0.049613</speechiness><acousticness>0.006017</acousticness><instrumentalness>0.003708</instrumentalness><mode>1</mode><time_signature>4</time_signature><duration>277.33288</duration><loudness>-8.791</loudness><audio_md5>fc4fc9b35191afaa30b28e76fc4f70ad</audio_md5><valence>0.698749</valence><danceability>0.587304</danceability></audio_summary><title>Still Got This Thing</title></song><song><artist_id>ARL92EA1187B9A1944</artist_id><artist_name>Alannah Myles</artist_name><id>SOCMTMU1316771F86A</id><audio_summary><key>2</key><analysis_url>http://echonest-analysis.s3.amazonaws.com/TR/sNPwDAsd2vf-KQ9BOCinMSZdReTEK8ZGMxs6fqL7IxwGzyyShTbgXIkQgeJrUXII7MNmi7E-oGu7jCDb8%3D/3/full.json?AWSAccessKeyId=AKIAJRDFEY23UEVW42BQ&amp;Expires=1415343072&amp;Signature=Ss/MdJ1Wwk/WWU8givR33PO6IFc%3D</analysis_url><energy>0.519535</energy><liveness>0.107496</liveness><tempo>108.47</tempo><speechiness>0.041334</speechiness><acousticness>0.70237</acousticness><instrumentalness>0.0</instrumentalness><mode>1</mode><time_signature>4</time_signature><duration>232.63955</duration><loudness>-7.88</loudness><audio_md5 /><valence>0.65103</valence><danceability>0.607467</danceability></audio_summary><title>Honesty</title></song></songs></response>