<response><status><version>4.2</version><code>0</code><message>Success</message></status><songs><song><artist_id>ARW70HR1187B9A358C</artist_id><artist_name>Aleks Syntek</artist_name><id>SOAGYUB12A8C134C1B</id><audio_summary><key>7</key><analysis_url>http://echonest-analysis.s3.amazonaws.com/TR/2SkatgDGfYTL0CemKTxKzue28mNDqt_jrLsuDMMayDnHo9svuHKDP9eF82JuPISBm0DpKxQjlIFflqE14%3D/3/full.json?AWSAccessKeyId=AKIAJRDFEY23UEVW42BQ&amp;Expires=1415343102&amp;Signature=Q/37O60elsC6NZ/UNyhrWWJM%2B5w%3D</analysis_url><energy>0.868374</energy><liveness>0.190693</liveness><tempo>95.256</tempo><speechiness>0.058451</speechiness><acousticness>0.249495</acousticness><instrumentalness>0.004103</instrumentalness><mode>1</mode><time_signature>4</time_signature><duration>253.57288</duration><loudness>-8.291</loudness><audio_md5 /><valence>0.838312</valence><danceability>0.694927</danceability></audio_summary><title>Santifica Mi Alma (2002 - Remaster)</title></song><song><artist_id>ARW70HR1187B9A358C</artist_id><artist_name>Aleks Syntek</artist_name><id>SOAGBKX12A58A7AB4F</id><audio_summary><key>6</key><analysis_url>http://echonest-analysis.s3.amazonaws.com/TR/pVImvgabTBwVrYumwhG4HM_WXWU5SEpfiG1lGhZAYMNsNRFuy2HUHX84YYfzCmyUBXMrMiKKm_Ix9jyXo%3D/3/full.json?AWSAccessKeyId=AKIAJRDFEY23UEVW42BQ&amp;Expires=1415343102&amp;Signature=ys5KAhPwsbcMa3aJRbTwsuLStcE%3D</analysis_url><energy>0.84683</energy><liveness>0.716907</liveness><tempo>124.906</tempo><speechiness>0.037017</speechiness><acousticness>0.05485</acousticness><instrumentalness>0.003444</instrumentalness><mode>0</mode><time_signature>4</time_signature><duration>241.90621</duration><loudness>-8.324</loudness><audio_md5 /><valence>0.470294</valence><danceability>0.693501</danceability></audio_summary><title>Tu Huella En La Historia (2002 - Remaster)</title></song><song><artist_id>ARW70HR1187B9A358C</artist_id><artist_name>Aleks Syntek</artist_name><id>SOLXXUZ1316771644C</id><audio_summary><key>8</key><analysis_url>http://echonest-analysis.s3.amazonaws.com/TR/41FomwUMB21uyCO5ycShDby_yL06o2mHq8n7UD19xSz7V4gIKSij2X-lITTDawCi6YfvU5Kw9q-UYE-PY%3D/3/full.json?AWSAccessKeyId=AKIAJRDFEY23UEVW42BQ&amp;Expires=1415343102&amp;Signature=6GpW3DnS4uP6sccnLtWtVHh2ktw%3D</analysis_url><energy>0.758875</energy><liveness>0.103631</liveness><tempo>112.034</tempo><speechiness>0.03243</speechiness><acousticness>0.235064</acousticness><instrumentalness>0.0</instrumentalness><mode>1</mode><time_signature>4</time_signature><duration>202.77288</duration><loudness>-5.24</loudness><audio_md5 /><valence>0.909723</valence><danceability>0.826119</danceability></audio_summary><title>Un Paso Más (2008 Digital Remaster)</title></song><song><artist_id>ARW70HR1187B9A358C</artist_id><artist_name>Aleks Syntek</artist_name><id>SOPEERO12A8C135405</id><audio_summary><key>2</key><analysis_url>http://echonest-analysis.s3.amazonaws.com/TR/TkZbFwUOZO7jsL9M2trQNrtg6qr7ltKe5VeMOIPuYkwhKGUBkNIXUtInKtVfMxykwmT6eoTZuz5F4RfBA%3D/3/full.json?AWSAccessKeyId=AKIAJRDFEY23UEVW42BQ&amp;Expires=1415343102&amp;Signature=bZqg1j%2BY9pIh/swjpNt6byxA54k%3D</analysis_url><energy>0.690634</energy><liveness>0.148053</liveness><tempo>155.997</tempo><speechiness>0.040588</speechiness><acousticness>0.15514</acousticness><instrumentalness>0.070177</instrumentalness><mode>1</mode><time_signature>4</time_signature><duration>268.69442</duration><loudness>-8.834</loudness><audio_md5 /><valence>0.964893</valence><danceability>0.603772</danceability></audio_summary><title>Arriesgando el corazón (Remix Mundo Lite)</title></song><song><artist_id>ARW70HR1187B9A358C</artist_id><artist_name>Aleks Syntek</artist_name><id>SONBWKN12A8C139AE4</id><audio_summary><key>6</key><analysis_url>http://echonest-analysis.s3.amazonaws.com/TR/u8a38wSljnMqnms6Nivp_mnEkJMj52HAzfG4T7yFwRKftdeFHiItup5MymVVV7udieg5Omk--GW_4fg5s%3D/3/full.json?AWSAccessKeyId=AKIAJRDFEY23UEVW42BQ&amp;Expires=1415343102&amp;Signature=D5M1KP6MT7Whx2TDtpIzH4myc7Q%3D</analysis_url><energy>0.750003</energy><liveness>0.305968</liveness><tempo>129.973</tempo><speechiness>0.037628</speechiness><acousticness>0.079229</acousticness><instrumentalness>0.0</instrumentalness><mode>0</mode><time_signature>4</time_signature><duration>284.37347</duration><loudness>-7.727</loudness><audio_md5>101e43aee609411c0031886c893c67fb</audio_md5><valence>0.69802</valence><danceability>0.701843</danceability></audio_summary><title>Love Breaks Your Heart (Duele El Amor)</title></song><song><artist_id>ARW70HR1187B9A358C</artist_id><artist_name>Aleks Syntek</artist_name><id>SOAXENU137309874F1</id><audio_summary><key>5</key><analysis_url>http://echonest-analysis.s3.amazonaws.com/TR/GFMoagcVs4Mk2W_R4dDvUcvOl9hxcc6yGp4I7bPeFpItylY73a68nNj1m071z0f1joroets3FSCmUKZF8%3D/3/full.json?AWSAccessKeyId=AKIAJRDFEY23UEVW42BQ&amp;Expires=1415343102&amp;Signature=dhtZ9cg8kKcNqY9BBotaREb9Kk0%3D</analysis_url><energy>0.84241</energy><liveness>0.187006</liveness><tempo>130.073</tempo><speechiness>0.028675</speechiness><acousticness>0.03973</acousticness><instrumentalness>0.032567</instrumentalness><mode>0</mode><time_signature>4</time_signature><duration>416.26621</duration><loudness>-8.983</loudness><audio_md5 /><valence>0.696036</valence><danceability>0.695784</danceability></audio_summary><title>Evolución (Extended Mix) (2002 Digital Remaster)</title></song><song><artist_id>ARW70HR1187B9A358C</artist_id><artist_name>Aleks Syntek</artist_name><id>SOBBVLY1411C379C5B</id><audio_summary><key>5</key><analysis_url>http://echonest-analysis.s3.amazonaws.com/TR/ca5lbQ7frSkp2ZvDsJPU279vRGN96Nv__mRKtcRh7YclT3WZLD0ABBTOETD_yXRCk0MuCWaqcECgAgLDw%3D/3/full.json?AWSAccessKeyId=AKIAJRDFEY23UEVW42BQ&amp;Expires=1415343102&amp;Signature=//agEc%2BIZGuNJ9YRV/g1avxn5pw%3D</analysis_url><energy>0.865121</energy><liveness>0.878741</liveness><tempo>106.941</tempo><speechiness>0.054697</speechiness><acousticness>0.120273</acousticness><instrumentalness>1.6e-05</instrumentalness><mode>0</mode><time_signature>4</time_signature><duration>649.51955</duration><loudness>-8.823</loudness><audio_md5 /><valence>0.705817</valence><danceability>0.648135</danceability></audio_summary><title>Lo Que Tú Necesitas (Live 70's Medley)</title></song><song><artist_id>ARW70HR1187B9A358C</artist_id><artist_name>Aleks Syntek</artist_name><id>SOAUJJV131677157FB</id><audio_summary><key>9</key><analysis_url>http://echonest-analysis.s3.amazonaws.com/TR/rzgruwKeRmZp9oE9isXYwab5FkLNUzFZd0IgpRoBd54YX83cZBilSgcHvCAUVqNwF4ZquxeEjSlLaopTM%3D/3/full.json?AWSAccessKeyId=AKIAJRDFEY23UEVW42BQ&amp;Expires=1415343102&amp;Signature=cE8ZT9gwo8/JbE/Rwn6bSM8/f4U%3D</analysis_url><energy>0.187075</energy><liveness>0.924712</liveness><tempo>128.524</tempo><speechiness>0.034467</speechiness><acousticness>0.950908</acousticness><instrumentalness>0.031396</instrumentalness><mode>1</mode><time_signature>4</time_signature><duration>400.03955</duration><loudness>-17.103</loudness><audio_md5 /><valence>0.118735</valence><danceability>0.287106</danceability></audio_summary><title>Te Soñé (Live Acoustic)</title></song><song><artist_id>ARW70HR1187B9A358C</artist_id><artist_name>Aleks Syntek</artist_name><id>SOAUFTJ12A58A7D0E0</id><audio_summary><key>9</key><analysis_url>http://echonest-analysis.s3.amazonaws.com/TR/PEMAxwt9idcUrXuxPk8tHp5tNzEojFmSvf4pxK/3/full.json?AWSAccessKeyId=AKIAJRDFEY23UEVW42BQ&amp;Expires=1415343102&amp;Signature=6m9soc%2BGTbzjHduTKXZDcx7kLF4%3D</analysis_url><energy>0.898848</energy><liveness>0.075908</liveness><tempo>125.054</tempo><speechiness>0.033057</speechiness><acousticness>0.025862</acousticness><instrumentalness>0.004166</instrumentalness><mode>0</mode><time_signature>4</time_signature><duration>223.88354</duration><loudness>-6.697</loudness><audio_md5 /><valence>0.969764</valence><danceability>0.674442</danceability></audio_summary><title>Quien Será (2008 - Remaster)</title></song><song><artist_id>ARW70HR1187B9A358C</artist_id><artist_name>Aleks Syntek</artist_name><id>SOANVYZ131677152E3</id><audio_summary><key>0</key><analysis_url>http://echonest-analysis.s3.amazonaws.com/TR/dZZ9dgb_-wTxlEN7RTRkKJmjVQNoF4pDI4tdFW4vMY2MUn4R3Q4jIVtYwKXNGEmCivGw4xXwrIE000WJ8%3D/3/full.json?AWSAccessKeyId=AKIAJRDFEY23UEVW42BQ&amp;Expires=1415343102&amp;Signature=8CmU24ZaipTeFqsUoSZcgh8Ctng%3D</analysis_url><energy>0.791393</energy><liveness>0.940498</liveness><tempo>159.986</tempo><speechiness>0.05067</speechiness><acousticness>0.128561</acousticness><instrumentalness>0.0</instrumentalness><mode>1</mode><time_signature>4</time_signature><duration>235.11955</duration><loudness>-7.841</loudness><audio_md5 /><valence>0.496895</valence><danceability>0.516501</danceability></audio_summary><title>A Veces Fui (Live)</title></song><song><artist_id>ARW70HR1187B9A358C</artist_id><artist_name>Aleks Syntek</artist_name><id>SOBMVZV12A8C136623</id><audio_summary><key>5</key><analysis_url>http://echonest-analysis.s3.amazonaws.com/TR/b7yCogFeNePNObt2N8PisL3uHmUgxZ0HVxGOHYCXo6cZD9deyjHswHo3d2hbJOsbOErFh6zFvBOkinztA%3D/3/full.json?AWSAccessKeyId=AKIAJRDFEY23UEVW42BQ&amp;Expires=1415343102&amp;Signature=zkr7EbET%2B3WvdibcJltTaD42xWw%3D</analysis_url><energy>0.94011</energy><liveness>0.092438</liveness><tempo>115.029</tempo><speechiness>0.082499</speechiness><acousticness>0.110496</acousticness><instrumentalness>4e-06</instrumentalness><mode>0</mode><time_signature>4</time_signature><duration>226.86621</duration><loudness>-4.907</loudness><audio_md5 /><valence>0.905873</valence><danceability>0.84229</danceability></audio_summary><title>Karma Mortal</title></song><song><artist_id>ARW70HR1187B9A358C</artist_id><artist_name>Aleks Syntek</artist_name><id>SOADOOC13CF1788D85</id><audio_summary><key>0</key><analysis_url>http://echonest-analysis.s3.amazonaws.com/TR/nQK-yQ5Wnhmx9RpJDr-qLoO5ethWovJfc689dAVOsEw0-T9z6w0BdnTacAKYjIkzMHujyWUzfojVZBTdk%3D/3/full.json?AWSAccessKeyId=AKIAJRDFEY23UEVW42BQ&amp;Expires=1415343102&amp;Signature=cDQHtgHbOds29ItpGjFuUmvFp2g%3D</analysis_url><energy>0.394477</energy><liveness>0.116359</liveness><tempo>131.925</tempo><speechiness>0.030442</speechiness><acousticness>0.846841</acousticness><instrumentalness>0.0</instrumentalness><mode>1</mode><time_signature>4</time_signature><duration>236.99955</duration><loudness>-7.023</loudness><audio_md5 /><valence>0.215452</valence><danceability>0.386679</danceability></audio_summary><title>Labio y Corazón</title></song><song><artist_id>ARW70HR1187B9A358C</artist_id><artist_name>Aleks Syntek</artist_name><id>SOZZPTH12A8C139AC6</id><audio_summary><key>10</key><analysis_url>http://echonest-analysis.s3.amazonaws.com/TR/O7z-6AcIXQjajGB-0rjFUKk0mAqgiE590adT9lTwvFB-ke-0eV3uMed2YhroRN-NArUuWdub9gAvCR6xg%3D/3/full.json?AWSAccessKeyId=AKIAJRDFEY23UEVW42BQ&amp;Expires=1415343102&amp;Signature=zNNmpYjR4TlOE5d1S3xfSi1ZSKQ%3D</analysis_url><energy>0.641745</energy><liveness>0.34666</liveness><tempo>161.956</tempo><speechiness>0.039627</speechiness><acousticness>0.162846</acousticness><instrumentalness>0.0</instrumentalness><mode>1</mode><time_signature>4</time_signature><duration>196.12667</duration><loudness>-8.172</loudness><audio_md5>ab523ac2392caae0f7ddbdd2b44a8fbb</audio_md5><valence>0.857743</valence><danceability>0.532035</danceability></audio_summary><title>Intocable ((Versión Grupera))</title></song><song><artist_id>ARW70HR1187B9A358C</artist_id><artist_name>Aleks Syntek</artist_name><id>SOUOALV144C92D1D90</id><audio_summary><key>9</key><analysis_url>http://echonest-analysis.s3.amazonaws.com/TR/w0Q6swUPlnmmpwqFoS_t2yDDTxXwGr3Okgk20X/3/full.json?AWSAccessKeyId=AKIAJRDFEY23UEVW42BQ&amp;Expires=1415343102&amp;Signature=BtVjVyNSZlIIfqWtrBpUo0FAngA%3D</analysis_url><energy>0.831961</energy><liveness>0.105079</liveness><tempo>126.975</tempo><speechiness>0.05608</speechiness><acousticness>0.001712</acousticness><instrumentalness>0.0</instrumentalness><mode>1</mode><time_signature>4</time_signature><duration>214.84757</duration><loudness>-6.759</loudness><audio_md5 /><valence>0.381045</valence><danceability>0.561715</danceability></audio_summary><title>Solo el Amor Nos Salvara</title></song><song><artist_id>ARW70HR1187B9A358C</artist_id><artist_name>Aleks Syntek</artist_name><id>SOFZQPP12AB0189232</id><audio_summary><key>9</key><analysis_url>http://echonest-analysis.s3.amazonaws.com/TR/fLdsBAx6vhuEkKFsnKp5I_QzNioczWjLoqYx8BX0i_h44LftbjdU45UwEfk9j_pfR6a5fhtohNss505q8%3D/3/full.json?AWSAccessKeyId=AKIAJRDFEY23UEVW42BQ&amp;Expires=1415343102&amp;Signature=RAGH7wWrJVtRqDFYz2nMSe3LHPc%3D</analysis_url><energy>0.760805</energy><liveness>0.09122</liveness><tempo>95.002</tempo><speechiness>0.083341</speechiness><acousticness>0.335869</acousticness><instrumentalness>0.0</instrumentalness><mode>0</mode><time_signature>4</time_signature><duration>219.34621</duration><loudness>-6.879</loudness><audio_md5 /><valence>0.778036</valence><danceability>0.752253</danceability></audio_summary><title>Ese Mal Gusto (A Capella)</title></song><song><artist_id>ARW70HR1187B9A358C</artist_id><artist_name>Aleks Syntek</artist_name><id>SOKDYAR12AB01862FC</id><audio_summary><key>10</key><analysis_url>http://echonest-analysis.s3.amazonaws.com/TR/J107DwnOPZPwKshAmLLS1_iIC5B8nMuXKumwYO2kciJEh-i_M3wEj8jc49CmAuNoiJrV9MuYyxo05G6TY%3D/3/full.json?AWSAccessKeyId=AKIAJRDFEY23UEVW42BQ&amp;Expires=1415343102&amp;Signature=BfN7eEJ192PlO%2BKK7bvnLVsfjsk%3D</analysis_url><energy>0.894301</energy><liveness>0.529826</liveness><tempo>126.997</tempo><speechiness>0.083111</speechiness><acousticness>0.044072</acousticness><instrumentalness>0.0</instrumentalness><mode>1</mode><time_signature>4</time_signature><duration>144.99628</duration><loudness>-5.811</loudness><audio_md5 /><valence>0.385633</valence><danceability>0.630882</danceability></audio_summary><title>La Tierra Por Conquistar (Live Auditorio Nacional 08)</title></song><song><artist_id>ARW70HR1187B9A358C</artist_id><artist_name>Aleks Syntek</artist_name><id>SOLEKDX12A58A79282</id><audio_summary><key>11</key><analysis_url>http://echonest-analysis.s3.amazonaws.com/TR/-YAdEgubooSboRFgdl_E_1jPo-YYMEDhwkNgqQ/3/full.json?AWSAccessKeyId=AKIAJRDFEY23UEVW42BQ&amp;Expires=1415343102&amp;Signature=uaRWqd59GQPnqFTVD02p0ceTKxY%3D</analysis_url><energy>0.882216</energy><liveness>0.096018</liveness><tempo>113.019</tempo><speechiness>0.054535</speechiness><acousticness>0.072186</acousticness><instrumentalness>1e-06</instrumentalness><mode>1</mode><time_signature>4</time_signature><duration>288.69333</duration><loudness>-5.373</loudness><audio_md5 /><valence>0.889123</valence><danceability>0.760438</danceability></audio_summary><title>Mujer Animal (Dueto Con Rubén Blades)</title></song><song><artist_id>ARW70HR1187B9A358C</artist_id><artist_name>Aleks Syntek</artist_name><id>SOMEMZJ144C92CAAD3</id><audio_summary><key>9</key><analysis_url>http://echonest-analysis.s3.amazonaws.com/TR/i1I8RQw3_YEYC62nwnXPLObWcT0apZTXlNeTSR/3/full.json?AWSAccessKeyId=AKIAJRDFEY23UEVW42BQ&amp;Expires=1415343102&amp;Signature=zzucoGLLI18YCQpR/Vx1jul0rE4%3D</analysis_url><energy>0.699663</energy><liveness>0.105959</liveness><tempo>126.982</tempo><speechiness>0.092017</speechiness><acousticness>0.00237</acousticness><instrumentalness>0.0</instrumentalness><mode>1</mode><time_signature>4</time_signature><duration>241.12757</duration><loudness>-8.762</loudness><audio_md5 /><valence>0.237055</valence><danceability>0.623469</danceability></audio_summary><title>Solo el Amor Nos Salvara</title></song><song><artist_id>ARW70HR1187B9A358C</artist_id><artist_name>Aleks Syntek</artist_name><id>SONCPEI12A8C139ABD</id><audio_summary><key>7</key><analysis_url>http://echonest-analysis.s3.amazonaws.com/TR/Rf_Frg1XQgDmSn4nCMuXv2y5_ygAyzy341_-FJQRIKw9ynUpfH5SGBf1BnvDmZVdMYLJO6mf727QjtxJw%3D/3/full.json?AWSAccessKeyId=AKIAJRDFEY23UEVW42BQ&amp;Expires=1415343102&amp;Signature=qhiCybIj8bIunK/DkXNRVcSQASw%3D</analysis_url><energy>0.646555</energy><liveness>0.390327</liveness><tempo>169.949</tempo><speechiness>0.033836</speechiness><acousticness>0.455059</acousticness><instrumentalness>0.0</instrumentalness><mode>1</mode><time_signature>4</time_signature><duration>245.14621</duration><loudness>-5.6</loudness><audio_md5>5c75c61cb805b8ff347d91927832e1a3</audio_md5><valence>0.319466</valence><danceability>0.400119</danceability></audio_summary><title>Entra</title></song><song><artist_id>ARW70HR1187B9A358C</artist_id><artist_name>Aleks Syntek</artist_name><id>SOAGVQG13E6BD6C7A3</id><audio_summary><key>1</key><analysis_url>http://echonest-analysis.s3.amazonaws.com/TR/G5IhgwNqFEvs3RtNNnv0qaWJjKxkpdHrZ8SRPW-gWe4vVnP4WOnd9XoXUDXUv7p6TvPIWroIF1tA1Kqro%3D/3/full.json?AWSAccessKeyId=AKIAJRDFEY23UEVW42BQ&amp;Expires=1415343102&amp;Signature=FL1D7aQPCZU3lGZaNU99wK9pz3E%3D</analysis_url><energy>0.950923</energy><liveness>0.116536</liveness><tempo>165.043</tempo><speechiness>0.047273</speechiness><acousticness>0.018506</acousticness><instrumentalness>0.000473</instrumentalness><mode>1</mode><time_signature>3</time_signature><duration>252.85288</duration><loudness>-5.02</loudness><audio_md5 /><valence>0.934094</valence><danceability>0.4635</danceability></audio_summary><title>Déjate Amar</title></song><song><artist_id>ARW70HR1187B9A358C</artist_id><artist_name>Aleks Syntek</artist_name><id>SOFBHRH13CF6CAE32D</id><audio_summary><key>1</key><analysis_url>http://echonest-analysis.s3.amazonaws.com/TR/uDeOrwXyK4wSMWC3zbxrPTk-Zeuk6vRYF-5S-S/3/full.json?AWSAccessKeyId=AKIAJRDFEY23UEVW42BQ&amp;Expires=1415343102&amp;Signature=dX0nZqJv06UbsL7x5uavBZCsGhc%3D</analysis_url><energy>0.942236</energy><liveness>0.123797</liveness><tempo>82.52</tempo><speechiness>0.045922</speechiness><acousticness>0.018545</acousticness><instrumentalness>0.000237</instrumentalness><mode>1</mode><time_signature>3</time_signature><duration>253.05061</duration><loudness>-5.871</loudness><audio_md5 /><valence>0.934305</valence><danceability>0.493283</danceability></audio_summary><title>Déjate Amar</title></song><song><artist_id>ARW70HR1187B9A358C</artist_id><artist_name>Aleks Syntek</artist_name><id>SOJULRL12A81C21582</id><audio_summary><key>8</key><analysis_url>http://echonest-analysis.s3.amazonaws.com/TR/P5SbAQZspe7eyj4R1WnkFZxfL63LrNMXx_iRZ-cWXmTCWDk0nXNbKD-Xx4FyTP-UwYX--8LnNzllmaRoQ%3D/3/full.json?AWSAccessKeyId=AKIAJRDFEY23UEVW42BQ&amp;Expires=1415343102&amp;Signature=eoiqbItME3SKTnwrFRwoW74218A%3D</analysis_url><energy>0.894883</energy><liveness>0.567614</liveness><tempo>112.026</tempo><speechiness>0.043583</speechiness><acousticness>0.17498</acousticness><instrumentalness>7.2e-05</instrumentalness><mode>1</mode><time_signature>4</time_signature><duration>286.86621</duration><loudness>-8.322</loudness><audio_md5 /><valence>0.557889</valence><danceability>0.685367</danceability></audio_summary><title>Un Héroe Real (Live)</title></song><song><artist_id>ARW70HR1187B9A358C</artist_id><artist_name>Aleks Syntek</artist_name><id>SOUPXJJ12AB01862F3</id><audio_summary><key>10</key><analysis_url>http://echonest-analysis.s3.amazonaws.com/TR/XWkAfQ7utRNcPdQBl6PM2n3ICcNmxJr0zkHgVGiyuSK0MDYMnXmbf85j767Wo2tfgLA4rQux4VUAd3mPs%3D/3/full.json?AWSAccessKeyId=AKIAJRDFEY23UEVW42BQ&amp;Expires=1415343102&amp;Signature=MXDXwnnVIbSm9gQmE/rXclFC72o%3D</analysis_url><energy>0.964618</energy><liveness>0.500843</liveness><tempo>179.691</tempo><speechiness>0.060459</speechiness><acousticness>0.029945</acousticness><instrumentalness>0.000154</instrumentalness><mode>1</mode><time_signature>4</time_signature><duration>240.04195</duration><loudness>-6.463</loudness><audio_md5 /><valence>0.307262</valence><danceability>0.257802</danceability></audio_summary><title>Sin Ti (Live Auditorio Nacional 08)</title></song><song><artist_id>ARW70HR1187B9A358C</artist_id><artist_name>Aleks Syntek</artist_name><id>SOYTLFM12A8C135402</id><audio_summary><key>10</key><analysis_url>http://echonest-analysis.s3.amazonaws.com/TR/qcQAGQTYsOlBWQLJK6LhdoEuy4xGFRkhxb2m1JxdNjQ1mrkZ2MK6cEKH7diSK0a98lkyq_afIJsKKzQlY%3D/3/full.json?AWSAccessKeyId=AKIAJRDFEY23UEVW42BQ&amp;Expires=1415343102&amp;Signature=Z6atbHeEn9b23ObQ1GbLTHY4FGI%3D</analysis_url><energy>0.890871</energy><liveness>0.659587</liveness><tempo>150.093</tempo><speechiness>0.045791</speechiness><acousticness>0.312153</acousticness><instrumentalness>0.0</instrumentalness><mode>1</mode><time_signature>4</time_signature><duration>220.06154</duration><loudness>-4.269</loudness><audio_md5 /><valence>0.487924</valence><danceability>0.492505</danceability></audio_summary><title>Hasta El Fin Del Mundo (Versión Acústica)</title></song><song><artist_id>ARW70HR1187B9A358C</artist_id><artist_name>Aleks Syntek</artist_name><id>SOZARYW12A8C139ABF</id><audio_summary><key>7</key><analysis_url>http://echonest-analysis.s3.amazonaws.com/TR/PbWegwQ50tRoHXN8pY1dY3qNqvGIHUr5RQWvqr42HZhGupw07bozJ1X35UHxr7qD6myVCIDAzeKQFKVQ4%3D/3/full.json?AWSAccessKeyId=AKIAJRDFEY23UEVW42BQ&amp;Expires=1415343102&amp;Signature=fbTBUheoEckmGIQXydwmwzEDElI%3D</analysis_url><energy>0.426483</energy><liveness>0.141142</liveness><tempo>155.932</tempo><speechiness>0.027978</speechiness><acousticness>0.939379</acousticness><instrumentalness>0.733056</instrumentalness><mode>1</mode><time_signature>4</time_signature><duration>258.70422</duration><loudness>-8.822</loudness><audio_md5>9a226190f6d3d6d449c5b09a0db2c844</audio_md5><valence>0.414799</valence><danceability>0.527664</danceability></audio_summary><title>Lección De Vuelo</title></song><song><artist_id>ARW70HR1187B9A358C</artist_id><artist_name>Aleks Syntek</artist_name><id>SOTTDEE13577A2542A</id><audio_summary><key>7</key><analysis_url>http://echonest-analysis.s3.amazonaws.com/TR/uFJe7QOZwnbJB8ryb-kuQhn_m7K8y5Q6SYQleY7KHRZo9yGGMzLeYvl-su5y-zaS9smQnhv3xpynCUYCQ%3D/3/full.json?AWSAccessKeyId=AKIAJRDFEY23UEVW42BQ&amp;Expires=1415343102&amp;Signature=FQIT%2BtbCXL6ahfyBiJSXgFTxgVw%3D</analysis_url><energy>0.929901</energy><liveness>0.417059</liveness><tempo>135.29</tempo><speechiness>0.059922</speechiness><acousticness>0.006739</acousticness><instrumentalness>6e-06</instrumentalness><mode>1</mode><time_signature>4</time_signature><duration>185.92834</duration><loudness>-4.662</loudness><audio_md5 /><valence>0.851768</valence><danceability>0.648506</danceability></audio_summary><title>Unos Quieren Subir (Live Auditorio Nacional 08)</title></song><song><artist_id>ARW70HR1187B9A358C</artist_id><artist_name>Aleks Syntek</artist_name><id>SOAKIFO13CF1787FBE</id><audio_summary><key>10</key><analysis_url>http://echonest-analysis.s3.amazonaws.com/TR/6QldqAmk6u45n1Yud8pdaGc6WaoH53JUOEA2BNYXhJkYDMfvh-_isvuozkhacj1enSMDvolRbNw741mx4%3D/3/full.json?AWSAccessKeyId=AKIAJRDFEY23UEVW42BQ&amp;Expires=1415343102&amp;Signature=H/waCEWDsahJ0V01GF4S2z0caz0%3D</analysis_url><energy>0.575704</energy><liveness>0.16579</liveness><tempo>147.911</tempo><speechiness>0.027841</speechiness><acousticness>0.324385</acousticness><instrumentalness>0.0</instrumentalness><mode>1</mode><time_signature>4</time_signature><duration>249.51955</duration><loudness>-7.13</loudness><audio_md5 /><valence>0.42151</valence><danceability>0.549205</danceability></audio_summary><title>La Despedida</title></song><song><artist_id>ARW70HR1187B9A358C</artist_id><artist_name>Aleks Syntek</artist_name><id>SOLCYMK12A58A785B1</id><audio_summary><key>0</key><analysis_url>http://echonest-analysis.s3.amazonaws.com/TR/gzedrA4lgOYi6tgilHk9e9YTBzQSS3mo8Pxut9R7iH6I89n8_pyIdMCiFlgiMzaNKzGtdgvL3Gtv8kNJg%3D/3/full.json?AWSAccessKeyId=AKIAJRDFEY23UEVW42BQ&amp;Expires=1415343102&amp;Signature=7g/NWNHKfO8G3SFJRbqE4ZkqfsQ%3D</analysis_url><energy>0.728159</energy><liveness>0.3489</liveness><tempo>114.982</tempo><speechiness>0.026297</speechiness><acousticness>0.263799</acousticness><instrumentalness>0.0</instrumentalness><mode>1</mode><time_signature>4</time_signature><duration>240.06621</duration><loudness>-5.342</loudness><audio_md5 /><valence>0.772947</valence><danceability>0.745665</danceability></audio_summary><title>Viviendo por tí (feat. Benny)</title></song><song><artist_id>ARW70HR1187B9A358C</artist_id><artist_name>Aleks Syntek</artist_name><id>SOJNQBA135CD8C7BEF</id><audio_summary><key>0</key><analysis_url>http://echonest-analysis.s3.amazonaws.com/TR/B3vGpQ_KnwsRGw4JEn0LMM0cWJIO_Jpb8mq7EiHzMOn08AnBQcbpEgAxNCKwXImHC83Nt0i6Ujh_6XBJs%3D/3/full.json?AWSAccessKeyId=AKIAJRDFEY23UEVW42BQ&amp;Expires=1415343102&amp;Signature=0H4ics5xyNCKBJ32UeeRb9A7Lf0%3D</analysis_url><energy>0.964523</energy><liveness>0.184462</liveness><tempo>111.978</tempo><speechiness>0.056804</speechiness><acousticness>0.130539</acousticness><instrumentalness>0.037263</instrumentalness><mode>0</mode><time_signature>4</time_signature><duration>265.36435</duration><loudness>-4.749</loudness><audio_md5 /><valence>0.947656</valence><danceability>0.698279</danceability></audio_summary><title>Un héroe real (Tema original para la película "Robots" versión extendida) (2008 Digital Remaster)</title></song><song><artist_id>ARW70HR1187B9A358C</artist_id><artist_name>Aleks Syntek</artist_name><id>SOLOMWH12AB01862F9</id><audio_summary><key>10</key><analysis_url>http://echonest-analysis.s3.amazonaws.com/TR/fiCdBg2OZYIY4EQKCQWVK3QIk9-6phnmdBdXW1De8DyS83Q0Ya7M3X6bDybLjQuE3H5HtBuzemju6idX4%3D/3/full.json?AWSAccessKeyId=AKIAJRDFEY23UEVW42BQ&amp;Expires=1415343102&amp;Signature=SkX%2B0HnvEo0jQPiOF3vMtlw9DPQ%3D</analysis_url><energy>0.948943</energy><liveness>0.952924</liveness><tempo>119.997</tempo><speechiness>0.074826</speechiness><acousticness>0.072563</acousticness><instrumentalness>2e-06</instrumentalness><mode>1</mode><time_signature>4</time_signature><duration>278.06023</duration><loudness>-5.066</loudness><audio_md5 /><valence>0.673146</valence><danceability>0.640436</danceability></audio_summary><title>Superficie Lunar (Live Auditorio Nacional 08)</title></song><song><artist_id>ARW70HR1187B9A358C</artist_id><artist_name>Aleks Syntek</artist_name><id>SOONLCB12AB0186303</id><audio_summary><key>0</key><analysis_url>http://echonest-analysis.s3.amazonaws.com/TR/SoOSIgRqLYxyhs24yV6Yg3_UQvLYzGaX1n2lV-J3t1GR4nPXPeRK2bRsH0ZGIgj4EHRdFtVGZvECCS2uI%3D/3/full.json?AWSAccessKeyId=AKIAJRDFEY23UEVW42BQ&amp;Expires=1415343102&amp;Signature=8udLEgSg1ol2hdxyh/4ETuMZOlw%3D</analysis_url><energy>0.952484</energy><liveness>0.906204</liveness><tempo>128.052</tempo><speechiness>0.057392</speechiness><acousticness>0.009815</acousticness><instrumentalness>0.000111</instrumentalness><mode>0</mode><time_signature>4</time_signature><duration>224.0854</duration><loudness>-5.419</loudness><audio_md5 /><valence>0.606785</valence><danceability>0.590709</danceability></audio_summary><title>In My Arms (Live Auditorio Nacional 08)</title></song><song><artist_id>ARW70HR1187B9A358C</artist_id><artist_name>Aleks Syntek</artist_name><id>SOHEOGI12AB0186321</id><audio_summary><key>8</key><analysis_url>http://echonest-analysis.s3.amazonaws.com/TR/NqFhIgCihW_Kd90FbPcgFDXnQXu2CiJPn8pjg1sq1mkfplQ-UHREidUv_To9U-MvDH7byeM3bA5ALzFUo%3D/3/full.json?AWSAccessKeyId=AKIAJRDFEY23UEVW42BQ&amp;Expires=1415343102&amp;Signature=IEg%2BOKIUJ/M9FANtS7cR2IF/hk0%3D</analysis_url><energy>0.529682</energy><liveness>0.939802</liveness><tempo>117.34</tempo><speechiness>0.02881</speechiness><acousticness>0.075825</acousticness><instrumentalness>0.0</instrumentalness><mode>1</mode><time_signature>4</time_signature><duration>229.01111</duration><loudness>-8.335</loudness><audio_md5 /><valence>0.148403</valence><danceability>0.496695</danceability></audio_summary><title>Mis Impulsos Sobre Ti (Live Auditorio Nacional 08)</title></song><song><artist_id>ARW70HR1187B9A358C</artist_id><artist_name>Aleks Syntek</artist_name><id>SOITETU12AB0186313</id><audio_summary><key>0</key><analysis_url>http://echonest-analysis.s3.amazonaws.com/TR/F0kOAgk4eDwi9YmpLFhszcQDL2yOmW51TOJVmvL0SKjbnCtbtAY0HJxUDfhT4t0vwWca1oOY-tuVQ2QgE%3D/3/full.json?AWSAccessKeyId=AKIAJRDFEY23UEVW42BQ&amp;Expires=1415343102&amp;Signature=bSCsFelKqiBlJXUtxWpk6l%2BBr8k%3D</analysis_url><energy>0.857987</energy><liveness>0.965265</liveness><tempo>114.968</tempo><speechiness>0.032485</speechiness><acousticness>0.44378</acousticness><instrumentalness>2e-06</instrumentalness><mode>0</mode><time_signature>4</time_signature><duration>327.04</duration><loudness>-6.663</loudness><audio_md5 /><valence>0.787602</valence><danceability>0.719619</danceability></audio_summary><title>Historias De Danzón Y De Arrabal (Live Auditorio Nacional 08)</title></song><song><artist_id>ARW70HR1187B9A358C</artist_id><artist_name>Aleks Syntek</artist_name><id>SOIZXIH131677151CA</id><audio_summary><key>10</key><analysis_url>http://echonest-analysis.s3.amazonaws.com/TR/WA_CAw7H8UBcaxvFfyH240IGPM7g3rTKATlUcmkoCr4VrorpGLzfp05aqWGzbr7glWNypod2GeogvPZao%3D/3/full.json?AWSAccessKeyId=AKIAJRDFEY23UEVW42BQ&amp;Expires=1415343102&amp;Signature=kN9BqWRFPlmUVsOZc2TQHcpp5XA%3D</analysis_url><energy>0.834535</energy><liveness>0.262185</liveness><tempo>104.016</tempo><speechiness>0.032574</speechiness><acousticness>0.674966</acousticness><instrumentalness>0.000153</instrumentalness><mode>1</mode><time_signature>4</time_signature><duration>232.70621</duration><loudness>-5.29</loudness><audio_md5>9d54077370ef37aea7e5040ec133e8e7</audio_md5><valence>0.834877</valence><danceability>0.785857</danceability></audio_summary><title>Sólo Buscamos</title></song><song><artist_id>ARW70HR1187B9A358C</artist_id><artist_name>Aleks Syntek</artist_name><id>SOICDLK12A8C139AC2</id><audio_summary><key>5</key><analysis_url>http://echonest-analysis.s3.amazonaws.com/TR/QPD1rwBcEwt7UPSzPTITohyQ09Ar20jHr_oxW6niiurYDjAbwbCBzoIyG_X9frFFtbsyyQfZLSq22YVIg%3D/3/full.json?AWSAccessKeyId=AKIAJRDFEY23UEVW42BQ&amp;Expires=1415343102&amp;Signature=QA8kIrTZ2Y76OL4wDeMDwetFXzQ%3D</analysis_url><energy>0.834895</energy><liveness>0.174186</liveness><tempo>102.483</tempo><speechiness>0.026477</speechiness><acousticness>0.287999</acousticness><instrumentalness>0.004326</instrumentalness><mode>1</mode><time_signature>4</time_signature><duration>254.54163</duration><loudness>-6.756</loudness><audio_md5 /><valence>0.807784</valence><danceability>0.621065</danceability></audio_summary><title>Viaje Al Centro De Mi Ser</title></song><song><artist_id>ARW70HR1187B9A358C</artist_id><artist_name>Aleks Syntek</artist_name><id>SOIXKDK12AB018630F</id><audio_summary><key>5</key><analysis_url>http://echonest-analysis.s3.amazonaws.com/TR/cAMFUwFLMi78nXwLBCNtoelK9ZBTOkZFLdJs341N0LSyyLHUvWhQOpIEY_yeDk9GVith6Mb8rlxmMMG0s%3D/3/full.json?AWSAccessKeyId=AKIAJRDFEY23UEVW42BQ&amp;Expires=1415343102&amp;Signature=YJMPDuYphloYMuA7S0W3wvBXNM8%3D</analysis_url><energy>0.931139</energy><liveness>0.974559</liveness><tempo>104.993</tempo><speechiness>0.041872</speechiness><acousticness>0.168503</acousticness><instrumentalness>0.0</instrumentalness><mode>0</mode><time_signature>4</time_signature><duration>240.04195</duration><loudness>-5.31</loudness><audio_md5 /><valence>0.836012</valence><danceability>0.661795</danceability></audio_summary><title>La Doña Muerte (Live Auditorio Nacional 08)</title></song><song><artist_id>ARW70HR1187B9A358C</artist_id><artist_name>Aleks Syntek</artist_name><id>SODBAOM13167716327</id><audio_summary><key>0</key><analysis_url>http://echonest-analysis.s3.amazonaws.com/TR/zesWqgArFP_9zaWvsPkblUdomhX7QFQc05QAOh1MKl6AcuJwwR6w8fMWb45LYtyRhcGnaKXPSZFFXA6AE%3D/3/full.json?AWSAccessKeyId=AKIAJRDFEY23UEVW42BQ&amp;Expires=1415343102&amp;Signature=SXEGM7WKj7A887EDtEugnxb1RCc%3D</analysis_url><energy>0.838945</energy><liveness>0.108456</liveness><tempo>112.035</tempo><speechiness>0.057943</speechiness><acousticness>0.073614</acousticness><instrumentalness>0.047158</instrumentalness><mode>0</mode><time_signature>4</time_signature><duration>388.39955</duration><loudness>-5.713</loudness><audio_md5 /><valence>0.876604</valence><danceability>0.757492</danceability></audio_summary><title>Un héroe real (Tema original para la película "Robots" versión extendida)</title></song><song><artist_id>ARW70HR1187B9A358C</artist_id><artist_name>Aleks Syntek</artist_name><id>SOEFEPA13167715024</id><audio_summary><key>4</key><analysis_url>http://echonest-analysis.s3.amazonaws.com/TR/uwiIrQzbtVkxXnENwQjfbq7WL7dKYyGf8Qu0ooGy6fYUenlDpNkL4tOOhO5J8zuscp6yl_g1fiHlKxFBA%3D/3/full.json?AWSAccessKeyId=AKIAJRDFEY23UEVW42BQ&amp;Expires=1415343102&amp;Signature=5vvQc6ONwdtgZf59zCBUv0Ps9FI%3D</analysis_url><energy>0.526567</energy><liveness>0.183072</liveness><tempo>120.039</tempo><speechiness>0.031374</speechiness><acousticness>0.777865</acousticness><instrumentalness>0.0</instrumentalness><mode>0</mode><time_signature>4</time_signature><duration>137.46621</duration><loudness>-7.069</loudness><audio_md5 /><valence>0.764698</valence><danceability>0.767824</danceability></audio_summary><title>Nuestro Jardín (Encantado)</title></song><song><artist_id>ARW70HR1187B9A358C</artist_id><artist_name>Aleks Syntek</artist_name><id>SOBKVYF12AF72A5442</id><audio_summary><key>6</key><analysis_url>http://echonest-analysis.s3.amazonaws.com/TR/QAbBHgC_tL5wOlh22qCf1Pfrnrpsgq_NRgynvK8m7blTV-xsaneDSCaCg4UBJOEB1rOo6fADelsRM3Bwc%3D/3/full.json?AWSAccessKeyId=AKIAJRDFEY23UEVW42BQ&amp;Expires=1415343102&amp;Signature=1rhGTeqXju5z/cEolhU9OJ0zirA%3D</analysis_url><energy>0.890777</energy><liveness>0.049939</liveness><tempo>99.167</tempo><speechiness>0.040148</speechiness><acousticness>0.161892</acousticness><instrumentalness>0.003197</instrumentalness><mode>1</mode><time_signature>4</time_signature><duration>244.83955</duration><loudness>-7.972</loudness><audio_md5 /><valence>0.903366</valence><danceability>0.580322</danceability></audio_summary><title>Los Hijos Del Fin Del Milenio (2002 Digital Remaster)</title></song><song><artist_id>ARW70HR1187B9A358C</artist_id><artist_name>Aleks Syntek</artist_name><id>SODQAEW12AB0186307</id><audio_summary><key>9</key><analysis_url>http://echonest-analysis.s3.amazonaws.com/TR/oTk_5Q4nptLXir_jcApSlme_-Qvc-jOBl_pGs2gA1wgzLfovl0ygcYW8hcT6ypYsFSCNQafVGfkoGaHUk%3D/3/full.json?AWSAccessKeyId=AKIAJRDFEY23UEVW42BQ&amp;Expires=1415343102&amp;Signature=vwvTGjZTUR9N18hl3CET6u5p36M%3D</analysis_url><energy>0.928862</energy><liveness>0.842712</liveness><tempo>99.91</tempo><speechiness>0.077067</speechiness><acousticness>0.103616</acousticness><instrumentalness>0.000114</instrumentalness><mode>0</mode><time_signature>4</time_signature><duration>142.01306</duration><loudness>-6.326</loudness><audio_md5 /><valence>0.31094</valence><danceability>0.443623</danceability></audio_summary><title>Familia P-luche (Live Auditorio Nacional 08)</title></song><song><artist_id>ARW70HR1187B9A358C</artist_id><artist_name>Aleks Syntek</artist_name><id>SOBMAPE12A8C133B2C</id><audio_summary><key>1</key><analysis_url>http://echonest-analysis.s3.amazonaws.com/TR/LisVSA6sJai6pakZ8X_QjRBEOSG-U1oE5mr0hD/3/full.json?AWSAccessKeyId=AKIAJRDFEY23UEVW42BQ&amp;Expires=1415343102&amp;Signature=rdTeaiemUbrhYs4mXxsns72%2BxmE%3D</analysis_url><energy>0.989955</energy><liveness>0.357735</liveness><tempo>105.662</tempo><speechiness>0.121551</speechiness><acousticness>0.066209</acousticness><instrumentalness>0.000682</instrumentalness><mode>1</mode><time_signature>4</time_signature><duration>194.36517</duration><loudness>-3.062</loudness><audio_md5 /><valence>0.419275</valence><danceability>0.606684</danceability></audio_summary><title>Hey Tu (1990 Digital Remaster)</title></song><song><artist_id>ARW70HR1187B9A358C</artist_id><artist_name>Aleks Syntek</artist_name><id>SODLPUG13167716372</id><audio_summary><key>8</key><analysis_url>http://echonest-analysis.s3.amazonaws.com/TR/aNJ62g-spa2WUS8NoDfZvMuClNay9Zw6bGmgfq1cE334dej6BZrloQLd0Mn_2L6iVktBtD1oOhWP0NR5g%3D/3/full.json?AWSAccessKeyId=AKIAJRDFEY23UEVW42BQ&amp;Expires=1415343102&amp;Signature=fGj2RKDWSQoK9WCvduo8fdR0XXs%3D</analysis_url><energy>0.9942</energy><liveness>0.074213</liveness><tempo>132.727</tempo><speechiness>0.057795</speechiness><acousticness>0.09181</acousticness><instrumentalness>0.001726</instrumentalness><mode>0</mode><time_signature>4</time_signature><duration>183.56957</duration><loudness>-3.754</loudness><audio_md5 /><valence>0.832434</valence><danceability>0.610297</danceability></audio_summary><title>Mecanismos Activados (2008 Digital Remaster)</title></song><song><artist_id>ARW70HR1187B9A358C</artist_id><artist_name>Aleks Syntek</artist_name><id>SOEZFOK12AB018631C</id><audio_summary><key>2</key><analysis_url>http://echonest-analysis.s3.amazonaws.com/TR/nMSsSwiHFc-7uW1mfB4WK19keVtbPyxKS1j18HlLr9UeKEvdsdec0P_TzzUmZzgOOUT4j9myfUnCueMAw%3D/3/full.json?AWSAccessKeyId=AKIAJRDFEY23UEVW42BQ&amp;Expires=1415343102&amp;Signature=36qpBJ1jMrvK7mHF0q73wALvt3M%3D</analysis_url><energy>0.54522</energy><liveness>0.983605</liveness><tempo>121.417</tempo><speechiness>0.032391</speechiness><acousticness>0.552429</acousticness><instrumentalness>2e-06</instrumentalness><mode>1</mode><time_signature>4</time_signature><duration>325.1668</duration><loudness>-8.169</loudness><audio_md5 /><valence>0.206608</valence><danceability>0.502092</danceability></audio_summary><title>La Fe De Antes (Live Auditorio Nacional 08)</title></song><song><artist_id>ARW70HR1187B9A358C</artist_id><artist_name>Aleks Syntek</artist_name><id>SOCEBLO12AB018633A</id><audio_summary><key>9</key><analysis_url>http://echonest-analysis.s3.amazonaws.com/TR/rAgNUgQcZKPvkS0lnExH9oXwmAFdnhBQL3_wmzwLV26I2LFvxIpPwL6iQrdL5IWfcWTx_XdCNgXVLcdDE%3D/3/full.json?AWSAccessKeyId=AKIAJRDFEY23UEVW42BQ&amp;Expires=1415343102&amp;Signature=sabZ6G64Tm%2B0LsAiKUsG7jbmch0%3D</analysis_url><energy>0.948931</energy><liveness>0.757654</liveness><tempo>88.029</tempo><speechiness>0.044747</speechiness><acousticness>0.001416</acousticness><instrumentalness>4.8e-05</instrumentalness><mode>1</mode><time_signature>4</time_signature><duration>270.01256</duration><loudness>-5.749</loudness><audio_md5 /><valence>0.52307</valence><danceability>0.492849</danceability></audio_summary><title>Más Fuerte De Lo Que Pensaba (Live Auditorio Nacional 08)</title></song><song><artist_id>ARW70HR1187B9A358C</artist_id><artist_name>Aleks Syntek</artist_name><id>SOCGYAQ12A8C136627</id><audio_summary><key>8</key><analysis_url>http://echonest-analysis.s3.amazonaws.com/TR/_1C1qwIlFOJyTIxjBwW1jYlfN-heTm1vEwgSrzoKfinAeHXi8KoHWk6EjgtMRXdJHMKxd4tmKLHaY6xjY%3D/3/full.json?AWSAccessKeyId=AKIAJRDFEY23UEVW42BQ&amp;Expires=1415343102&amp;Signature=nIah8KUKLHDnNxDJrdskZ6%2B2j7s%3D</analysis_url><energy>0.962838</energy><liveness>0.335157</liveness><tempo>94.952</tempo><speechiness>0.065317</speechiness><acousticness>0.182584</acousticness><instrumentalness>1.9e-05</instrumentalness><mode>1</mode><time_signature>4</time_signature><duration>178.63955</duration><loudness>-4.882</loudness><audio_md5 /><valence>0.929062</valence><danceability>0.708538</danceability></audio_summary><title>La Fiesta</title></song><song><artist_id>ARW70HR1187B9A358C</artist_id><artist_name>Aleks Syntek</artist_name><id>SOFHRVI12AB0186F02</id><audio_summary><key>9</key><analysis_url>http://echonest-analysis.s3.amazonaws.com/TR/livMzgPPsScohP3J-r29MDt6lc4BsQZ0ELeAoRsxL5XpMN0Wqtov_S3CLugMo3bmZOhr1RJrh5VlCcd_g%3D/3/full.json?AWSAccessKeyId=AKIAJRDFEY23UEVW42BQ&amp;Expires=1415343102&amp;Signature=76Mk4tF2B5uHsWlBDeoG%2B2H/GbU%3D</analysis_url><energy>0.869407</energy><liveness>0.12188</liveness><tempo>96.021</tempo><speechiness>0.046007</speechiness><acousticness>0.226592</acousticness><instrumentalness>0.000154</instrumentalness><mode>1</mode><time_signature>4</time_signature><duration>253.57034</duration><loudness>-4.677</loudness><audio_md5 /><valence>0.973215</valence><danceability>0.721602</danceability></audio_summary><title>Un Mundo Maravilloso (2008 Digital Remaster)</title></song><song><artist_id>ARW70HR1187B9A358C</artist_id><artist_name>Aleks Syntek</artist_name><id>SOSSHVW136A3DDCE01</id><audio_summary><key>0</key><analysis_url>http://echonest-analysis.s3.amazonaws.com/TR/Y2FsaAv3AxK2wUHiaygBJqGOKSbCLzMJlAQUoe27mx0G3jIYdF_NjsaGh9hg4wjOa1HBpoXLxwwf-xzCk%3D/3/full.json?AWSAccessKeyId=AKIAJRDFEY23UEVW42BQ&amp;Expires=1415343102&amp;Signature=bCocHuMkTXmqAUId0CXZQ0oxM8g%3D</analysis_url><energy>0.733523</energy><liveness>0.45779</liveness><tempo>114.998</tempo><speechiness>0.028982</speechiness><acousticness>0.427351</acousticness><instrumentalness>0.000381</instrumentalness><mode>0</mode><time_signature>4</time_signature><duration>326.83184</duration><loudness>-7.398</loudness><audio_md5 /><valence>0.978311</valence><danceability>0.762505</danceability></audio_summary><title>Historias De Danzón Y De Arrabal (Radio Edit)</title></song><song><artist_id>ARW70HR1187B9A358C</artist_id><artist_name>Aleks Syntek</artist_name><id>SOQQCRD12A8C13424B</id><audio_summary><key>0</key><analysis_url>http://echonest-analysis.s3.amazonaws.com/TR/QOTt6AVHQxM1Rr8-T0YhN7gTexxXl-iqxQtMKY0vjXwaiXwk5-hBC3rz82k0FLRjNZhKi2j9G3xf8DyLY%3D/3/full.json?AWSAccessKeyId=AKIAJRDFEY23UEVW42BQ&amp;Expires=1415343102&amp;Signature=PWtTgRrrYgM7VWnbB0VcipSa65g%3D</analysis_url><energy>0.815589</energy><liveness>0.07783</liveness><tempo>132.24</tempo><speechiness>0.03481</speechiness><acousticness>0.25956</acousticness><instrumentalness>9e-05</instrumentalness><mode>1</mode><time_signature>4</time_signature><duration>242.85288</duration><loudness>-4.733</loudness><audio_md5 /><valence>0.911939</valence><danceability>0.715963</danceability></audio_summary><title>Yo No Quiero Un Hermanito</title></song><song><artist_id>ARW70HR1187B9A358C</artist_id><artist_name>Aleks Syntek</artist_name><id>SOHWTHY12A58A79878</id><audio_summary><key>0</key><analysis_url>http://echonest-analysis.s3.amazonaws.com/TR/c1B0hg_FJ_SvjgXgaZUfYxNV_dxrLxrUE0hZIWJaei-bkSFchE0KNwiGc8Ccuh5zpSFFekgdiepu6YJjY%3D/3/full.json?AWSAccessKeyId=AKIAJRDFEY23UEVW42BQ&amp;Expires=1415343102&amp;Signature=6EPw1XGJ3hgTJpo5V6mrmvMnZJI%3D</analysis_url><energy>0.667305</energy><liveness>0.100489</liveness><tempo>84.014</tempo><speechiness>0.039317</speechiness><acousticness>0.030735</acousticness><instrumentalness>0.00014</instrumentalness><mode>1</mode><time_signature>4</time_signature><duration>241.49288</duration><loudness>-6.596</loudness><audio_md5 /><valence>0.354985</valence><danceability>0.674677</danceability></audio_summary><title>Una Ventana Del Cielo (2002 Digital Remaster)</title></song><song><artist_id>ARW70HR1187B9A358C</artist_id><artist_name>Aleks Syntek</artist_name><id>SOJAGWP13CF17B3A5E</id><audio_summary><key>7</key><analysis_url>http://echonest-analysis.s3.amazonaws.com/TR/o6GCvAB44yOgRhQNIchZMFRX_WKnv7zK-Axr703H5Wv4_kZL3ebB5QIod8gOwHMWPyx_urcAR8yY_OkEs%3D/3/full.json?AWSAccessKeyId=AKIAJRDFEY23UEVW42BQ&amp;Expires=1415343102&amp;Signature=XUI04gxluufxLWzWI8N0f4mXVQU%3D</analysis_url><energy>0.452162</energy><liveness>0.11118</liveness><tempo>73.944</tempo><speechiness>0.032817</speechiness><acousticness>0.838934</acousticness><instrumentalness>0.0</instrumentalness><mode>0</mode><time_signature>4</time_signature><duration>227.99955</duration><loudness>-6.339</loudness><audio_md5 /><valence>0.112613</valence><danceability>0.476675</danceability></audio_summary><title>La Despedida</title></song><song><artist_id>ARW70HR1187B9A358C</artist_id><artist_name>Aleks Syntek</artist_name><id>SOJOJGZ12AB0186316</id><audio_summary><key>4</key><analysis_url>http://echonest-analysis.s3.amazonaws.com/TR/5uqCcAT1Mn_9UV99zK3uItTKUS98OfXdJT8chOLrIc5Pt_28bi4gVTb3rP4KTJUSA_IvsbOx_oKhAc5qk%3D/3/full.json?AWSAccessKeyId=AKIAJRDFEY23UEVW42BQ&amp;Expires=1415343102&amp;Signature=YgKeG7S1/cutL5ZaVTn7Z0FF4FI%3D</analysis_url><energy>0.972196</energy><liveness>0.74358</liveness><tempo>147.917</tempo><speechiness>0.084236</speechiness><acousticness>0.016365</acousticness><instrumentalness>0.0</instrumentalness><mode>1</mode><time_signature>4</time_signature><duration>214.99705</duration><loudness>-4.762</loudness><audio_md5 /><valence>0.491819</valence><danceability>0.475703</danceability></audio_summary><title>Lindas Criaturitas (Live Auditorio Nacional 08)</title></song><song><artist_id>ARW70HR1187B9A358C</artist_id><artist_name>Aleks Syntek</artist_name><id>SOJBBQE131677151E9</id><audio_summary><key>9</key><analysis_url>http://echonest-analysis.s3.amazonaws.com/TR/kT6M-ADUeqMvPkkc6SzS9dsDSzw_yVt86PZxbJ/3/full.json?AWSAccessKeyId=AKIAJRDFEY23UEVW42BQ&amp;Expires=1415343102&amp;Signature=wWmB87oBe9QFFSEFd8A1GSkTwhQ%3D</analysis_url><energy>0.741873</energy><liveness>0.080893</liveness><tempo>114.939</tempo><speechiness>0.034254</speechiness><acousticness>0.056289</acousticness><instrumentalness>2e-06</instrumentalness><mode>0</mode><time_signature>4</time_signature><duration>236.89252</duration><loudness>-5.549</loudness><audio_md5>b7f2619d6df1ce28be9b2dbad11ec3b6</audio_md5><valence>0.895292</valence><danceability>0.725314</danceability></audio_summary><title>Ángel De Luz</title></song><song><artist_id>ARW70HR1187B9A358C</artist_id><artist_name>Aleks Syntek</artist_name><id>SOFZQJH13167715DB5</id><audio_summary><key>9</key><analysis_url>http://echonest-analysis.s3.amazonaws.com/TR/sc49eAP1xANFHifZlD-pmbFHvlmFEHbJMu_mrwRakTQuBg3zaspmAnbF4C9F62jae656lb0kQBAgFyRNk%3D/3/full.json?AWSAccessKeyId=AKIAJRDFEY23UEVW42BQ&amp;Expires=1415343102&amp;Signature=fXEQoQCR9UBcT37DJPbXosmHFlE%3D</analysis_url><energy>0.291406</energy><liveness>0.172383</liveness><tempo>129.793</tempo><speechiness>0.03072</speechiness><acousticness>0.904398</acousticness><instrumentalness>0.0</instrumentalness><mode>1</mode><time_signature>4</time_signature><duration>226.34621</duration><loudness>-8.604</loudness><audio_md5>77ba9e0045ffa1996ecfdb7a00000570</audio_md5><valence>0.128883</valence><danceability>0.490085</danceability></audio_summary><title>Te soñé (Versión clásica)</title></song><song><artist_id>ARW70HR1187B9A358C</artist_id><artist_name>Aleks Syntek</artist_name><id>SOMFEZG13E990502F3</id><audio_summary><key>8</key><analysis_url>http://echonest-analysis.s3.amazonaws.com/TR/kd16qgNtQuxjs2YjyCx6NdB69ejTn_3IqENICY8WtHnxwaAE5ZkWy7uN7t8kwnzj9epRZoru28hgLJPcQ%3D/3/full.json?AWSAccessKeyId=AKIAJRDFEY23UEVW42BQ&amp;Expires=1415343102&amp;Signature=7TMsbn2xfHkPHcqxose/urJN00Y%3D</analysis_url><energy>0.806633</energy><liveness>0.081834</liveness><tempo>109.946</tempo><speechiness>0.029762</speechiness><acousticness>0.130727</acousticness><instrumentalness>0.012702</instrumentalness><mode>1</mode><time_signature>5</time_signature><duration>243.02512</duration><loudness>-7.303</loudness><audio_md5>122b7c6db37191df5f6173ede0a9d3da</audio_md5><valence>0.89932</valence><danceability>0.63062</danceability></audio_summary><title>Mamá Naturaleza</title></song><song><artist_id>ARW70HR1187B9A358C</artist_id><artist_name>Aleks Syntek</artist_name><id>SOHGAKO12AB0186EFB</id><audio_summary><key>2</key><analysis_url>http://echonest-analysis.s3.amazonaws.com/TR/K9wvuQAwo5JmLzSf_fxEs_dn3uGmToUEc3-t6KaucrZ2pbhVvYRFhs3M8_gu_PKORvCvFY_T73As6b93o%3D/3/full.json?AWSAccessKeyId=AKIAJRDFEY23UEVW42BQ&amp;Expires=1415343102&amp;Signature=0gJtfSk6X5cU6Airf/TyabtPsBY%3D</analysis_url><energy>0.926138</energy><liveness>0.250464</liveness><tempo>189.928</tempo><speechiness>0.079033</speechiness><acousticness>0.035749</acousticness><instrumentalness>2.8e-05</instrumentalness><mode>1</mode><time_signature>4</time_signature><duration>295.26558</duration><loudness>-4.649</loudness><audio_md5 /><valence>0.960017</valence><danceability>0.545456</danceability></audio_summary><title>Oh! Que Gusto De Volverte A Ver (2008 Digital Remaster)</title></song><song><artist_id>ARW70HR1187B9A358C</artist_id><artist_name>Aleks Syntek</artist_name><id>SOXVPVI136EE456ECE</id><audio_summary><key>7</key><analysis_url>http://echonest-analysis.s3.amazonaws.com/TR/Mxld5AOO7qw2nJXEIkWQU6dYh4CA7p3uyJSp1Ih7cqXlu1KzG-Pmu_0Bi_fVShG5buXpnKBv9oYOcDgHg%3D/3/full.json?AWSAccessKeyId=AKIAJRDFEY23UEVW42BQ&amp;Expires=1415343102&amp;Signature=Q4ihx/pAsZujXU0dojEoUxgog1g%3D</analysis_url><energy>0.851878</energy><liveness>0.047961</liveness><tempo>106.697</tempo><speechiness>0.034564</speechiness><acousticness>0.372172</acousticness><instrumentalness>0.00055</instrumentalness><mode>1</mode><time_signature>4</time_signature><duration>299.10621</duration><loudness>-6.846</loudness><audio_md5>0131fc8224fedea9c1c5d77cc3838899</audio_md5><valence>0.411757</valence><danceability>0.576379</danceability></audio_summary><title>Bienvenido A La Vida (1995 Digital Remaster)</title></song><song><artist_id>ARW70HR1187B9A358C</artist_id><artist_name>Aleks Syntek</artist_name><id>SOEJIPP12A6D4F7F10</id><audio_summary><key>1</key><analysis_url>http://echonest-analysis.s3.amazonaws.com/TR/WoSJPQ8IiHWdByk91Sfw5MwQ2BS6OVAwOkZlLZ5VCm_YxiqmUM45tMoFnXoBxj_cpC9LDtut8X-XVErWE%3D/3/full.json?AWSAccessKeyId=AKIAJRDFEY23UEVW42BQ&amp;Expires=1415343102&amp;Signature=10TOtGK1i7qrFIzwQJy%2BDW06gRE%3D</analysis_url><energy>0.733853</energy><liveness>0.161162</liveness><tempo>128.023</tempo><speechiness>0.0699</speechiness><acousticness>8.1e-05</acousticness><instrumentalness>0.770285</instrumentalness><mode>1</mode><time_signature>4</time_signature><duration>424.62621</duration><loudness>-9.642</loudness><audio_md5 /><valence>0.760181</valence><danceability>0.822826</danceability></audio_summary><title>Sexo, Pudor Y Lágrimas (Erotic Sex Dub)</title></song><song><artist_id>ARW70HR1187B9A358C</artist_id><artist_name>Aleks Syntek</artist_name><id>SOBBQJR1468DB77722</id><audio_summary><key>11</key><analysis_url>http://echonest-analysis.s3.amazonaws.com/TR/n8LWvwzr8XHRjA1IX4AjTlBc82Hrpb8p3cpXMGjNrrdB3DqdQupXcDfjpBK2ezkIIWi5TALsoDYQpxxN8%3D/3/full.json?AWSAccessKeyId=AKIAJRDFEY23UEVW42BQ&amp;Expires=1415343102&amp;Signature=HOP2L5qrOAlvF1U9/aX9ox27Rvo%3D</analysis_url><energy>0.706864</energy><liveness>0.33279</liveness><tempo>82.982</tempo><speechiness>0.055452</speechiness><acousticness>0.311188</acousticness><instrumentalness>0.0</instrumentalness><mode>0</mode><time_signature>4</time_signature><duration>249.29288</duration><loudness>-4.259</loudness><audio_md5 /><valence>0.647673</valence><danceability>0.713536</danceability></audio_summary><title>Tu Recuerdo Divino (Versión Bodas)</title></song><song><artist_id>ARW70HR1187B9A358C</artist_id><artist_name>Aleks Syntek</artist_name><id>SOFKJHU13167715A0A</id><audio_summary><key>9</key><analysis_url>http://echonest-analysis.s3.amazonaws.com/TR/wcEtVwaGF3m8BNUXJXWAb6HdbYd-U0_dcalXHwUasyyoAeNlXLCPRXqsfeu_FBqKmPGd_rX5nznGJNN8s%3D/3/full.json?AWSAccessKeyId=AKIAJRDFEY23UEVW42BQ&amp;Expires=1415343102&amp;Signature=LImlp2zvatSGVTrkB8Ty2nxXhbg%3D</analysis_url><energy>0.751187</energy><liveness>0.68212</liveness><tempo>155.916</tempo><speechiness>0.063381</speechiness><acousticness>0.320079</acousticness><instrumentalness>1e-06</instrumentalness><mode>1</mode><time_signature>4</time_signature><duration>295.57288</duration><loudness>-8.019</loudness><audio_md5 /><valence>0.613928</valence><danceability>0.552271</danceability></audio_summary><title>Arriesgando El Corazón (Live)</title></song><song><artist_id>ARW70HR1187B9A358C</artist_id><artist_name>Aleks Syntek</artist_name><id>SOKOSRJ12A81C215B2</id><audio_summary><key>7</key><analysis_url>http://echonest-analysis.s3.amazonaws.com/TR/LL_3YALETWWmrAgTVvaVJ5uKa3nm5laoYnlTk2UzwhtLJ9KNubE5qifnMZCWSxjZBq0pn54KAHJs6PDjg%3D/3/full.json?AWSAccessKeyId=AKIAJRDFEY23UEVW42BQ&amp;Expires=1415343102&amp;Signature=aK7sYWrr7fF3GTVLBkkW8PzN9YM%3D</analysis_url><energy>0.869347</energy><liveness>0.772434</liveness><tempo>171.951</tempo><speechiness>0.149621</speechiness><acousticness>0.293417</acousticness><instrumentalness>1e-05</instrumentalness><mode>1</mode><time_signature>4</time_signature><duration>271.15955</duration><loudness>-9.396</loudness><audio_md5 /><valence>0.420229</valence><danceability>0.516738</danceability></audio_summary><title>Bendito Tu Corazón (Live)</title></song><song><artist_id>ARW70HR1187B9A358C</artist_id><artist_name>Aleks Syntek</artist_name><id>SOBVNQC12AF72A1732</id><audio_summary><key>6</key><analysis_url>http://echonest-analysis.s3.amazonaws.com/TR/tL4GgwA01PSYIozb97Hpk_qoDNrmGF52QdKtrMqzaLA0q3XsuXb_m2z-OvqFEPnSqlU6BuZrxzMOnrOGw%3D/3/full.json?AWSAccessKeyId=AKIAJRDFEY23UEVW42BQ&amp;Expires=1415343102&amp;Signature=kXRhXCdB9qHX3ejURL7eRkFkac0%3D</analysis_url><energy>0.637731</energy><liveness>0.711252</liveness><tempo>140.516</tempo><speechiness>0.032479</speechiness><acousticness>0.471783</acousticness><instrumentalness>0.0</instrumentalness><mode>0</mode><time_signature>4</time_signature><duration>256.54621</duration><loudness>-7.774</loudness><audio_md5 /><valence>0.331379</valence><danceability>0.537282</danceability></audio_summary><title>Duele El Amor (Versión Acústica)</title></song><song><artist_id>ARW70HR1187B9A358C</artist_id><artist_name>Aleks Syntek</artist_name><id>SOGARYD12A8C1353E4</id><audio_summary><key>10</key><analysis_url>http://echonest-analysis.s3.amazonaws.com/TR/GFpX0gd0z5dz6MDX2TseBOMdn249hkMRIVyO45sO4Wm3GjbSCNgK0VrSDaFgy4Zr9saLd8ulyKTAFZaic%3D/3/full.json?AWSAccessKeyId=AKIAJRDFEY23UEVW42BQ&amp;Expires=1415343102&amp;Signature=tB3VtRrGiospf8jwKI8MbSgyExQ%3D</analysis_url><energy>0.84431</energy><liveness>0.475</liveness><tempo>119.996</tempo><speechiness>0.05524</speechiness><acousticness>0.119476</acousticness><instrumentalness>0.000603</instrumentalness><mode>1</mode><time_signature>4</time_signature><duration>295.82059</duration><loudness>-5.743</loudness><audio_md5>698b70a832a746513ea8f08b936508d8</audio_md5><valence>0.705162</valence><danceability>0.663712</danceability></audio_summary><title>Superficie Lunar</title></song><song><artist_id>ARW70HR1187B9A358C</artist_id><artist_name>Aleks Syntek</artist_name><id>SOKXHOZ12A58A801E4</id><audio_summary><key>11</key><analysis_url>http://echonest-analysis.s3.amazonaws.com/TR/EIZWfgHQuDHhwtrd-n9I-wyJQ-KqodLQfP8Ap3iWlQNIX_9BkN5gm9kgNJY0Q-Aq-oL6ncv6S1MWKqI74%3D/3/full.json?AWSAccessKeyId=AKIAJRDFEY23UEVW42BQ&amp;Expires=1415343102&amp;Signature=x%2BzwVEmv36K5MhB4w8MWmjPUspk%3D</analysis_url><energy>0.983945</energy><liveness>0.077329</liveness><tempo>117.979</tempo><speechiness>0.061067</speechiness><acousticness>0.010966</acousticness><instrumentalness>0.000312</instrumentalness><mode>0</mode><time_signature>4</time_signature><duration>271.38621</duration><loudness>-4.963</loudness><audio_md5 /><valence>0.718719</valence><danceability>0.663469</danceability></audio_summary><title>La Fe De Antes (feat. Aureo Baqueiro)</title></song><song><artist_id>ARW70HR1187B9A358C</artist_id><artist_name>Aleks Syntek</artist_name><id>SORTZYW13167714B25</id><audio_summary><key>7</key><analysis_url>http://echonest-analysis.s3.amazonaws.com/TR/KldMpgdMNy0meGuLK54LaCXzJSc5jQ-YlB6sdNM0kA0uE_jds9knR7vd_ABZFNNJnir3-rhE9CvGOAYfM%3D/3/full.json?AWSAccessKeyId=AKIAJRDFEY23UEVW42BQ&amp;Expires=1415343102&amp;Signature=kLtROcnuO2i1Wes8vSEcKo%2BfMao%3D</analysis_url><energy>0.290326</energy><liveness>0.092826</liveness><tempo>119.668</tempo><speechiness>0.031171</speechiness><acousticness>0.871556</acousticness><instrumentalness>0.0</instrumentalness><mode>1</mode><time_signature>4</time_signature><duration>231.85556</duration><loudness>-8.922</loudness><audio_md5 /><valence>0.285219</valence><danceability>0.481151</danceability></audio_summary><title>Amalia</title></song><song><artist_id>ARW70HR1187B9A358C</artist_id><artist_name>Aleks Syntek</artist_name><id>SODZUHP12AF72A5D01</id><audio_summary><key>1</key><analysis_url>http://echonest-analysis.s3.amazonaws.com/TR/ddeXWQI7zsPdj7PqF6DMdWRkhLfP6LyBMwz6loyMgZx3qMv4c3p8BTdkoe_rSAZyLDYZbvKAwmkhpOCpQ%3D/3/full.json?AWSAccessKeyId=AKIAJRDFEY23UEVW42BQ&amp;Expires=1415343102&amp;Signature=IOukFk1/hpe2GHP1ix5r3NUoVBQ%3D</analysis_url><energy>0.877154</energy><liveness>0.106995</liveness><tempo>114.062</tempo><speechiness>0.032467</speechiness><acousticness>0.151908</acousticness><instrumentalness>1e-06</instrumentalness><mode>1</mode><time_signature>4</time_signature><duration>275.67955</duration><loudness>-7.382</loudness><audio_md5 /><valence>0.690487</valence><danceability>0.712944</danceability></audio_summary><title>Mis Impulsos Sobre Ti (2002 - Remaster)</title></song><song><artist_id>ARW70HR1187B9A358C</artist_id><artist_name>Aleks Syntek</artist_name><id>SOFMTUC13E8F11107F</id><audio_summary><key>1</key><analysis_url>http://echonest-analysis.s3.amazonaws.com/TR/FZAtXwFB7Zgubvey5bUaAOyFbE56Y-lIH6BtgcgbIoZcUseIqTrWy7_nBxIAL0RZXCK8-epEAsqXzRuxI%3D/3/full.json?AWSAccessKeyId=AKIAJRDFEY23UEVW42BQ&amp;Expires=1415343102&amp;Signature=Y425on3bJlWNUlE0Jtn1ky3QFME%3D</analysis_url><energy>0.879056</energy><liveness>0.157083</liveness><tempo>109.953</tempo><speechiness>0.032908</speechiness><acousticness>0.029488</acousticness><instrumentalness>0.0</instrumentalness><mode>0</mode><time_signature>4</time_signature><duration>222.81823</duration><loudness>-3.519</loudness><audio_md5>397e11b443c845e0b93bb6ae61003455</audio_md5><valence>0.829321</valence><danceability>0.691239</danceability></audio_summary><title>Sólo el Amor Nos Salvará</title></song><song><artist_id>ARW70HR1187B9A358C</artist_id><artist_name>Aleks Syntek</artist_name><id>SOAVVJM1468DB78935</id><audio_summary><key>0</key><analysis_url>http://echonest-analysis.s3.amazonaws.com/TR/kXtDzAzkQ6ToKfaXtBkIdxOrIJk_Am5zLK9b34MwAYnu42JQzIrOhbWWCVWHQnZX5WlsEYxpRNes2l108%3D/3/full.json?AWSAccessKeyId=AKIAJRDFEY23UEVW42BQ&amp;Expires=1415343102&amp;Signature=NKiABii7EmA2z3CgY4LMT/ITVkc%3D</analysis_url><energy>0.354185</energy><liveness>0.242662</liveness><tempo>139.476</tempo><speechiness>0.038381</speechiness><acousticness>0.941694</acousticness><instrumentalness>3e-06</instrumentalness><mode>1</mode><time_signature>4</time_signature><duration>232.03955</duration><loudness>-8.045</loudness><audio_md5 /><valence>0.371557</valence><danceability>0.606022</danceability></audio_summary><title>Tu Recuerdo Divino (Versión Acaramelada)</title></song><song><artist_id>ARW70HR1187B9A358C</artist_id><artist_name>Aleks Syntek</artist_name><id>SOFBLTK12A8C133B4F</id><audio_summary><key>0</key><analysis_url>http://echonest-analysis.s3.amazonaws.com/TR/ql65HAkPvoYat-k2Tcct9-5zBpF2votTDrd9VhmCXSjqSG9ZusdJvXJufNvQZNuZZXgDVEnXCKp8kTmA8%3D/3/full.json?AWSAccessKeyId=AKIAJRDFEY23UEVW42BQ&amp;Expires=1415343102&amp;Signature=6sbDNmZuO6WB%2BLa6B7%2BtzqNRrVA%3D</analysis_url><energy>0.763519</energy><liveness>0.095832</liveness><tempo>139.916</tempo><speechiness>0.029015</speechiness><acousticness>0.525907</acousticness><instrumentalness>0.0</instrumentalness><mode>1</mode><time_signature>4</time_signature><duration>214.51143</duration><loudness>-4.778</loudness><audio_md5 /><valence>0.46872</valence><danceability>0.516003</danceability></audio_summary><title>Te Quiero Así (2001  - Remaster)</title></song><song><artist_id>ARW70HR1187B9A358C</artist_id><artist_name>Aleks Syntek</artist_name><id>SOMHSMZ12A8C133B6C</id><audio_summary><key>7</key><analysis_url>http://echonest-analysis.s3.amazonaws.com/TR/gNKMXwZXzX0uOLWuLMq0bDcCiO7upL47VnH2dgZSImm89iFkcRuSrqGC0x5U0rkUxD2wtVpCNHZMKqDEk%3D/3/full.json?AWSAccessKeyId=AKIAJRDFEY23UEVW42BQ&amp;Expires=1415343102&amp;Signature=Uxpx5pZmz0NCT0v%2BIHG7tbRpQy8%3D</analysis_url><energy>0.983207</energy><liveness>0.029808</liveness><tempo>133.04</tempo><speechiness>0.064465</speechiness><acousticness>0.130412</acousticness><instrumentalness>0.0</instrumentalness><mode>1</mode><time_signature>4</time_signature><duration>199.42621</duration><loudness>-2.489</loudness><audio_md5 /><valence>0.868658</valence><danceability>0.684894</danceability></audio_summary><title>Unos Quieren Subir (2001 - Remaster)</title></song><song><artist_id>ARW70HR1187B9A358C</artist_id><artist_name>Aleks Syntek</artist_name><id>SOQZHUG13167715416</id><audio_summary><key>9</key><analysis_url>http://echonest-analysis.s3.amazonaws.com/TR/xRvThQT6MXncr5Uz0MeCCH3hR9ZX-0ArR6fXDqwSkIrbD9CODLOkh5oHSZCUmgRtv2GPlAzXN5hrLkNR8%3D/3/full.json?AWSAccessKeyId=AKIAJRDFEY23UEVW42BQ&amp;Expires=1415343102&amp;Signature=k0HAlgvWQNvqHZkoNmZC7UrbSPU%3D</analysis_url><energy>0.925985</energy><liveness>0.097886</liveness><tempo>140.341</tempo><speechiness>0.044311</speechiness><acousticness>0.027238</acousticness><instrumentalness>5e-06</instrumentalness><mode>1</mode><time_signature>4</time_signature><duration>226.09728</duration><loudness>-3.46</loudness><audio_md5>aa945806ca7c47173bd05a53cecb0517</audio_md5><valence>0.956196</valence><danceability>0.6316</danceability></audio_summary><title>Lindas Criaturitas (1996 Digital Remaster)</title></song><song><artist_id>ARW70HR1187B9A358C</artist_id><artist_name>Aleks Syntek</artist_name><id>SOKEESY13167713DB6</id><audio_summary><key>7</key><analysis_url>http://echonest-analysis.s3.amazonaws.com/TR/urHUiQvr8kZ45uuoImLxvWx_gZhtN-k3btRb95/3/full.json?AWSAccessKeyId=AKIAJRDFEY23UEVW42BQ&amp;Expires=1415343102&amp;Signature=9gfI8aTg2IIEdR8jjMBztuw/DH8%3D</analysis_url><energy>0.956199</energy><liveness>0.021483</liveness><tempo>133.056</tempo><speechiness>0.041355</speechiness><acousticness>0.15522</acousticness><instrumentalness>0.0</instrumentalness><mode>1</mode><time_signature>4</time_signature><duration>199.03955</duration><loudness>-4.937</loudness><audio_md5>c748842d6561037b3181d244a2c59b00</audio_md5><valence>0.913455</valence><danceability>0.687454</danceability></audio_summary><title>Unos Quieren Subir (2001 Digital Remaster)</title></song><song><artist_id>ARW70HR1187B9A358C</artist_id><artist_name>Aleks Syntek</artist_name><id>SOKFEUO12A81C2333D</id><audio_summary><key>10</key><analysis_url>http://echonest-analysis.s3.amazonaws.com/TR/6Fe8hArBceG-p1wkwd58nLmlqwQCJqmID0FBLIfVLYjn9lvI8CsmLU1LWzZ4b7X0pkyPAbJUNyZ_ZY3rA%3D/3/full.json?AWSAccessKeyId=AKIAJRDFEY23UEVW42BQ&amp;Expires=1415343102&amp;Signature=43iUGC4JWmZUGcjg8KSrVfPKlyM%3D</analysis_url><energy>0.57657</energy><liveness>0.729757</liveness><tempo>159.66</tempo><speechiness>0.02674</speechiness><acousticness>0.369985</acousticness><instrumentalness>1e-06</instrumentalness><mode>1</mode><time_signature>4</time_signature><duration>224.86621</duration><loudness>-6.772</loudness><audio_md5 /><valence>0.324917</valence><danceability>0.382743</danceability></audio_summary><title>Duele El Amor (Versión Acústica)</title></song><song><artist_id>ARW70HR1187B9A358C</artist_id><artist_name>Aleks Syntek</artist_name><id>SOADHMM12A8C134A84</id><audio_summary><key>11</key><analysis_url>http://echonest-analysis.s3.amazonaws.com/TR/X1PPsg_4mGGJ2OUoaE1b8d5TsoKPxnGxSjoyRU0jaoKRKh_QLytZ4LRGVPvuE9pTSKdNlIozcpFmkPSPQ%3D/3/full.json?AWSAccessKeyId=AKIAJRDFEY23UEVW42BQ&amp;Expires=1415343102&amp;Signature=5aGtr4hz4LxnfB1F6xWg5A%2BdONc%3D</analysis_url><energy>0.813356</energy><liveness>0.165463</liveness><tempo>118.099</tempo><speechiness>0.038523</speechiness><acousticness>0.13659</acousticness><instrumentalness>1.8e-05</instrumentalness><mode>0</mode><time_signature>4</time_signature><duration>291.93288</duration><loudness>-7.571</loudness><audio_md5 /><valence>0.571517</valence><danceability>0.691991</danceability></audio_summary><title>La Fe De Antes (2008 Digital Remaster)</title></song><song><artist_id>ARW70HR1187B9A358C</artist_id><artist_name>Aleks Syntek</artist_name><id>SOAICSR12A8C133B5A</id><audio_summary><key>9</key><analysis_url>http://echonest-analysis.s3.amazonaws.com/TR/GIY7Ogh40ORNEV94caizbHw8Leek4PLMVzHok-TXvd-cRuyjOmnREPv8opmjfxqPqOJ20iPBhsoQBng4M%3D/3/full.json?AWSAccessKeyId=AKIAJRDFEY23UEVW42BQ&amp;Expires=1415343102&amp;Signature=mqNUofKgBpMuP3J8igbHBprSnuE%3D</analysis_url><energy>0.941116</energy><liveness>0.093465</liveness><tempo>140.192</tempo><speechiness>0.049314</speechiness><acousticness>0.023255</acousticness><instrumentalness>1e-06</instrumentalness><mode>1</mode><time_signature>4</time_signature><duration>226.17288</duration><loudness>-3.495</loudness><audio_md5 /><valence>0.952014</valence><danceability>0.594915</danceability></audio_summary><title>Lindas Criaturitas (2002 Digital Remaster)</title></song><song><artist_id>ARW70HR1187B9A358C</artist_id><artist_name>Aleks Syntek</artist_name><id>SORWKQT1366F90DB35</id><audio_summary><key>5</key><analysis_url>http://echonest-analysis.s3.amazonaws.com/TR/cWp8zg38Br713oQpH1QqIaH---VdvIpV88FNG9zMCvksuKX6sJy4b6ntFR_r-WDSomwd9RpJlGWs_jNqI%3D/3/full.json?AWSAccessKeyId=AKIAJRDFEY23UEVW42BQ&amp;Expires=1415343102&amp;Signature=37zp8Q6dHJspgMl1LCRPk0aMXZ4%3D</analysis_url><energy>0.871036</energy><liveness>0.246776</liveness><tempo>104.995</tempo><speechiness>0.053802</speechiness><acousticness>0.203628</acousticness><instrumentalness>3.1e-05</instrumentalness><mode>0</mode><time_signature>4</time_signature><duration>248.64463</duration><loudness>-5.333</loudness><audio_md5>44f3e392831528e3ac481ae1fd39a1dd</audio_md5><valence>0.88552</valence><danceability>0.702366</danceability></audio_summary><title>La Doña Muerte</title></song><song><artist_id>ARW70HR1187B9A358C</artist_id><artist_name>Aleks Syntek</artist_name><id>SOCXZWE12A81C2332F</id><audio_summary><key>0</key><analysis_url>http://echonest-analysis.s3.amazonaws.com/TR/0qjkFw5WeBu6-XHJdL8LCPXhRtsrP-ZDHGimUPzZKlMHRMPJZnCtJHREl3wkPfQfQKGSnoU80Wpjuz-ZM%3D/3/full.json?AWSAccessKeyId=AKIAJRDFEY23UEVW42BQ&amp;Expires=1415343102&amp;Signature=crBigsXWsqXrkz1L2eXAAl7gFC4%3D</analysis_url><energy>0.549076</energy><liveness>0.719493</liveness><tempo>166.947</tempo><speechiness>0.037701</speechiness><acousticness>0.448775</acousticness><instrumentalness>0.0</instrumentalness><mode>1</mode><time_signature>4</time_signature><duration>237.41288</duration><loudness>-7.859</loudness><audio_md5 /><valence>0.287876</valence><danceability>0.396375</danceability></audio_summary><title>A Veces Fuí (Versión Acústica)</title></song><song><artist_id>ARW70HR1187B9A358C</artist_id><artist_name>Aleks Syntek</artist_name><id>SOONKVU12AB0186F04</id><audio_summary><key>2</key><analysis_url>http://echonest-analysis.s3.amazonaws.com/TR/cd1YYALGYuoIjQDJCjM2view0mnFAw4PF6xRASLoJn6DUsBorRky0TaJSZo_VOI7jqorgaAb8fUF0_bWs%3D/3/full.json?AWSAccessKeyId=AKIAJRDFEY23UEVW42BQ&amp;Expires=1415343102&amp;Signature=z7wtmIJQH9f9/8zq9I7tqSCWo5s%3D</analysis_url><energy>0.713939</energy><liveness>0.053585</liveness><tempo>99.957</tempo><speechiness>0.031406</speechiness><acousticness>0.011363</acousticness><instrumentalness>0.000137</instrumentalness><mode>1</mode><time_signature>4</time_signature><duration>283.74912</duration><loudness>-7.289</loudness><audio_md5 /><valence>0.431689</valence><danceability>0.618298</danceability></audio_summary><title>Eres Agua</title></song><song><artist_id>ARW70HR1187B9A358C</artist_id><artist_name>Aleks Syntek</artist_name><id>SOFFAQU131677145E9</id><audio_summary><key>0</key><analysis_url>http://echonest-analysis.s3.amazonaws.com/TR/OtvPHwd6-otLL7n05Ms2TvPbngRzX42SjJVtbhCDzKt0fWGxo-7a_DNxfV47NmvuYDUDTuK9jGaUUevfU%3D/3/full.json?AWSAccessKeyId=AKIAJRDFEY23UEVW42BQ&amp;Expires=1415343102&amp;Signature=n0K0hhzAl8nGms8lIEAUt/hlMtU%3D</analysis_url><energy>0.960767</energy><liveness>0.299966</liveness><tempo>189.078</tempo><speechiness>0.101543</speechiness><acousticness>0.360881</acousticness><instrumentalness>2e-05</instrumentalness><mode>0</mode><time_signature>4</time_signature><duration>232.27955</duration><loudness>-5.426</loudness><audio_md5>a279f7f21505efd2cd10f0a75fbf03c0</audio_md5><valence>0.782485</valence><danceability>0.557906</danceability></audio_summary><title>Sin Ti (1997 Digital Remaster)</title></song><song><artist_id>ARW70HR1187B9A358C</artist_id><artist_name>Aleks Syntek</artist_name><id>SOYORMO12A8C135428</id><audio_summary><key>10</key><analysis_url>http://echonest-analysis.s3.amazonaws.com/TR/dmrNgARb3wmMKUlkzq301F_bvhW_gK6lVf1DZAwsxPy3qGOjNzDYWQ6C5WBLtPfGykcS22_DObY6y3dzI%3D/3/full.json?AWSAccessKeyId=AKIAJRDFEY23UEVW42BQ&amp;Expires=1415343102&amp;Signature=rv6BAv341x2kzf5r1IfXNsfwJR8%3D</analysis_url><energy>0.779683</energy><liveness>0.111981</liveness><tempo>76.99</tempo><speechiness>0.029249</speechiness><acousticness>0.04382</acousticness><instrumentalness>0.0</instrumentalness><mode>1</mode><time_signature>4</time_signature><duration>220.47782</duration><loudness>-4.747</loudness><audio_md5>9d0d81b8c6b1cedb67c70b3e2abf1a48</audio_md5><valence>0.395666</valence><danceability>0.490775</danceability></audio_summary><title>Doesn't Matter Where You Are (Intocable)</title></song><song><artist_id>ARW70HR1187B9A358C</artist_id><artist_name>Aleks Syntek</artist_name><id>SOYBPWA12AB018632D</id><audio_summary><key>5</key><analysis_url>http://echonest-analysis.s3.amazonaws.com/TR/JfrEZAV0DtWjnR1c_en8sSv3SVxyx7WOJXCYtXxY0uqXQIx6JVmqSlLN5BIdkcEuprkbykkbv4M7wJLP0%3D/3/full.json?AWSAccessKeyId=AKIAJRDFEY23UEVW42BQ&amp;Expires=1415343102&amp;Signature=ZTWiHf0BTf1/wFdWFNy4uBAflnU%3D</analysis_url><energy>0.736542</energy><liveness>0.958723</liveness><tempo>90.013</tempo><speechiness>0.030186</speechiness><acousticness>0.098434</acousticness><instrumentalness>3.1e-05</instrumentalness><mode>1</mode><time_signature>4</time_signature><duration>350.00358</duration><loudness>-7.031</loudness><audio_md5 /><valence>0.529373</valence><danceability>0.677929</danceability></audio_summary><title>Natalia (Live Auditorio Nacional 08)</title></song><song><artist_id>ARW70HR1187B9A358C</artist_id><artist_name>Aleks Syntek</artist_name><id>SOSHMHH1316771660F</id><audio_summary><key>6</key><analysis_url>http://echonest-analysis.s3.amazonaws.com/TR/1uGXjQOzNJVD3VEahsB0Tbq2DCQxEwFGmadfS6SMLntQuubQ-t4q7gBXOAgyrOUbBHuefCmCnkiVh21LI%3D/3/full.json?AWSAccessKeyId=AKIAJRDFEY23UEVW42BQ&amp;Expires=1415343102&amp;Signature=cvgcAfGx1Zrx7p9TPs8ODc9GO/E%3D</analysis_url><energy>0.460168</energy><liveness>0.111392</liveness><tempo>140.256</tempo><speechiness>0.041575</speechiness><acousticness>0.339056</acousticness><instrumentalness>0.031158</instrumentalness><mode>1</mode><time_signature>4</time_signature><duration>193.75955</duration><loudness>-9.884</loudness><audio_md5 /><valence>0.487867</valence><danceability>0.698276</danceability></audio_summary><title>¿Por Dónde Empezar? (2002  - Remaster)</title></song><song><artist_id>ARW70HR1187B9A358C</artist_id><artist_name>Aleks Syntek</artist_name><id>SORUHAQ12A8AE4792E</id><audio_summary><key>10</key><analysis_url>http://echonest-analysis.s3.amazonaws.com/TR/NAwreg7EVjXMq2H0OEhJ2wsbCi8CC7Pu4034wNI-VwmwDWvwRlxWfhovxMvfncOZThiioW7aGtYB5djus%3D/3/full.json?AWSAccessKeyId=AKIAJRDFEY23UEVW42BQ&amp;Expires=1415343102&amp;Signature=XsqgvduSmVOwfZYazvPDd/uRaNM%3D</analysis_url><energy>0.959117</energy><liveness>0.98462</liveness><tempo>124.987</tempo><speechiness>0.048457</speechiness><acousticness>0.105048</acousticness><instrumentalness>4e-06</instrumentalness><mode>1</mode><time_signature>4</time_signature><duration>210.51955</duration><loudness>-7.54</loudness><audio_md5 /><valence>0.584333</valence><danceability>0.647943</danceability></audio_summary><title>De Noche En La Ciudad (Live)</title></song><song><artist_id>ARW70HR1187B9A358C</artist_id><artist_name>Aleks Syntek</artist_name><id>SOTLFSW131677152AF</id><audio_summary><key>5</key><analysis_url>http://echonest-analysis.s3.amazonaws.com/TR/4Hw6dwgOV6dDLSy2V-cNKd055uExJe0XxE4_V-oyndI02RAJ_dEsJa8T2Fw4NdKbuCe9RJO0tVZZdkdMo%3D/3/full.json?AWSAccessKeyId=AKIAJRDFEY23UEVW42BQ&amp;Expires=1415343102&amp;Signature=w8VA1hUEzVAz0wjCry1d0tOEK3A%3D</analysis_url><energy>0.648914</energy><liveness>0.939776</liveness><tempo>92.942</tempo><speechiness>0.041741</speechiness><acousticness>0.620092</acousticness><instrumentalness>4e-06</instrumentalness><mode>1</mode><time_signature>4</time_signature><duration>317.55955</duration><loudness>-8.745</loudness><audio_md5 /><valence>0.466576</valence><danceability>0.498641</danceability></audio_summary><title>Natalia (Versión Acústica)</title></song><song><artist_id>ARW70HR1187B9A358C</artist_id><artist_name>Aleks Syntek</artist_name><id>SOSZDUT13E84FFF281</id><audio_summary><key>7</key><analysis_url>http://echonest-analysis.s3.amazonaws.com/TR/Ye2iGgc9wRr1gqxktZgHJbQQMOUUtDLsFJsPZ9/3/full.json?AWSAccessKeyId=AKIAJRDFEY23UEVW42BQ&amp;Expires=1415343102&amp;Signature=hFu0mqGwwmry0kPoxvWb%2BhNhSNQ%3D</analysis_url><energy>0.357055</energy><liveness>0.075122</liveness><tempo>120.32</tempo><speechiness>0.041672</speechiness><acousticness>0.601097</acousticness><instrumentalness>0.006434</instrumentalness><mode>0</mode><time_signature>4</time_signature><duration>229.24757</duration><loudness>-24.423</loudness><audio_md5>27df96c847c9a1e740e68e6e5319026d</audio_md5><valence>0.87197</valence><danceability>0.782266</danceability></audio_summary><title>Otra parte de mi</title></song><song><artist_id>ARW70HR1187B9A358C</artist_id><artist_name>Aleks Syntek</artist_name><id>SOWDYIK13689B18429</id><audio_summary><key>5</key><analysis_url>http://echonest-analysis.s3.amazonaws.com/TR/pemqmQB6iG6WfUSi8klacN_0Ep4Nk3WBYsZu1RdSNqrXNmjbeTvNzweYh6uX2NliwooL6PIcEPQAieabM%3D/3/full.json?AWSAccessKeyId=AKIAJRDFEY23UEVW42BQ&amp;Expires=1415343102&amp;Signature=wbhGMbzdJWmdYA8p9XoETle/iDM%3D</analysis_url><energy>0.850788</energy><liveness>0.112989</liveness><tempo>147.969</tempo><speechiness>0.038028</speechiness><acousticness>0.168079</acousticness><instrumentalness>0.019013</instrumentalness><mode>0</mode><time_signature>4</time_signature><duration>350.34621</duration><loudness>-8.339</loudness><audio_md5 /><valence>0.435837</valence><danceability>0.621137</danceability></audio_summary><title>Sexo, Pudor Y Lágrimas (Drum &amp; Bass Mix)</title></song><song><artist_id>ARW70HR1187B9A358C</artist_id><artist_name>Aleks Syntek</artist_name><id>SOWDKSK12A8C139ABA</id><audio_summary><key>7</key><analysis_url>http://echonest-analysis.s3.amazonaws.com/TR/70gD9g-hnyBcnnbx5kGEW3DKymQ74iG9eTE34v5sUfxWeJ3eA-dnYt6Eq2EJ4E3wVjUSe4j0OL6RTXN7Y%3D/3/full.json?AWSAccessKeyId=AKIAJRDFEY23UEVW42BQ&amp;Expires=1415343102&amp;Signature=BOmxGZKhCMWEDq0Su/rosKhIy9A%3D</analysis_url><energy>0.554293</energy><liveness>0.121516</liveness><tempo>149.726</tempo><speechiness>0.03315</speechiness><acousticness>0.101451</acousticness><instrumentalness>2.1e-05</instrumentalness><mode>1</mode><time_signature>4</time_signature><duration>274.73016</duration><loudness>-7.754</loudness><audio_md5 /><valence>0.354893</valence><danceability>0.31891</danceability></audio_summary><title>¿Quién Soy? (feat. Jesse y Joy Uecke)</title></song><song><artist_id>ARW70HR1187B9A358C</artist_id><artist_name>Aleks Syntek</artist_name><id>SOVVSCC1368E609587</id><audio_summary><key>0</key><analysis_url>http://echonest-analysis.s3.amazonaws.com/TR/X205kg4x9-A7RSZreerSGvG0eRPluuxYWxwIy9Z1CDgEGTdlLSBysSLkTWgEAwky8eqHW9jmlxahP-bws%3D/3/full.json?AWSAccessKeyId=AKIAJRDFEY23UEVW42BQ&amp;Expires=1415343102&amp;Signature=95mYRMWLBcCfd5NKfDgohtvrWk4%3D</analysis_url><energy>0.963525</energy><liveness>0.35566</liveness><tempo>130.223</tempo><speechiness>0.094992</speechiness><acousticness>0.014916</acousticness><instrumentalness>6.8e-05</instrumentalness><mode>1</mode><time_signature>4</time_signature><duration>279.65587</duration><loudness>-3.563</loudness><audio_md5 /><valence>0.476086</valence><danceability>0.616485</danceability></audio_summary><title>Evolución (1995 Digital Remaster)</title></song><song><artist_id>ARW70HR1187B9A358C</artist_id><artist_name>Aleks Syntek</artist_name><id>SORLZFU13D42EB4FEB</id><audio_summary><key>7</key><analysis_url>http://echonest-analysis.s3.amazonaws.com/TR/a1ZO7QEyH24wZosVXNjh2ESBtl0579BDpfZ4EW/3/full.json?AWSAccessKeyId=AKIAJRDFEY23UEVW42BQ&amp;Expires=1415343102&amp;Signature=lZnCYQvLDlLcY%2B/O0r/o7Wb7Qio%3D</analysis_url><energy>0.993312</energy><liveness>0.345042</liveness><tempo>131.964</tempo><speechiness>0.03879</speechiness><acousticness>0.011686</acousticness><instrumentalness>3.5e-05</instrumentalness><mode>0</mode><time_signature>4</time_signature><duration>270.09415</duration><loudness>-4.359</loudness><audio_md5 /><valence>0.815201</valence><danceability>0.621622</danceability></audio_summary><title>La Tormenta (Giulio Maddalomi Mix)</title></song><song><artist_id>ARW70HR1187B9A358C</artist_id><artist_name>Aleks Syntek</artist_name><id>SORLQKC12A8C1357C3</id><audio_summary><key>7</key><analysis_url>http://echonest-analysis.s3.amazonaws.com/TR/WMhQ1AgkG3ApsVSmZ6R6DKUoYT3zcjA9A1dH0Fjtt6halMQRJYCNSXamOBAjG8GZhofdbQIpze7X6qNZs%3D/3/full.json?AWSAccessKeyId=AKIAJRDFEY23UEVW42BQ&amp;Expires=1415343102&amp;Signature=5kGHtRVtLDAIT1GQsySXIveOq3I%3D</analysis_url><energy>0.861369</energy><liveness>0.198038</liveness><tempo>127.253</tempo><speechiness>0.074605</speechiness><acousticness>0.228757</acousticness><instrumentalness>0.0002</instrumentalness><mode>1</mode><time_signature>4</time_signature><duration>191.77288</duration><loudness>-5.915</loudness><audio_md5 /><valence>0.643519</valence><danceability>0.74706</danceability></audio_summary><title>¿Y Dónde Está El Amor? (2002 Digital Remaster)</title></song><song><artist_id>ARW70HR1187B9A358C</artist_id><artist_name>Aleks Syntek</artist_name><id>SOQTQEL12AF72A5223</id><audio_summary><key>6</key><analysis_url>http://echonest-analysis.s3.amazonaws.com/TR/Hbl8tATUU9B0Yr2cIGZWcybGiKk3ZVXw2iIgCfrPuwxK_U-tJmF_KQ7oleVaC83CaMhCRU98DM5gT7ElM%3D/3/full.json?AWSAccessKeyId=AKIAJRDFEY23UEVW42BQ&amp;Expires=1415343102&amp;Signature=zRLBSTuavSjugK5Dxeop1cKSsig%3D</analysis_url><energy>0.511413</energy><liveness>0.071335</liveness><tempo>140.296</tempo><speechiness>0.034437</speechiness><acousticness>0.232808</acousticness><instrumentalness>0.035815</instrumentalness><mode>1</mode><time_signature>4</time_signature><duration>187.22621</duration><loudness>-8.168</loudness><audio_md5 /><valence>0.577669</valence><danceability>0.708338</danceability></audio_summary><title>¿Por Dónde Empezar? (2002 Digital Remaster)</title></song><song><artist_id>ARW70HR1187B9A358C</artist_id><artist_name>Aleks Syntek</artist_name><id>SOSMLTU12A8C139AC5</id><audio_summary><key>10</key><analysis_url>http://echonest-analysis.s3.amazonaws.com/TR/WV4-ewOePEaBISQ4jOTBvHhiRERsWl_VAr_WUpLaClxeDwKds1iTH4MaXiHyfqA4LKak8xdq-olx-in6c%3D/3/full.json?AWSAccessKeyId=AKIAJRDFEY23UEVW42BQ&amp;Expires=1415343102&amp;Signature=mG5%2B%2Ba5z11jI/Ecq2xAXi3Cshm8%3D</analysis_url><energy>0.479349</energy><liveness>0.073283</liveness><tempo>95.002</tempo><speechiness>0.061804</speechiness><acousticness>0.002413</acousticness><instrumentalness>0.28901</instrumentalness><mode>0</mode><time_signature>4</time_signature><duration>330.57819</duration><loudness>-8.816</loudness><audio_md5 /><valence>0.632321</valence><danceability>0.639114</danceability></audio_summary><title>Tiempos De Paz (Remix Mundo Lite)</title></song><song><artist_id>ARW70HR1187B9A358C</artist_id><artist_name>Aleks Syntek</artist_name><id>SOPJSKC12AB0186341</id><audio_summary><key>10</key><analysis_url>http://echonest-analysis.s3.amazonaws.com/TR/NrvLQgHuSVav6owF4nnjYuCR-RkIdkIVmDn4k8RAO5AKk_nG6GZSxo0YvjlHkeLLuMa6Js9Pc2Sdx8728%3D/3/full.json?AWSAccessKeyId=AKIAJRDFEY23UEVW42BQ&amp;Expires=1415343102&amp;Signature=Zg70sieYHX63RJqXGz9iv/1UqUU%3D</analysis_url><energy>0.925679</energy><liveness>0.976939</liveness><tempo>76.97</tempo><speechiness>0.06519</speechiness><acousticness>0.052533</acousticness><instrumentalness>1e-06</instrumentalness><mode>1</mode><time_signature>4</time_signature><duration>259.53673</duration><loudness>-5.375</loudness><audio_md5 /><valence>0.330012</valence><danceability>0.448553</danceability></audio_summary><title>Intocable (Live Auditorio Nacional 08)</title></song><song><artist_id>ARW70HR1187B9A358C</artist_id><artist_name>Aleks Syntek</artist_name><id>SOVESEP148A7766DD8</id><audio_summary><key>7</key><analysis_url>http://echonest-analysis.s3.amazonaws.com/TR/MzOMAQbvdaveTxDnaMYXQ4f-8YzBU8SQ_ro9RThuz-rZqTTuWDRWFKMWymvozVE3BiF9ISKsIXamwWes0%3D/3/full.json?AWSAccessKeyId=AKIAJRDFEY23UEVW42BQ&amp;Expires=1415343102&amp;Signature=XMZB7qMBF%2BO2iwrnO5AYMYTW/oQ%3D</analysis_url><energy>0.556088</energy><liveness>0.113222</liveness><tempo>149.737</tempo><speechiness>0.029678</speechiness><acousticness>0.096926</acousticness><instrumentalness>9e-06</instrumentalness><mode>1</mode><time_signature>4</time_signature><duration>266.29288</duration><loudness>-7.645</loudness><audio_md5 /><valence>0.349847</valence><danceability>0.508517</danceability></audio_summary><title>¿Quién Soy? - feat. Jesse y Joy Uecke</title></song><song><artist_id>ARW70HR1187B9A358C</artist_id><artist_name>Aleks Syntek</artist_name><id>SOLQTOR12A8C139AE8</id><audio_summary><key>11</key><analysis_url>http://echonest-analysis.s3.amazonaws.com/TR/E8CJ7wTF_5H6xVJ1jYRBjqpvTOYR6xADLt9CLms-JHtomxsd0N-tDcSZNnYdCerV7G2uTzOqg6ogJDMzE%3D/3/full.json?AWSAccessKeyId=AKIAJRDFEY23UEVW42BQ&amp;Expires=1415343102&amp;Signature=LJyYjrz%2B4yxkUdVe5xXXel0Jz7I%3D</analysis_url><energy>0.723357</energy><liveness>0.087718</liveness><tempo>129.988</tempo><speechiness>0.033047</speechiness><acousticness>0.000627</acousticness><instrumentalness>0.434468</instrumentalness><mode>1</mode><time_signature>4</time_signature><duration>405.08844</duration><loudness>-10.396</loudness><audio_md5 /><valence>0.962801</valence><danceability>0.735382</danceability></audio_summary><title>Duele El Amor (Remix Mundo Lite)</title></song><song><artist_id>ARW70HR1187B9A358C</artist_id><artist_name>Aleks Syntek</artist_name><id>SOMUAPQ12A58A7AAD3</id><audio_summary><key>0</key><analysis_url>http://echonest-analysis.s3.amazonaws.com/TR/j8iVWgUlLSSq0SKQw9ZblIUvvUGFnEYcI8shA__ziF_kn0UvryotsQ24xOF0uveHRupyodKyShGMLJjmI%3D/3/full.json?AWSAccessKeyId=AKIAJRDFEY23UEVW42BQ&amp;Expires=1415343102&amp;Signature=bSRxVBRpd588bIRWXqpQCQi%2Bg6c%3D</analysis_url><energy>0.567496</energy><liveness>0.621745</liveness><tempo>140.304</tempo><speechiness>0.03958</speechiness><acousticness>0.854371</acousticness><instrumentalness>0.0</instrumentalness><mode>1</mode><time_signature>4</time_signature><duration>134.50621</duration><loudness>-5.816</loudness><audio_md5 /><valence>0.279258</valence><danceability>0.429795</danceability></audio_summary><title>Una Ventana Del Cielo (Live) (2002 Digital Remaster)</title></song><song><artist_id>ARW70HR1187B9A358C</artist_id><artist_name>Aleks Syntek</artist_name><id>SOMRBAK148A82EC0C6</id><audio_summary><key>11</key><analysis_url>http://echonest-analysis.s3.amazonaws.com/TR/e6T0NQ7ZFkM-tVBLdx9yNTYfmYYaPCvJvYqzDzFIEBUsYJHHV4JRp_34vszAp3q8DoXxI2MUEIR-k_VIU%3D/3/full.json?AWSAccessKeyId=AKIAJRDFEY23UEVW42BQ&amp;Expires=1415343102&amp;Signature=9i58bHFWnL8xay0Btw6BanAc1oQ%3D</analysis_url><energy>0.905001</energy><liveness>0.283199</liveness><tempo>104.982</tempo><speechiness>0.038064</speechiness><acousticness>0.101141</acousticness><instrumentalness>1e-06</instrumentalness><mode>1</mode><time_signature>4</time_signature><duration>276.22621</duration><loudness>-4.096</loudness><audio_md5 /><valence>0.960369</valence><danceability>0.717243</danceability></audio_summary><title>Donde Quiera Que Estes</title></song><song><artist_id>ARW70HR1187B9A358C</artist_id><artist_name>Aleks Syntek</artist_name><id>SOMMKIL1316771543C</id><audio_summary><key>9</key><analysis_url>http://echonest-analysis.s3.amazonaws.com/TR/5Lpa4wBDU6-kMdQ81ONGKi8ebJTK-KlHFpEt5JvB6FqnGBPorVNokD6UuMorEaMI68_wRkgvnUym7sqCw%3D/3/full.json?AWSAccessKeyId=AKIAJRDFEY23UEVW42BQ&amp;Expires=1415343102&amp;Signature=sJb7UD0yHlOrU1xXsW0VYzAnUMs%3D</analysis_url><energy>0.911038</energy><liveness>0.038191</liveness><tempo>139.894</tempo><speechiness>0.082086</speechiness><acousticness>4.9e-05</acousticness><instrumentalness>0.000962</instrumentalness><mode>1</mode><time_signature>4</time_signature><duration>335.34621</duration><loudness>-3.6</loudness><audio_md5 /><valence>0.844078</valence><danceability>0.600205</danceability></audio_summary><title>Lindas Criaturas (Extended Mix) (2002 Digital Remaster)</title></song><song><artist_id>ARW70HR1187B9A358C</artist_id><artist_name>Aleks Syntek</artist_name><id>SOOGDCV13E9901528D</id><audio_summary><key>0</key><analysis_url>http://echonest-analysis.s3.amazonaws.com/TR/CT2u3g5XAdVlt5XWD7H5h5RUuHICezCYVshBNQJRtzExphNKuWIdYvodLbSTslGpbuNI6IAP_OzTbX0dQ%3D/3/full.json?AWSAccessKeyId=AKIAJRDFEY23UEVW42BQ&amp;Expires=1415343102&amp;Signature=vGZChC5iCWyWxT%2BiJnp3l7J7qEs%3D</analysis_url><energy>0.768969</energy><liveness>0.329961</liveness><tempo>127.988</tempo><speechiness>0.035821</speechiness><acousticness>0.001222</acousticness><instrumentalness>0.010164</instrumentalness><mode>1</mode><time_signature>4</time_signature><duration>257.03918</duration><loudness>-4.952</loudness><audio_md5 /><valence>0.919163</valence><danceability>0.760936</danceability></audio_summary><title>Mas de 1000 Años (Mijangos Fly 406 Radio Edit Remix)</title></song><song><artist_id>ARW70HR1187B9A358C</artist_id><artist_name>Aleks Syntek</artist_name><id>SOPKHPY12B3A16E084</id><audio_summary><key>2</key><analysis_url>http://echonest-analysis.s3.amazonaws.com/TR/sQWEfwPLeAl2QNpd6gU2Q9cVyBb-BZZ6-qAe7Z2aTYZ_QZicvKLXV1rgzCaTyDhVe8lo6eSZUeecB2Eyc%3D/3/full.json?AWSAccessKeyId=AKIAJRDFEY23UEVW42BQ&amp;Expires=1415343102&amp;Signature=htjU5SMs7cO0Mk6RI%2Bxf5cZgPsA%3D</analysis_url><energy>0.966844</energy><liveness>0.09625</liveness><tempo>112.996</tempo><speechiness>0.064979</speechiness><acousticness>0.131479</acousticness><instrumentalness>2.3e-05</instrumentalness><mode>1</mode><time_signature>4</time_signature><duration>188.49528</duration><loudness>-4.092</loudness><audio_md5 /><valence>0.748598</valence><danceability>0.686182</danceability></audio_summary><title>El Futuro Es Milenario</title></song><song><artist_id>ARW70HR1187B9A358C</artist_id><artist_name>Aleks Syntek</artist_name><id>SONXBYR136A3E07707</id><audio_summary><key>0</key><analysis_url>http://echonest-analysis.s3.amazonaws.com/TR/SpUlIQUnGpCEL4TdsFMjRDpgqNVUTlfqy64soUvm-qRvXZUhexW584rnKb6QheD4smb7UgP1aiNJ091SU%3D/3/full.json?AWSAccessKeyId=AKIAJRDFEY23UEVW42BQ&amp;Expires=1415343102&amp;Signature=AvZCdUfzbKhIQbbTFBGAXaJ1oOU%3D</analysis_url><energy>0.71956</energy><liveness>0.108445</liveness><tempo>115.025</tempo><speechiness>0.02839</speechiness><acousticness>0.553113</acousticness><instrumentalness>0.000157</instrumentalness><mode>0</mode><time_signature>4</time_signature><duration>301.30132</duration><loudness>-6.562</loudness><audio_md5 /><valence>0.971519</valence><danceability>0.780083</danceability></audio_summary><title>Slow Motion (Historias de Danzón &amp; de Arrabal en inglés)</title></song></songs></response>