<response><status><version>4.2</version><code>0</code><message>Success</message></status><songs><song><artist_id>ARGNOMH11EBCD75B07</artist_id><artist_name>Alexis Blue</artist_name><id>SOABTQU133EB4E5128</id><audio_summary><key>0</key><analysis_url>http://echonest-analysis.s3.amazonaws.com/TR/q6gddw-0yVBvAhz6PLmPIaaIMSKSqM8YBk65-8Cny43UDf1TDpXuJVepRBQHY6xE8da_zQsXSkpFXnyBE%3D/3/full.json?AWSAccessKeyId=AKIAJRDFEY23UEVW42BQ&amp;Expires=1415343190&amp;Signature=SipzR1UxkOJSRAsgGpVG27NT1jM%3D</analysis_url><energy>0.563295</energy><liveness>0.086119</liveness><tempo>165.258</tempo><speechiness>0.032544</speechiness><acousticness>0.17009</acousticness><instrumentalness>0.0</instrumentalness><mode>1</mode><time_signature>4</time_signature><duration>312.16281</duration><loudness>-12.29</loudness><audio_md5 /><valence>0.650917</valence><danceability>0.329346</danceability></audio_summary><title>(She's Not a) Cookie Cutter Princess</title></song><song><artist_id>ARGNOMH11EBCD75B07</artist_id><artist_name>Alexis Blue</artist_name><id>SORDXSM131343A3057</id><audio_summary><key>7</key><analysis_url>http://echonest-analysis.s3.amazonaws.com/TR/N9RrHA8h_xiRHJJ0RRaI9Sj1bkFt1A4p96Y_PpkfPSOkrCY2yXXSKXJMHtyBOAteYkdExRPAopLgKHMiQ%3D/3/full.json?AWSAccessKeyId=AKIAJRDFEY23UEVW42BQ&amp;Expires=1415343190&amp;Signature=M83mXeYi3LGGCKJofAqil8WZumA%3D</analysis_url><energy>0.737139</energy><liveness>0.250714</liveness><tempo>127.58</tempo><speechiness>0.064187</speechiness><acousticness>0.000781</acousticness><instrumentalness>4e-06</instrumentalness><mode>0</mode><time_signature>4</time_signature><duration>195.10812</duration><loudness>-8.477</loudness><audio_md5 /><valence>0.46138</valence><danceability>0.271752</danceability></audio_summary><title>Blue Skies of Versailles</title></song><song><artist_id>ARGNOMH11EBCD75B07</artist_id><artist_name>Alexis Blue</artist_name><id>SOJXSGH1312A8ABE1A</id><audio_summary><key>4</key><analysis_url>http://echonest-analysis.s3.amazonaws.com/TR/AkL0Egp1qLLrGu5zCHy-U4-54au3hVj_-nrxcIvLH2PSbpi_Obb4ENxAruXDW9WeSCMiMz0nV2GCSYU2o%3D/3/full.json?AWSAccessKeyId=AKIAJRDFEY23UEVW42BQ&amp;Expires=1415343190&amp;Signature=b%2BbT59GwCr0c2L/4Vje9uZhm3eU%3D</analysis_url><energy>0.639969</energy><liveness>0.21021</liveness><tempo>102.301</tempo><speechiness>0.030398</speechiness><acousticness>0.166526</acousticness><instrumentalness>1e-06</instrumentalness><mode>0</mode><time_signature>3</time_signature><duration>194.97751</duration><loudness>-11.747</loudness><audio_md5 /><valence>0.53131</valence><danceability>0.440102</danceability></audio_summary><title>Royal Flush</title></song><song><artist_id>ARGNOMH11EBCD75B07</artist_id><artist_name>Alexis Blue</artist_name><id>SOLCCZZ1311AFDF1C1</id><audio_summary><key>2</key><analysis_url>http://echonest-analysis.s3.amazonaws.com/TR/rh7Wlg3-qsp6sowCAqVvUUD8ZHx3_F7qQzR7iO7Mqv4_al8qsUAKWnim-rZBtwvWyJz9DehUsEdrGLC_c%3D/3/full.json?AWSAccessKeyId=AKIAJRDFEY23UEVW42BQ&amp;Expires=1415343190&amp;Signature=v2lsawcFYBlmAbVoXH%2BHDQlQfu8%3D</analysis_url><energy>0.768186</energy><liveness>0.06855</liveness><tempo>119.513</tempo><speechiness>0.041982</speechiness><acousticness>0.054142</acousticness><instrumentalness>1.3e-05</instrumentalness><mode>1</mode><time_signature>4</time_signature><duration>175.28118</duration><loudness>-8.184</loudness><audio_md5 /><valence>0.625458</valence><danceability>0.499548</danceability></audio_summary><title>Lights Down Low</title></song><song><artist_id>ARGNOMH11EBCD75B07</artist_id><artist_name>Alexis Blue</artist_name><id>SOXADUI13771DDCD14</id><audio_summary><key>6</key><analysis_url>http://echonest-analysis.s3.amazonaws.com/TR/Hml_FwbeXyIsNUltl0HIP9MAIl8hikXaylrPIdxZG6r45rA5V8gm0Gyde_tZcVeQ-KyRjytaUcdYn7Mek%3D/3/full.json?AWSAccessKeyId=AKIAJRDFEY23UEVW42BQ&amp;Expires=1415343190&amp;Signature=mBx/3db7xxwoK%2BX/FbXyCz9TYjk%3D</analysis_url><energy>0.756305</energy><liveness>0.087876</liveness><tempo>160.036</tempo><speechiness>0.08859</speechiness><acousticness>0.010894</acousticness><instrumentalness>2e-06</instrumentalness><mode>0</mode><time_signature>4</time_signature><duration>217.11955</duration><loudness>-9.85</loudness><audio_md5>61930f0af5f3372b06ab1508b94984c9</audio_md5><valence>0.914083</valence><danceability>0.545645</danceability></audio_summary><title>The Winning Goal (Come On England)</title></song><song><artist_id>ARGNOMH11EBCD75B07</artist_id><artist_name>Alexis Blue</artist_name><id>SOCIWBJ13B466ACACB</id><audio_summary><key>9</key><analysis_url>http://echonest-analysis.s3.amazonaws.com/TR/aZyRGAkIasSX23GPcYJcLmH56qnPhez3LFqj6x/3/full.json?AWSAccessKeyId=AKIAJRDFEY23UEVW42BQ&amp;Expires=1415343190&amp;Signature=IUB1yI/s1Mhf/GlifBiI3W7yGys%3D</analysis_url><energy>0.719355</energy><liveness>0.084822</liveness><tempo>160.112</tempo><speechiness>0.082871</speechiness><acousticness>0.011682</acousticness><instrumentalness>0.001625</instrumentalness><mode>1</mode><time_signature>4</time_signature><duration>217.29188</duration><loudness>-10.642</loudness><audio_md5 /><valence>0.867928</valence><danceability>0.54747</danceability></audio_summary><title>The Winning Goal (Come On England)</title></song><song><artist_id>ARGNOMH11EBCD75B07</artist_id><artist_name>Alexis Blue</artist_name><id>SOYWEXJ1313439F003</id><audio_summary><key>11</key><analysis_url>http://echonest-analysis.s3.amazonaws.com/TR/WK6lzgS4c1nWlmJNDon74rSyA2glNXvDLn-S7tJCslJAV6I9ROmF8Y_ILFPANUXSOwYCvy2OVIUrhbE_M%3D/3/full.json?AWSAccessKeyId=AKIAJRDFEY23UEVW42BQ&amp;Expires=1415343190&amp;Signature=eHqzq2GA8WNteCxkDWzrI5Q%2Bv30%3D</analysis_url><energy>0.885553</energy><liveness>0.299965</liveness><tempo>163.357</tempo><speechiness>0.132436</speechiness><acousticness>0.005965</acousticness><instrumentalness>0.0</instrumentalness><mode>0</mode><time_signature>4</time_signature><duration>201.11628</duration><loudness>-9.329</loudness><audio_md5 /><valence>0.611302</valence><danceability>0.340381</danceability></audio_summary><title>Tarred and Feathered</title></song></songs></response>