<response><status><version>4.2</version><code>0</code><message>Success</message></status><songs><song><artist_id>ARJXRRH1187FB40BE3</artist_id><artist_name>Ali Slaight</artist_name><id>SOHZWUZ12A58A79316</id><audio_summary><key>7</key><analysis_url>http://echonest-analysis.s3.amazonaws.com/TR/_nyRdg6Yng-TkX7CSw7BwTHnaoieD9WiLl_2AguB4nl9BIoyzM-0OuMDWCIXNeaGRVZerF5OBKpIwKMwI%3D/3/full.json?AWSAccessKeyId=AKIAJRDFEY23UEVW42BQ&amp;Expires=1415343215&amp;Signature=wcnuMmBHKLsiLnBqyfl1enuzi0Q%3D</analysis_url><energy>0.816886</energy><liveness>0.229128</liveness><tempo>93.975</tempo><speechiness>0.03044</speechiness><acousticness>0.444065</acousticness><instrumentalness>8.3e-05</instrumentalness><mode>1</mode><time_signature>4</time_signature><duration>207.45288</duration><loudness>-3.533</loudness><audio_md5 /><valence>0.381555</valence><danceability>0.56089</danceability></audio_summary><title>Great Expectations</title></song><song><artist_id>ARJXRRH1187FB40BE3</artist_id><artist_name>Ali Slaight</artist_name><id>SOGVPFY131343885CC</id><audio_summary><key>0</key><analysis_url>http://echonest-analysis.s3.amazonaws.com/TR/mM5pqQVq-TlFAFnWEt-MydJC1jJK73DW9-nEdNisHx3M3qBSDi2x_gSgW24ThVTGzGSo9p2_GWtlg2Qeg%3D/3/full.json?AWSAccessKeyId=AKIAJRDFEY23UEVW42BQ&amp;Expires=1415343215&amp;Signature=p0qtP/FoTt2ddcINreEAHtHYpTI%3D</analysis_url><energy>0.754805</energy><liveness>0.086599</liveness><tempo>81.05</tempo><speechiness>0.037838</speechiness><acousticness>0.50094</acousticness><instrumentalness>0.020458</instrumentalness><mode>1</mode><time_signature>4</time_signature><duration>192.07955</duration><loudness>-4.735</loudness><audio_md5 /><valence>0.797491</valence><danceability>0.622433</danceability></audio_summary><title>Apple Of My Eye</title></song><song><artist_id>ARJXRRH1187FB40BE3</artist_id><artist_name>Ali Slaight</artist_name><id>SOFHSHN12AF72A2276</id><audio_summary><key>0</key><analysis_url>http://echonest-analysis.s3.amazonaws.com/TR/_QuCigaIYO5MkdV4n4PK0-tX0e7lCR7LUWNjZVH854s1x18n67Ow5QZSMUd6sR7mpkON0x8ZEa9BVY3uM%3D/3/full.json?AWSAccessKeyId=AKIAJRDFEY23UEVW42BQ&amp;Expires=1415343215&amp;Signature=9iYTiwTAY77GjpE4xynjgm5xmX8%3D</analysis_url><energy>0.512492</energy><liveness>0.109648</liveness><tempo>107.532</tempo><speechiness>0.029173</speechiness><acousticness>0.545592</acousticness><instrumentalness>0.004832</instrumentalness><mode>1</mode><time_signature>3</time_signature><duration>240.18621</duration><loudness>-4.187</loudness><audio_md5 /><valence>0.249701</valence><danceability>0.391618</danceability></audio_summary><title>Family Of Friends</title></song><song><artist_id>ARJXRRH1187FB40BE3</artist_id><artist_name>Ali Slaight</artist_name><id>SOEVHTV1311AFEE61E</id><audio_summary><key>5</key><analysis_url>http://echonest-analysis.s3.amazonaws.com/TR/eLzsOgmpqBXSNskEubVeikh90DVB2B2VCysjckydA4nHwoVO4MW34pIQFapny4wug1Fgx0L05_78FhF1k%3D/3/full.json?AWSAccessKeyId=AKIAJRDFEY23UEVW42BQ&amp;Expires=1415343215&amp;Signature=1Alg%2BagVyldnd3aI7gpAOjTc0r8%3D</analysis_url><energy>0.593213</energy><liveness>0.138649</liveness><tempo>136.044</tempo><speechiness>0.028573</speechiness><acousticness>0.592433</acousticness><instrumentalness>0.000934</instrumentalness><mode>0</mode><time_signature>4</time_signature><duration>238.30621</duration><loudness>-5.951</loudness><audio_md5 /><valence>0.124155</valence><danceability>0.506033</danceability></audio_summary><title>Solitude</title></song><song><artist_id>ARJXRRH1187FB40BE3</artist_id><artist_name>Ali Slaight</artist_name><id>SOIDSGY12AB0182345</id><audio_summary><key>4</key><analysis_url>http://echonest-analysis.s3.amazonaws.com/TR/dKLFIgZw5V5n3yQxnhU4x3HsgziVNuGHF4fSR3dcMEacxdCwga_vASvgcUrT9HwQlHCp2yvoPDaf3sVBU%3D/3/full.json?AWSAccessKeyId=AKIAJRDFEY23UEVW42BQ&amp;Expires=1415343215&amp;Signature=4f2HYDdlxUMluliDpnyH9LpUgII%3D</analysis_url><energy>0.770867</energy><liveness>0.113553</liveness><tempo>92.041</tempo><speechiness>0.0291</speechiness><acousticness>0.234574</acousticness><instrumentalness>0.000904</instrumentalness><mode>1</mode><time_signature>4</time_signature><duration>206.46621</duration><loudness>-4.019</loudness><audio_md5 /><valence>0.1773</valence><danceability>0.582515</danceability></audio_summary><title>The Story Of Your Life</title></song><song><artist_id>ARJXRRH1187FB40BE3</artist_id><artist_name>Ali Slaight</artist_name><id>SOIEPIP137409C3335</id><audio_summary><key>2</key><analysis_url>http://echonest-analysis.s3.amazonaws.com/TR/_sAqBQBTbCvRx6RWTASUDsHenD2hllYAvgug1-ED9Wd9cF48b6VRslb4qr0zdSf_DUrvScUSoEt2VZdRE%3D/3/full.json?AWSAccessKeyId=AKIAJRDFEY23UEVW42BQ&amp;Expires=1415343215&amp;Signature=5bvLoB37%2BV/HnkLJONl645rtc8c%3D</analysis_url><energy>0.846476</energy><liveness>0.335403</liveness><tempo>121.981</tempo><speechiness>0.032712</speechiness><acousticness>0.738945</acousticness><instrumentalness>0.0</instrumentalness><mode>1</mode><time_signature>4</time_signature><duration>242.81288</duration><loudness>-3.372</loudness><audio_md5 /><valence>0.288323</valence><danceability>0.65749</danceability></audio_summary><title>Wait for You</title></song><song><artist_id>ARJXRRH1187FB40BE3</artist_id><artist_name>Ali Slaight</artist_name><id>SOMKUMU12AB01854E4</id><audio_summary><key>5</key><analysis_url>http://echonest-analysis.s3.amazonaws.com/TR/4Str5g8gyo7LQVmElNAvBLNXKGqtlLiH3_zZHgxLurJdJ4GDCbFDnOEo1R-xjZ3H2qFnIFfxmjS9A0L3M%3D/3/full.json?AWSAccessKeyId=AKIAJRDFEY23UEVW42BQ&amp;Expires=1415343215&amp;Signature=PXLosEPkfDBIdJzjZOgOrgLdyrY%3D</analysis_url><energy>0.287442</energy><liveness>0.119761</liveness><tempo>185.168</tempo><speechiness>0.043385</speechiness><acousticness>0.839987</acousticness><instrumentalness>8.6e-05</instrumentalness><mode>1</mode><time_signature>5</time_signature><duration>279.95955</duration><loudness>-9.369</loudness><audio_md5 /><valence>0.286683</valence><danceability>0.370411</danceability></audio_summary><title>At Last</title></song><song><artist_id>ARJXRRH1187FB40BE3</artist_id><artist_name>Ali Slaight</artist_name><id>SOEKIPD12A58A7BE2A</id><audio_summary><key>4</key><analysis_url>http://echonest-analysis.s3.amazonaws.com/TR/h9r6tAhpaCSzB-YFlV9PFR8X79KrbQ21d7jdXZ0Wxk7Uh4cxl-kUXXJZsGcrlWyaaXfArKgbBfjS2FZAA%3D/3/full.json?AWSAccessKeyId=AKIAJRDFEY23UEVW42BQ&amp;Expires=1415343215&amp;Signature=MuhELO3WuXfhoHL80EWl/ununok%3D</analysis_url><energy>0.801902</energy><liveness>0.124651</liveness><tempo>78.24</tempo><speechiness>0.029934</speechiness><acousticness>0.161995</acousticness><instrumentalness>1e-06</instrumentalness><mode>1</mode><time_signature>4</time_signature><duration>253.74621</duration><loudness>-3.802</loudness><audio_md5 /><valence>0.213645</valence><danceability>0.444734</danceability></audio_summary><title>Trace The Stars</title></song><song><artist_id>ARTQYUI1259E0F025C</artist_id><artist_name>Theo Tams and Ali Slaight</artist_name><id>SOILBAK12A58A7AA32</id><audio_summary><key>11</key><analysis_url>http://echonest-analysis.s3.amazonaws.com/TR/sc68GgOhkuzNdyDek1GT_e2BECIyu1GGygrKlc3A6vuFi8QnJ76P5bpbqfF8F_2znbR0h2IRtXVle7H7E%3D/3/full.json?AWSAccessKeyId=AKIAJRDFEY23UEVW42BQ&amp;Expires=1415343215&amp;Signature=cbJbi6FMyS6PB/t%2BWwN4ls8pDis%3D</analysis_url><energy>0.541372</energy><liveness>0.078338</liveness><tempo>82.968</tempo><speechiness>0.026096</speechiness><acousticness>0.275761</acousticness><instrumentalness>0.0</instrumentalness><mode>0</mode><time_signature>4</time_signature><duration>204.34621</duration><loudness>-6.609</loudness><audio_md5 /><valence>0.103525</valence><danceability>0.453434</danceability></audio_summary><title>Do You Hear What I Hear?</title></song></songs></response>