<response><status><version>4.2</version><code>0</code><message>Success</message></status><songs><song><artist_id>AR1ABAO1187FB531E1</artist_id><artist_name>Alice Cooper</artist_name><id>SOABGQW1315CD40A35</id><audio_summary><key>1</key><analysis_url>http://echonest-analysis.s3.amazonaws.com/TR/F_-8yA8puGcx4aRg84Ny2zcXpJuaODftPbDlCE2CIdDO4TaD4hRtuxGyp0JT02GZGHYN4v7jUfYkKvt-I%3D/3/full.json?AWSAccessKeyId=AKIAJRDFEY23UEVW42BQ&amp;Expires=1415343222&amp;Signature=W0T5EeQuhoGkZopNcnpYcJUUSI4%3D</analysis_url><energy>0.762848</energy><liveness>0.203914</liveness><tempo>149.21</tempo><speechiness>0.040473</speechiness><acousticness>0.032013</acousticness><instrumentalness>0.002919</instrumentalness><mode>1</mode><time_signature>4</time_signature><duration>141.09288</duration><loudness>-4.329</loudness><audio_md5 /><valence>0.449989</valence><danceability>0.418983</danceability></audio_summary><title>I Never Cry (Live At Hammersmith Apollo / 2009)</title></song><song><artist_id>AR1ABAO1187FB531E1</artist_id><artist_name>Alice Cooper</artist_name><id>SOAGYDB13C641EDE0A</id><audio_summary><key>3</key><analysis_url>http://echonest-analysis.s3.amazonaws.com/TR/sb1_sgZipLF_tguv2TBJ4iu7O0laQebwdiwgSwIC4yv6YRn3ivefq93DNZ8__mLCDJ88F-a0FlUtmGhVc%3D/3/full.json?AWSAccessKeyId=AKIAJRDFEY23UEVW42BQ&amp;Expires=1415343222&amp;Signature=iER/i%2B5j9ZD3myFXy/Dzf%2BWBaPA%3D</analysis_url><energy>0.962592</energy><liveness>0.324328</liveness><tempo>178.583</tempo><speechiness>0.341731</speechiness><acousticness>0.428229</acousticness><instrumentalness>0.003153</instrumentalness><mode>1</mode><time_signature>4</time_signature><duration>52.57288</duration><loudness>-5.624</loudness><audio_md5 /><valence>0.674369</valence><danceability>0.152911</danceability></audio_summary><title>Greatest Hits (Radio Ad)</title></song><song><artist_id>AR1ABAO1187FB531E1</artist_id><artist_name>Alice Cooper</artist_name><id>SOHZTXL131677155E9</id><audio_summary><key>6</key><analysis_url>http://echonest-analysis.s3.amazonaws.com/TR/ci5JLAUlM305K4QhXX3G-tG9-14XpFX_uNlcjnN5akslqmhgdHrMm9BedBv1sV-1KQjVUNPQpsTVQJycw%3D/3/full.json?AWSAccessKeyId=AKIAJRDFEY23UEVW42BQ&amp;Expires=1415343222&amp;Signature=5FPN8T4/g9Fme/f4RCQ2jKSk9Tw%3D</analysis_url><energy>0.930721</energy><liveness>0.982607</liveness><tempo>99.926</tempo><speechiness>0.043702</speechiness><acousticness>0.002167</acousticness><instrumentalness>1.5e-05</instrumentalness><mode>1</mode><time_signature>4</time_signature><duration>206.99955</duration><loudness>-6.124</loudness><audio_md5 /><valence>0.529065</valence><danceability>0.410943</danceability></audio_summary><title>Teenage Lament '74 (Live)</title></song><song><artist_id>AR1ABAO1187FB531E1</artist_id><artist_name>Alice Cooper</artist_name><id>SOWFAQI145B45C7CF4</id><audio_summary><key>0</key><analysis_url>http://echonest-analysis.s3.amazonaws.com/TR/q8L1vw3ewX1gvFOfirIKHG7l__nrr5sfIydNAu8XeVv2HsJdbCUojKGAMyWza2wRN0ogf04uY6l5mstBY%3D/3/full.json?AWSAccessKeyId=AKIAJRDFEY23UEVW42BQ&amp;Expires=1415343222&amp;Signature=ga5leWHhTvwpWMnrXmgF8HfuDeM%3D</analysis_url><energy>0.478878</energy><liveness>0.261274</liveness><tempo>125.806</tempo><speechiness>0.101715</speechiness><acousticness>0.099464</acousticness><instrumentalness>0.009875</instrumentalness><mode>1</mode><time_signature>4</time_signature><duration>115.90621</duration><loudness>-11.294</loudness><audio_md5 /><valence>0.159877</valence><danceability>0.385971</danceability></audio_summary><title>10 Minutes Before the Worm (Live)</title></song><song><artist_id>AR1ABAO1187FB531E1</artist_id><artist_name>Alice Cooper</artist_name><id>SOAXRYM12C9E5966AE</id><audio_summary><key>8</key><analysis_url>http://echonest-analysis.s3.amazonaws.com/TR/tJtffgXigTtv3LrHHLtHx_AmJ6lrQYPFJGrEsx0KkHVgnQwokNQYOMcAFklRf_XQBu154YR__wPefKg1U%3D/3/full.json?AWSAccessKeyId=AKIAJRDFEY23UEVW42BQ&amp;Expires=1415343222&amp;Signature=nAVOcEgyGHHeeLYX1OhuwFEwZJM%3D</analysis_url><energy>0.971115</energy><liveness>0.14081</liveness><tempo>117.726</tempo><speechiness>0.06106</speechiness><acousticness>1.2e-05</acousticness><instrumentalness>0.213699</instrumentalness><mode>1</mode><time_signature>4</time_signature><duration>196.53288</duration><loudness>-3.856</loudness><audio_md5 /><valence>0.354074</valence><danceability>0.296802</danceability></audio_summary><title>From The Inside (Live At Hammersmith Apollo / 2009)</title></song><song><artist_id>AR1ABAO1187FB531E1</artist_id><artist_name>Alice Cooper</artist_name><id>SOBAAWX13C64232234</id><audio_summary><key>6</key><analysis_url>http://echonest-analysis.s3.amazonaws.com/TR/qfiBdwLRUNNa6cwZlbg3gbKUVKO1Vr1ZvNGPhkO4hE2ogVgsI-ZP5i_CT8lyn_Wer_yG86JHCmveyORq0%3D/3/full.json?AWSAccessKeyId=AKIAJRDFEY23UEVW42BQ&amp;Expires=1415343222&amp;Signature=6pH4eO5/5OMuJK49KaDPEczRiYc%3D</analysis_url><energy>0.90739</energy><liveness>0.356311</liveness><tempo>141.392</tempo><speechiness>0.080839</speechiness><acousticness>0.002769</acousticness><instrumentalness>0.003582</instrumentalness><mode>1</mode><time_signature>4</time_signature><duration>304.58621</duration><loudness>-4.329</loudness><audio_md5 /><valence>0.379679</valence><danceability>0.190694</danceability></audio_summary><title>Under My Wheels (LIVE) (Killer Live St. Louis)</title></song><song><artist_id>AR1ABAO1187FB531E1</artist_id><artist_name>Alice Cooper</artist_name><id>SOBBCHL1373E86ADBB</id><audio_summary><key>5</key><analysis_url>http://echonest-analysis.s3.amazonaws.com/TR/94V_-QcuivbN3uUFEq3yLusP3yYOaJIqIKPAmzl0BID9M4fKQ0R3vnYqf9RZBC4NHCLyfgPOvfjF3OsAA%3D/3/full.json?AWSAccessKeyId=AKIAJRDFEY23UEVW42BQ&amp;Expires=1415343222&amp;Signature=rxhtsFTZp6oz9t2r2uW8s/kPhN0%3D</analysis_url><energy>0.845592</energy><liveness>0.114862</liveness><tempo>103.433</tempo><speechiness>0.089739</speechiness><acousticness>0.000413</acousticness><instrumentalness>0.694984</instrumentalness><mode>1</mode><time_signature>4</time_signature><duration>475.50621</duration><loudness>-10.193</loudness><audio_md5 /><valence>0.120819</valence><danceability>0.150474</danceability></audio_summary><title>Devil's Food (Live)</title></song><song><artist_id>AR1ABAO1187FB531E1</artist_id><artist_name>Alice Cooper</artist_name><id>SOATQHN144F1D7B990</id><audio_summary><key>4</key><analysis_url>http://echonest-analysis.s3.amazonaws.com/TR/lL6P0gRwA2vGCkO19DlseLaTFyC_bQ9a4Q6PwrLNqLba9wBfnxWWQUlh6CMJ8mKFWsc936gOXEPN7sLBQ%3D/3/full.json?AWSAccessKeyId=AKIAJRDFEY23UEVW42BQ&amp;Expires=1415343222&amp;Signature=LFz3BEqwK5aoh%2BOeuxMQN5FL2eg%3D</analysis_url><energy>0.647012</energy><liveness>0.286298</liveness><tempo>106.697</tempo><speechiness>0.049816</speechiness><acousticness>0.644667</acousticness><instrumentalness>0.013796</instrumentalness><mode>0</mode><time_signature>4</time_signature><duration>342.63955</duration><loudness>-10.284</loudness><audio_md5 /><valence>0.681955</valence><danceability>0.372086</danceability></audio_summary><title>Swing Low Sweet Cheerio</title></song><song><artist_id>AR1ABAO1187FB531E1</artist_id><artist_name>Alice Cooper</artist_name><id>SOAPVVO13C641EBD29</id><audio_summary><key>9</key><analysis_url>http://echonest-analysis.s3.amazonaws.com/TR/fYKFyAnY5zMP4jc7gHg6rdcXjvTmipQ403Ii3D9lrZaJB9CDJNjlPUU-FYZzEfA0MFX8cizm33s5ve8Vg%3D/3/full.json?AWSAccessKeyId=AKIAJRDFEY23UEVW42BQ&amp;Expires=1415343222&amp;Signature=r3moIAi6neUjd7REM2/XC%2Bwcn8Q%3D</analysis_url><energy>0.737291</energy><liveness>0.209575</liveness><tempo>100.713</tempo><speechiness>0.038787</speechiness><acousticness>0.162429</acousticness><instrumentalness>0.001672</instrumentalness><mode>1</mode><time_signature>4</time_signature><duration>511.01288</duration><loudness>-5.265</loudness><audio_md5 /><valence>0.331247</valence><danceability>0.240097</danceability></audio_summary><title>Halo Of Flies (Killer Demo)</title></song><song><artist_id>AR1ABAO1187FB531E1</artist_id><artist_name>Alice Cooper</artist_name><id>SOBAJCW1311AFE8FE4</id><audio_summary><key>9</key><analysis_url>http://echonest-analysis.s3.amazonaws.com/TR/0YpD4QTlQr1u9fgN8c3sS7RCRYskdOGxCv1z73KIIZKwtJXq5DOY3j0XClSmWqTsInj5R43tMkCk0jwY8%3D/3/full.json?AWSAccessKeyId=AKIAJRDFEY23UEVW42BQ&amp;Expires=1415343222&amp;Signature=rvZHY9kvcSmYWeBzL7b%2BGkp2eu0%3D</analysis_url><energy>0.357798</energy><liveness>0.189089</liveness><tempo>123.023</tempo><speechiness>0.05336</speechiness><acousticness>0.07359</acousticness><instrumentalness>0.000261</instrumentalness><mode>1</mode><time_signature>4</time_signature><duration>77.55955</duration><loudness>-12.449</loudness><audio_md5 /><valence>0.420971</valence><danceability>0.324109</danceability></audio_summary><title>B.B. On Mars LP Version)</title></song><song><artist_id>AR1ABAO1187FB531E1</artist_id><artist_name>Alice Cooper</artist_name><id>SORWGRC144DB67549D</id><audio_summary><key>5</key><analysis_url>http://echonest-analysis.s3.amazonaws.com/TR/GgbpBgRbJtgrDN9U6PALqVZXs4q-TXsaEeeuPo0XaFCH27dGW7MdIGkWATnsRxlHm38W5ZlGdHCdsIGcE%3D/3/full.json?AWSAccessKeyId=AKIAJRDFEY23UEVW42BQ&amp;Expires=1415343222&amp;Signature=HzmjwrTyk3cCGC3SN7TrACikWco%3D</analysis_url><energy>0.976817</energy><liveness>0.991362</liveness><tempo>80.995</tempo><speechiness>0.219788</speechiness><acousticness>0.025185</acousticness><instrumentalness>0.448273</instrumentalness><mode>0</mode><time_signature>4</time_signature><duration>503.31955</duration><loudness>-6.926</loudness><audio_md5 /><valence>0.035233</valence><danceability>0.156787</danceability></audio_summary><title>School's Out (1986/Live In Detroit)</title></song><song><artist_id>AR1ABAO1187FB531E1</artist_id><artist_name>Alice Cooper</artist_name><id>SOVDYZW1311AFD8CB2</id><audio_summary><key>0</key><analysis_url>http://echonest-analysis.s3.amazonaws.com/TR/Zg2fYQBhJ4Xhts6xj9Dn8B8VFCQzGf5Pogj-AmuzjqGh76ML169GiQgUS6o3HvRtN2b_uvrn1yLC6CIR8%3D/3/full.json?AWSAccessKeyId=AKIAJRDFEY23UEVW42BQ&amp;Expires=1415343222&amp;Signature=M%2B9CTDTIKFPqa07JX0lzelYIC78%3D</analysis_url><energy>0.768603</energy><liveness>0.917467</liveness><tempo>104.175</tempo><speechiness>0.03051</speechiness><acousticness>0.021456</acousticness><instrumentalness>0.025118</instrumentalness><mode>1</mode><time_signature>4</time_signature><duration>184.86621</duration><loudness>-8.726</loudness><audio_md5 /><valence>0.530687</valence><danceability>0.494424</danceability></audio_summary><title>Hello Hooray (Live Version)</title></song><song><artist_id>AR1ABAO1187FB531E1</artist_id><artist_name>Alice Cooper</artist_name><id>SOQABXP1373E86B057</id><audio_summary><key>0</key><analysis_url>http://echonest-analysis.s3.amazonaws.com/TR/Yw-kMgNxjDNwThmr4xruRbtbjt96Ch3MVC8l5owf2K3-MnuGkRaRx3Moci7eW-Y-uVxVUKn-uJOMP0Bus%3D/3/full.json?AWSAccessKeyId=AKIAJRDFEY23UEVW42BQ&amp;Expires=1415343222&amp;Signature=9tkJH4qEqBDOpVlnpLyNZJ2G0NY%3D</analysis_url><energy>0.880116</energy><liveness>0.560167</liveness><tempo>123.109</tempo><speechiness>0.12511</speechiness><acousticness>0.046951</acousticness><instrumentalness>0.003725</instrumentalness><mode>1</mode><time_signature>4</time_signature><duration>338.11955</duration><loudness>-11.432</loudness><audio_md5 /><valence>0.232651</valence><danceability>0.296426</danceability></audio_summary><title>Intro / Welcome to My Nightmare (Live)</title></song><song><artist_id>AR1ABAO1187FB531E1</artist_id><artist_name>Alice Cooper</artist_name><id>SOLTAEG13739B2241E</id><audio_summary><key>0</key><analysis_url>http://echonest-analysis.s3.amazonaws.com/TR/ucUYaw8sej-4nBxtPo4ZSnt5Kj62fo6QUZ6ocqLEDcprSv45Ofxi8GElFvzNMQ3VJq38rsryyb4FAyruk%3D/3/full.json?AWSAccessKeyId=AKIAJRDFEY23UEVW42BQ&amp;Expires=1415343222&amp;Signature=EJ%2BlCGLT6ywsLUCsBjYHb9naReU%3D</analysis_url><energy>0.420245</energy><liveness>0.937188</liveness><tempo>113.094</tempo><speechiness>0.036384</speechiness><acousticness>0.218821</acousticness><instrumentalness>2.9e-05</instrumentalness><mode>1</mode><time_signature>1</time_signature><duration>59.77288</duration><loudness>-10.239</loudness><audio_md5 /><valence>0.258353</valence><danceability>0.381737</danceability></audio_summary><title>Sick Things (Live)</title></song><song><artist_id>AR1ABAO1187FB531E1</artist_id><artist_name>Alice Cooper</artist_name><id>SOIDWOF1315CD40D41</id><audio_summary><key>2</key><analysis_url>http://echonest-analysis.s3.amazonaws.com/TR/0dUoBwtPzwsxKf0xnKjFTd9UXlagX5J33KoHibTMqwpENP2MESVCLbxmsNztTbQyHkYpQKwM_20KbyKgA%3D/3/full.json?AWSAccessKeyId=AKIAJRDFEY23UEVW42BQ&amp;Expires=1415343222&amp;Signature=YNDgSH8Gcca4DcvFqSRt7hxg7NI%3D</analysis_url><energy>0.971632</energy><liveness>0.966884</liveness><tempo>100.365</tempo><speechiness>0.053609</speechiness><acousticness>1.9e-05</acousticness><instrumentalness>0.033806</instrumentalness><mode>1</mode><time_signature>4</time_signature><duration>217.85288</duration><loudness>-2.728</loudness><audio_md5 /><valence>0.645849</valence><danceability>0.453682</danceability></audio_summary><title>Vengeance Is Mine (Live At Hammersmith Apollo / 2009)</title></song><song><artist_id>AR1ABAO1187FB531E1</artist_id><artist_name>Alice Cooper</artist_name><id>SODBLIR1315CD419CC</id><audio_summary><key>9</key><analysis_url>http://echonest-analysis.s3.amazonaws.com/TR/n_0xdw-rLge1cM2AGkIHt3Fs_ja3v2Arc-oulCe2dVObO94SCM2g4HiAHvlgOdeE5dvrqvuIg0B71nG7Y%3D/3/full.json?AWSAccessKeyId=AKIAJRDFEY23UEVW42BQ&amp;Expires=1415343222&amp;Signature=JcobK0EuBiclwKdqJqsEKUNYOVo%3D</analysis_url><energy>0.967715</energy><liveness>0.335108</liveness><tempo>90.346</tempo><speechiness>0.086713</speechiness><acousticness>8e-06</acousticness><instrumentalness>0.103036</instrumentalness><mode>1</mode><time_signature>4</time_signature><duration>77.91955</duration><loudness>-4.509</loudness><audio_md5 /><valence>0.180634</valence><danceability>0.244596</danceability></audio_summary><title>I Love The Dead (Live At Hammersmith Apollo / 2009)</title></song><song><artist_id>AR1ABAO1187FB531E1</artist_id><artist_name>Alice Cooper</artist_name><id>SOHQKHF145B45D0EA6</id><audio_summary><key>4</key><analysis_url>http://echonest-analysis.s3.amazonaws.com/TR/zdlbSwG2xTlvnPCyr1MNu9aXXEcLs8N7a60MBcGwgQ_zidjdkl7FUmnSV-ddDIkm2Aj-MhaFYU91ZboW0%3D/3/full.json?AWSAccessKeyId=AKIAJRDFEY23UEVW42BQ&amp;Expires=1415343222&amp;Signature=hJUOqQWZ2cZVWHNZq0yeIcGcO6o%3D</analysis_url><energy>0.859606</energy><liveness>0.73984</liveness><tempo>125.343</tempo><speechiness>0.147136</speechiness><acousticness>0.291935</acousticness><instrumentalness>0.001029</instrumentalness><mode>1</mode><time_signature>4</time_signature><duration>94.39955</duration><loudness>-9.628</loudness><audio_md5 /><valence>0.116127</valence><danceability>0.409253</danceability></audio_summary><title>B.B. On Mars (Live)</title></song><song><artist_id>AR1ABAO1187FB531E1</artist_id><artist_name>Alice Cooper</artist_name><id>SOBODQK12B3A13D62A</id><audio_summary><key>6</key><analysis_url>http://echonest-analysis.s3.amazonaws.com/TR/gIUS_AYfA-KcF9eqNrDutJrq_DIYutf_BZs_lJ94YbFe08dZPns43_Ix6_fO5qtcKUzMa3bXBoPzjqq5M%3D/3/full.json?AWSAccessKeyId=AKIAJRDFEY23UEVW42BQ&amp;Expires=1415343222&amp;Signature=ya/9kMb%2BR6RzmAEYWlfxh2ZMRRA%3D</analysis_url><energy>0.968746</energy><liveness>0.350835</liveness><tempo>104.641</tempo><speechiness>0.049091</speechiness><acousticness>7.7e-05</acousticness><instrumentalness>0.104517</instrumentalness><mode>0</mode><time_signature>4</time_signature><duration>155.55955</duration><loudness>-2.338</loudness><audio_md5 /><valence>0.405173</valence><danceability>0.28231</danceability></audio_summary><title>Devil's Food (Live At Hammersmith Apollo / 2009)</title></song><song><artist_id>AR1ABAO1187FB531E1</artist_id><artist_name>Alice Cooper</artist_name><id>SOTUMVU14769D9A5C3</id><audio_summary><key>11</key><analysis_url>http://echonest-analysis.s3.amazonaws.com/TR/OhVyEA3pzXUQfHPnAk6if2BbpWZ4orkRBvmnoKqe2j5TLNuYOJ8eSmCrOa22wMecFxmVxn_E7c3_FzeC8%3D/3/full.json?AWSAccessKeyId=AKIAJRDFEY23UEVW42BQ&amp;Expires=1415343222&amp;Signature=/R0LHWkYHjWbOQa2DuOBh8PV6yE%3D</analysis_url><energy>0.912376</energy><liveness>0.931382</liveness><tempo>131.738</tempo><speechiness>0.072817</speechiness><acousticness>0.000483</acousticness><instrumentalness>0.000458</instrumentalness><mode>1</mode><time_signature>4</time_signature><duration>269.79955</duration><loudness>-4.88</loudness><audio_md5 /><valence>0.343318</valence><danceability>0.38739</danceability></audio_summary><title>Hey Stoopid (Live At Wacken 2013)</title></song><song><artist_id>AR1ABAO1187FB531E1</artist_id><artist_name>Alice Cooper</artist_name><id>SOEBIPT1316771045B</id><audio_summary><key>2</key><analysis_url>http://echonest-analysis.s3.amazonaws.com/TR/MMmaIwmnaKi5MksunfZrfd-raZORyP58uzsyYUULKBhyfF6h-g798YCH6z0xBaWIlYT4uREmbSdmE8R34%3D/3/full.json?AWSAccessKeyId=AKIAJRDFEY23UEVW42BQ&amp;Expires=1415343222&amp;Signature=L19Rcx6zkgw2QXOh21vZfzYZuPE%3D</analysis_url><energy>0.608451</energy><liveness>0.347849</liveness><tempo>120.612</tempo><speechiness>0.037033</speechiness><acousticness>0.000308</acousticness><instrumentalness>0.831985</instrumentalness><mode>1</mode><time_signature>4</time_signature><duration>152.43955</duration><loudness>-13.669</loudness><audio_md5 /><valence>0.727639</valence><danceability>0.328296</danceability></audio_summary><title>AC Instrumental (Live)</title></song><song><artist_id>AR1ABAO1187FB531E1</artist_id><artist_name>Alice Cooper</artist_name><id>SODZBEA13E2E55163E</id><audio_summary><key>3</key><analysis_url>http://echonest-analysis.s3.amazonaws.com/TR/Zsfbdg7LxfyvOLZDeXvIYzBaiwTQ3ljfVRMvjxUBn2FHy6ZPf9B-b4xMJtZZIaWsl2BZjN0WA8kdmDzsg%3D/3/full.json?AWSAccessKeyId=AKIAJRDFEY23UEVW42BQ&amp;Expires=1415343222&amp;Signature=rAM0l54kloitGlvNqYGpXb7TRYs%3D</analysis_url><energy>0.967559</energy><liveness>0.319401</liveness><tempo>49.774</tempo><speechiness>0.275223</speechiness><acousticness>0.399071</acousticness><instrumentalness>0.000667</instrumentalness><mode>1</mode><time_signature>4</time_signature><duration>52.57288</duration><loudness>-5.593</loudness><audio_md5 /><valence>0.516073</valence><danceability>0.217002</danceability></audio_summary><title>Greatest Hits</title></song><song><artist_id>AR1ABAO1187FB531E1</artist_id><artist_name>Alice Cooper</artist_name><id>SORIAFL1373E86B235</id><audio_summary><key>5</key><analysis_url>http://echonest-analysis.s3.amazonaws.com/TR/I3fIQwDJ4Z9ttqBK6sfxovG1tw45nvGKRHL7TbCzaujubYtywmxkWY6rDuSPSNFWnWUCg65hBW10OGojs%3D/3/full.json?AWSAccessKeyId=AKIAJRDFEY23UEVW42BQ&amp;Expires=1415343222&amp;Signature=F8NoDJcm%2BVCWkNI4P8WDVAkIc9A%3D</analysis_url><energy>0.509666</energy><liveness>0.945633</liveness><tempo>86.561</tempo><speechiness>0.055415</speechiness><acousticness>0.01536</acousticness><instrumentalness>0.002444</instrumentalness><mode>1</mode><time_signature>4</time_signature><duration>322.39955</duration><loudness>-11.613</loudness><audio_md5 /><valence>0.239179</valence><danceability>0.126479</danceability></audio_summary><title>Steven (Live)</title></song><song><artist_id>AR1ABAO1187FB531E1</artist_id><artist_name>Alice Cooper</artist_name><id>SODMLJH1372F707D19</id><audio_summary><key>9</key><analysis_url>http://echonest-analysis.s3.amazonaws.com/TR/vYESOAbMSiCfxb2KegzIy-7unu4dSV7F8s6cMu2cobJNPHyBUJoSzKHpkE_cBTZ0M8VA2Vz4FvMqkP2cA%3D/3/full.json?AWSAccessKeyId=AKIAJRDFEY23UEVW42BQ&amp;Expires=1415343222&amp;Signature=b6Hz5sFxhGvekL0H2T6qanmzts0%3D</analysis_url><energy>0.620538</energy><liveness>0.481123</liveness><tempo>149.576</tempo><speechiness>0.070072</speechiness><acousticness>0.120567</acousticness><instrumentalness>0.383081</instrumentalness><mode>1</mode><time_signature>4</time_signature><duration>248.21669</duration><loudness>-9.529</loudness><audio_md5 /><valence>0.937159</valence><danceability>0.52612</danceability></audio_summary><title>Ain't That Just Like A Woman</title></song><song><artist_id>AR1ABAO1187FB531E1</artist_id><artist_name>Alice Cooper</artist_name><id>SONVXTN13671A99EB7</id><audio_summary><key>5</key><analysis_url>http://echonest-analysis.s3.amazonaws.com/TR/KUptNQguj8_UX-2Cd7UlnsJia_iu_4b-kTDAB73yimCIQESHU%3D/3/full.json?AWSAccessKeyId=AKIAJRDFEY23UEVW42BQ&amp;Expires=1415343222&amp;Signature=Imc8nA8QC/aBzSEETyT9zRK7tyA%3D</analysis_url><energy>0.361709</energy><liveness>0.147068</liveness><tempo>75.94</tempo><speechiness>0.085233</speechiness><acousticness>0.077332</acousticness><instrumentalness>0.846981</instrumentalness><mode>1</mode><time_signature>4</time_signature><duration>150.62159</duration><loudness>-15.704</loudness><audio_md5 /><valence>0.930972</valence><danceability>0.614959</danceability></audio_summary><title>Ain't That Just Like A Woman</title></song><song><artist_id>AR1ABAO1187FB531E1</artist_id><artist_name>Alice Cooper</artist_name><id>SODDYZU12AB01817F0</id><audio_summary><key>8</key><analysis_url>http://echonest-analysis.s3.amazonaws.com/TR/j65umAs9ZfHXe8fl-632khh6tccObUPJF5WCRKXD8yV3JBoxfkwYMRJCZlzIv38UA1vCGgOTqhaN0YSc0%3D/3/full.json?AWSAccessKeyId=AKIAJRDFEY23UEVW42BQ&amp;Expires=1415343222&amp;Signature=UAyUAPF3dtQSSI/0efO8Ht6328U%3D</analysis_url><energy>0.72193</energy><liveness>0.97236</liveness><tempo>86.02</tempo><speechiness>0.047184</speechiness><acousticness>0.385695</acousticness><instrumentalness>0.001053</instrumentalness><mode>1</mode><time_signature>4</time_signature><duration>411.18621</duration><loudness>-8.938</loudness><audio_md5 /><valence>0.283961</valence><danceability>0.315101</danceability></audio_summary><title>The Ballad Of Dwight Fry (1986/Live In Detroit)</title></song><song><artist_id>AR1ABAO1187FB531E1</artist_id><artist_name>Alice Cooper</artist_name><id>SOFXXKP12A58A7E751</id><audio_summary><key>0</key><analysis_url>http://echonest-analysis.s3.amazonaws.com/TR/yYOF7AyCJMx6Fp-9baCeXtloPFluFJXAYr_rXQbRCqmQC225TxGcNBVQiPCYF0BF1A3fCFrDu4FAw3HQE%3D/3/full.json?AWSAccessKeyId=AKIAJRDFEY23UEVW42BQ&amp;Expires=1415343222&amp;Signature=zEjojHmpcVxlFOU8mvPzezYvcvc%3D</analysis_url><energy>0.597976</energy><liveness>0.706762</liveness><tempo>139.87</tempo><speechiness>0.032664</speechiness><acousticness>0.028955</acousticness><instrumentalness>0.08531</instrumentalness><mode>1</mode><time_signature>4</time_signature><duration>196.63955</duration><loudness>-9.83</loudness><audio_md5 /><valence>0.42091</valence><danceability>0.288366</danceability></audio_summary><title>Sick Things (Live Version)</title></song><song><artist_id>AR1ABAO1187FB531E1</artist_id><artist_name>Alice Cooper</artist_name><id>SOEPCAV12A6D4F9F35</id><audio_summary><key>5</key><analysis_url>http://echonest-analysis.s3.amazonaws.com/TR/VopP5gZW8FhttNZNBjYwmFAJf_YddPOKpRgkrq0pdIZjgLM_6JKBvSzLofLYhUTxgfs-n-JJf9IrdtA0Y%3D/3/full.json?AWSAccessKeyId=AKIAJRDFEY23UEVW42BQ&amp;Expires=1415343222&amp;Signature=Jwt9fVuJ/1gJqaRjuieSDP9ZPmA%3D</analysis_url><energy>0.946322</energy><liveness>0.196784</liveness><tempo>104.964</tempo><speechiness>0.076533</speechiness><acousticness>0.000679</acousticness><instrumentalness>0.000631</instrumentalness><mode>0</mode><time_signature>4</time_signature><duration>251.41288</duration><loudness>-4.087</loudness><audio_md5 /><valence>0.355786</valence><danceability>0.389849</danceability></audio_summary><title>Hey, Bulldog</title></song><song><artist_id>AR1ABAO1187FB531E1</artist_id><artist_name>Alice Cooper</artist_name><id>SOTYSWQ137323094AB</id><audio_summary><key>5</key><analysis_url>http://echonest-analysis.s3.amazonaws.com/TR/fnPXDw1YEIANPVimGC8ybCDchEspWY5-02ZV1r/3/full.json?AWSAccessKeyId=AKIAJRDFEY23UEVW42BQ&amp;Expires=1415343222&amp;Signature=WUABAOy9vSUqSMexv5/yl6OIr/M%3D</analysis_url><energy>0.933193</energy><liveness>0.126095</liveness><tempo>105.169</tempo><speechiness>0.060833</speechiness><acousticness>0.000693</acousticness><instrumentalness>0.000865</instrumentalness><mode>0</mode><time_signature>4</time_signature><duration>251.61098</duration><loudness>-4.948</loudness><audio_md5 /><valence>0.376283</valence><danceability>0.312895</danceability></audio_summary><title>Hey, Bulldog</title></song><song><artist_id>AR1ABAO1187FB531E1</artist_id><artist_name>Alice Cooper</artist_name><id>SOYCORQ1373E86B1A3</id><audio_summary><key>6</key><analysis_url>http://echonest-analysis.s3.amazonaws.com/TR/6Kob9A8A3wHDHqybQOSr2KkU4eQhQjBg-FKDhcGWW3bwsuO6qXiQV0JAp0RjFgiO9q3GvywH4SwQlX1CQ%3D/3/full.json?AWSAccessKeyId=AKIAJRDFEY23UEVW42BQ&amp;Expires=1415343222&amp;Signature=NezFSVK5FeB%2BCA/muIx3NnAiawo%3D</analysis_url><energy>0.886092</energy><liveness>0.852303</liveness><tempo>134.122</tempo><speechiness>0.106392</speechiness><acousticness>9e-05</acousticness><instrumentalness>0.095895</instrumentalness><mode>1</mode><time_signature>4</time_signature><duration>436.85288</duration><loudness>-11.269</loudness><audio_md5 /><valence>0.192164</valence><danceability>0.279727</danceability></audio_summary><title>Department of Youth (Live)</title></song><song><artist_id>AR1ABAO1187FB531E1</artist_id><artist_name>Alice Cooper</artist_name><id>SOVKEKT12AF7299A99</id><audio_summary><key>9</key><analysis_url>http://echonest-analysis.s3.amazonaws.com/TR/um3c4g-s6l2DdY_Cd8w5E_y7bW1UAwCmeGptpK9eNZ5-9gXgBEPQ6wZGzB_v3m9aqoPuJljcs31rUFt8Y%3D/3/full.json?AWSAccessKeyId=AKIAJRDFEY23UEVW42BQ&amp;Expires=1415343222&amp;Signature=eDwPEr/Ab00VkdLzQqaxJgvAhMs%3D</analysis_url><energy>0.920451</energy><liveness>0.08148</liveness><tempo>118.723</tempo><speechiness>0.051541</speechiness><acousticness>0.002582</acousticness><instrumentalness>0.006608</instrumentalness><mode>1</mode><time_signature>4</time_signature><duration>252.35955</duration><loudness>-6.56</loudness><audio_md5 /><valence>0.370759</valence><danceability>0.414513</danceability></audio_summary><title>Is Anyone Home?</title></song><song><artist_id>AR1ABAO1187FB531E1</artist_id><artist_name>Alice Cooper</artist_name><id>SODTHYP12AB017D9A9</id><audio_summary><key>7</key><analysis_url>http://echonest-analysis.s3.amazonaws.com/TR/Vd7wAgSontiXRf32HbcEXWUHo6jxKF0najQ8Q7yDbCw4wDe565A7DOgDPgMAIQG6x6yCMvf_WROKU3WaU%3D/3/full.json?AWSAccessKeyId=AKIAJRDFEY23UEVW42BQ&amp;Expires=1415343222&amp;Signature=xyfC9kxKkweaUg7LVIkcUUo9Oe4%3D</analysis_url><energy>0.327809</energy><liveness>0.304282</liveness><tempo>80.027</tempo><speechiness>0.029278</speechiness><acousticness>0.598511</acousticness><instrumentalness>8e-06</instrumentalness><mode>1</mode><time_signature>4</time_signature><duration>289.15955</duration><loudness>-7.429</loudness><audio_md5 /><valence>0.126626</valence><danceability>0.55818</danceability></audio_summary><title>Salvation ((Acoustic Unplugged))</title></song><song><artist_id>AR1ABAO1187FB531E1</artist_id><artist_name>Alice Cooper</artist_name><id>SODAGKJ1496A55A36E</id><audio_summary><key>2</key><analysis_url>http://echonest-analysis.s3.amazonaws.com/TR/QSSpVA1Jv8fpl-YLN60-rcgImZq7WAaq4z6sQKtVh0hfm8uF5Xnnt7CyZnheiZWu5tqXpFFG6zPd2yPTI%3D/3/full.json?AWSAccessKeyId=AKIAJRDFEY23UEVW42BQ&amp;Expires=1415343222&amp;Signature=RLFPSi6AOOfDYpQVi%2B86m3u5Ym8%3D</analysis_url><energy>0.867413</energy><liveness>0.129023</liveness><tempo>134.814</tempo><speechiness>0.080882</speechiness><acousticness>0.049163</acousticness><instrumentalness>0.298875</instrumentalness><mode>1</mode><time_signature>4</time_signature><duration>281.98621</duration><loudness>-7.871</loudness><audio_md5 /><valence>0.218829</valence><danceability>0.256762</danceability></audio_summary><title>Unfinished Sweet (Live)</title></song><song><artist_id>AR1ABAO1187FB531E1</artist_id><artist_name>Alice Cooper</artist_name><id>SOLBZVU13134390F86</id><audio_summary><key>0</key><analysis_url>http://echonest-analysis.s3.amazonaws.com/TR/Nxd79QmxlYRi0QdAu8DRyaEpC4WPx2z0IlmZvO1nQtE1O2L1DVFx15Ch2l3q-O_wfxpmPWuGyV8L9EH1Q%3D/3/full.json?AWSAccessKeyId=AKIAJRDFEY23UEVW42BQ&amp;Expires=1415343222&amp;Signature=S7czHNcK0KuarJ1H7HlOrAVJvGo%3D</analysis_url><energy>0.559992</energy><liveness>0.614495</liveness><tempo>122.488</tempo><speechiness>0.030989</speechiness><acousticness>0.056055</acousticness><instrumentalness>0.068977</instrumentalness><mode>1</mode><time_signature>4</time_signature><duration>318.93288</duration><loudness>-8.995</loudness><audio_md5 /><valence>0.127184</valence><danceability>0.448584</danceability></audio_summary><title>Scarlet And Sheba</title></song><song><artist_id>AR1ABAO1187FB531E1</artist_id><artist_name>Alice Cooper</artist_name><id>SONVCQP13AC2B2BF49</id><audio_summary><key>2</key><analysis_url>http://echonest-analysis.s3.amazonaws.com/TR/VXHfcgGp1SgSewzzqCB1Sp6yMnf-aFXt4KKUCD5ZbS3hE-dkoJBhzbjhMnQduVKcXuzZqR/3/full.json?AWSAccessKeyId=AKIAJRDFEY23UEVW42BQ&amp;Expires=1415343222&amp;Signature=qnaRCnDKjL7z2hAwDW%2BGRH%2BVZBY%3D</analysis_url><energy>0.913818</energy><liveness>0.118155</liveness><tempo>128.187</tempo><speechiness>0.17451</speechiness><acousticness>0.074222</acousticness><instrumentalness>0.01425</instrumentalness><mode>1</mode><time_signature>4</time_signature><duration>193.33179</duration><loudness>-8.163</loudness><audio_md5>5b01b517b9a5012c2b6df30f2c3e1f8c</audio_md5><valence>0.409814</valence><danceability>0.627076</danceability></audio_summary><title>Space Pirates</title></song><song><artist_id>AR1ABAO1187FB531E1</artist_id><artist_name>Alice Cooper</artist_name><id>SOMKSPL12A6D4F8C79</id><audio_summary><key>7</key><analysis_url>http://echonest-analysis.s3.amazonaws.com/TR/nrxqgAQw5qtM8bqmzAHssIQA1Md4z8cIuWjPKXrealzF-sDeRrABTAa2PNCGeWrQdC4UNjZRLCu8fCkGo%3D/3/full.json?AWSAccessKeyId=AKIAJRDFEY23UEVW42BQ&amp;Expires=1415343222&amp;Signature=Iz8yuTUTtZivGdXDJHJSxshmr10%3D</analysis_url><energy>0.924569</energy><liveness>0.668407</liveness><tempo>135.685</tempo><speechiness>0.06191</speechiness><acousticness>0.007893</acousticness><instrumentalness>1e-05</instrumentalness><mode>1</mode><time_signature>4</time_signature><duration>214.53288</duration><loudness>-9.634</loudness><audio_md5 /><valence>0.378495</valence><danceability>0.506769</danceability></audio_summary><title>Give The Radio Back</title></song><song><artist_id>AR1ABAO1187FB531E1</artist_id><artist_name>Alice Cooper</artist_name><id>SOLRMHF12DA547A347</id><audio_summary><key>6</key><analysis_url>http://echonest-analysis.s3.amazonaws.com/TR/k6nhAwLNG5w9Bd2GsnvrIQrKTdDWg7q1yEkUpjMKxknyOqGwLuHkGOTsSw7t4wC5rc5VSJx03Snjrl3Uc%3D/3/full.json?AWSAccessKeyId=AKIAJRDFEY23UEVW42BQ&amp;Expires=1415343222&amp;Signature=cmhr8BXPCPdQbiznhraUJLAnbOg%3D</analysis_url><energy>0.752689</energy><liveness>0.35091</liveness><tempo>75.876</tempo><speechiness>0.035202</speechiness><acousticness>0.018376</acousticness><instrumentalness>0.008084</instrumentalness><mode>1</mode><time_signature>4</time_signature><duration>149.01288</duration><loudness>-5.067</loudness><audio_md5 /><valence>0.430257</valence><danceability>0.381095</danceability></audio_summary><title>Only Women Bleed (Live At Hammersmith Apollo / 2009s)</title></song><song><artist_id>AR1ABAO1187FB531E1</artist_id><artist_name>Alice Cooper</artist_name><id>SOFIZSI12AB018C845</id><audio_summary><key>4</key><analysis_url>http://echonest-analysis.s3.amazonaws.com/TR/-RNmWAzR6qo4dxlPKIn-SPEpESwg8KbUcwFYQB7VQ5_DJmoStAsQdH0KuPBYZpdjJ6VjqPgzh2SVFLNyE%3D/3/full.json?AWSAccessKeyId=AKIAJRDFEY23UEVW42BQ&amp;Expires=1415343222&amp;Signature=M2dU1ErEAdj45ehxKmenyZUXesE%3D</analysis_url><energy>0.61102</energy><liveness>0.837137</liveness><tempo>103.69</tempo><speechiness>0.031813</speechiness><acousticness>0.031855</acousticness><instrumentalness>0.224006</instrumentalness><mode>0</mode><time_signature>4</time_signature><duration>116.14141</duration><loudness>-10.533</loudness><audio_md5 /><valence>0.962905</valence><danceability>0.492497</danceability></audio_summary><title>Painting A Picture</title></song><song><artist_id>AR1ABAO1187FB531E1</artist_id><artist_name>Alice Cooper</artist_name><id>SOAAEFH1360DE5EE4B</id><audio_summary><key>1</key><analysis_url>http://echonest-analysis.s3.amazonaws.com/TR/Mlx8yA7iY1Edfb-iSRyXEJEi0nbIBZOYh9_UPD1HvFWpm1yygo2KYCiJ-HTCOPTZjRttk0Kc9iAtbmIAM%3D/3/full.json?AWSAccessKeyId=AKIAJRDFEY23UEVW42BQ&amp;Expires=1415343222&amp;Signature=Fqi1oobBVWlllkk8BHhbzFDCMF4%3D</analysis_url><energy>0.588264</energy><liveness>0.268731</liveness><tempo>141.054</tempo><speechiness>0.100736</speechiness><acousticness>0.024162</acousticness><instrumentalness>0.490594</instrumentalness><mode>0</mode><time_signature>3</time_signature><duration>123.878</duration><loudness>-11.695</loudness><audio_md5 /><valence>0.364555</valence><danceability>0.2779</danceability></audio_summary><title>I've Written Home To Mother</title></song><song><artist_id>AR1ABAO1187FB531E1</artist_id><artist_name>Alice Cooper</artist_name><id>SOAACYP1312A8ACFE9</id><audio_summary><key>2</key><analysis_url>http://echonest-analysis.s3.amazonaws.com/TR/1AVz7Q1Q6JItnxQ_cjLwJ33NON-Z3kk49G7dUK9LRE7KCseR3lKsYHFRB_hp_C1AenpWIZWIIv7UEUCL0%3D/3/full.json?AWSAccessKeyId=AKIAJRDFEY23UEVW42BQ&amp;Expires=1415343222&amp;Signature=sN6%2Bf5SZUdi7mIFHCUzKGi/rCD0%3D</analysis_url><energy>0.789222</energy><liveness>0.296492</liveness><tempo>121.379</tempo><speechiness>0.053681</speechiness><acousticness>0.006557</acousticness><instrumentalness>0.388746</instrumentalness><mode>1</mode><time_signature>4</time_signature><duration>278.77234</duration><loudness>-10.11</loudness><audio_md5 /><valence>0.521424</valence><danceability>0.289414</danceability></audio_summary><title>I've Written Home To Mother</title></song><song><artist_id>AR1ABAO1187FB531E1</artist_id><artist_name>Alice Cooper</artist_name><id>SOMXXIH137720F1E1A</id><audio_summary><key>4</key><analysis_url>http://echonest-analysis.s3.amazonaws.com/TR/wmR3mQT845tG-MZIAtlRVzIM_hCwomMf5RH-0KHWcbU0HqQdfdPdhCvtYVcD5Qee_ADhgH7SaC32L_ans%3D/3/full.json?AWSAccessKeyId=AKIAJRDFEY23UEVW42BQ&amp;Expires=1415343222&amp;Signature=s8su51SoGHtDJi47PrqHmdOezUM%3D</analysis_url><energy>0.646513</energy><liveness>0.227642</liveness><tempo>142.621</tempo><speechiness>0.042309</speechiness><acousticness>0.562123</acousticness><instrumentalness>0.210383</instrumentalness><mode>1</mode><time_signature>4</time_signature><duration>127.55955</duration><loudness>-12.039</loudness><audio_md5>13a0c9bed684171b9dcde0154c800046</audio_md5><valence>0.941894</valence><danceability>0.420988</danceability></audio_summary><title>Goin' To The River</title></song><song><artist_id>AR1ABAO1187FB531E1</artist_id><artist_name>Alice Cooper</artist_name><id>SOPVELN1315CD41BA6</id><audio_summary><key>1</key><analysis_url>http://echonest-analysis.s3.amazonaws.com/TR/I71OCQmQ6EwXIpr_EwLqtV8putti3RcalloIoywXR7ekVMyEy55J-syh_ZWVfiR2G6E6701Y9UpcykFQU%3D/3/full.json?AWSAccessKeyId=AKIAJRDFEY23UEVW42BQ&amp;Expires=1415343222&amp;Signature=xvIPAGyuA8nWbslmY9anoHUY2Ic%3D</analysis_url><energy>0.992563</energy><liveness>0.11935</liveness><tempo>180.006</tempo><speechiness>0.154602</speechiness><acousticness>8.3e-05</acousticness><instrumentalness>0.392686</instrumentalness><mode>1</mode><time_signature>4</time_signature><duration>186.23955</duration><loudness>-2.418</loudness><audio_md5 /><valence>0.397618</valence><danceability>0.178391</danceability></audio_summary><title>Dirty Diamonds (Live At Hammersmith Apollo / 2009)</title></song><song><artist_id>AR1ABAO1187FB531E1</artist_id><artist_name>Alice Cooper</artist_name><id>SOFKAKY12AB017D998</id><audio_summary><key>0</key><analysis_url>http://echonest-analysis.s3.amazonaws.com/TR/iQlJ1gglBtwZrcHrS5AxhaX3H1FgELHSy4bgt4ymq4PjnkF6h5MknUw1GLMpi0qyoFszUWnsLLuZ9nQ-I%3D/3/full.json?AWSAccessKeyId=AKIAJRDFEY23UEVW42BQ&amp;Expires=1415343222&amp;Signature=riQP7nNZ8SNZcMLQUpxpquwttUU%3D</analysis_url><energy>0.948644</energy><liveness>0.34783</liveness><tempo>104.074</tempo><speechiness>0.045364</speechiness><acousticness>5.5e-05</acousticness><instrumentalness>0.526352</instrumentalness><mode>1</mode><time_signature>4</time_signature><duration>213.75955</duration><loudness>-4.077</loudness><audio_md5 /><valence>0.396629</valence><danceability>0.480211</danceability></audio_summary><title>Shadow Of Yourself (Bonus Track)</title></song><song><artist_id>AR1ABAO1187FB531E1</artist_id><artist_name>Alice Cooper</artist_name><id>SOKCYQR12A6D4F8FC9</id><audio_summary><key>9</key><analysis_url>http://echonest-analysis.s3.amazonaws.com/TR/XiD_dw8wQXK1LLdR5c87dzVPFydbXy-ujTOHR5OXP_OHOfdRv-_gBUrNzzzNztqQWAQKcMakOTD1Dt8sI%3D/3/full.json?AWSAccessKeyId=AKIAJRDFEY23UEVW42BQ&amp;Expires=1415343222&amp;Signature=Z5Yqkutg/Q/5z8zpxJpocnu46ls%3D</analysis_url><energy>0.75457</energy><liveness>0.928854</liveness><tempo>89.391</tempo><speechiness>0.045611</speechiness><acousticness>0.191626</acousticness><instrumentalness>0.615167</instrumentalness><mode>0</mode><time_signature>4</time_signature><duration>288.06621</duration><loudness>-8.88</loudness><audio_md5 /><valence>0.434061</valence><danceability>0.315835</danceability></audio_summary><title>I Love The Dead (Live Version)</title></song><song><artist_id>AR1ABAO1187FB531E1</artist_id><artist_name>Alice Cooper</artist_name><id>SOBMHSE13768028BC9</id><audio_summary><key>4</key><analysis_url>http://echonest-analysis.s3.amazonaws.com/TR/5j_RWgAZ5_bHhADuj0ZWR0LxB0n1OrVaWGWcaGMLomXTNt02yoqLYIvFdlFeTIDQ9zEq5rmeIrBmhO-X0%3D/3/full.json?AWSAccessKeyId=AKIAJRDFEY23UEVW42BQ&amp;Expires=1415343222&amp;Signature=piPmnlnLKC7XGu0gUM31Iu8N3Cg%3D</analysis_url><energy>0.420148</energy><liveness>0.199148</liveness><tempo>105.329</tempo><speechiness>0.033531</speechiness><acousticness>0.073259</acousticness><instrumentalness>0.052373</instrumentalness><mode>0</mode><time_signature>4</time_signature><duration>126.74621</duration><loudness>-12.882</loudness><audio_md5 /><valence>0.968251</valence><danceability>0.508924</danceability></audio_summary><title>Painting a Picture</title></song><song><artist_id>AR1ABAO1187FB531E1</artist_id><artist_name>Alice Cooper</artist_name><id>SOCQIKS1311AFE0096</id><audio_summary><key>2</key><analysis_url>http://echonest-analysis.s3.amazonaws.com/TR/Soa9Zwmz5uVUGfANYHcEoc59BaFG9b5ZzCO4xcI2_NCK9Fp9c7mjRbZgok4Ad7Hy3YVwQVzpQimMzNFPI%3D/3/full.json?AWSAccessKeyId=AKIAJRDFEY23UEVW42BQ&amp;Expires=1415343222&amp;Signature=GO4IAWX9lZsgBSES6rVIGpeDMSA%3D</analysis_url><energy>0.614122</energy><liveness>0.714577</liveness><tempo>104.478</tempo><speechiness>0.035895</speechiness><acousticness>0.1072</acousticness><instrumentalness>0.000363</instrumentalness><mode>1</mode><time_signature>1</time_signature><duration>184.63447</duration><loudness>-10.349</loudness><audio_md5 /><valence>0.842693</valence><danceability>0.443978</danceability></audio_summary><title>Painting A Picture</title></song><song><artist_id>AR1ABAO1187FB531E1</artist_id><artist_name>Alice Cooper</artist_name><id>SOVEZOB1311AFD8CFF</id><audio_summary><key>2</key><analysis_url>http://echonest-analysis.s3.amazonaws.com/TR/EKT7IwL7y9f1IwzRwLfBUUCE2bvsHasgjGwUWtNuTYIN53JsUp1YmN0fl2QukWCVRDg1fsrFDnHaQOJPU%3D/3/full.json?AWSAccessKeyId=AKIAJRDFEY23UEVW42BQ&amp;Expires=1415343222&amp;Signature=p7GLCF3PFgx464Q5HDxcRg3LBQM%3D</analysis_url><energy>0.648415</energy><liveness>0.320298</liveness><tempo>105.122</tempo><speechiness>0.030626</speechiness><acousticness>0.236656</acousticness><instrumentalness>0.06819</instrumentalness><mode>1</mode><time_signature>4</time_signature><duration>178.95955</duration><loudness>-9.777</loudness><audio_md5 /><valence>0.324792</valence><danceability>0.340422</danceability></audio_summary><title>Dead Babies (Live Version)</title></song><song><artist_id>AR1ABAO1187FB531E1</artist_id><artist_name>Alice Cooper</artist_name><id>SOWGOBD137729AC8F8</id><audio_summary><key>8</key><analysis_url>http://echonest-analysis.s3.amazonaws.com/TR/oXE47ARuAHYQSG9lBnri7zpQmJzpJuYPUxx1yGpvk0LTTXgKQWAC7cg43ebLoDMe_xV1AXzfdvaKveCDs%3D/3/full.json?AWSAccessKeyId=AKIAJRDFEY23UEVW42BQ&amp;Expires=1415343222&amp;Signature=95H6xBXwP4eUz8QmfELsh46q8N8%3D</analysis_url><energy>0.965871</energy><liveness>0.9852</liveness><tempo>141.298</tempo><speechiness>0.076023</speechiness><acousticness>1e-05</acousticness><instrumentalness>0.097928</instrumentalness><mode>1</mode><time_signature>4</time_signature><duration>198.81288</duration><loudness>-3.635</loudness><audio_md5 /><valence>0.689618</valence><danceability>0.284654</danceability></audio_summary><title>Guilty (Live At Hammersmith Apollo / 2009)</title></song><song><artist_id>AR1ABAO1187FB531E1</artist_id><artist_name>Alice Cooper</artist_name><id>SOOPEYH13739B40A11</id><audio_summary><key>4</key><analysis_url>http://echonest-analysis.s3.amazonaws.com/TR/z8vuZA-Er0mmFUc_J1ThS3bpLcdfb4OYuFfD1gAWVAynRNpPz2gGM_YDarcHcSHkoEHOgNSmqNwyN75Vo%3D/3/full.json?AWSAccessKeyId=AKIAJRDFEY23UEVW42BQ&amp;Expires=1415343222&amp;Signature=G/pPgoqANeVpVOFIuJ%2BjwcNqAUE%3D</analysis_url><energy>0.78441</energy><liveness>0.931451</liveness><tempo>173.354</tempo><speechiness>0.053688</speechiness><acousticness>0.055123</acousticness><instrumentalness>0.523364</instrumentalness><mode>0</mode><time_signature>4</time_signature><duration>300.33288</duration><loudness>-10.729</loudness><audio_md5 /><valence>0.285785</valence><danceability>0.172172</danceability></audio_summary><title>Eighteen (Live)</title></song><song><artist_id>AR1ABAO1187FB531E1</artist_id><artist_name>Alice Cooper</artist_name><id>SOPFXIR12DA547A33E</id><audio_summary><key>6</key><analysis_url>http://echonest-analysis.s3.amazonaws.com/TR/RxXLaQvDnINR8ReGBCOVpm__d84f_t95V_ZjO1el8ZIvgdAtEjKH6BAzUbjL1PFSM6rfgQLFsDapBgy8A%3D/3/full.json?AWSAccessKeyId=AKIAJRDFEY23UEVW42BQ&amp;Expires=1415343222&amp;Signature=QMivSvh7Bmgb1X2NFbhLM%2B4nrd4%3D</analysis_url><energy>0.971518</energy><liveness>0.875052</liveness><tempo>126.504</tempo><speechiness>0.10289</speechiness><acousticness>3.5e-05</acousticness><instrumentalness>0.727848</instrumentalness><mode>1</mode><time_signature>4</time_signature><duration>178.06621</duration><loudness>-3.507</loudness><audio_md5>b5d97140259a4d38b7af22fc7575b1de</audio_md5><valence>0.451115</valence><danceability>0.409691</danceability></audio_summary><title>Wicked Young Man (Live At Hammersmith Apollo / 2009)</title></song><song><artist_id>AR1ABAO1187FB531E1</artist_id><artist_name>Alice Cooper</artist_name><id>SOJOOCJ135FF049B0E</id><audio_summary><key>9</key><analysis_url>http://echonest-analysis.s3.amazonaws.com/TR/7OKZZgFvpYcoFNdX5DCz_sG9pi7z7g6_JboZ95eAfKs3ezWF1D7yRX5FU-Gmy4f6C2YOunxijoqO4nTS8%3D/3/full.json?AWSAccessKeyId=AKIAJRDFEY23UEVW42BQ&amp;Expires=1415343222&amp;Signature=MMzNJoTjRC7HDWmVO64ZN%2Bfz2j0%3D</analysis_url><energy>0.978809</energy><liveness>0.099724</liveness><tempo>166.388</tempo><speechiness>0.186878</speechiness><acousticness>0.006414</acousticness><instrumentalness>0.004011</instrumentalness><mode>1</mode><time_signature>4</time_signature><duration>135.01288</duration><loudness>-2.847</loudness><audio_md5 /><valence>0.26758</valence><danceability>0.277754</danceability></audio_summary><title>Nurse Rozetta (Live At Hammersmith Apollo / 2009)</title></song><song><artist_id>AR1ABAO1187FB531E1</artist_id><artist_name>Alice Cooper</artist_name><id>SOSVZNM1315CD409D8</id><audio_summary><key>1</key><analysis_url>http://echonest-analysis.s3.amazonaws.com/TR/OfvouQQK74mpS1UBFP4YOzkYUtd2NFsqaJ_b9XTb2Uihkirzh0GeWSxqMgTr7RFXQjPMbQF4vbDczlfUo%3D/3/full.json?AWSAccessKeyId=AKIAJRDFEY23UEVW42BQ&amp;Expires=1415343222&amp;Signature=PuTqZRqrDePs2l0kZhhkP3QTh/I%3D</analysis_url><energy>0.600471</energy><liveness>0.374891</liveness><tempo>71.475</tempo><speechiness>0.051072</speechiness><acousticness>0.032654</acousticness><instrumentalness>0.015809</instrumentalness><mode>1</mode><time_signature>4</time_signature><duration>99.26621</duration><loudness>-7.343</loudness><audio_md5 /><valence>0.076073</valence><danceability>0.336313</danceability></audio_summary><title>The Awakening (Live At Hammersmith Apollo / 2009)</title></song><song><artist_id>AR1ABAO1187FB531E1</artist_id><artist_name>Alice Cooper</artist_name><id>SOEDQSF1373E86B189</id><audio_summary><key>5</key><analysis_url>http://echonest-analysis.s3.amazonaws.com/TR/JHYYPwefeqRvVCnLRZA1ZOikIvDyqGu_ioIK0-Nv7_NMKzJaOwAgae-XJvrlNO-EMY543HdsdoPYzYJic%3D/3/full.json?AWSAccessKeyId=AKIAJRDFEY23UEVW42BQ&amp;Expires=1415343222&amp;Signature=VmmWCmUuR8cU6M1vN1a4lV3Ujpo%3D</analysis_url><energy>0.809938</energy><liveness>0.683644</liveness><tempo>136.013</tempo><speechiness>0.075339</speechiness><acousticness>0.058454</acousticness><instrumentalness>0.0</instrumentalness><mode>0</mode><time_signature>4</time_signature><duration>271.18621</duration><loudness>-9.84</loudness><audio_md5 /><valence>0.373031</valence><danceability>0.352567</danceability></audio_summary><title>Some Folks (Live)</title></song><song><artist_id>AR1ABAO1187FB531E1</artist_id><artist_name>Alice Cooper</artist_name><id>SOZJQDY1377857073E</id><audio_summary><key>6</key><analysis_url>http://echonest-analysis.s3.amazonaws.com/TR/qjpB5Aug0WfYnLYhjQEF-06jdFkIJDvGp8ujnt8uVuwxHhERxsw44rxuNrEkk_pfliBgxabmCMlSCmPSc%3D/3/full.json?AWSAccessKeyId=AKIAJRDFEY23UEVW42BQ&amp;Expires=1415343222&amp;Signature=dODLtDro1wI6HKfzaJ5f0jTK1io%3D</analysis_url><energy>0.59419</energy><liveness>0.235816</liveness><tempo>142.608</tempo><speechiness>0.053708</speechiness><acousticness>0.004992</acousticness><instrumentalness>0.023795</instrumentalness><mode>0</mode><time_signature>1</time_signature><duration>155.89542</duration><loudness>-9.802</loudness><audio_md5 /><valence>0.286883</valence><danceability>0.253141</danceability></audio_summary><title>I've Written Home To Mother</title></song><song><artist_id>AR1ABAO1187FB531E1</artist_id><artist_name>Alice Cooper</artist_name><id>SORWBEN1496AE6595D</id><audio_summary><key>5</key><analysis_url>http://echonest-analysis.s3.amazonaws.com/TR/IYohzwx_K3MV-E8W6gszyeqV7Nj91P6A0ReBbSxNpOoX3exlPf4NBz6KVNjxwzk-rRgPeDLQ9-krfPpn0%3D/3/full.json?AWSAccessKeyId=AKIAJRDFEY23UEVW42BQ&amp;Expires=1415343222&amp;Signature=zuS1CeotTYUlgq/wfkJAvL0Rr1A%3D</analysis_url><energy>0.870984</energy><liveness>0.779892</liveness><tempo>128.42</tempo><speechiness>0.057846</speechiness><acousticness>0.117536</acousticness><instrumentalness>0.0001</instrumentalness><mode>1</mode><time_signature>4</time_signature><duration>155.66621</duration><loudness>-8.221</loudness><audio_md5 /><valence>0.390796</valence><danceability>0.341435</danceability></audio_summary><title>I Love the Dead (Live)</title></song><song><artist_id>AR1ABAO1187FB531E1</artist_id><artist_name>Alice Cooper</artist_name><id>SOSABQO148B98368F8</id><audio_summary><key>10</key><analysis_url>http://echonest-analysis.s3.amazonaws.com/TR/99BsKwuYmYXRVjrshwbvLekh_qfB89NJhTiDyKTvtJkb6r5Wo%3D/3/full.json?AWSAccessKeyId=AKIAJRDFEY23UEVW42BQ&amp;Expires=1415343222&amp;Signature=8lmTv3xsmlABshr%2BMlSKDkWPR8U%3D</analysis_url><energy>0.733125</energy><liveness>0.992289</liveness><tempo>71.795</tempo><speechiness>0.530915</speechiness><acousticness>0.93274</acousticness><instrumentalness>0.0</instrumentalness><mode>0</mode><time_signature>4</time_signature><duration>25.31955</duration><loudness>-12.338</loudness><audio_md5 /><valence>0.241452</valence><danceability>0.535208</danceability></audio_summary><title>Intro (Live)</title></song><song><artist_id>AR1ABAO1187FB531E1</artist_id><artist_name>Alice Cooper</artist_name><id>SOSCQEP13E2E5488EF</id><audio_summary><key>8</key><analysis_url>http://echonest-analysis.s3.amazonaws.com/TR/gNOJcwyXyMUP-tJZiP3ZV0esy5clcInEn0pOzLAlNGuipIvl_Qpzywk4sAIlCRMSVez2abEqeAEU-spLI%3D/3/full.json?AWSAccessKeyId=AKIAJRDFEY23UEVW42BQ&amp;Expires=1415343222&amp;Signature=/PEc8DX716kPcTpU/auVL66Fpkc%3D</analysis_url><energy>0.63155</energy><liveness>0.414908</liveness><tempo>117.511</tempo><speechiness>0.143657</speechiness><acousticness>0.419197</acousticness><instrumentalness>8e-06</instrumentalness><mode>1</mode><time_signature>4</time_signature><duration>63.57288</duration><loudness>-8.739</loudness><audio_md5 /><valence>0.820948</valence><danceability>0.457507</danceability></audio_summary><title>Easy Action Version Two</title></song><song><artist_id>AR1ABAO1187FB531E1</artist_id><artist_name>Alice Cooper</artist_name><id>SOTSVAB13C6421999B</id><audio_summary><key>9</key><analysis_url>http://echonest-analysis.s3.amazonaws.com/TR/KG31aA3olOFfgE0ZPiu6-3tyJFoud0WMdFqxO3buz35rbyowdkA6COpp2cqp_6P-s94DvS-Wk_4K1CXZw%3D/3/full.json?AWSAccessKeyId=AKIAJRDFEY23UEVW42BQ&amp;Expires=1415343222&amp;Signature=C/v%2BRhCRogQXvUPpuZUWsAX3/Zo%3D</analysis_url><energy>0.541223</energy><liveness>0.081114</liveness><tempo>121.95</tempo><speechiness>0.033635</speechiness><acousticness>0.065482</acousticness><instrumentalness>0.06883</instrumentalness><mode>0</mode><time_signature>4</time_signature><duration>396.03955</duration><loudness>-5.816</loudness><audio_md5 /><valence>0.388299</valence><danceability>0.313371</danceability></audio_summary><title>Killer (Killer Demo)</title></song><song><artist_id>AR1ABAO1187FB531E1</artist_id><artist_name>Alice Cooper</artist_name><id>SOOXPGS13C641F896D</id><audio_summary><key>1</key><analysis_url>http://echonest-analysis.s3.amazonaws.com/TR/YGmdrwgPJYomWfqPZQUrixEA9bY3mIEZyPCtnCKo5cC65QZurHbFnSOc3YB5SHbQ1cCzQ5hd-orGuTeTU%3D/3/full.json?AWSAccessKeyId=AKIAJRDFEY23UEVW42BQ&amp;Expires=1415343222&amp;Signature=tJABVwbnIPZF4qCLnNF%2BngRDlOY%3D</analysis_url><energy>0.323228</energy><liveness>0.436608</liveness><tempo>78.084</tempo><speechiness>0.626938</speechiness><acousticness>0.7336</acousticness><instrumentalness>0.0</instrumentalness><mode>1</mode><time_signature>3</time_signature><duration>45.31955</duration><loudness>-14.022</loudness><audio_md5 /><valence>0.911024</valence><danceability>0.681504</danceability></audio_summary><title>The Age Of The Audience (Spoken Word)</title></song><song><artist_id>AR1ABAO1187FB531E1</artist_id><artist_name>Alice Cooper</artist_name><id>SOTLJJA13C6421A384</id><audio_summary><key>5</key><analysis_url>http://echonest-analysis.s3.amazonaws.com/TR/BrG4SQNaBcd-hkj0tNBhUH8Q-i5WznnEOhTMBqsARpKkCNivUY27zwEKQZS1UtLzlqOnKcADLtTOvOiTE%3D/3/full.json?AWSAccessKeyId=AKIAJRDFEY23UEVW42BQ&amp;Expires=1415343222&amp;Signature=aUZREX9U2BCdvuj0lhxeqcZqXQk%3D</analysis_url><energy>0.586638</energy><liveness>0.28518</liveness><tempo>127.506</tempo><speechiness>0.035357</speechiness><acousticness>0.444785</acousticness><instrumentalness>0.0</instrumentalness><mode>1</mode><time_signature>4</time_signature><duration>205.46621</duration><loudness>-4.886</loudness><audio_md5 /><valence>0.20738</valence><danceability>0.240707</danceability></audio_summary><title>Tornado Warning (Desperado) (Killer Demo)</title></song><song><artist_id>AR1ABAO1187FB531E1</artist_id><artist_name>Alice Cooper</artist_name><id>SOSVZTL13C6423069B</id><audio_summary><key>0</key><analysis_url>http://echonest-analysis.s3.amazonaws.com/TR/gDex5wSVnDDLjy3hMyfuQRn66UQ-1uDpxUw3gtwLShTbmHVfEX_ryiQJvxBvJhJ3v9HOZzfHCIhuIZxco%3D/3/full.json?AWSAccessKeyId=AKIAJRDFEY23UEVW42BQ&amp;Expires=1415343222&amp;Signature=DBbOWiMEu7psSkjOE4L7mHMHeqc%3D</analysis_url><energy>0.453622</energy><liveness>0.149788</liveness><tempo>109.948</tempo><speechiness>0.856944</speechiness><acousticness>0.973584</acousticness><instrumentalness>0.0</instrumentalness><mode>0</mode><time_signature>3</time_signature><duration>204.55955</duration><loudness>-13.72</loudness><audio_md5 /><valence>0.548001</valence><danceability>0.710107</danceability></audio_summary><title>Working With Bob (Spoken Word)</title></song><song><artist_id>AR1ABAO1187FB531E1</artist_id><artist_name>Alice Cooper</artist_name><id>SOSZDZB13C642AB242</id><audio_summary><key>7</key><analysis_url>http://echonest-analysis.s3.amazonaws.com/TR/S5_wrgKcPuNRk7eNDvr0nbeXrtwTdiP5m1KUTNfvmMgpM9nTmuFXZyB4w8dJfGKwdmBYvnntPZvlgBN9o%3D/3/full.json?AWSAccessKeyId=AKIAJRDFEY23UEVW42BQ&amp;Expires=1415343222&amp;Signature=TMNmNjBBUQ4Qs01u4L8J26xVV2w%3D</analysis_url><energy>0.551015</energy><liveness>0.089852</liveness><tempo>181.964</tempo><speechiness>0.040987</speechiness><acousticness>0.627209</acousticness><instrumentalness>0.879499</instrumentalness><mode>1</mode><time_signature>4</time_signature><duration>182.71955</duration><loudness>-8.963</loudness><audio_md5 /><valence>0.538279</valence><danceability>0.314608</danceability></audio_summary><title>Teenage Lament '74 (Muscle of Love Pre-production)</title></song><song><artist_id>AR1ABAO1187FB531E1</artist_id><artist_name>Alice Cooper</artist_name><id>SOTEPMU13C642E33AC</id><audio_summary><key>11</key><analysis_url>http://echonest-analysis.s3.amazonaws.com/TR/NZq1oQ-DaOK1pnPrcbfG_VtvRH8fzWb57zwy9CW0wHs_cg7T7x6TjRhOLrWQxq35s_cI7unyeHwS1ZL1o%3D/3/full.json?AWSAccessKeyId=AKIAJRDFEY23UEVW42BQ&amp;Expires=1415343222&amp;Signature=eNF2eh7kP4isll9Pyf3pgZPenhc%3D</analysis_url><energy>0.829103</energy><liveness>0.237011</liveness><tempo>172.699</tempo><speechiness>0.06131</speechiness><acousticness>0.01498</acousticness><instrumentalness>0.012982</instrumentalness><mode>0</mode><time_signature>4</time_signature><duration>239.58621</duration><loudness>-4.682</loudness><audio_md5 /><valence>0.69235</valence><danceability>0.215094</danceability></audio_summary><title>Teenage Lament '74 (Muscle of Love Demos and Rehearsals)</title></song><song><artist_id>AR1ABAO1187FB531E1</artist_id><artist_name>Alice Cooper</artist_name><id>SOUKFRG13C641F4380</id><audio_summary><key>7</key><analysis_url>http://echonest-analysis.s3.amazonaws.com/TR/B46C5Q_1QvL5kkeu1thR1kW0iq2mYHUAO7ZddkWMNHK6nYCtweuo_qlqH4Y7QE2J97ZsYeL-00n3X-fdg%3D/3/full.json?AWSAccessKeyId=AKIAJRDFEY23UEVW42BQ&amp;Expires=1415343222&amp;Signature=OhJV30QU%2BFpbCNWitmLtPsc3Pao%3D</analysis_url><energy>0.685774</energy><liveness>0.217569</liveness><tempo>98.185</tempo><speechiness>0.031936</speechiness><acousticness>0.059349</acousticness><instrumentalness>0.23217</instrumentalness><mode>1</mode><time_signature>4</time_signature><duration>331.81288</duration><loudness>-6.253</loudness><audio_md5 /><valence>0.25408</valence><danceability>0.249938</danceability></audio_summary><title>Dead Babies (LIVE) (Killer Live St. Louis)</title></song><song><artist_id>AR1ABAO1187FB531E1</artist_id><artist_name>Alice Cooper</artist_name><id>SOVZIYI13C6423710B</id><audio_summary><key>0</key><analysis_url>http://echonest-analysis.s3.amazonaws.com/TR/A_dd1A2ySvQDBiVJ7It5KiIAx-umiy4LQQDxn3xsE24LwwgTu35aAfPoIQ7JpEio7e1S6YcBuYVL_yG8g%3D/3/full.json?AWSAccessKeyId=AKIAJRDFEY23UEVW42BQ&amp;Expires=1415343222&amp;Signature=%2BTiXG9%2Bx7IYAgM%2BF/WJ4NLKjfFk%3D</analysis_url><energy>0.797558</energy><liveness>0.12518</liveness><tempo>136.071</tempo><speechiness>0.047802</speechiness><acousticness>0.135037</acousticness><instrumentalness>0.656492</instrumentalness><mode>0</mode><time_signature>4</time_signature><duration>425.35955</duration><loudness>-5.905</loudness><audio_md5 /><valence>0.555592</valence><danceability>0.371434</danceability></audio_summary><title>School's Out (Mar Y Sol, Puerto Rico)</title></song><song><artist_id>AR1ABAO1187FB531E1</artist_id><artist_name>Alice Cooper</artist_name><id>SOVLAQH13C641F87CC</id><audio_summary><key>10</key><analysis_url>http://echonest-analysis.s3.amazonaws.com/TR/BPLqZgOcJcVLHvc6KdimGsb8c_C2kDJALFq6q92dfDjx1lcaCm-CkuG1lofFuL21P19Onzzryt9ogm3oA%3D/3/full.json?AWSAccessKeyId=AKIAJRDFEY23UEVW42BQ&amp;Expires=1415343222&amp;Signature=U/FB3U22bz1Ulrdg22zss1leGJs%3D</analysis_url><energy>0.357443</energy><liveness>0.207576</liveness><tempo>80.991</tempo><speechiness>0.594864</speechiness><acousticness>0.760265</acousticness><instrumentalness>3e-06</instrumentalness><mode>0</mode><time_signature>4</time_signature><duration>74.86621</duration><loudness>-13.766</loudness><audio_md5 /><valence>0.674681</valence><danceability>0.649546</danceability></audio_summary><title>Canadian Chickens (Spoken Word)</title></song><song><artist_id>AR1ABAO1187FB531E1</artist_id><artist_name>Alice Cooper</artist_name><id>SOVTLWE13C642AA0E3</id><audio_summary><key>8</key><analysis_url>http://echonest-analysis.s3.amazonaws.com/TR/4G96pwSFPKMEWLyD8fw2pjnbRCaOftzLlgyDeu3TnKuNu46wHNvQTmtLgxFjjbkWLaCthFU4fS7grXP6g%3D/3/full.json?AWSAccessKeyId=AKIAJRDFEY23UEVW42BQ&amp;Expires=1415343222&amp;Signature=L5vfzh1XJP4lLRAlp7LoSJpNY58%3D</analysis_url><energy>0.634748</energy><liveness>0.401066</liveness><tempo>117.805</tempo><speechiness>0.128031</speechiness><acousticness>0.444082</acousticness><instrumentalness>6e-06</instrumentalness><mode>1</mode><time_signature>4</time_signature><duration>63.57288</duration><loudness>-8.694</loudness><audio_md5 /><valence>0.863623</valence><danceability>0.462393</danceability></audio_summary><title>Easy Action Version Two (Radio Ad)</title></song><song><artist_id>AR1ABAO1187FB531E1</artist_id><artist_name>Alice Cooper</artist_name><id>SOUGBIV13C642B5B83</id><audio_summary><key>9</key><analysis_url>http://echonest-analysis.s3.amazonaws.com/TR/hLp6lQANkNc2UOf8q8nvS76vvBERqlCHAc3wqDvYx7eiEsh5rh0RdZEFrmiO-HTuVbx047PQlJdF-18d0%3D/3/full.json?AWSAccessKeyId=AKIAJRDFEY23UEVW42BQ&amp;Expires=1415343222&amp;Signature=%2BzEMQIdrUGWF%2BaL56o0JBigO07E%3D</analysis_url><energy>0.901889</energy><liveness>0.567492</liveness><tempo>178.542</tempo><speechiness>0.113436</speechiness><acousticness>0.063355</acousticness><instrumentalness>0.002171</instrumentalness><mode>1</mode><time_signature>4</time_signature><duration>181.86621</duration><loudness>-5.821</loudness><audio_md5 /><valence>0.636032</valence><danceability>0.179226</danceability></audio_summary><title>Long Way To Go (LIVE) (Killer Live St. Louis)</title></song><song><artist_id>AR1ABAO1187FB531E1</artist_id><artist_name>Alice Cooper</artist_name><id>SOUFXDY13739B1E5E3</id><audio_summary><key>4</key><analysis_url>http://echonest-analysis.s3.amazonaws.com/TR/qkbgQQZB6Knllx4u3z40oksedC9MyYDLIaEbK42Jxi29rY2JCLGKsXTBnstIpmc7hpiUOp39vPCR-FBDg%3D/3/full.json?AWSAccessKeyId=AKIAJRDFEY23UEVW42BQ&amp;Expires=1415343222&amp;Signature=cDJGdYiSgzmAguaDDpTJIOcAJrE%3D</analysis_url><energy>0.52839</energy><liveness>0.941</liveness><tempo>132.487</tempo><speechiness>0.074485</speechiness><acousticness>0.029195</acousticness><instrumentalness>0.099031</instrumentalness><mode>0</mode><time_signature>4</time_signature><duration>398.89288</duration><loudness>-14.925</loudness><audio_md5 /><valence>0.28672</valence><danceability>0.30025</danceability></audio_summary><title>I Love The Dead/Go To Hell/Wish You Were Here (Live)</title></song><song><artist_id>AR1ABAO1187FB531E1</artist_id><artist_name>Alice Cooper</artist_name><id>SOSUFFV13C64246986</id><audio_summary><key>1</key><analysis_url>http://echonest-analysis.s3.amazonaws.com/TR/LSvrbQn056fw8yWZwbWdSP_FLExi7lHOpdhHSzePiNkzeRR9v-XvOaQXEh_ZTFyAmEUMi6cBzutlRPCpw%3D/3/full.json?AWSAccessKeyId=AKIAJRDFEY23UEVW42BQ&amp;Expires=1415343222&amp;Signature=7TAV8x1wKvdXaq6KMX47lDCu6jI%3D</analysis_url><energy>0.555747</energy><liveness>0.390248</liveness><tempo>89.208</tempo><speechiness>0.70654</speechiness><acousticness>0.970507</acousticness><instrumentalness>0.0</instrumentalness><mode>0</mode><time_signature>4</time_signature><duration>206.90621</duration><loudness>-11.624</loudness><audio_md5 /><valence>0.640219</valence><danceability>0.656205</danceability></audio_summary><title>Bizzare Days (Spoken Word)</title></song><song><artist_id>AR1ABAO1187FB531E1</artist_id><artist_name>Alice Cooper</artist_name><id>SOQWJLW13C64200072</id><audio_summary><key>9</key><analysis_url>http://echonest-analysis.s3.amazonaws.com/TR/IVwDaAnrGl1f5achn0SccPWsbLE-MsWhuYUGbKHzIR5Bb7PR448_flNCJ6ySjI90Nai3rJK4bfdMN_YAc%3D/3/full.json?AWSAccessKeyId=AKIAJRDFEY23UEVW42BQ&amp;Expires=1415343222&amp;Signature=8VEU5T5HUtd5qC5oc25LCp2UGNA%3D</analysis_url><energy>0.461139</energy><liveness>0.277404</liveness><tempo>112.447</tempo><speechiness>0.519179</speechiness><acousticness>0.97334</acousticness><instrumentalness>0.0</instrumentalness><mode>1</mode><time_signature>3</time_signature><duration>189.30621</duration><loudness>-12.352</loudness><audio_md5 /><valence>0.63297</valence><danceability>0.675723</danceability></audio_summary><title>Band Name (Spoken Word)</title></song><song><artist_id>AR1ABAO1187FB531E1</artist_id><artist_name>Alice Cooper</artist_name><id>SOQWUQP13C64262B55</id><audio_summary><key>4</key><analysis_url>http://echonest-analysis.s3.amazonaws.com/TR/z2MHyAfsGuWTkDXJnyTD2jSVBVMGJwF7qP7iEPfcW72hBU1sxP4eOPUlYTdlnaB-xoUUkx4HlnY3bWD_M%3D/3/full.json?AWSAccessKeyId=AKIAJRDFEY23UEVW42BQ&amp;Expires=1415343222&amp;Signature=osmz065HohpxtEntIzmO58dJD10%3D</analysis_url><energy>0.428914</energy><liveness>0.129565</liveness><tempo>172.905</tempo><speechiness>0.031697</speechiness><acousticness>0.044194</acousticness><instrumentalness>0.026344</instrumentalness><mode>0</mode><time_signature>4</time_signature><duration>318.30621</duration><loudness>-8.547</loudness><audio_md5 /><valence>0.196801</valence><danceability>0.235068</danceability></audio_summary><title>I'm Eighteen (Love It To Death Pre-production)</title></song><song><artist_id>AR1ABAO1187FB531E1</artist_id><artist_name>Alice Cooper</artist_name><id>SOQWGQA13C642B4829</id><audio_summary><key>9</key><analysis_url>http://echonest-analysis.s3.amazonaws.com/TR/o0dBwwQXIKP2BEXz8955L17KptvADd9Hl9sooac4e73BWOo3Qoa0yhuKceTh4Yp58fNvT19ioMDGceVFQ%3D/3/full.json?AWSAccessKeyId=AKIAJRDFEY23UEVW42BQ&amp;Expires=1415343222&amp;Signature=OkCkbtfq4dEwvDjWm3758dXl0EI%3D</analysis_url><energy>0.83151</energy><liveness>0.49183</liveness><tempo>120.102</tempo><speechiness>0.06692</speechiness><acousticness>0.060494</acousticness><instrumentalness>0.691234</instrumentalness><mode>1</mode><time_signature>4</time_signature><duration>565.18621</duration><loudness>-5.8</loudness><audio_md5 /><valence>0.460766</valence><danceability>0.331285</danceability></audio_summary><title>Halo Of Flies (LIVE) (Killer Live St. Louis)</title></song><song><artist_id>AR1ABAO1187FB531E1</artist_id><artist_name>Alice Cooper</artist_name><id>SORNNKQ13C64224A52</id><audio_summary><key>4</key><analysis_url>http://echonest-analysis.s3.amazonaws.com/TR/RGoGrQnWZpTC63BozzaQfXGHJ3PV5gmLA3aiwKAma3rdMJiY3QTdHrNDU6LJLncZCIygC_kPmwWkCdhXw%3D/3/full.json?AWSAccessKeyId=AKIAJRDFEY23UEVW42BQ&amp;Expires=1415343222&amp;Signature=Vzz1TGBUHndKi5DmM6va6YO%2Bo28%3D</analysis_url><energy>0.889806</energy><liveness>0.592903</liveness><tempo>92.662</tempo><speechiness>0.07208</speechiness><acousticness>0.028975</acousticness><instrumentalness>0.34731</instrumentalness><mode>0</mode><time_signature>4</time_signature><duration>273.33288</duration><loudness>-4.935</loudness><audio_md5 /><valence>0.627951</valence><danceability>0.300049</danceability></audio_summary><title>I'm Eighteen (LIVE) (Killer Live St. Louis)</title></song><song><artist_id>AR1ABAO1187FB531E1</artist_id><artist_name>Alice Cooper</artist_name><id>SOQRVPX13C64237000</id><audio_summary><key>9</key><analysis_url>http://echonest-analysis.s3.amazonaws.com/TR/3fkoZAUwzTzzkX8H-Kye_h-g7PomKzhY0fguhWNMp3bl16VjG9HIXQeQ0qlGRBfXWhT7OaELh25mbW0vc%3D/3/full.json?AWSAccessKeyId=AKIAJRDFEY23UEVW42BQ&amp;Expires=1415343222&amp;Signature=aO%2BLwWC24ArKQrqANS3cUsXRe3c%3D</analysis_url><energy>0.417233</energy><liveness>0.676149</liveness><tempo>94.656</tempo><speechiness>0.03778</speechiness><acousticness>0.039123</acousticness><instrumentalness>0.312099</instrumentalness><mode>1</mode><time_signature>4</time_signature><duration>519.98621</duration><loudness>-11.023</loudness><audio_md5 /><valence>0.513432</valence><danceability>0.331621</danceability></audio_summary><title>Fields Of Regret (Chicago Underground)</title></song><song><artist_id>AR1ABAO1187FB531E1</artist_id><artist_name>Alice Cooper</artist_name><id>SOSPXEV13C6421B4B4</id><audio_summary><key>8</key><analysis_url>http://echonest-analysis.s3.amazonaws.com/TR/gny4KwflpRS5i7Z4SlFTsiTJ-E-Y39MXa19MCpy1pK3I25NF2W4lhajhrHTx07kCA15fD58szaMRTEwnE%3D/3/full.json?AWSAccessKeyId=AKIAJRDFEY23UEVW42BQ&amp;Expires=1415343222&amp;Signature=5/8KIZ%2BCNZ4K5yXo8mLlwLmRBnM%3D</analysis_url><energy>0.324606</energy><liveness>0.147856</liveness><tempo>80.492</tempo><speechiness>0.817011</speechiness><acousticness>0.806378</acousticness><instrumentalness>0.0</instrumentalness><mode>1</mode><time_signature>4</time_signature><duration>133.06621</duration><loudness>-15.381</loudness><audio_md5 /><valence>0.728467</valence><danceability>0.696045</danceability></audio_summary><title>Violence On Stage (Spoken Word)</title></song><song><artist_id>AR1ABAO1187FB531E1</artist_id><artist_name>Alice Cooper</artist_name><id>SOSPTHC13C6426C9B2</id><audio_summary><key>8</key><analysis_url>http://echonest-analysis.s3.amazonaws.com/TR/wua03wkGflYiqrhDDucRQ2zKgmCP-ySr1anaMuJIBWAsQDRAa6o5sAXt6dKTxLsfH2eghth4dyByZqrqo%3D/3/full.json?AWSAccessKeyId=AKIAJRDFEY23UEVW42BQ&amp;Expires=1415343222&amp;Signature=6CFzK/vsfvHUQxxcxTJ4q6r%2BZ/4%3D</analysis_url><energy>0.426486</energy><liveness>0.32942</liveness><tempo>109.28</tempo><speechiness>0.889076</speechiness><acousticness>0.96951</acousticness><instrumentalness>0.0</instrumentalness><mode>1</mode><time_signature>5</time_signature><duration>218.10621</duration><loudness>-11.044</loudness><audio_md5 /><valence>0.674951</valence><danceability>0.709606</danceability></audio_summary><title>Bob Ezrin Meets The Band (Spoken Word)</title></song><song><artist_id>AR1ABAO1187FB531E1</artist_id><artist_name>Alice Cooper</artist_name><id>SOPJCGG13C64210E07</id><audio_summary><key>5</key><analysis_url>http://echonest-analysis.s3.amazonaws.com/TR/KBHMVQ2V2Sbm_C3X6dTUzv-Y5MVQUWscQdZYMKn5p5iZkC709eyng0nxbLbsVsPBCOIuLieghrEumYjt0%3D/3/full.json?AWSAccessKeyId=AKIAJRDFEY23UEVW42BQ&amp;Expires=1415343222&amp;Signature=CxqT5C%2Bf4ihG%2B85gI6aWzN9U2yg%3D</analysis_url><energy>0.475913</energy><liveness>0.205686</liveness><tempo>91.376</tempo><speechiness>0.681009</speechiness><acousticness>0.983649</acousticness><instrumentalness>0.0</instrumentalness><mode>1</mode><time_signature>5</time_signature><duration>67.35955</duration><loudness>-11.933</loudness><audio_md5 /><valence>0.641245</valence><danceability>0.655135</danceability></audio_summary><title>Alice Cooper Name (Spoken Word)</title></song><song><artist_id>AR1ABAO1187FB531E1</artist_id><artist_name>Alice Cooper</artist_name><id>SOVFVFW12A58A7D243</id><audio_summary><key>7</key><analysis_url>http://echonest-analysis.s3.amazonaws.com/TR/fuSL_QsVNEfa9muw0dFwpWR46ttFZCyDU2qsS9zZxJdbaaaff0sL_gWzJ0JhE7UWjo5ZU2m27NROF3bHQ%3D/3/full.json?AWSAccessKeyId=AKIAJRDFEY23UEVW42BQ&amp;Expires=1415343222&amp;Signature=/34A0ul704zLZJNGh6ifY/B2rvU%3D</analysis_url><energy>0.689423</energy><liveness>0.966904</liveness><tempo>74.68</tempo><speechiness>0.068276</speechiness><acousticness>0.428055</acousticness><instrumentalness>0.001277</instrumentalness><mode>1</mode><time_signature>4</time_signature><duration>229.19955</duration><loudness>-9.11</loudness><audio_md5 /><valence>0.229049</valence><danceability>0.251823</danceability></audio_summary><title>Only Women Bleed (1986/Live In Detroit)</title></song><song><artist_id>AR1ABAO1187FB531E1</artist_id><artist_name>Alice Cooper</artist_name><id>SOSDQKW13C641FC670</id><audio_summary><key>11</key><analysis_url>http://echonest-analysis.s3.amazonaws.com/TR/tVlEfQgqD1B0GlDNzRPc7kMYN59F1VJdhMVPYCuRjUHuEYhXmutVL8yigu7W4-MI0aTDMBLpy4cXUnGcg%3D/3/full.json?AWSAccessKeyId=AKIAJRDFEY23UEVW42BQ&amp;Expires=1415343222&amp;Signature=RBx%2BLu8byzO/%2BLGqW4ZXGnalnIA%3D</analysis_url><energy>0.709466</energy><liveness>0.151766</liveness><tempo>112.551</tempo><speechiness>0.048773</speechiness><acousticness>0.231915</acousticness><instrumentalness>0.624112</instrumentalness><mode>0</mode><time_signature>3</time_signature><duration>190.26621</duration><loudness>-8.048</loudness><audio_md5 /><valence>0.642887</valence><danceability>0.316436</danceability></audio_summary><title>Muscle Of Love (Muscle of Love Pre-production)</title></song><song><artist_id>AR1ABAO1187FB531E1</artist_id><artist_name>Alice Cooper</artist_name><id>SOTIHSG13C642AFEF1</id><audio_summary><key>6</key><analysis_url>http://echonest-analysis.s3.amazonaws.com/TR/iuvmfAFInDYzVhEIgGWWKhbqUWtqe3tbFRe18xekXFB7yyYymNU8NGLhqFSU2ZwhHzkrWgLryt7p2pJD4%3D/3/full.json?AWSAccessKeyId=AKIAJRDFEY23UEVW42BQ&amp;Expires=1415343222&amp;Signature=aoG6tvaTK0k0PPve0iwl1rPGzRA%3D</analysis_url><energy>0.499608</energy><liveness>0.219969</liveness><tempo>76.146</tempo><speechiness>0.891886</speechiness><acousticness>0.959833</acousticness><instrumentalness>0.0</instrumentalness><mode>1</mode><time_signature>4</time_signature><duration>121.77288</duration><loudness>-14.819</loudness><audio_md5 /><valence>0.572544</valence><danceability>0.599934</danceability></audio_summary><title>Earwigs To Spiders To Nazz (Spoken Word)</title></song><song><artist_id>AR1ABAO1187FB531E1</artist_id><artist_name>Alice Cooper</artist_name><id>SOLQGCU13C642ACCB1</id><audio_summary><key>6</key><analysis_url>http://echonest-analysis.s3.amazonaws.com/TR/EaH19AEELqwdmTv5cmnQfF3_p9-EOeSnAPK5A80J7QgGto11XJQxVWBM5XctHloK2R-bbJNI_JGl0XQI0%3D/3/full.json?AWSAccessKeyId=AKIAJRDFEY23UEVW42BQ&amp;Expires=1415343222&amp;Signature=KaeOzwO9oYOziUTZUmYZjJbLIDk%3D</analysis_url><energy>0.383451</energy><liveness>0.777175</liveness><tempo>105.549</tempo><speechiness>0.416116</speechiness><acousticness>0.807452</acousticness><instrumentalness>0.0</instrumentalness><mode>1</mode><time_signature>3</time_signature><duration>296.81288</duration><loudness>-10.657</loudness><audio_md5 /><valence>0.415481</valence><danceability>0.52445</danceability></audio_summary><title>Kids Session (School’s Out Kids Session)</title></song><song><artist_id>AR1ABAO1187FB531E1</artist_id><artist_name>Alice Cooper</artist_name><id>SOLSHSL13C6421B2B3</id><audio_summary><key>6</key><analysis_url>http://echonest-analysis.s3.amazonaws.com/TR/ds53iAMMEkOvbwO7jOKKTDp4TSaO-fuMRH_AGtgzmMZxQjUgmTk7EK2M-ZPa0ABOW9GP1VwigZwlL0eiQ%3D/3/full.json?AWSAccessKeyId=AKIAJRDFEY23UEVW42BQ&amp;Expires=1415343222&amp;Signature=a/GlO2T%2B3MVICsxvgqvhK2HUYrI%3D</analysis_url><energy>0.254866</energy><liveness>0.161627</liveness><tempo>65.658</tempo><speechiness>0.510621</speechiness><acousticness>0.741966</acousticness><instrumentalness>0.0</instrumentalness><mode>1</mode><time_signature>4</time_signature><duration>60.85288</duration><loudness>-16.587</loudness><audio_md5 /><valence>0.826402</valence><danceability>0.750663</danceability></audio_summary><title>The Rock Scene (Spoken Word)</title></song><song><artist_id>AR1ABAO1187FB531E1</artist_id><artist_name>Alice Cooper</artist_name><id>SOMAQZY12DA547A34F</id><audio_summary><key>8</key><analysis_url>http://echonest-analysis.s3.amazonaws.com/TR/DqkEtwFqaiUpGRra_Zi0WWcGBr2EtcbIfUKMeB9aC0OwQMZ4pH-63L6DI8QO70Oe05JwrggoSCWqvsQOQ%3D/3/full.json?AWSAccessKeyId=AKIAJRDFEY23UEVW42BQ&amp;Expires=1415343222&amp;Signature=xxSfbXdiR%2BhpJDA6%2BcTw5fs8KHc%3D</analysis_url><energy>0.981784</energy><liveness>0.970198</liveness><tempo>143.576</tempo><speechiness>0.094644</speechiness><acousticness>8e-05</acousticness><instrumentalness>0.050752</instrumentalness><mode>0</mode><time_signature>4</time_signature><duration>245.34621</duration><loudness>-1.631</loudness><audio_md5 /><valence>0.210389</valence><danceability>0.207939</danceability></audio_summary><title>School's Out (Reprise) (Live At Hammersmith Apollo / 2009)</title></song><song><artist_id>AR1ABAO1187FB531E1</artist_id><artist_name>Alice Cooper</artist_name><id>SONLLKE13C64222C2D</id><audio_summary><key>7</key><analysis_url>http://echonest-analysis.s3.amazonaws.com/TR/b23LHgUr4UK2vcl8kmpfXFu4jc03EUCbUwZHz9EZJroF0h6Cu3hA1Rkccco40xwdtOyAuZpSOOkgvSSGM%3D/3/full.json?AWSAccessKeyId=AKIAJRDFEY23UEVW42BQ&amp;Expires=1415343222&amp;Signature=jIGQsIA52DPx1MNoMroqJCuBzgA%3D</analysis_url><energy>0.52446</energy><liveness>0.46364</liveness><tempo>119.304</tempo><speechiness>0.140796</speechiness><acousticness>0.841677</acousticness><instrumentalness>0.002614</instrumentalness><mode>1</mode><time_signature>4</time_signature><duration>432.39955</duration><loudness>-9.942</loudness><audio_md5 /><valence>0.359279</valence><danceability>0.497</danceability></audio_summary><title>Outtakes / Luney Tune (School’s Out Pre-production)</title></song><song><artist_id>AR1ABAO1187FB531E1</artist_id><artist_name>Alice Cooper</artist_name><id>SOMKNUM1496986D092</id><audio_summary><key>11</key><analysis_url>http://echonest-analysis.s3.amazonaws.com/TR/wDnKWQLXd7Gu05ilM76_F1vHAJEH-vIpW4nP3pOIHwX0yrGHQWzxK16xP7L2FNatvCi1vMRya28VGoBMI%3D/3/full.json?AWSAccessKeyId=AKIAJRDFEY23UEVW42BQ&amp;Expires=1415343222&amp;Signature=Jk399Ely4//GfUhS987VriFE5ls%3D</analysis_url><energy>0.956958</energy><liveness>0.340857</liveness><tempo>193.613</tempo><speechiness>0.126031</speechiness><acousticness>0.016679</acousticness><instrumentalness>0.523929</instrumentalness><mode>0</mode><time_signature>4</time_signature><duration>199.10621</duration><loudness>-5.804</loudness><audio_md5 /><valence>0.237432</valence><danceability>0.145982</danceability></audio_summary><title>The Black Widow (Live)</title></song><song><artist_id>AR1ABAO1187FB531E1</artist_id><artist_name>Alice Cooper</artist_name><id>SOPCZEZ12DA547A346</id><audio_summary><key>1</key><analysis_url>http://echonest-analysis.s3.amazonaws.com/TR/vJoI0wllMjV6eMMVCS3qLEzLKlGIlV9_35tyHIwKTTwDh7qEje3VOEcSKirpvn2rLFTs6K-uBX_Ffprpw%3D/3/full.json?AWSAccessKeyId=AKIAJRDFEY23UEVW42BQ&amp;Expires=1415343222&amp;Signature=JHQ5ti4xv43bRmqaG1cZ9rKVLMg%3D</analysis_url><energy>0.965534</energy><liveness>0.992385</liveness><tempo>119.158</tempo><speechiness>0.082736</speechiness><acousticness>0.000296</acousticness><instrumentalness>0.003725</instrumentalness><mode>1</mode><time_signature>4</time_signature><duration>173.57288</duration><loudness>-3.63</loudness><audio_md5 /><valence>0.573775</valence><danceability>0.394749</danceability></audio_summary><title>Be My Lover (Live At Hammersmith Apollo / 2009)</title></song><song><artist_id>AR1ABAO1187FB531E1</artist_id><artist_name>Alice Cooper</artist_name><id>SOPICCE1366FFE689E</id><audio_summary><key>1</key><analysis_url>http://echonest-analysis.s3.amazonaws.com/TR/TRUTOYF12BEA95D043/3/full.json?AWSAccessKeyId=AKIAJRDFEY23UEVW42BQ&amp;Expires=1415343222&amp;Signature=nNPPEJudKkOfJjXnu2XgEVkiHtI%3D</analysis_url><energy>0.689325</energy><liveness>0.102955</liveness><tempo>86.012</tempo><speechiness>0.027985</speechiness><acousticness>0.013843</acousticness><instrumentalness>0.769093</instrumentalness><mode>1</mode><time_signature>4</time_signature><duration>230.89587</duration><loudness>-14.129</loudness><audio_md5 /><valence>0.761759</valence><danceability>0.47463</danceability></audio_summary><title>GIMMIE</title></song><song><artist_id>AR1ABAO1187FB531E1</artist_id><artist_name>Alice Cooper</artist_name><id>SOPKIBK13C641F598A</id><audio_summary><key>8</key><analysis_url>http://echonest-analysis.s3.amazonaws.com/TR/jirsegHWt-ALLwwUXOMLM7U6a3gfFj6_GuzgnVf0LtAQn6RvFZGyLOF8Xh6L_ocJv0rg0HbpZdvmC_XgQ%3D/3/full.json?AWSAccessKeyId=AKIAJRDFEY23UEVW42BQ&amp;Expires=1415343222&amp;Signature=AFyHj5Km1%2B1yci6lJRJSL2fwCc8%3D</analysis_url><energy>0.867185</energy><liveness>0.346978</liveness><tempo>96.229</tempo><speechiness>0.14873</speechiness><acousticness>0.116561</acousticness><instrumentalness>0.0</instrumentalness><mode>1</mode><time_signature>4</time_signature><duration>61.82621</duration><loudness>-9.322</loudness><audio_md5 /><valence>0.623967</valence><danceability>0.333485</danceability></audio_summary><title>Muscle Of Love (Radio Ad)</title></song><song><artist_id>AR1ABAO1187FB531E1</artist_id><artist_name>Alice Cooper</artist_name><id>SOPLNBH13FE159738A</id><audio_summary><key>8</key><analysis_url>http://echonest-analysis.s3.amazonaws.com/TR/v0NteATDXtdbX4NmL5vb13kUwcZuG56JKI-a8w/3/full.json?AWSAccessKeyId=AKIAJRDFEY23UEVW42BQ&amp;Expires=1415343222&amp;Signature=sfDzWvu85LmkSnfdqgapvjmIVQ8%3D</analysis_url><energy>0.942319</energy><liveness>0.217598</liveness><tempo>88.059</tempo><speechiness>0.053275</speechiness><acousticness>4e-05</acousticness><instrumentalness>0.469206</instrumentalness><mode>1</mode><time_signature>3</time_signature><duration>249.12</duration><loudness>-5.301</loudness><audio_md5 /><valence>0.618993</valence><danceability>0.1979</danceability></audio_summary><title>Clowns Will Eat Me</title></song><song><artist_id>AR1ABAO1187FB531E1</artist_id><artist_name>Alice Cooper</artist_name><id>SOQALYV12AB0181833</id><audio_summary><key>9</key><analysis_url>http://echonest-analysis.s3.amazonaws.com/TR/kJLABAaDGJ_LRYFR5futBwJq5ooW30RXIobpwEhcKVrnOphtkl8TU8pfVaAj_nCVd1Mwi6lhinKQjpKlU%3D/3/full.json?AWSAccessKeyId=AKIAJRDFEY23UEVW42BQ&amp;Expires=1415343222&amp;Signature=h4UAxwlJ7X8PbMMzM7R4GbvyoKc%3D</analysis_url><energy>0.975416</energy><liveness>0.968134</liveness><tempo>145.961</tempo><speechiness>0.095762</speechiness><acousticness>0.006563</acousticness><instrumentalness>0.000862</instrumentalness><mode>0</mode><time_signature>4</time_signature><duration>232.38621</duration><loudness>-7.339</loudness><audio_md5 /><valence>0.088805</valence><danceability>0.287313</danceability></audio_summary><title>Elected (1986/Live In Detroit)</title></song><song><artist_id>AR1ABAO1187FB531E1</artist_id><artist_name>Alice Cooper</artist_name><id>SOQBJTU13C642D36EF</id><audio_summary><key>2</key><analysis_url>http://echonest-analysis.s3.amazonaws.com/TR/GMw0JQVGQrtEveU7rnASiNcbd5Ul1Cy07x-3_hNTbZ6-iEUElK_y6MK7DwOPAEdJHRa4Duvka3QWza1HU%3D/3/full.json?AWSAccessKeyId=AKIAJRDFEY23UEVW42BQ&amp;Expires=1415343222&amp;Signature=gjNWp4YbHhw/in7aA235ZDg%2BZts%3D</analysis_url><energy>0.923336</energy><liveness>0.183389</liveness><tempo>123.938</tempo><speechiness>0.069875</speechiness><acousticness>0.011686</acousticness><instrumentalness>0.013013</instrumentalness><mode>1</mode><time_signature>4</time_signature><duration>182.63955</duration><loudness>-3.944</loudness><audio_md5 /><valence>0.538135</valence><danceability>0.366773</danceability></audio_summary><title>Is It My Body (Seattle Live)</title></song><song><artist_id>AR1ABAO1187FB531E1</artist_id><artist_name>Alice Cooper</artist_name><id>SOPYNRF13C642B40D3</id><audio_summary><key>9</key><analysis_url>http://echonest-analysis.s3.amazonaws.com/TR/Z52WcAnuGmpfCK2gAPoIQvkooPHVi0pn397EW8lwmoXkOIjwAwBdWEnlmXONCQHMZJqgwirTBDMXWRYAc%3D/3/full.json?AWSAccessKeyId=AKIAJRDFEY23UEVW42BQ&amp;Expires=1415343222&amp;Signature=VNGtq%2BvRfIbiI0qGapp6%2BtWv97M%3D</analysis_url><energy>0.205928</energy><liveness>0.177066</liveness><tempo>77.201</tempo><speechiness>0.962319</speechiness><acousticness>0.88255</acousticness><instrumentalness>0.0</instrumentalness><mode>0</mode><time_signature>1</time_signature><duration>74.85288</duration><loudness>-21.028</loudness><audio_md5 /><valence>0.609666</valence><danceability>0.711028</danceability></audio_summary><title>Alice Cooper Group Breaks Up (Spoken Word)</title></song><song><artist_id>AR1ABAO1187FB531E1</artist_id><artist_name>Alice Cooper</artist_name><id>SOQHBTQ13C6427000D</id><audio_summary><key>9</key><analysis_url>http://echonest-analysis.s3.amazonaws.com/TR/o6mPmAVF1qYf5ciRVPQ4m03w6Bai9gP4m2P3LXmRjjw96NhAmVltuuiHYkAJL9atF2_GFsF3bdEyJFHWg%3D/3/full.json?AWSAccessKeyId=AKIAJRDFEY23UEVW42BQ&amp;Expires=1415343222&amp;Signature=Ba1wsEJ0BHFi%2BH/gU6BYkgW0JrE%3D</analysis_url><energy>0.140137</energy><liveness>0.264851</liveness><tempo>127.53</tempo><speechiness>0.934005</speechiness><acousticness>0.898933</acousticness><instrumentalness>0.0</instrumentalness><mode>0</mode><time_signature>5</time_signature><duration>26.34621</duration><loudness>-17.495</loudness><audio_md5 /><valence>0.65726</valence><danceability>0.715419</danceability></audio_summary><title>Outro Alice (Spoken Word)</title></song><song><artist_id>AR1ABAO1187FB531E1</artist_id><artist_name>Alice Cooper</artist_name><id>SOQJRSJ12A58A79D23</id><audio_summary><key>9</key><analysis_url>http://echonest-analysis.s3.amazonaws.com/TR/HSwhzgb3MmSLmjl4NAuayBWlwVHqMjprf0wBgFZrtU-rPa15OXikoxt0chQpvsKQyQdYb6uKm6AoOOtpU%3D/3/full.json?AWSAccessKeyId=AKIAJRDFEY23UEVW42BQ&amp;Expires=1415343222&amp;Signature=oAAIQ/WFWVS643qVnB05Eo7EHto%3D</analysis_url><energy>0.98989</energy><liveness>0.980476</liveness><tempo>92.26</tempo><speechiness>0.189183</speechiness><acousticness>0.182653</acousticness><instrumentalness>0.000216</instrumentalness><mode>0</mode><time_signature>4</time_signature><duration>206.79955</duration><loudness>-5.982</loudness><audio_md5 /><valence>0.039408</valence><danceability>0.293137</danceability></audio_summary><title>Billion Dollar Babies (1986/Live In Detroit)</title></song><song><artist_id>AR1ABAO1187FB531E1</artist_id><artist_name>Alice Cooper</artist_name><id>SOQIDGR1315CD41C3A</id><audio_summary><key>1</key><analysis_url>http://echonest-analysis.s3.amazonaws.com/TR/fYHCDQ7LhTFQ1EAK3KmN8dKTgVIVxFMjAFP8r-QKJOtiv-lzz1LaUV7XYm0PJb5S2QVD8byEBKhanUfkI%3D/3/full.json?AWSAccessKeyId=AKIAJRDFEY23UEVW42BQ&amp;Expires=1415343222&amp;Signature=Fy8lLLSEDoEorF0SPnEp5upoN60%3D</analysis_url><energy>0.925196</energy><liveness>0.928155</liveness><tempo>123.254</tempo><speechiness>0.041818</speechiness><acousticness>9e-06</acousticness><instrumentalness>0.041983</instrumentalness><mode>0</mode><time_signature>4</time_signature><duration>271.81288</duration><loudness>-3.121</loudness><audio_md5 /><valence>0.310637</valence><danceability>0.294059</danceability></audio_summary><title>Poison (Live At Hammersmith Apollo / 2009)</title></song><song><artist_id>AR1ABAO1187FB531E1</artist_id><artist_name>Alice Cooper</artist_name><id>SONOOYN1315CD40BB9</id><audio_summary><key>8</key><analysis_url>http://echonest-analysis.s3.amazonaws.com/TR/zpF5ngMnW6-JvczX4i4MpmAktPoyfAVgiO6CH7IWjR6nwN16RhzKEvJKCJz5r-ElQ98-1u6GhkJZ63iEo%3D/3/full.json?AWSAccessKeyId=AKIAJRDFEY23UEVW42BQ&amp;Expires=1415343222&amp;Signature=SvzOakkCPjx0vY/uA5BwTuWXuqc%3D</analysis_url><energy>0.983363</energy><liveness>0.990019</liveness><tempo>94.825</tempo><speechiness>0.092919</speechiness><acousticness>7e-06</acousticness><instrumentalness>0.797107</instrumentalness><mode>1</mode><time_signature>4</time_signature><duration>208.85288</duration><loudness>-3.878</loudness><audio_md5>836a791ed16a8d8afa511c3a762f5f45</audio_md5><valence>0.565892</valence><danceability>0.365429</danceability></audio_summary><title>The Black Widow (Live At Hammersmith Apollo / 2009)</title></song><song><artist_id>AR1ABAO1187FB531E1</artist_id><artist_name>Alice Cooper</artist_name><id>SOOZJZJ13C642B000A</id><audio_summary><key>7</key><analysis_url>http://echonest-analysis.s3.amazonaws.com/TR/MMz2owvOVdrOl1vHYUQRZyDJrU4rtuNEcuf5bRMTsd1slkrhDnKeQId22JPu8RLRzcH9nqWok2G87MHHE%3D/3/full.json?AWSAccessKeyId=AKIAJRDFEY23UEVW42BQ&amp;Expires=1415343222&amp;Signature=R6qCZiAwOu6zFj/kSu0dQ5dvJm4%3D</analysis_url><energy>0.390063</energy><liveness>0.213579</liveness><tempo>201.716</tempo><speechiness>0.945934</speechiness><acousticness>0.962647</acousticness><instrumentalness>0.0</instrumentalness><mode>1</mode><time_signature>3</time_signature><duration>41.90621</duration><loudness>-15.461</loudness><audio_md5 /><valence>0.654843</valence><danceability>0.604741</danceability></audio_summary><title>Writing Generation Landslide (Spoken Word)</title></song><song><artist_id>AR1ABAO1187FB531E1</artist_id><artist_name>Alice Cooper</artist_name><id>SOOYQDG1496A9BD861</id><audio_summary><key>9</key><analysis_url>http://echonest-analysis.s3.amazonaws.com/TR/zVmh0ALt2dKeIMCNv5Dg44oJru8wIlJBDNawrB-8RANGM3xbpcV9dB4VeZkwan7Ytik5hG6spkIWlvifk%3D/3/full.json?AWSAccessKeyId=AKIAJRDFEY23UEVW42BQ&amp;Expires=1415343222&amp;Signature=sWotGxX6CZZ0rhFn2y1zvmRZ%2BOs%3D</analysis_url><energy>0.913416</energy><liveness>0.621549</liveness><tempo>128.333</tempo><speechiness>0.053401</speechiness><acousticness>0.014742</acousticness><instrumentalness>0.001834</instrumentalness><mode>1</mode><time_signature>4</time_signature><duration>179.26621</duration><loudness>-7.398</loudness><audio_md5 /><valence>0.648442</valence><danceability>0.400202</danceability></audio_summary><title>Escape (Live)</title></song><song><artist_id>AR1ABAO1187FB531E1</artist_id><artist_name>Alice Cooper</artist_name><id>SOPCEFH1373E86B5D8</id><audio_summary><key>5</key><analysis_url>http://echonest-analysis.s3.amazonaws.com/TR/IaZ9-wgTmuZgejsyPUdb_jeoHiqF_TbQykYUfi0unsPt_w6ZTkuOnzD5l4a9T2kpyMXT0jWATUKhM7daA%3D/3/full.json?AWSAccessKeyId=AKIAJRDFEY23UEVW42BQ&amp;Expires=1415343222&amp;Signature=VosSGyeOskrcE60kyhzad8LKakc%3D</analysis_url><energy>0.464365</energy><liveness>0.383341</liveness><tempo>86.464</tempo><speechiness>0.049982</speechiness><acousticness>0.78281</acousticness><instrumentalness>0.003413</instrumentalness><mode>1</mode><time_signature>4</time_signature><duration>75.62621</duration><loudness>-15.599</loudness><audio_md5 /><valence>0.23268</valence><danceability>0.235464</danceability></audio_summary><title>Years Ago Intro Part 3 (Live)</title></song><song><artist_id>AR1ABAO1187FB531E1</artist_id><artist_name>Alice Cooper</artist_name><id>SOOSTTM13739B223F0</id><audio_summary><key>11</key><analysis_url>http://echonest-analysis.s3.amazonaws.com/TR/6puk3QXg21wmZnyAGnYWdXYI9PFs9VoVOXRG-9GWx2Yno6X4eConyY-zplEjAMth6_7aET9NTzet6InHo%3D/3/full.json?AWSAccessKeyId=AKIAJRDFEY23UEVW42BQ&amp;Expires=1415343222&amp;Signature=z5CRAJQXSJQ4TWzJZN61GVeOt/w%3D</analysis_url><energy>0.712015</energy><liveness>0.710191</liveness><tempo>123.594</tempo><speechiness>0.075347</speechiness><acousticness>0.497928</acousticness><instrumentalness>0.002824</instrumentalness><mode>1</mode><time_signature>4</time_signature><duration>156.59955</duration><loudness>-11.274</loudness><audio_md5 /><valence>0.334109</valence><danceability>0.490012</danceability></audio_summary><title>Is It My Body (Live)</title></song></songs></response>