<response><status><version>4.2</version><code>0</code><message>Success</message></status><songs><song><artist_id>ARS3U0F1187B98BD6D</artist_id><artist_name>Alice Russell</artist_name><id>SOAABDP1311AFE076E</id><audio_summary><key>0</key><analysis_url>http://echonest-analysis.s3.amazonaws.com/TR/Bt7DDAmcgpLLYlkO1zn8pC7iMpy3B5-uMQYQYwSSa4mBnpTZANsGZu-1y3jPbejkdk4Xkkve0fqEQbX3c%3D/3/full.json?AWSAccessKeyId=AKIAJRDFEY23UEVW42BQ&amp;Expires=1415343234&amp;Signature=V8le9ixqV44e/rGJO8M%2ByXaKRgM%3D</analysis_url><energy>0.83569</energy><liveness>0.102462</liveness><tempo>125.999</tempo><speechiness>0.055039</speechiness><acousticness>0.01311</acousticness><instrumentalness>0.154142</instrumentalness><mode>1</mode><time_signature>4</time_signature><duration>298.42621</duration><loudness>-10.271</loudness><audio_md5 /><valence>0.71466</valence><danceability>0.859768</danceability></audio_summary><title>Universe (Lanoiraudel Montmartre Remix)</title></song><song><artist_id>ARS3U0F1187B98BD6D</artist_id><artist_name>Alice Russell</artist_name><id>SOEJRBY13729F34FE3</id><audio_summary><key>0</key><analysis_url>http://echonest-analysis.s3.amazonaws.com/TR/Wf3VHAeLBlClwc-J6Ns5lZGXhgKGBomS6wLLiRCmLY456cYkhBFYp7JBEmolk2PVtk3Sv9EVnUsgT_9bo%3D/3/full.json?AWSAccessKeyId=AKIAJRDFEY23UEVW42BQ&amp;Expires=1415343234&amp;Signature=G68a1NJS4wLMvBqfcH2OWCDh9IE%3D</analysis_url><energy>0.813532</energy><liveness>0.158785</liveness><tempo>126.008</tempo><speechiness>0.055128</speechiness><acousticness>0.045661</acousticness><instrumentalness>0.738831</instrumentalness><mode>1</mode><time_signature>4</time_signature><duration>478.42621</duration><loudness>-14.686</loudness><audio_md5>b8f3a74bb8861e27e05772d796df6915</audio_md5><valence>0.732862</valence><danceability>0.793416</danceability></audio_summary><title>Universe (Photonz Remix)</title></song><song><artist_id>ARS3U0F1187B98BD6D</artist_id><artist_name>Alice Russell</artist_name><id>SOALETQ1313439F19B</id><audio_summary><key>5</key><analysis_url>http://echonest-analysis.s3.amazonaws.com/TR/Bnf_7gH95tM0Db_v-4DpbYKCA6-TMoptUBhXoPADhEWUuyhytqkV5LEfILWWry4MuBuF6tzYi2j-HcK_0%3D/3/full.json?AWSAccessKeyId=AKIAJRDFEY23UEVW42BQ&amp;Expires=1415343234&amp;Signature=UYaTlU8XcyVdimqZBshnA0Ivdno%3D</analysis_url><energy>0.658252</energy><liveness>0.048997</liveness><tempo>152.041</tempo><speechiness>0.030743</speechiness><acousticness>0.005354</acousticness><instrumentalness>0.002765</instrumentalness><mode>0</mode><time_signature>4</time_signature><duration>438.49288</duration><loudness>-9.358</loudness><audio_md5 /><valence>0.670814</valence><danceability>0.61369</danceability></audio_summary><title>Let Us Be Loving (Beatfanatic Remix)</title></song><song><artist_id>ARS3U0F1187B98BD6D</artist_id><artist_name>Alice Russell</artist_name><id>SOOSSSU144DE4F0FF0</id><audio_summary><key>10</key><analysis_url>http://echonest-analysis.s3.amazonaws.com/TR/x0OwPwT0OtwbKxVLI6H0CkeF7mwQKuN8Aa68kJS0tnfH_wNwEWLiHhkTO_Fm_YZD-WwGHx54dHtIVzeUM%3D/3/full.json?AWSAccessKeyId=AKIAJRDFEY23UEVW42BQ&amp;Expires=1415343234&amp;Signature=eSzU3Fw61HRaIkOq%2BeYRSFg6MTY%3D</analysis_url><energy>0.603054</energy><liveness>0.108465</liveness><tempo>126.023</tempo><speechiness>0.059904</speechiness><acousticness>0.000214</acousticness><instrumentalness>0.117955</instrumentalness><mode>0</mode><time_signature>4</time_signature><duration>341.74621</duration><loudness>-11.184</loudness><audio_md5 /><valence>0.383282</valence><danceability>0.840481</danceability></audio_summary><title>Universe (Kid Gusto Remix)</title></song><song><artist_id>ARS3U0F1187B98BD6D</artist_id><artist_name>Alice Russell</artist_name><id>SOUNKGK141BBA5A3FA</id><audio_summary><key>5</key><analysis_url>http://echonest-analysis.s3.amazonaws.com/TR/7XUjOgKd8h8RPSaMiu_8qWKjGCeLE8XlRqR0ZAoSrJsEwcFNrZTVA7OJRTM96hhsG15ge-ZVQcpRiCmpc%3D/3/full.json?AWSAccessKeyId=AKIAJRDFEY23UEVW42BQ&amp;Expires=1415343234&amp;Signature=3MEnOPnLPiqUf9XgWQ9sr2C/wJA%3D</analysis_url><energy>0.752379</energy><liveness>0.566639</liveness><tempo>123.009</tempo><speechiness>0.07364</speechiness><acousticness>0.00146</acousticness><instrumentalness>0.724717</instrumentalness><mode>0</mode><time_signature>4</time_signature><duration>439.24245</duration><loudness>-8.703</loudness><audio_md5 /><valence>0.522654</valence><danceability>0.83015</danceability></audio_summary><title>To Dust (Giom Remix)</title></song><song><artist_id>ARS3U0F1187B98BD6D</artist_id><artist_name>Alice Russell</artist_name><id>SOCMHSW1311AFDD940</id><audio_summary><key>7</key><analysis_url>http://echonest-analysis.s3.amazonaws.com/TR/FrsEGgeX3IX0AUpqdyQVCSFymPWkrtTlBLok_jkuJy7yGuCp_YEl9W4o4X1Hl6-iIRK0A25JVq9RDSY0M%3D/3/full.json?AWSAccessKeyId=AKIAJRDFEY23UEVW42BQ&amp;Expires=1415343234&amp;Signature=nYp10T1ZvkuOOE9Y2AAArcicDJo%3D</analysis_url><energy>0.728108</energy><liveness>0.041674</liveness><tempo>139.312</tempo><speechiness>0.032183</speechiness><acousticness>0.353464</acousticness><instrumentalness>9e-06</instrumentalness><mode>1</mode><time_signature>4</time_signature><duration>222.18621</duration><loudness>-5.339</loudness><audio_md5 /><valence>0.856729</valence><danceability>0.613093</danceability></audio_summary><title>Two Steps (Shawn Lee's 7 Inches of Soul Remix)</title></song><song><artist_id>ARS3U0F1187B98BD6D</artist_id><artist_name>Alice Russell</artist_name><id>SOAQQFQ131343A1F75</id><audio_summary><key>5</key><analysis_url>http://echonest-analysis.s3.amazonaws.com/TR/2-5nPAjf16Y7JkOi8wOCTuu76B8usTiEWFqOvsf0ZMNjrABZ-sBjTIHKmqILgrwfTFsIZkISaariiG_Vc%3D/3/full.json?AWSAccessKeyId=AKIAJRDFEY23UEVW42BQ&amp;Expires=1415343234&amp;Signature=VgM0Ny564gnhcGp2/Xpqvh5HQvk%3D</analysis_url><energy>0.686646</energy><liveness>0.165987</liveness><tempo>98.854</tempo><speechiness>0.039799</speechiness><acousticness>0.102034</acousticness><instrumentalness>0.000424</instrumentalness><mode>0</mode><time_signature>4</time_signature><duration>258.18621</duration><loudness>-10.473</loudness><audio_md5 /><valence>0.274995</valence><danceability>0.69925</danceability></audio_summary><title>All Alone (DJ Day Meets Clutchy Hopkins Remix)</title></song><song><artist_id>ARS3U0F1187B98BD6D</artist_id><artist_name>Alice Russell</artist_name><id>SOAGUQQ12AB017CE0E</id><audio_summary><key>2</key><analysis_url>http://echonest-analysis.s3.amazonaws.com/TR/8BsYJQ0E0N_p6ClrTGT91p9xd_KsFO6WfU-ZuZQvKSHHnUMT0FFg6XCHyWaBHpaUitKxtlA4T3L3Wuw-k%3D/3/full.json?AWSAccessKeyId=AKIAJRDFEY23UEVW42BQ&amp;Expires=1415343234&amp;Signature=bKdUre419vNoCTjHLdD734sGGNo%3D</analysis_url><energy>0.166272</energy><liveness>0.116651</liveness><tempo>115.031</tempo><speechiness>0.037542</speechiness><acousticness>0.68172</acousticness><instrumentalness>0.002994</instrumentalness><mode>0</mode><time_signature>4</time_signature><duration>404.33288</duration><loudness>-11.849</loudness><audio_md5 /><valence>0.439775</valence><danceability>0.630814</danceability></audio_summary><title>Tryin Times (Bonus Track)</title></song><song><artist_id>ARS3U0F1187B98BD6D</artist_id><artist_name>Alice Russell</artist_name><id>SOBPBHR1452200AE13</id><audio_summary><key>4</key><analysis_url>http://echonest-analysis.s3.amazonaws.com/TR/7i8-dwozxxlSi8w4URxueeiuVUAYHgB7kOYbxJbhQaZ5u2yMy_qKyC2auT18Thezv-aptYufDqkMUYm3Y%3D/3/full.json?AWSAccessKeyId=AKIAJRDFEY23UEVW42BQ&amp;Expires=1415343234&amp;Signature=t4kifl2FfEMt51s4aMwYXgKtjXk%3D</analysis_url><energy>0.417342</energy><liveness>0.137007</liveness><tempo>67.255</tempo><speechiness /><acousticness>0.589897</acousticness><instrumentalness>0.0</instrumentalness><mode>0</mode><time_signature>3</time_signature><duration>46.24957</duration><loudness>-15.519</loudness><audio_md5 /><valence>0.742226</valence><danceability>0.730175</danceability></audio_summary><title>Heartbreaker - Commentary</title></song><song><artist_id>ARS3U0F1187B98BD6D</artist_id><artist_name>Alice Russell</artist_name><id>SOXSSDH13EB9762746</id><audio_summary><key>8</key><analysis_url>http://echonest-analysis.s3.amazonaws.com/TR/0XOZdwLzyNl-aWv5pw6hVL9ttOQ9gZrHt59VUbkqDIsVunzAIPkVnTy4H0K3CxVv3-mKJK8NOWDabvMS0%3D/3/full.json?AWSAccessKeyId=AKIAJRDFEY23UEVW42BQ&amp;Expires=1415343234&amp;Signature=wTI4NhSXG%2BNP8OxaB8iK5JFN%2BCY%3D</analysis_url><energy>0.814237</energy><liveness>0.098939</liveness><tempo>119.038</tempo><speechiness>0.102172</speechiness><acousticness>0.006786</acousticness><instrumentalness>0.036622</instrumentalness><mode>1</mode><time_signature>4</time_signature><duration>411.79955</duration><loudness>-6.176</loudness><audio_md5 /><valence>0.595446</valence><danceability>0.750393</danceability></audio_summary><title>Hard And Strong - Let The Machines Do The Work – Dustmachine Live Remix</title></song><song><artist_id>ARS3U0F1187B98BD6D</artist_id><artist_name>Alice Russell</artist_name><id>SOOVNKP13EB9711A83</id><audio_summary><key>8</key><analysis_url>http://echonest-analysis.s3.amazonaws.com/TR/0pzcRAuoeh_3w2emXRubxgGDBJwNDNF9c6t8koeBRYnaUNavTGmdB_BD1kJqAqrKYwMXxx6MeJdwqyxMg%3D/3/full.json?AWSAccessKeyId=AKIAJRDFEY23UEVW42BQ&amp;Expires=1415343234&amp;Signature=2UgiqbYLprVGagxPySFdoPChBiw%3D</analysis_url><energy>0.872625</energy><liveness>0.061219</liveness><tempo>123.98</tempo><speechiness>0.046129</speechiness><acousticness>0.037799</acousticness><instrumentalness>0.398456</instrumentalness><mode>1</mode><time_signature>4</time_signature><duration>301.39955</duration><loudness>-4.579</loudness><audio_md5 /><valence>0.645934</valence><danceability>0.780032</danceability></audio_summary><title>Hard And Strong - Let The Machines Do The Work – Cover My Love Remix</title></song><song><artist_id>ARS3U0F1187B98BD6D</artist_id><artist_name>Alice Russell</artist_name><id>SOIQOFA1418C9DF2F1</id><audio_summary><key>8</key><analysis_url>http://echonest-analysis.s3.amazonaws.com/TR/1oKHbAboqJXPZUVkGazecjDqKQwbA4LKcgZPFEH1pTQUJCymBLNWfLm_RXn9DpnkoqpWIAlHMqLF9z95s%3D/3/full.json?AWSAccessKeyId=AKIAJRDFEY23UEVW42BQ&amp;Expires=1415343234&amp;Signature=0TSNSGvsTGpHOND0mq14SrLMPz4%3D</analysis_url><energy>0.229251</energy><liveness>0.076095</liveness><tempo>99.968</tempo><speechiness>0.084902</speechiness><acousticness>0.100188</acousticness><instrumentalness>0.895768</instrumentalness><mode>0</mode><time_signature>4</time_signature><duration>294.10621</duration><loudness>-11.563</loudness><audio_md5 /><valence>0.621873</valence><danceability>0.83668</danceability></audio_summary><title>For a While (Instrumental)</title></song><song><artist_id>ARS3U0F1187B98BD6D</artist_id><artist_name>Alice Russell</artist_name><id>SOHCTYY141BBA53D9D</id><audio_summary><key>5</key><analysis_url>http://echonest-analysis.s3.amazonaws.com/TR/3F9dUggPOfGRDmRVyrwb0GbbaITsbjm7JZ_SpXv4cogQ6t0y-_whQmRwp_njz_YGXcPtQEKEbqig4iaj0%3D/3/full.json?AWSAccessKeyId=AKIAJRDFEY23UEVW42BQ&amp;Expires=1415343234&amp;Signature=g4N3rm7kI6IkvvX22rK4rJjJIGE%3D</analysis_url><energy>0.559334</energy><liveness>0.17011</liveness><tempo>105.965</tempo><speechiness>0.029204</speechiness><acousticness>0.015941</acousticness><instrumentalness>0.574369</instrumentalness><mode>0</mode><time_signature>4</time_signature><duration>411.41288</duration><loudness>-5.667</loudness><audio_md5 /><valence>0.575729</valence><danceability>0.624236</danceability></audio_summary><title>Different - AOM Galaxy Dub</title></song><song><artist_id>ARS3U0F1187B98BD6D</artist_id><artist_name>Alice Russell</artist_name><id>SOHUGXK13EB971BB51</id><audio_summary><key>1</key><analysis_url>http://echonest-analysis.s3.amazonaws.com/TR/O0V-9gf1Vo3fDsCegH-SNE-J4pPyGQQNpKe_EnbfozluGwWR_4QO0AS7XAPNKdNFiuretKvA8RrwKl08A%3D/3/full.json?AWSAccessKeyId=AKIAJRDFEY23UEVW42BQ&amp;Expires=1415343234&amp;Signature=DTBUMc5/ajEwz8tBhYftbiylwuA%3D</analysis_url><energy>0.355875</energy><liveness>0.066324</liveness><tempo>82.514</tempo><speechiness>0.307264</speechiness><acousticness>0.168487</acousticness><instrumentalness>7.6e-05</instrumentalness><mode>0</mode><time_signature>5</time_signature><duration>237.75955</duration><loudness>-8.527</loudness><audio_md5 /><valence>0.394082</valence><danceability>0.569367</danceability></audio_summary><title>Hard and Strong (Typesun Remix)</title></song><song><artist_id>ARS3U0F1187B98BD6D</artist_id><artist_name>Alice Russell</artist_name><id>SOBHOHV13129A903FD</id><audio_summary><key>7</key><analysis_url>http://echonest-analysis.s3.amazonaws.com/TR/2zm6ywLsr0AhhlG4l4swRS7HlaX1rIj84sBbMz7Xxw2zoUfNsX2V3G8aJs5lG1CpPqeffiEv7P6rHQiuE%3D/3/full.json?AWSAccessKeyId=AKIAJRDFEY23UEVW42BQ&amp;Expires=1415343234&amp;Signature=o52f5mfan01954wn1l/A6MnCJ1w%3D</analysis_url><energy>0.693126</energy><liveness>0.448127</liveness><tempo>201.645</tempo><speechiness>0.101503</speechiness><acousticness>0.058117</acousticness><instrumentalness>9e-06</instrumentalness><mode>1</mode><time_signature>4</time_signature><duration>315.50621</duration><loudness>-7.75</loudness><audio_md5 /><valence>0.671763</valence><danceability>0.552181</danceability></audio_summary><title>Got The Hunger? (J-Boogie Houston Remix)</title></song><song><artist_id>ARS3U0F1187B98BD6D</artist_id><artist_name>Alice Russell</artist_name><id>SOBXSGH13167716379</id><audio_summary><key>1</key><analysis_url>http://echonest-analysis.s3.amazonaws.com/TR/Lt_9NQn7M30uY0NEeW9KwtZPxjBVz6dOZZuaX4Jo4cxRWT103FPCToPqZ6x14ByZzrlVDTG8EEgasTdus%3D/3/full.json?AWSAccessKeyId=AKIAJRDFEY23UEVW42BQ&amp;Expires=1415343234&amp;Signature=EeHxfDCsF45XYQXm/Eo8dQipfGw%3D</analysis_url><energy>0.607373</energy><liveness>0.086845</liveness><tempo>112.358</tempo><speechiness>0.128294</speechiness><acousticness>0.008079</acousticness><instrumentalness>0.375289</instrumentalness><mode>1</mode><time_signature>4</time_signature><duration>346.43955</duration><loudness>-12.944</loudness><audio_md5 /><valence>0.802357</valence><danceability>0.870383</danceability></audio_summary><title>Hurry On Now (Tm Juke's Hurry Home Mix)</title></song><song><artist_id>ARS3U0F1187B98BD6D</artist_id><artist_name>Alice Russell</artist_name><id>SOEPSFQ136C4A2DA3B</id><audio_summary><key>4</key><analysis_url>http://echonest-analysis.s3.amazonaws.com/TR/ZpepeA-gnqB9lOSSopnh1IMoMDQiXeK63dx_HzxRnu-X905PsMrD9VxOGSWQlQOFWX1ibD6IVWYDUMu8o%3D/3/full.json?AWSAccessKeyId=AKIAJRDFEY23UEVW42BQ&amp;Expires=1415343234&amp;Signature=LRBbnyXJRsp0kW%2BpehJ%2B7Lijyuk%3D</analysis_url><energy>0.209207</energy><liveness>0.150898</liveness><tempo>103.997</tempo><speechiness>0.099722</speechiness><acousticness>0.027353</acousticness><instrumentalness>0.000191</instrumentalness><mode>0</mode><time_signature>4</time_signature><duration>248.49288</duration><loudness>-11.013</loudness><audio_md5 /><valence>0.740281</valence><danceability>0.958394</danceability></audio_summary><title>A Fly in the Hand (Radio Mix)</title></song><song><artist_id>ARS3U0F1187B98BD6D</artist_id><artist_name>Alice Russell</artist_name><id>SODQNNF12AF729FEA8</id><audio_summary><key>0</key><analysis_url>http://echonest-analysis.s3.amazonaws.com/TR/iEP9XgvZA98ts2rBguBjqO63UhiSixTkdAtKJO45am7pLm2R1QemoOhvQuLl7YFKGv8zOLNPz3Mn85XBw%3D/3/full.json?AWSAccessKeyId=AKIAJRDFEY23UEVW42BQ&amp;Expires=1415343234&amp;Signature=qhYcmxhpKtrmIe1%2BERlcIUbgOVo%3D</analysis_url><energy>0.448809</energy><liveness>0.048327</liveness><tempo>128.77</tempo><speechiness>0.047462</speechiness><acousticness>0.257745</acousticness><instrumentalness>0.559184</instrumentalness><mode>0</mode><time_signature>4</time_signature><duration>174.06621</duration><loudness>-12.023</loudness><audio_md5 /><valence>0.189347</valence><danceability>0.327214</danceability></audio_summary><title>Lights Went Out (LJM Remix)</title></song><song><artist_id>ARS3U0F1187B98BD6D</artist_id><artist_name>Alice Russell</artist_name><id>SOEGJAZ1311AFD5754</id><audio_summary><key>11</key><analysis_url>http://echonest-analysis.s3.amazonaws.com/TR/RAopHgAkV5BaGDZ2FRe-Z3AkrA1dDFlD3bTc83OkptIe-SxHMRH9OkhBWMpjB6wpvsBACv5SrAQ3ukb1E%3D/3/full.json?AWSAccessKeyId=AKIAJRDFEY23UEVW42BQ&amp;Expires=1415343234&amp;Signature=wxjcxApUcdaLSfm0XSInJvdmoko%3D</analysis_url><energy>0.683962</energy><liveness>0.048894</liveness><tempo>104.999</tempo><speechiness>0.028251</speechiness><acousticness>0.000247</acousticness><instrumentalness>0.000128</instrumentalness><mode>1</mode><time_signature>4</time_signature><duration>323.55955</duration><loudness>-5.412</loudness><audio_md5 /><valence>0.377636</valence><danceability>0.731392</danceability></audio_summary><title>Living The Life Of A Dreamer (Lilstemix)</title></song><song><artist_id>ARS3U0F1187B98BD6D</artist_id><artist_name>Alice Russell</artist_name><id>SOELNXC1312A8A7B62</id><audio_summary><key>10</key><analysis_url>http://echonest-analysis.s3.amazonaws.com/TR/AdlFdQs4m8ciWOrGWDsBjfpV3TEAW_P88rMGyTErvA9FzUXCSNoyAzSWhJ2KoBeFrKOJ49jpfxo4ePSUQ%3D/3/full.json?AWSAccessKeyId=AKIAJRDFEY23UEVW42BQ&amp;Expires=1415343234&amp;Signature=9k8L0YjH5f%2BSh8oG7nkvXA4GEgs%3D</analysis_url><energy>0.591243</energy><liveness>0.092564</liveness><tempo>76.158</tempo><speechiness>0.171956</speechiness><acousticness>0.252768</acousticness><instrumentalness>1.3e-05</instrumentalness><mode>0</mode><time_signature>4</time_signature><duration>227.63955</duration><loudness>-7.983</loudness><audio_md5 /><valence>0.595015</valence><danceability>0.591677</danceability></audio_summary><title>Let Us Be Loving (The Clonious Remix)</title></song><song><artist_id>ARS3U0F1187B98BD6D</artist_id><artist_name>Alice Russell</artist_name><id>SODOPTY1313439C640</id><audio_summary><key>10</key><analysis_url>http://echonest-analysis.s3.amazonaws.com/TR/57bvMAlcxsYs5V0dA9K-_oVpMD1iGqHCbgQajOAggKFJwYlRs1ijcz2cKhwJbF_2XMa8WS77DLJHQZhV4%3D/3/full.json?AWSAccessKeyId=AKIAJRDFEY23UEVW42BQ&amp;Expires=1415343234&amp;Signature=6cFA/u0X7KCHg2tnMzsPfcyyzmE%3D</analysis_url><energy>0.336783</energy><liveness>0.118069</liveness><tempo>94.998</tempo><speechiness>0.053175</speechiness><acousticness>0.075587</acousticness><instrumentalness>2e-06</instrumentalness><mode>0</mode><time_signature>4</time_signature><duration>259.14621</duration><loudness>-9.78</loudness><audio_md5 /><valence>0.540535</valence><danceability>0.760162</danceability></audio_summary><title>Let Us Be Loving (Yellowtail Remix)</title></song><song><artist_id>ARS3U0F1187B98BD6D</artist_id><artist_name>Alice Russell</artist_name><id>SOALYNW1418C96F0C4</id><audio_summary><key>10</key><analysis_url>http://echonest-analysis.s3.amazonaws.com/TR/4e3bFAHrDhPdMnJE6fnAX-AvLffTM_PZW0pbGbVOjDN4uZfnOuM9n3alb7W-gMIIWJUwqEbDnSqWenQ_c%3D/3/full.json?AWSAccessKeyId=AKIAJRDFEY23UEVW42BQ&amp;Expires=1415343234&amp;Signature=q9OP80I6hgQA0LWQFQDYiaY5Sw8%3D</analysis_url><energy>0.028895</energy><liveness>0.26376</liveness><tempo>99.836</tempo><speechiness>0.512109</speechiness><acousticness>0.846897</acousticness><instrumentalness>0.0</instrumentalness><mode>0</mode><time_signature>4</time_signature><duration>274.66621</duration><loudness>-17.843</loudness><audio_md5 /><valence>0.206062</valence><danceability>0.859659</danceability></audio_summary><title>For A While (A Cappella)</title></song><song><artist_id>ARS3U0F1187B98BD6D</artist_id><artist_name>Alice Russell</artist_name><id>SODXWDI1418CA0BFC4</id><audio_summary><key>8</key><analysis_url>http://echonest-analysis.s3.amazonaws.com/TR/By60bARDRjgP9ctoBowX3lloRSADWL9D6bdWdHtpCobtu_01AbMRA1qnbkk0mDujCkMpJ4BLAPhEE-5g8%3D/3/full.json?AWSAccessKeyId=AKIAJRDFEY23UEVW42BQ&amp;Expires=1415343234&amp;Signature=NOssLUNtkrZD9TRWMmtVVB/Bzsk%3D</analysis_url><energy>0.505058</energy><liveness>0.087476</liveness><tempo>99.98</tempo><speechiness>0.056232</speechiness><acousticness>0.65457</acousticness><instrumentalness>2.6e-05</instrumentalness><mode>0</mode><time_signature>4</time_signature><duration>226.79955</duration><loudness>-7.261</loudness><audio_md5 /><valence>0.644137</valence><danceability>0.855211</danceability></audio_summary><title>For a While (Radio Edit)</title></song><song><artist_id>ARS3U0F1187B98BD6D</artist_id><artist_name>Alice Russell</artist_name><id>SOFYLRY1452149533D</id><audio_summary><key>4</key><analysis_url>http://echonest-analysis.s3.amazonaws.com/TR/ImoKdAJOXiXf9oOz3mjPvGy87tYaukkfe6_J6rvF3qKLkNJsQe3sLSGmjS6LtWM3zm-qrOJD4VJYjBEVQ%3D/3/full.json?AWSAccessKeyId=AKIAJRDFEY23UEVW42BQ&amp;Expires=1415343234&amp;Signature=RNBw2%2BJY3830hoWO%2B5TKJcT/QS0%3D</analysis_url><energy>0.51026</energy><liveness>0.262199</liveness><tempo>80.353</tempo><speechiness>0.912078</speechiness><acousticness>0.694942</acousticness><instrumentalness>0.0</instrumentalness><mode>1</mode><time_signature>4</time_signature><duration>46.45288</duration><loudness>-17.004</loudness><audio_md5 /><valence>0.719906</valence><danceability>0.700053</danceability></audio_summary><title>Different (Bonus Track) - Intro</title></song><song><artist_id>ARS3U0F1187B98BD6D</artist_id><artist_name>Alice Russell</artist_name><id>SOHIPFT13134391E15</id><audio_summary><key>6</key><analysis_url>http://echonest-analysis.s3.amazonaws.com/TR/FqX8ig177LjK1HAzU7HuG7COzxtzPg_MIukLOEel4GdBe4ZIJ9C2wHw7EPgLMxquRJA9ukJjl9h_TLnA4%3D/3/full.json?AWSAccessKeyId=AKIAJRDFEY23UEVW42BQ&amp;Expires=1415343234&amp;Signature=FzacT/R8tCyCCC9JMdbyE18y/P0%3D</analysis_url><energy>0.13242</energy><liveness>0.13144</liveness><tempo>80.041</tempo><speechiness>0.05207</speechiness><acousticness>0.897089</acousticness><instrumentalness>1e-06</instrumentalness><mode>1</mode><time_signature>4</time_signature><duration>212.54621</duration><loudness>-18.889</loudness><audio_md5 /><valence>0.19468</valence><danceability>0.422618</danceability></audio_summary><title>Hurry On Now (Acapella)</title></song><song><artist_id>ARS3U0F1187B98BD6D</artist_id><artist_name>Alice Russell</artist_name><id>SOKXYDY14521AD74D0</id><audio_summary><key>4</key><analysis_url>http://echonest-analysis.s3.amazonaws.com/TR/361C4gh_zrsmEfvOEdpLl9zZPfVoOkApUOWxMrjiVFrl6pPO8DrXypl4tTU3-jkcXTI4G3FSrEncQ-GJ4%3D/3/full.json?AWSAccessKeyId=AKIAJRDFEY23UEVW42BQ&amp;Expires=1415343234&amp;Signature=6Gh5As/Z4Wg%2B7QtvRnjnXBLb3Ww%3D</analysis_url><energy>0.380487</energy><liveness>0.207631</liveness><tempo>33.671</tempo><speechiness /><acousticness>0.832843</acousticness><instrumentalness>0.0</instrumentalness><mode>1</mode><time_signature>4</time_signature><duration>51.99955</duration><loudness>-16.625</loudness><audio_md5 /><valence>0.66333</valence><danceability>0.830684</danceability></audio_summary><title>To Dust - Commentary</title></song><song><artist_id>ARS3U0F1187B98BD6D</artist_id><artist_name>Alice Russell</artist_name><id>SOGEWRY1312A8A81A1</id><audio_summary><key>11</key><analysis_url>http://echonest-analysis.s3.amazonaws.com/TR/oQfziAPj08ysGkLjPYRI1dav_Yk0KZ5IPz8TyNHid75BWR0UTSYpG2G3HCb3fwKS80aeyBYKn5GeRNEUk%3D/3/full.json?AWSAccessKeyId=AKIAJRDFEY23UEVW42BQ&amp;Expires=1415343234&amp;Signature=KnFQzad0EU09LaowmoOG2DiFZlc%3D</analysis_url><energy>0.66321</energy><liveness>0.110098</liveness><tempo>166.613</tempo><speechiness>0.056365</speechiness><acousticness>0.083087</acousticness><instrumentalness>0.070775</instrumentalness><mode>1</mode><time_signature>4</time_signature><duration>268.75955</duration><loudness>-4.835</loudness><audio_md5>191520429b770d8c9e34404d256c0d15</audio_md5><valence>0.821598</valence><danceability>0.745881</danceability></audio_summary><title>Hurry On Now (Boub Mix)</title></song><song><artist_id>ARS3U0F1187B98BD6D</artist_id><artist_name>Alice Russell</artist_name><id>SOQHVQF136C4D157AF</id><audio_summary><key>1</key><analysis_url>http://echonest-analysis.s3.amazonaws.com/TR/Kj9tCQCLWFY9fSQQj_IvharckmkA_9qO-OyHu71vZ00rEN2YmwQ3NHr63_hJ7vBL84I-pftkD_cP2eVVE%3D/3/full.json?AWSAccessKeyId=AKIAJRDFEY23UEVW42BQ&amp;Expires=1415343234&amp;Signature=10g7PnsoKJhkdkA5nTackavD%2B5g%3D</analysis_url><energy>0.441282</energy><liveness>0.361422</liveness><tempo>90.366</tempo><speechiness>0.171126</speechiness><acousticness>0.102204</acousticness><instrumentalness>6e-06</instrumentalness><mode>1</mode><time_signature>4</time_signature><duration>249.06621</duration><loudness>-11.814</loudness><audio_md5>72861e39435c2fb7414c797169fd386b</audio_md5><valence>0.664122</valence><danceability>0.74413</danceability></audio_summary><title>Humankind (Radio Mix)</title></song><song><artist_id>ARS3U0F1187B98BD6D</artist_id><artist_name>Alice Russell</artist_name><id>SOBKHIE1312FDFDEC1</id><audio_summary><key>1</key><analysis_url>http://echonest-analysis.s3.amazonaws.com/TR/NS0Gyw-ysfgoCzh_MshB7W9umV3Pw5wppKLypN2KB6z0cs18OYa6FYO4cycdYT291AG7VGjjYxHvluakg%3D/3/full.json?AWSAccessKeyId=AKIAJRDFEY23UEVW42BQ&amp;Expires=1415343234&amp;Signature=N%2BIn9FUbfyk5vSgfganjwEGc5r0%3D</analysis_url><energy>0.272337</energy><liveness>0.247818</liveness><tempo>83.354</tempo><speechiness>0.030037</speechiness><acousticness>0.517399</acousticness><instrumentalness>0.652412</instrumentalness><mode>0</mode><time_signature>4</time_signature><duration>280.83955</duration><loudness>-10.3</loudness><audio_md5 /><valence>0.292257</valence><danceability>0.719787</danceability></audio_summary><title>Hurry On Now (Album Instrumental)</title></song><song><artist_id>ARS3U0F1187B98BD6D</artist_id><artist_name>Alice Russell</artist_name><id>SOGMBGX1312A8A59B3</id><audio_summary><key>0</key><analysis_url>http://echonest-analysis.s3.amazonaws.com/TR/tqC5rgf5MYvIdZwQPbBrf5OTVfsWEduBwTnWM4mEXanwlFqB3-A8qSAIAaFeKRvI8bloRm_GKpjTpiFy8%3D/3/full.json?AWSAccessKeyId=AKIAJRDFEY23UEVW42BQ&amp;Expires=1415343234&amp;Signature=NQ4npAoCIBcinOBl2HXz2Tlyvf4%3D</analysis_url><energy>0.747749</energy><liveness>0.04117</liveness><tempo>139.023</tempo><speechiness>0.077177</speechiness><acousticness>0.003482</acousticness><instrumentalness>0.021714</instrumentalness><mode>1</mode><time_signature>4</time_signature><duration>281.97288</duration><loudness>-5.125</loudness><audio_md5 /><valence>0.801341</valence><danceability>0.813895</danceability></audio_summary><title>Two Steps (Ohmega Watts Remix)</title></song><song><artist_id>ARS3U0F1187B98BD6D</artist_id><artist_name>Alice Russell</artist_name><id>SOTFPMF13E8B02A116</id><audio_summary><key>11</key><analysis_url>http://echonest-analysis.s3.amazonaws.com/TR/YdL_JQsenT5rE1fhR2K7iZ_ux33s2jDpCixlX6/3/full.json?AWSAccessKeyId=AKIAJRDFEY23UEVW42BQ&amp;Expires=1415343234&amp;Signature=oYm0F6GzIFofn8vUG2loCdxOOqE%3D</analysis_url><energy>0.679894</energy><liveness>0.084298</liveness><tempo>98.982</tempo><speechiness>0.116047</speechiness><acousticness>0.46937</acousticness><instrumentalness>0.0</instrumentalness><mode>0</mode><time_signature>4</time_signature><duration>212.83955</duration><loudness>-6.615</loudness><audio_md5 /><valence>0.545379</valence><danceability>0.713108</danceability></audio_summary><title>Heartbreaker, Pt. 2</title></song><song><artist_id>ARS3U0F1187B98BD6D</artist_id><artist_name>Alice Russell</artist_name><id>SOBFBUG13134394AC7</id><audio_summary><key>0</key><analysis_url>http://echonest-analysis.s3.amazonaws.com/TR/5AthHQCzyRPXcFG0NzDP3kft0pCMl5x0IYUujxsSgoBCyyw4hDUn6cHrBgwtlUsECDjwYwH3iNuS0DNHk%3D/3/full.json?AWSAccessKeyId=AKIAJRDFEY23UEVW42BQ&amp;Expires=1415343234&amp;Signature=2ksOiRYsl2p%2BiyHPf%2BQBQr30F0Q%3D</analysis_url><energy>0.395683</energy><liveness>0.144846</liveness><tempo>137.887</tempo><speechiness>0.052265</speechiness><acousticness>0.016573</acousticness><instrumentalness>0.019357</instrumentalness><mode>1</mode><time_signature>4</time_signature><duration>188.29288</duration><loudness>-12.772</loudness><audio_md5 /><valence>0.404358</valence><danceability>0.721906</danceability></audio_summary><title>Two Steps (Herma Puma Remix)</title></song><song><artist_id>ARS3U0F1187B98BD6D</artist_id><artist_name>Alice Russell</artist_name><id>SODTBXP141BBA3DC81</id><audio_summary><key>5</key><analysis_url>http://echonest-analysis.s3.amazonaws.com/TR/9_Dd9QyCNO_5HXiVyctOzo7rOxlwE4jUQ_Sh4yv2bLSO1QoyrQqdCdKChUIPwuIv7-7nIKSchprRmEHLQ%3D/3/full.json?AWSAccessKeyId=AKIAJRDFEY23UEVW42BQ&amp;Expires=1415343234&amp;Signature=Er8/fm61e6n1ASd7etQWBdoEDgU%3D</analysis_url><energy>0.602177</energy><liveness>0.890722</liveness><tempo>105.901</tempo><speechiness>0.038164</speechiness><acousticness>0.102546</acousticness><instrumentalness>0.001899</instrumentalness><mode>0</mode><time_signature>4</time_signature><duration>550.22621</duration><loudness>-5.49</loudness><audio_md5 /><valence>0.702985</valence><danceability>0.621007</danceability></audio_summary><title>Different</title></song><song><artist_id>ARS3U0F1187B98BD6D</artist_id><artist_name>Alice Russell</artist_name><id>SOFXMGQ1311AFE7F31</id><audio_summary><key>5</key><analysis_url>http://echonest-analysis.s3.amazonaws.com/TR/Sy6_EwbCJckvZ9dhuCKvSU5dmKurlYY1po3WOwuqWaLhLyJ1PBwUBIA8NSPY2-l7UXVHAdUIXJhJZyjSY%3D/3/full.json?AWSAccessKeyId=AKIAJRDFEY23UEVW42BQ&amp;Expires=1415343234&amp;Signature=RpNqxDBna/zWCImCdJ/iqojnv%2B8%3D</analysis_url><energy>0.507486</energy><liveness>0.186875</liveness><tempo>103.918</tempo><speechiness>0.118173</speechiness><acousticness>0.13439</acousticness><instrumentalness>0.000287</instrumentalness><mode>1</mode><time_signature>4</time_signature><duration>306.27955</duration><loudness>-11.599</loudness><audio_md5>d08370e6ac7e0818d1b3b431339cf279</audio_md5><valence>0.764082</valence><danceability>0.855496</danceability></audio_summary><title>Do It</title></song><song><artist_id>ARS3U0F1187B98BD6D</artist_id><artist_name>Alice Russell</artist_name><id>SOCSYDN131343966BD</id><audio_summary><key>2</key><analysis_url>http://echonest-analysis.s3.amazonaws.com/TR/6olsEQjy6xtQ8682cH_7c4srjBXjLAW9rAKSRntuN27vhQrlZpuPY9JxY6cEH3Au56Tgwp9tQLZXeoTdU%3D/3/full.json?AWSAccessKeyId=AKIAJRDFEY23UEVW42BQ&amp;Expires=1415343234&amp;Signature=YgW5eniv7QzSinrLK845lVr%2BkHw%3D</analysis_url><energy>0.532384</energy><liveness>0.136448</liveness><tempo>125.988</tempo><speechiness>0.074787</speechiness><acousticness>0.107124</acousticness><instrumentalness>0.024493</instrumentalness><mode>0</mode><time_signature>4</time_signature><duration>266.61288</duration><loudness>-11.335</loudness><audio_md5 /><valence>0.576342</valence><danceability>0.864889</danceability></audio_summary><title>Universe (Dusty Remix)</title></song><song><artist_id>ARS3U0F1187B98BD6D</artist_id><artist_name>Alice Russell</artist_name><id>SOXHLUT13CF16AF170</id><audio_summary><key>4</key><analysis_url>http://echonest-analysis.s3.amazonaws.com/TR/t9B3Qg6C1OTiAwlMjy7lgT8Tk7wL7bQF_s_PeU/3/full.json?AWSAccessKeyId=AKIAJRDFEY23UEVW42BQ&amp;Expires=1415343234&amp;Signature=Pd%2BB8mnNpKu%2B0Uu37VYEmrnBbzQ%3D</analysis_url><energy>0.519545</energy><liveness>0.217983</liveness><tempo>99.244</tempo><speechiness>0.086909</speechiness><acousticness>0.84821</acousticness><instrumentalness>2e-06</instrumentalness><mode>0</mode><time_signature>4</time_signature><duration>265.99955</duration><loudness>-6.745</loudness><audio_md5 /><valence>0.548583</valence><danceability>0.731927</danceability></audio_summary><title>Heartbreaker (Acoustic Live)</title></song><song><artist_id>ARS3U0F1187B98BD6D</artist_id><artist_name>Alice Russell</artist_name><id>SOEXLWT13EB95CF38E</id><audio_summary><key>2</key><analysis_url>http://echonest-analysis.s3.amazonaws.com/TR/QR4M7AM0_QFu1w2OZuj9wp3ent1yyRBuyzYpojPQtOcPHo0XnrZSMCE2-ICEpWW46idCcaEhdrmObvaQs%3D/3/full.json?AWSAccessKeyId=AKIAJRDFEY23UEVW42BQ&amp;Expires=1415343234&amp;Signature=BP%2Bj6GudlaqddKMWtGEc4nY1zFA%3D</analysis_url><energy>0.780198</energy><liveness>0.125817</liveness><tempo>115.002</tempo><speechiness>0.029733</speechiness><acousticness>0.138504</acousticness><instrumentalness>0.000685</instrumentalness><mode>0</mode><time_signature>4</time_signature><duration>202.43433</duration><loudness>-5.462</loudness><audio_md5 /><valence>0.833098</valence><danceability>0.849178</danceability></audio_summary><title>Hard and Strong (Radio Edit)</title></song><song><artist_id>ARS3U0F1187B98BD6D</artist_id><artist_name>Alice Russell</artist_name><id>SOVIRHN1450AB70D33</id><audio_summary><key>2</key><analysis_url>http://echonest-analysis.s3.amazonaws.com/TR/9TTqGwssryPsBeiABalv6EXCnjl-KYiYe7kAM8XN001GetM7M-9aNia50ehaaSsxdqncoW750scefVUiI%3D/3/full.json?AWSAccessKeyId=AKIAJRDFEY23UEVW42BQ&amp;Expires=1415343234&amp;Signature=Vw990KvnwTyoykU3BNlIK%2B4uUBc%3D</analysis_url><energy>0.460677</energy><liveness>0.113336</liveness><tempo>100.029</tempo><speechiness>0.04981</speechiness><acousticness>0.001098</acousticness><instrumentalness>0.68207</instrumentalness><mode>0</mode><time_signature>4</time_signature><duration>224.09955</duration><loudness>-6.095</loudness><audio_md5 /><valence>0.7411</valence><danceability>0.783587</danceability></audio_summary><title>Breakdown (Instrumental)</title></song><song><artist_id>ARS3U0F1187B98BD6D</artist_id><artist_name>Alice Russell</artist_name><id>SOTLCIH145220DB957</id><audio_summary><key>2</key><analysis_url>http://echonest-analysis.s3.amazonaws.com/TR/bDz0CgxMtTitk51_3jMY5u2k7H3QgiMyG4yBa2nenk-jGfXqFng03YkDZiukjPk8dxdfSR9EqABxMOJiY%3D/3/full.json?AWSAccessKeyId=AKIAJRDFEY23UEVW42BQ&amp;Expires=1415343234&amp;Signature=OLGFWFZ2UJaJAQ4NO7IGUDiWe8w%3D</analysis_url><energy>0.352706</energy><liveness>0.386855</liveness><tempo>118.614</tempo><speechiness>0.92247</speechiness><acousticness>0.773596</acousticness><instrumentalness>0.0</instrumentalness><mode>0</mode><time_signature>3</time_signature><duration>26.45288</duration><loudness>-14.24</loudness><audio_md5 /><valence>0.834249</valence><danceability>0.774323</danceability></audio_summary><title>A To Z - Commentary</title></song><song><artist_id>ARS3U0F1187B98BD6D</artist_id><artist_name>Alice Russell</artist_name><id>SOTMFAB1315CD423E4</id><audio_summary><key>9</key><analysis_url>http://echonest-analysis.s3.amazonaws.com/TR/_n4gPguBxce7wjsbhdkjtmkZazFl2wWSZ6sqUBf44l05_pWGhWQyoqvvGOubtS_H5xoX96r7ySkaxH6xk%3D/3/full.json?AWSAccessKeyId=AKIAJRDFEY23UEVW42BQ&amp;Expires=1415343234&amp;Signature=DxSvfSB805Xrr8s%2BFv/kcOS43oo%3D</analysis_url><energy>0.637332</energy><liveness>0.187066</liveness><tempo>89.914</tempo><speechiness>0.026499</speechiness><acousticness>0.338873</acousticness><instrumentalness>7e-06</instrumentalness><mode>0</mode><time_signature>4</time_signature><duration>182.02766</duration><loudness>-6.351</loudness><audio_md5 /><valence>0.756199</valence><danceability>0.644193</danceability></audio_summary><title>All of My World</title></song><song><artist_id>ARS3U0F1187B98BD6D</artist_id><artist_name>Alice Russell</artist_name><id>SORCGQQ145210866F2</id><audio_summary><key>2</key><analysis_url>http://echonest-analysis.s3.amazonaws.com/TR/wz5v1wHyZmtE443WhCrwbJNQNp4iTxPYlboQWPTNHPAM6juJyhNk4IhklK3zg7lbumdFOrUc-e3h0EDKA%3D/3/full.json?AWSAccessKeyId=AKIAJRDFEY23UEVW42BQ&amp;Expires=1415343234&amp;Signature=mkyb5dBiH5%2BF4RGJxSdkh/%2BqkPQ%3D</analysis_url><energy>0.417044</energy><liveness>0.229131</liveness><tempo>124.379</tempo><speechiness>0.896614</speechiness><acousticness>0.796918</acousticness><instrumentalness>0.0</instrumentalness><mode>0</mode><time_signature>1</time_signature><duration>22.74957</duration><loudness>-15.793</loudness><audio_md5 /><valence>0.62747</valence><danceability>0.715882</danceability></audio_summary><title>Drinking Song Interlude - Commentary</title></song><song><artist_id>ARS3U0F1187B98BD6D</artist_id><artist_name>Alice Russell</artist_name><id>SOQMUNL14522004EBB</id><audio_summary><key>11</key><analysis_url>http://echonest-analysis.s3.amazonaws.com/TR/-WQ0vwRYYTIyF-mq-syGuJm7EqQGVdHakg5GVpciEv_cVrPPML2kBqPKXdaPx4Qst5mh88puc9TGSUjBc%3D/3/full.json?AWSAccessKeyId=AKIAJRDFEY23UEVW42BQ&amp;Expires=1415343234&amp;Signature=zwDse7JTpPvhrw9HEpY0kD8Lj9k%3D</analysis_url><energy>0.489625</energy><liveness>0.104212</liveness><tempo>86.623</tempo><speechiness>0.959913</speechiness><acousticness>0.807695</acousticness><instrumentalness>0.0</instrumentalness><mode>1</mode><time_signature>4</time_signature><duration>42.49955</duration><loudness>-16.944</loudness><audio_md5 /><valence>0.631116</valence><danceability>0.684152</danceability></audio_summary><title>I Loved You - Commentary</title></song><song><artist_id>ARS3U0F1187B98BD6D</artist_id><artist_name>Alice Russell</artist_name><id>SOLKRSG132C02A8B02</id><audio_summary><key>7</key><analysis_url>http://echonest-analysis.s3.amazonaws.com/TR/91co_Q5c1PQyDnY2RnUDF2gUyQZMwlvFNr_HWbmnTJSzPz5B7fezLVPnmyneOvD3ax1vraijJGu6Q4oNg%3D/3/full.json?AWSAccessKeyId=AKIAJRDFEY23UEVW42BQ&amp;Expires=1415343234&amp;Signature=ElybG5xoM5jEd5bxuBzcNwk%2BIMI%3D</analysis_url><energy>0.326169</energy><liveness>0.323012</liveness><tempo>90.405</tempo><speechiness>0.251543</speechiness><acousticness>0.03102</acousticness><instrumentalness>0.839047</instrumentalness><mode>1</mode><time_signature>4</time_signature><duration>280.07955</duration><loudness>-13.622</loudness><audio_md5 /><valence>0.846173</valence><danceability>0.818956</danceability></audio_summary><title>Humankind (Album Instrumental)</title></song><song><artist_id>ARS3U0F1187B98BD6D</artist_id><artist_name>Alice Russell</artist_name><id>SOMUYBV1311AFE94FA</id><audio_summary><key>11</key><analysis_url>http://echonest-analysis.s3.amazonaws.com/TR/_YyCEAlzdYJP7vZEIESdgf-RGfqkt7G5MTOMiO1ouVu0MeRSABM50vlhg4RjbdjfwrBSMgrTfFLCpsCUc%3D/3/full.json?AWSAccessKeyId=AKIAJRDFEY23UEVW42BQ&amp;Expires=1415343234&amp;Signature=w6hgg/9Xg6cuwnMHSosyoNOek90%3D</analysis_url><energy>0.403321</energy><liveness>0.151612</liveness><tempo>201.839</tempo><speechiness>0.462712</speechiness><acousticness>0.073587</acousticness><instrumentalness>2e-06</instrumentalness><mode>0</mode><time_signature>4</time_signature><duration>238.10621</duration><loudness>-7.004</loudness><audio_md5 /><valence>0.3248</valence><danceability>0.660051</danceability></audio_summary><title>Got The Hunger? (The Heavy Remix)</title></song><song><artist_id>ARS3U0F1187B98BD6D</artist_id><artist_name>Alice Russell</artist_name><id>SOOBXCU136992E8616</id><audio_summary><key>7</key><analysis_url>http://echonest-analysis.s3.amazonaws.com/TR/Z9oUpg41559gqLAW7gFal0JyJLlOm6M8HWVPOXcXcvJ1XB_UUhZKfGCQSHnDJmNltfFZxxyyFKMqBe2DI%3D/3/full.json?AWSAccessKeyId=AKIAJRDFEY23UEVW42BQ&amp;Expires=1415343234&amp;Signature=6UTHfDMn%2B%2BDl7EXnAX%2BE040/QVo%3D</analysis_url><energy>0.289589</energy><liveness>0.116679</liveness><tempo>103.999</tempo><speechiness>0.124579</speechiness><acousticness>0.000389</acousticness><instrumentalness>0.865585</instrumentalness><mode>1</mode><time_signature>4</time_signature><duration>246.83955</duration><loudness>-15.264</loudness><audio_md5 /><valence>0.367953</valence><danceability>0.877251</danceability></audio_summary><title>A Fly in the Hand (Album Instrumental)</title></song><song><artist_id>ARS3U0F1187B98BD6D</artist_id><artist_name>Alice Russell</artist_name><id>SOPLCCB132C02C215D</id><audio_summary><key>7</key><analysis_url>http://echonest-analysis.s3.amazonaws.com/TR/PbkRvQir05-NIjUU7thUgo60oY2Y7Rjr1l3c0jpfEfMi7hUCm59_kh8Um_nC0uAVUOdPTcJDhgPolKC54%3D/3/full.json?AWSAccessKeyId=AKIAJRDFEY23UEVW42BQ&amp;Expires=1415343234&amp;Signature=rYifwOM0NC9gngtojEz%2BxlMjW1E%3D</analysis_url><energy>0.157512</energy><liveness>0.114924</liveness><tempo>127.522</tempo><speechiness>0.423628</speechiness><acousticness>0.803424</acousticness><instrumentalness>0.0</instrumentalness><mode>1</mode><time_signature>3</time_signature><duration>222.93288</duration><loudness>-16.61</loudness><audio_md5 /><valence>0.283249</valence><danceability>0.653939</danceability></audio_summary><title>Humankind (A Cappella)</title></song><song><artist_id>ARS3U0F1187B98BD6D</artist_id><artist_name>Alice Russell</artist_name><id>SOQAWQS1452126B365</id><audio_summary><key>3</key><analysis_url>http://echonest-analysis.s3.amazonaws.com/TR/6HFPpAP2jF8Dc52qqM65Me_VBJNA6dxXW8PnyQpOL52HbyviauSIwJQl8EHmn4VSKl_WXSSR9kLHQ0J8g%3D/3/full.json?AWSAccessKeyId=AKIAJRDFEY23UEVW42BQ&amp;Expires=1415343234&amp;Signature=FKoDfSReA%2BZzy4K87pRIXQJsNJM%3D</analysis_url><energy>0.420681</energy><liveness>0.153331</liveness><tempo>99.197</tempo><speechiness>0.880458</speechiness><acousticness>0.834551</acousticness><instrumentalness>0.0</instrumentalness><mode>1</mode><time_signature>4</time_signature><duration>36.49955</duration><loudness>-15.721</loudness><audio_md5 /><valence>0.503656</valence><danceability>0.681747</danceability></audio_summary><title>For A While - Commentary</title></song><song><artist_id>ARS3U0F1187B98BD6D</artist_id><artist_name>Alice Russell</artist_name><id>SODAUIR13167715A90</id><audio_summary><key>0</key><analysis_url>http://echonest-analysis.s3.amazonaws.com/TR/N3X6ZAa4BqsjcY10gNxKUaX5N0qs1F5Nxt7crskVQ0WpNnSpKRFNThpSSR5npv25NFOGdh7J_CySj9A2Y%3D/3/full.json?AWSAccessKeyId=AKIAJRDFEY23UEVW42BQ&amp;Expires=1415343234&amp;Signature=72Vj9dVwob3FEfcNgL8/lFZO3w4%3D</analysis_url><energy>0.905561</energy><liveness>0.385715</liveness><tempo>126.017</tempo><speechiness>0.055128</speechiness><acousticness>0.00491</acousticness><instrumentalness>0.011566</instrumentalness><mode>1</mode><time_signature>4</time_signature><duration>294.17288</duration><loudness>-7.18</loudness><audio_md5 /><valence>0.641408</valence><danceability>0.791521</danceability></audio_summary><title>Universe (Dave da Gato's 'F_ck-up The Festivals Bounce')</title></song><song><artist_id>ARS3U0F1187B98BD6D</artist_id><artist_name>Alice Russell</artist_name><id>SOGJHFA1452111EE99</id><audio_summary><key>4</key><analysis_url>http://echonest-analysis.s3.amazonaws.com/TR/qRl44g0taK2aDYTcEkLUTvVaP6mjzWdWW7ge1P8GxhOdnmEsVF3pl16m9Nvt2_tp5zCEzwtHtacUZA1ZQ%3D/3/full.json?AWSAccessKeyId=AKIAJRDFEY23UEVW42BQ&amp;Expires=1415343234&amp;Signature=wK%2B3Ombngn/A685AMXRc6BkxoJY%3D</analysis_url><energy>0.497051</energy><liveness>0.222176</liveness><tempo>75.287</tempo><speechiness /><acousticness>0.806237</acousticness><instrumentalness>0.0</instrumentalness><mode>1</mode><time_signature>3</time_signature><duration>37.99955</duration><loudness>-16.907</loudness><audio_md5 /><valence>0.740002</valence><danceability>0.751889</danceability></audio_summary><title>Hard And Strong - Commentary</title></song><song><artist_id>ARS3U0F1187B98BD6D</artist_id><artist_name>Alice Russell</artist_name><id>SODKIQH12AF72A06D2</id><audio_summary><key>6</key><analysis_url>http://echonest-analysis.s3.amazonaws.com/TR/T4oTSgWMK4qkc4crnt_uc5pFZLV09Ly45h4le07InUsWKzAD6X9getsEilBbnLdHV4G2LhXteSRwAxmlY%3D/3/full.json?AWSAccessKeyId=AKIAJRDFEY23UEVW42BQ&amp;Expires=1415343234&amp;Signature=C4M2JUYaFyLefNqbQV1nI%2B7KUUo%3D</analysis_url><energy>0.513213</energy><liveness>0.104062</liveness><tempo>90.127</tempo><speechiness>0.081525</speechiness><acousticness>0.028906</acousticness><instrumentalness>0.035303</instrumentalness><mode>1</mode><time_signature>4</time_signature><duration>273.82621</duration><loudness>-11.649</loudness><audio_md5 /><valence>0.608787</valence><danceability>0.804466</danceability></audio_summary><title>Hurry On Now (Chico Mann Remix)</title></song><song><artist_id>ARS3U0F1187B98BD6D</artist_id><artist_name>Alice Russell</artist_name><id>SOHLNXN13167716172</id><audio_summary><key>11</key><analysis_url>http://echonest-analysis.s3.amazonaws.com/TR/ZCRsswI_clNULi5ZTTa49tS14mFBWN7bnT_zuKj1sqnckHX1ar-TGLtsewdoLqOP_QmvfNmCJBfmHQr1Y%3D/3/full.json?AWSAccessKeyId=AKIAJRDFEY23UEVW42BQ&amp;Expires=1415343234&amp;Signature=mKG9%2BbfvX770Xdp26hZ2x9HaD1Y%3D</analysis_url><energy>0.459608</energy><liveness>0.100307</liveness><tempo>166.593</tempo><speechiness>0.053574</speechiness><acousticness>0.133568</acousticness><instrumentalness>0.747528</instrumentalness><mode>1</mode><time_signature>4</time_signature><duration>225.14621</duration><loudness>-6.915</loudness><audio_md5 /><valence>0.647596</valence><danceability>0.81423</danceability></audio_summary><title>Hurry On Now (Boub Mix Version)</title></song><song><artist_id>ARS3U0F1187B98BD6D</artist_id><artist_name>Alice Russell</artist_name><id>SOHKLVZ13134389DAE</id><audio_summary><key>5</key><analysis_url>http://echonest-analysis.s3.amazonaws.com/TR/9f9x3wD0x5IirjhUwplE0FzzLtoR-GUe6RrwYBTpQWb5JufJRWwznCCbdAUfd4zZ9Si_hO4_gEc008HJ0%3D/3/full.json?AWSAccessKeyId=AKIAJRDFEY23UEVW42BQ&amp;Expires=1415343234&amp;Signature=MKVozSSAwTHZcoq/AEnZMYOxTfU%3D</analysis_url><energy>0.423691</energy><liveness>0.081819</liveness><tempo>125.001</tempo><speechiness>0.034506</speechiness><acousticness>0.001406</acousticness><instrumentalness>0.096786</instrumentalness><mode>0</mode><time_signature>4</time_signature><duration>346.70621</duration><loudness>-9.039</loudness><audio_md5 /><valence>0.660813</valence><danceability>0.856507</danceability></audio_summary><title>Lights Went Out (ZNTN Mix)</title></song><song><artist_id>ARS3U0F1187B98BD6D</artist_id><artist_name>Alice Russell</artist_name><id>SOCELSI1450AB714C4</id><audio_summary><key>8</key><analysis_url>http://echonest-analysis.s3.amazonaws.com/TR/WAS8-gJfb_rHtCEQ-6O0Tu18VAmGdp2XaMNqX6AXx3iej3xioLEcBFwKrQUXqzpVo8dhF0leWBuqnpbFA%3D/3/full.json?AWSAccessKeyId=AKIAJRDFEY23UEVW42BQ&amp;Expires=1415343234&amp;Signature=FZTkEXb10qB2A1/SisYqk%2BXvxsA%3D</analysis_url><energy>0.510064</energy><liveness>0.091758</liveness><tempo>107.98</tempo><speechiness>0.100659</speechiness><acousticness>0.063689</acousticness><instrumentalness>0.87928</instrumentalness><mode>1</mode><time_signature>4</time_signature><duration>240.41873</duration><loudness>-7.892</loudness><audio_md5 /><valence>0.308164</valence><danceability>0.88199</danceability></audio_summary><title>Let Go (Breakdown) - Instrumental</title></song><song><artist_id>ARS3U0F1187B98BD6D</artist_id><artist_name>Alice Russell</artist_name><id>SOFYTJI1312A8AAF0B</id><audio_summary><key>11</key><analysis_url>http://echonest-analysis.s3.amazonaws.com/TR/QL3tpg0s6KKRu4gPW-NfzniR9aJ9mSFfoDm0ktELyYzIFe-6t7E56Z4YyW2a08urPj-DfWldrZzcEozLQ%3D/3/full.json?AWSAccessKeyId=AKIAJRDFEY23UEVW42BQ&amp;Expires=1415343234&amp;Signature=yuT9rb8jkxI8SGCpRhujsTof7wc%3D</analysis_url><energy>0.458228</energy><liveness>0.330775</liveness><tempo>104.974</tempo><speechiness>0.140076</speechiness><acousticness>0.065494</acousticness><instrumentalness>0.434034</instrumentalness><mode>1</mode><time_signature>4</time_signature><duration>359.21288</duration><loudness>-15.909</loudness><audio_md5 /><valence>0.816865</valence><danceability>0.800304</danceability></audio_summary><title>Got The Hunger? (Unforscene G Man Remix)</title></song><song><artist_id>ARS3U0F1187B98BD6D</artist_id><artist_name>Alice Russell</artist_name><id>SOHBKAG1311AFDD7FC</id><audio_summary><key>10</key><analysis_url>http://echonest-analysis.s3.amazonaws.com/TR/Qg8D1wsR3wsR9dtdNJddFyzkekiY7rE3QMdATykNloe0FqIJSalCpZjNj_FXOu9MoIQp-oqw9RMoDHSKo%3D/3/full.json?AWSAccessKeyId=AKIAJRDFEY23UEVW42BQ&amp;Expires=1415343234&amp;Signature=avgBl9pMXKSeC9WRqXv9MmKDkL8%3D</analysis_url><energy>0.300296</energy><liveness>0.072792</liveness><tempo>151.783</tempo><speechiness>0.043091</speechiness><acousticness>0.77798</acousticness><instrumentalness>0.003736</instrumentalness><mode>0</mode><time_signature>4</time_signature><duration>272.98621</duration><loudness>-13.967</loudness><audio_md5 /><valence>0.088276</valence><danceability>0.461373</danceability></audio_summary><title>Let Us Be Loving (LJ Kruzer Remix)</title></song><song><artist_id>ARS3U0F1187B98BD6D</artist_id><artist_name>Alice Russell</artist_name><id>SOISUPD136992E9720</id><audio_summary><key>9</key><analysis_url>http://echonest-analysis.s3.amazonaws.com/TR/7oDlnQ4tVqdAiO-vqaq8h2oI7Vr1Dh20a8F94uKVndcneZGdaJ4mV_oMh7Iuv9nHOIw7MwuEKOlRuhTqU%3D/3/full.json?AWSAccessKeyId=AKIAJRDFEY23UEVW42BQ&amp;Expires=1415343234&amp;Signature=gJhM/J8lwwmfbIe8ouEQKYezzzo%3D</analysis_url><energy>0.038577</energy><liveness>0.281538</liveness><tempo>103.948</tempo><speechiness>0.428595</speechiness><acousticness>0.481811</acousticness><instrumentalness>0.0</instrumentalness><mode>0</mode><time_signature>4</time_signature><duration>279.79955</duration><loudness>-15.471</loudness><audio_md5 /><valence>0.475497</valence><danceability>0.937592</danceability></audio_summary><title>A Fly in the Hand (Album A Cappella)</title></song><song><artist_id>ARS3U0F1187B98BD6D</artist_id><artist_name>Alice Russell</artist_name><id>SOGNMZL14520EF08A1</id><audio_summary><key>8</key><analysis_url>http://echonest-analysis.s3.amazonaws.com/TR/fcYg3wRHknfsbdT3rNmUb3QoBV7uRbzlNpVhMdjXhZG5ebReON_ekXHpMzz2Hr_q0gcUN4j1rdNzs31bI%3D/3/full.json?AWSAccessKeyId=AKIAJRDFEY23UEVW42BQ&amp;Expires=1415343234&amp;Signature=AlzxLq0khgIRFkyw2v4XoxQ513A%3D</analysis_url><energy>0.432745</energy><liveness>0.269911</liveness><tempo>84.682</tempo><speechiness>0.945625</speechiness><acousticness>0.780276</acousticness><instrumentalness>0.0</instrumentalness><mode>0</mode><time_signature>5</time_signature><duration>33.99955</duration><loudness>-14.558</loudness><audio_md5 /><valence>0.749362</valence><danceability>0.6745</danceability></audio_summary><title>Heartbreaker Pt 2 - Commentary</title></song><song><artist_id>ARS3U0F1187B98BD6D</artist_id><artist_name>Alice Russell</artist_name><id>SOKWQZG14521A35659</id><audio_summary><key>6</key><analysis_url>http://echonest-analysis.s3.amazonaws.com/TR/jzD7iwjNxulkMeI5BmV1_CkMwjgZ7rDOGCtGjsBsLt8_tXHGuvaPsHO0lw4qWf3sjCYwPD0WwrYhvabJA%3D/3/full.json?AWSAccessKeyId=AKIAJRDFEY23UEVW42BQ&amp;Expires=1415343234&amp;Signature=qBxfDJZ7%2B2uYM4nzR64PVg6SVX4%3D</analysis_url><energy>0.532585</energy><liveness>0.524843</liveness><tempo>62.823</tempo><speechiness>0.936693</speechiness><acousticness>0.861718</acousticness><instrumentalness>0.0</instrumentalness><mode>1</mode><time_signature>4</time_signature><duration>81.99955</duration><loudness>-12.788</loudness><audio_md5 /><valence>0.603303</valence><danceability>0.631813</danceability></audio_summary><title>Twin Peaks - Commentary</title></song><song><artist_id>ARS3U0F1187B98BD6D</artist_id><artist_name>Alice Russell</artist_name><id>SOKWJXD1450AB71B9A</id><audio_summary><key>3</key><analysis_url>http://echonest-analysis.s3.amazonaws.com/TR/wVZYWQ4qtlfPWESgThrUnDsG6RP6bQHSpevQ4PWwS3ZL-lr2xKCcgXhD9CMwG0D7077LOdpgI-WvmziZU%3D/3/full.json?AWSAccessKeyId=AKIAJRDFEY23UEVW42BQ&amp;Expires=1415343234&amp;Signature=61FwXcTYyyWowUSiDv%2Be6g4IeHE%3D</analysis_url><energy>0.187001</energy><liveness>0.504594</liveness><tempo>107.745</tempo><speechiness>0.123409</speechiness><acousticness>0.939888</acousticness><instrumentalness>0.0</instrumentalness><mode>1</mode><time_signature>4</time_signature><duration>164.44399</duration><loudness>-10.213</loudness><audio_md5 /><valence>0.39497</valence><danceability>0.555549</danceability></audio_summary><title>Let Go (Breakdown) [A Capella]</title></song><song><artist_id>ARS3U0F1187B98BD6D</artist_id><artist_name>Alice Russell</artist_name><id>SOJJERW1450AA553BE</id><audio_summary><key>0</key><analysis_url>http://echonest-analysis.s3.amazonaws.com/TR/oXGp1A9B52FN8dUD9yZgUyuq3PwoXRsaW_RhBxrMrKEa4ivyp_eElANOkBLkElj8MgNnV9uTsTJCB71Qo%3D/3/full.json?AWSAccessKeyId=AKIAJRDFEY23UEVW42BQ&amp;Expires=1415343234&amp;Signature=GitL0bygt3dxvi8k/rkw0CAtYXE%3D</analysis_url><energy>0.300574</energy><liveness>0.272285</liveness><tempo>199.977</tempo><speechiness>0.2355</speechiness><acousticness>0.915364</acousticness><instrumentalness>0.0</instrumentalness><mode>0</mode><time_signature>1</time_signature><duration>220.79955</duration><loudness>-10.117</loudness><audio_md5 /><valence>0.425113</valence><danceability>0.442463</danceability></audio_summary><title>Breakdown (A Capella) [feat. Darondo]</title></song><song><artist_id>ARS3U0F1187B98BD6D</artist_id><artist_name>Alice Russell</artist_name><id>SOIIWTD145214BCBA2</id><audio_summary><key>3</key><analysis_url>http://echonest-analysis.s3.amazonaws.com/TR/N89dFwz3pWRCb8oyQt8dE07ovFWNj8t8WKmrCfPUAZ3xgVNSS9HZfhO3L6WLCE5rO34VebWD0QASLB3qA%3D/3/full.json?AWSAccessKeyId=AKIAJRDFEY23UEVW42BQ&amp;Expires=1415343234&amp;Signature=BGR6jkiivOjj9bd3EEvZ0x2UaTY%3D</analysis_url><energy>0.349022</energy><liveness>0.129418</liveness><tempo>77.913</tempo><speechiness>0.947022</speechiness><acousticness>0.906979</acousticness><instrumentalness>0.0</instrumentalness><mode>1</mode><time_signature>3</time_signature><duration>51.49955</duration><loudness>-15.835</loudness><audio_md5 /><valence>0.744844</valence><danceability>0.73912</danceability></audio_summary><title>Citizens - Commentary</title></song><song><artist_id>ARS3U0F1187B98BD6D</artist_id><artist_name>Alice Russell</artist_name><id>SOJBHZB1452199B293</id><audio_summary><key>11</key><analysis_url>http://echonest-analysis.s3.amazonaws.com/TR/p2XHSA0uBUK00Rx0m6CR4CWYZ7BafbnMAVWMowef5RTGzBZZo5YmNqsX1WloYjgTH4AeyuiiwviqphehM%3D/3/full.json?AWSAccessKeyId=AKIAJRDFEY23UEVW42BQ&amp;Expires=1415343234&amp;Signature=ZbMS/tv/tWyjuX6LGUKKlZoJqkI%3D</analysis_url><energy>0.411876</energy><liveness>0.221324</liveness><tempo>74.134</tempo><speechiness>0.919172</speechiness><acousticness>0.76863</acousticness><instrumentalness>0.0</instrumentalness><mode>1</mode><time_signature>3</time_signature><duration>73.49955</duration><loudness>-15.833</loudness><audio_md5 /><valence>0.657648</valence><danceability>0.759766</danceability></audio_summary><title>Let Go (Breakdown) - Commentary</title></song><song><artist_id>ARS3U0F1187B98BD6D</artist_id><artist_name>Alice Russell</artist_name><id>SOJCFVG132C0602E2A</id><audio_summary><key>1</key><analysis_url>http://echonest-analysis.s3.amazonaws.com/TR/vwcT7wuyrb9EXIT2Ut_X5Bc1aojUzJDknyFkDwfrAGaRqPXjflff1vtrpbANRkOjVqo9Qy3ADoLpCMyps%3D/3/full.json?AWSAccessKeyId=AKIAJRDFEY23UEVW42BQ&amp;Expires=1415343234&amp;Signature=HktEzEsXkmqVHn3ld0lmQz/F5Oc%3D</analysis_url><energy>0.546391</energy><liveness>0.114906</liveness><tempo>82.327</tempo><speechiness>0.433309</speechiness><acousticness>0.33099</acousticness><instrumentalness>0.0</instrumentalness><mode>0</mode><time_signature>4</time_signature><duration>272.75955</duration><loudness>-9.164</loudness><audio_md5 /><valence>0.784752</valence><danceability>0.736527</danceability></audio_summary><title>Hurry On Now (Dirty Diggers Version)</title></song><song><artist_id>ARS3U0F1187B98BD6D</artist_id><artist_name>Alice Russell</artist_name><id>SOJSMOV12AF72AC84D</id><audio_summary><key>5</key><analysis_url>http://echonest-analysis.s3.amazonaws.com/TR/hu4_mwQJN3mj4_UKmTPez8_YoYWc4H_aHSzW8ahi1Mj0IWMP-OOcQ9AFkOJaqzlq89Mvq1bLmN9RC2U-g%3D/3/full.json?AWSAccessKeyId=AKIAJRDFEY23UEVW42BQ&amp;Expires=1415343234&amp;Signature=NmNuM3VC9DlaLSzpBSNSxNEjjj0%3D</analysis_url><energy>0.413569</energy><liveness>0.234614</liveness><tempo>109.971</tempo><speechiness>0.057577</speechiness><acousticness>0.855375</acousticness><instrumentalness>0.289494</instrumentalness><mode>0</mode><time_signature>4</time_signature><duration>216.17288</duration><loudness>-11.019</loudness><audio_md5>240b913c56bcf920c59be2a47145fd17</audio_md5><valence>0.541024</valence><danceability>0.786994</danceability></audio_summary><title>Remember To Forget</title></song><song><artist_id>ARS3U0F1187B98BD6D</artist_id><artist_name>Alice Russell</artist_name><id>SOKRUKK1311AFE3062</id><audio_summary><key>1</key><analysis_url>http://echonest-analysis.s3.amazonaws.com/TR/7kyB-wvztHWPn34pyiUp6u0HQbKbs1fzcXWhRSiRhuOB5ibhP6tgKe_dU-YfddPVQCJZJh1VHZ1UGleJE%3D/3/full.json?AWSAccessKeyId=AKIAJRDFEY23UEVW42BQ&amp;Expires=1415343234&amp;Signature=IhL9/swyLwf3vsBfuXTICpY3HIo%3D</analysis_url><energy>0.444494</energy><liveness>0.330137</liveness><tempo>83.333</tempo><speechiness>0.041937</speechiness><acousticness>0.34596</acousticness><instrumentalness>4e-06</instrumentalness><mode>0</mode><time_signature>4</time_signature><duration>223.61288</duration><loudness>-6.828</loudness><audio_md5 /><valence>0.338204</valence><danceability>0.622921</danceability></audio_summary><title>Hurry On Now (Radio Mix)</title></song><song><artist_id>ARS3U0F1187B98BD6D</artist_id><artist_name>Alice Russell</artist_name><id>SONCBIA142FFF256A0</id><audio_summary><key>1</key><analysis_url>http://echonest-analysis.s3.amazonaws.com/TR/7tK1AAb9tvZQpne-g470STAqgNLM8MTeKmdBm4549io2T3spZIerHdaaoFYE2L_tni-AeJm0wV6SwnJNg%3D/3/full.json?AWSAccessKeyId=AKIAJRDFEY23UEVW42BQ&amp;Expires=1415343234&amp;Signature=TG/StQyU7Rf09kLzdtoknfGEDLQ%3D</analysis_url><energy>0.437937</energy><liveness>0.324953</liveness><tempo>83.395</tempo><speechiness>0.030689</speechiness><acousticness>0.662523</acousticness><instrumentalness>7.2e-05</instrumentalness><mode>0</mode><time_signature>4</time_signature><duration>280.03955</duration><loudness>-7.04</loudness><audio_md5 /><valence>0.276742</valence><danceability>0.617264</danceability></audio_summary><title>Hurry On Now (Radio Mix)</title></song><song><artist_id>ARS3U0F1187B98BD6D</artist_id><artist_name>Alice Russell</artist_name><id>SOAZOGX13129A919E7</id><audio_summary><key>8</key><analysis_url>http://echonest-analysis.s3.amazonaws.com/TR/gcpJigBBYdJUzsCabeH9Fw2fIQDEFvYvVkldOBOxB8yw5R925RhCGah3bZuytzEbFG7OZoakntbSmort0%3D/3/full.json?AWSAccessKeyId=AKIAJRDFEY23UEVW42BQ&amp;Expires=1415343234&amp;Signature=lRB114pHkuox36Hw9cRBN3UGi08%3D</analysis_url><energy>0.191311</energy><liveness>0.078609</liveness><tempo>138.807</tempo><speechiness>0.430551</speechiness><acousticness>0.956913</acousticness><instrumentalness>0.0</instrumentalness><mode>1</mode><time_signature>3</time_signature><duration>119.11955</duration><loudness>-13.814</loudness><audio_md5 /><valence>0.249918</valence><danceability>0.505135</danceability></audio_summary><title>Get Ready In The Morning (Song In The Bath)</title></song><song><artist_id>ARS3U0F1187B98BD6D</artist_id><artist_name>Alice Russell</artist_name><id>SOFKZJO12A6D4FB781</id><audio_summary><key>2</key><analysis_url>http://echonest-analysis.s3.amazonaws.com/TR/A4lzqQnmQkdJQO8cqa8yMSEtBBgwBfKUv_TzUXs5_qiZYF2E3TeIjmw2FwZ2ExJpIcBYHaJl2Hk_UXuIo%3D/3/full.json?AWSAccessKeyId=AKIAJRDFEY23UEVW42BQ&amp;Expires=1415343234&amp;Signature=8zWd0VnhO9hWuLJPNd6dNEEYzG4%3D</analysis_url><energy>0.543798</energy><liveness>0.113074</liveness><tempo>134.795</tempo><speechiness>0.030763</speechiness><acousticness>0.848053</acousticness><instrumentalness>1.5e-05</instrumentalness><mode>0</mode><time_signature>4</time_signature><duration>182.22621</duration><loudness>-5.185</loudness><audio_md5>bdfe1572894a726c7ab7c6a7df1cce24</audio_md5><valence>0.601697</valence><danceability>0.668871</danceability></audio_summary><title>Mean To Me (Acoustic Version)</title></song><song><artist_id>ARS3U0F1187B98BD6D</artist_id><artist_name>Alice Russell</artist_name><id>SODLBOW1312FDFB568</id><audio_summary><key>7</key><analysis_url>http://echonest-analysis.s3.amazonaws.com/TR/mvQ3kwvAjHkW164GYJ1obZle2nNB2KBeDofBXKCf7UgTu6ukm-w0-PwWvG8OmUVkdcHYnhjBLzhVCXNfQ%3D/3/full.json?AWSAccessKeyId=AKIAJRDFEY23UEVW42BQ&amp;Expires=1415343234&amp;Signature=SojHKcTsh6Wkyf0Mea0MZISuP5U%3D</analysis_url><energy>0.993414</energy><liveness>0.553344</liveness><tempo>174.001</tempo><speechiness>0.100429</speechiness><acousticness>0.000357</acousticness><instrumentalness>0.780825</instrumentalness><mode>1</mode><time_signature>4</time_signature><duration>349.37288</duration><loudness>-5.14</loudness><audio_md5 /><valence>0.929427</valence><danceability>0.537814</danceability></audio_summary><title>To Know This (Nu:tone Mix)</title></song><song><artist_id>ARS3U0F1187B98BD6D</artist_id><artist_name>Alice Russell</artist_name><id>SOKASBG13E8AF2F9EA</id><audio_summary><key>4</key><analysis_url>http://echonest-analysis.s3.amazonaws.com/TR/55j7cwqg_5XHuEWPUp7Byj0j50vzWrG6V966Ut/3/full.json?AWSAccessKeyId=AKIAJRDFEY23UEVW42BQ&amp;Expires=1415343234&amp;Signature=44K1Fpqb5kr9bGd1cfmgLyW%2BQHw%3D</analysis_url><energy>0.401899</energy><liveness>0.131891</liveness><tempo>101.051</tempo><speechiness>0.071507</speechiness><acousticness>0.571449</acousticness><instrumentalness>0.021907</instrumentalness><mode>1</mode><time_signature>4</time_signature><duration>78.95955</duration><loudness>-9.114</loudness><audio_md5>4e2dcaadd3f5e7d83a423b384410d298</audio_md5><valence>0.490854</valence><danceability>0.804042</danceability></audio_summary><title>Heartbreaker Interlude</title></song><song><artist_id>ARS3U0F1187B98BD6D</artist_id><artist_name>Alice Russell</artist_name><id>SOASYAN13134384C2D</id><audio_summary><key>0</key><analysis_url>http://echonest-analysis.s3.amazonaws.com/TR/7KXh6QkkeZnCRCxgusEW0ErDd7ptqmAHZ44zSKgK6Jz6jDvxTKdONw9aQr2F0-q5SS4p12Yuw0Pkh_AT4%3D/3/full.json?AWSAccessKeyId=AKIAJRDFEY23UEVW42BQ&amp;Expires=1415343234&amp;Signature=YAGHuPh3zscMuAE/Ou/u9YDq7a0%3D</analysis_url><energy>0.514396</energy><liveness>0.060669</liveness><tempo>101.009</tempo><speechiness>0.045361</speechiness><acousticness>0.080288</acousticness><instrumentalness>0.290481</instrumentalness><mode>1</mode><time_signature>4</time_signature><duration>410.14621</duration><loudness>-12.911</loudness><audio_md5 /><valence>0.674439</valence><danceability>0.910135</danceability></audio_summary><title>Got The Hunger? (Ticklah Remix)</title></song><song><artist_id>ARS3U0F1187B98BD6D</artist_id><artist_name>Alice Russell</artist_name><id>SOIKUYX1312FDFE76B</id><audio_summary><key>0</key><analysis_url>http://echonest-analysis.s3.amazonaws.com/TR/SbEBEgkH40Cq23G-4vk4A4yNkfPQ8KlEm1mSxOkbpUme_DYPd-3yZi-XFg7chCPo5eqeayBAASpj52z9I%3D/3/full.json?AWSAccessKeyId=AKIAJRDFEY23UEVW42BQ&amp;Expires=1415343234&amp;Signature=cypPt%2BDX/I6HTEAgmmkS7%2BVp/fk%3D</analysis_url><energy>0.574957</energy><liveness>0.058469</liveness><tempo>103.981</tempo><speechiness>0.062995</speechiness><acousticness>0.14715</acousticness><instrumentalness>8.1e-05</instrumentalness><mode>1</mode><time_signature>4</time_signature><duration>263.13288</duration><loudness>-9.611</loudness><audio_md5>f441ae1d0799cb9d367dc75e820a594a</audio_md5><valence>0.937135</valence><danceability>0.813616</danceability></audio_summary><title>Hesitate</title></song><song><artist_id>ARS3U0F1187B98BD6D</artist_id><artist_name>Alice Russell</artist_name><id>SORDIEA13EB98D2149</id><audio_summary><key>2</key><analysis_url>http://echonest-analysis.s3.amazonaws.com/TR/OH7-BQ0HpFJeF9lI4L5PKbQjuY-K9JdbSVHWaqOJILEMfXXHKvfMhPn0jDWddWToPpaeJK6emwbL3hhV4%3D/3/full.json?AWSAccessKeyId=AKIAJRDFEY23UEVW42BQ&amp;Expires=1415343234&amp;Signature=Bk62ijlKRjW3j0iObGrmItWYEHs%3D</analysis_url><energy>0.827713</energy><liveness>0.343525</liveness><tempo>114.997</tempo><speechiness>0.067009</speechiness><acousticness>0.014334</acousticness><instrumentalness>0.900735</instrumentalness><mode>0</mode><time_signature>4</time_signature><duration>246.61288</duration><loudness>-7.665</loudness><audio_md5 /><valence>0.610455</valence><danceability>0.805368</danceability></audio_summary><title>Hard and Strong (Instrumental)</title></song><song><artist_id>ARS3U0F1187B98BD6D</artist_id><artist_name>Alice Russell</artist_name><id>SOJIRDD1311AFDD0F6</id><audio_summary><key>8</key><analysis_url>http://echonest-analysis.s3.amazonaws.com/TR/bZ8cDwmAtdVoFEO70R1UgxCLTdQA2qlsAlVM-hRbNWp_FlK8i3Rq20xuRAfnyYgR3aQU5w8ZMwFgH-BYo%3D/3/full.json?AWSAccessKeyId=AKIAJRDFEY23UEVW42BQ&amp;Expires=1415343234&amp;Signature=N%2BWplLZTCOf21QEgHBqpUmBtQ/E%3D</analysis_url><energy>0.449766</energy><liveness>0.06867</liveness><tempo>105.001</tempo><speechiness>0.109907</speechiness><acousticness>0.000488</acousticness><instrumentalness>0.013418</instrumentalness><mode>0</mode><time_signature>4</time_signature><duration>495.22621</duration><loudness>-12.308</loudness><audio_md5>80f734f54802c41a7ba0bfb7ccf44045</audio_md5><valence>0.421381</valence><danceability>0.885519</danceability></audio_summary><title>Living The Life Of A Dreamer (Mr Scruff Remix)</title></song><song><artist_id>ARS3U0F1187B98BD6D</artist_id><artist_name>Alice Russell</artist_name><id>SOCOOHJ131677161AA</id><audio_summary><key>4</key><analysis_url>http://echonest-analysis.s3.amazonaws.com/TR/9KXX6AKNPFLRJVPsuAhZFE_OzDqSoVimPXKlJh6-ciq__0ngSdU1IVO-7tCEWy-qaO-hkaSZqv_aQYewo%3D/3/full.json?AWSAccessKeyId=AKIAJRDFEY23UEVW42BQ&amp;Expires=1415343234&amp;Signature=YGk3gjfnNU1wbH6hESgZS7MKQGg%3D</analysis_url><energy>0.484494</energy><liveness>0.517431</liveness><tempo>123.414</tempo><speechiness>0.058726</speechiness><acousticness>0.5423</acousticness><instrumentalness>0.029118</instrumentalness><mode>1</mode><time_signature>4</time_signature><duration>286.30621</duration><loudness>-9.573</loudness><audio_md5 /><valence>0.375366</valence><danceability>0.709724</danceability></audio_summary><title>Sweet is the Air</title></song><song><artist_id>ARS3U0F1187B98BD6D</artist_id><artist_name>Alice Russell</artist_name><id>SOUBAGK1423B97DA4E</id><audio_summary><key>0</key><analysis_url>http://echonest-analysis.s3.amazonaws.com/TR/xkwNZAf-wPC9vx0oQq4jDHX5YDZdETk7uAmyNurBjtAZzRf1bd3kFJ9xO175CMIumLOegDi3JukepyFaI%3D/3/full.json?AWSAccessKeyId=AKIAJRDFEY23UEVW42BQ&amp;Expires=1415343234&amp;Signature=KUi89y79quimmcWbF9T0D93gM6I%3D</analysis_url><energy>0.39392</energy><liveness>0.108958</liveness><tempo>107.443</tempo><speechiness>0.036739</speechiness><acousticness>0.509673</acousticness><instrumentalness>1.4e-05</instrumentalness><mode>0</mode><time_signature>4</time_signature><duration>257.49955</duration><loudness>-7.609</loudness><audio_md5>ac30836e0398c9467499e1a9b4e2cef2</audio_md5><valence>0.286606</valence><danceability>0.60414</danceability></audio_summary><title>I Loved You - Acoustic</title></song><song><artist_id>ARS3U0F1187B98BD6D</artist_id><artist_name>Alice Russell</artist_name><id>SOIBOOE1313439C67F</id><audio_summary><key>2</key><analysis_url>http://echonest-analysis.s3.amazonaws.com/TR/MZMfVgXC_D3n2DX-SGowGwPOC8MTefQx8dXD9a5W_dToFiF1N4JbMW1hvo2-EDR3xeryLg5TmIJVRPczI%3D/3/full.json?AWSAccessKeyId=AKIAJRDFEY23UEVW42BQ&amp;Expires=1415343234&amp;Signature=OoesnWeqZWSH/QidU/ZVgpWQHSw%3D</analysis_url><energy>0.362798</energy><liveness>0.107253</liveness><tempo>100.997</tempo><speechiness>0.02875</speechiness><acousticness>0.62998</acousticness><instrumentalness>0.088171</instrumentalness><mode>1</mode><time_signature>4</time_signature><duration>306.61288</duration><loudness>-9.805</loudness><audio_md5 /><valence>0.279652</valence><danceability>0.710171</danceability></audio_summary><title>I'm Just Here (Wyndham Earl Remix)</title></song><song><artist_id>ARS3U0F1187B98BD6D</artist_id><artist_name>Alice Russell</artist_name><id>SOHVHIO12AB01856A4</id><audio_summary><key>7</key><analysis_url>http://echonest-analysis.s3.amazonaws.com/TR/tOQLNAicPR8Jl99se0NIBBLmwehN_drswDTySm6bOgA7_99i6oDOOFqTF2mROODMKaHD0jH0uYq1PpDD0%3D/3/full.json?AWSAccessKeyId=AKIAJRDFEY23UEVW42BQ&amp;Expires=1415343234&amp;Signature=9hNi4fX3fuXCTwzv3OV4IwyRuCo%3D</analysis_url><energy>0.318079</energy><liveness>0.12549</liveness><tempo>201.921</tempo><speechiness>0.036855</speechiness><acousticness>0.922026</acousticness><instrumentalness>0.006849</instrumentalness><mode>1</mode><time_signature>4</time_signature><duration>321.11955</duration><loudness>-12.11</loudness><audio_md5>ff9af2905f693205be411d6dcf4edd92</audio_md5><valence>0.160674</valence><danceability>0.319605</danceability></audio_summary><title>I'm Just Here</title></song><song><artist_id>ARS3U0F1187B98BD6D</artist_id><artist_name>Alice Russell</artist_name><id>SOCTTWJ1311AFE7214</id><audio_summary><key>7</key><analysis_url>http://echonest-analysis.s3.amazonaws.com/TR/2FG2bgEGz65Xz3VOxhpyCIYUx0OVbu-6z5secr12sFZV1NtXmthuOljFrHj34Iz1sGAbKi3C8enWTb2BM%3D/3/full.json?AWSAccessKeyId=AKIAJRDFEY23UEVW42BQ&amp;Expires=1415343234&amp;Signature=XoM8Iys0acliSHvx%2B2d57bIb%2BoI%3D</analysis_url><energy>0.33762</energy><liveness>0.217302</liveness><tempo>124.767</tempo><speechiness>0.036933</speechiness><acousticness>0.59803</acousticness><instrumentalness>0.0</instrumentalness><mode>0</mode><time_signature>3</time_signature><duration>217.42621</duration><loudness>-7.936</loudness><audio_md5 /><valence>0.404278</valence><danceability>0.48493</danceability></audio_summary><title>Lights Went Out</title></song><song><artist_id>ARS3U0F1187B98BD6D</artist_id><artist_name>Alice Russell</artist_name><id>SODBYLD13167715BDC</id><audio_summary><key>5</key><analysis_url>http://echonest-analysis.s3.amazonaws.com/TR/neF3ewjkoZUu8D_D1umfix1GZ69I0J_fK9iRooFA8w8D10umw3-5xcjB5uOuqu1KaAEQ7lvy01VAy4eSQ%3D/3/full.json?AWSAccessKeyId=AKIAJRDFEY23UEVW42BQ&amp;Expires=1415343234&amp;Signature=Ulyc7ZmcKHLfln2D6vq6MS1XqVE%3D</analysis_url><energy>0.469484</energy><liveness>0.087587</liveness><tempo>99.428</tempo><speechiness>0.031348</speechiness><acousticness>0.182707</acousticness><instrumentalness>4e-06</instrumentalness><mode>0</mode><time_signature>4</time_signature><duration>298.21288</duration><loudness>-7.835</loudness><audio_md5 /><valence>0.331063</valence><danceability>0.585879</danceability></audio_summary><title>Mirror Mirror On The Wolf - 'tell The Story Right'</title></song><song><artist_id>ARS3U0F1187B98BD6D</artist_id><artist_name>Alice Russell</artist_name><id>SOGJSQD1311AFE3B2A</id><audio_summary><key>10</key><analysis_url>http://echonest-analysis.s3.amazonaws.com/TR/P_o2YwHxOEWluZBz2PDXZp1bBIBGeL2dtqCAx7VSHBsi9x8iEG6mTmnP-pY2cnVivFspuxwwpknUjHlek%3D/3/full.json?AWSAccessKeyId=AKIAJRDFEY23UEVW42BQ&amp;Expires=1415343234&amp;Signature=H68KrSQBnUITvbvzyLISintf98s%3D</analysis_url><energy>0.570477</energy><liveness>0.086628</liveness><tempo>84.825</tempo><speechiness>0.210493</speechiness><acousticness>0.163209</acousticness><instrumentalness>0.0</instrumentalness><mode>0</mode><time_signature>4</time_signature><duration>195.68458</duration><loudness>-9.304</loudness><audio_md5>27078edbc6451965b94d35d2e793cba9</audio_md5><valence>0.668446</valence><danceability>0.417929</danceability></audio_summary><title>Let Us Be Loving</title></song><song><artist_id>ARS3U0F1187B98BD6D</artist_id><artist_name>Alice Russell</artist_name><id>SOMKMKO136992E80FD</id><audio_summary><key>4</key><analysis_url>http://echonest-analysis.s3.amazonaws.com/TR/9trjugQq05N06Npk0q_U1437hMjkhX_Ve2mjJGj-yUuVQC9tuTqNpuEbJL0fFhWvOt-aJeXYYRrMs6G18%3D/3/full.json?AWSAccessKeyId=AKIAJRDFEY23UEVW42BQ&amp;Expires=1415343234&amp;Signature=VBd7X87Cbhve8A2GqITCEDpvDnM%3D</analysis_url><energy>0.208702</energy><liveness>0.151387</liveness><tempo>104.013</tempo><speechiness>0.099951</speechiness><acousticness>0.026595</acousticness><instrumentalness>0.000126</instrumentalness><mode>0</mode><time_signature>4</time_signature><duration>248.49288</duration><loudness>-11.037</loudness><audio_md5 /><valence>0.754928</valence><danceability>0.960475</danceability></audio_summary><title>A Fly In The Hand</title></song><song><artist_id>ARS3U0F1187B98BD6D</artist_id><artist_name>Alice Russell</artist_name><id>SOABTBY1311AFDD207</id><audio_summary><key>10</key><analysis_url>http://echonest-analysis.s3.amazonaws.com/TR/uOW6-wbvnpRIMr2CrP3fCWSOpYx6PnC7JfDIImru4-bizddJua8lw_RTo0zkGp17c5r0PliBQNLK2U_5M%3D/3/full.json?AWSAccessKeyId=AKIAJRDFEY23UEVW42BQ&amp;Expires=1415343234&amp;Signature=2TsCaEY7OEoBvAQmQX98I1GkKCo%3D</analysis_url><energy>0.673571</energy><liveness>0.308561</liveness><tempo>139.327</tempo><speechiness>0.075417</speechiness><acousticness>0.163743</acousticness><instrumentalness>1e-06</instrumentalness><mode>1</mode><time_signature>4</time_signature><duration>226.85288</duration><loudness>-11.019</loudness><audio_md5 /><valence>0.845316</valence><danceability>0.648802</danceability></audio_summary><title>Two Steps</title></song><song><artist_id>ARS3U0F1187B98BD6D</artist_id><artist_name>Alice Russell</artist_name><id>SOEKJQN1313438B753</id><audio_summary><key>10</key><analysis_url>http://echonest-analysis.s3.amazonaws.com/TR/n1UJhgqjIoLXC35SZOOV99Fj5hMPDySM5Bbh7R6PX0qGpJjxkiIU7hdkwJmmONzNiPzMehZ0R2waNBrQc%3D/3/full.json?AWSAccessKeyId=AKIAJRDFEY23UEVW42BQ&amp;Expires=1415343234&amp;Signature=WzqvkRk40n2OG9j5WvRiUTt95JM%3D</analysis_url><energy>0.24918</energy><liveness>0.07848</liveness><tempo>75.978</tempo><speechiness>0.147609</speechiness><acousticness>0.067841</acousticness><instrumentalness>0.001464</instrumentalness><mode>0</mode><time_signature>4</time_signature><duration>281.75955</duration><loudness>-10.47</loudness><audio_md5>3166f82efd79c3d081d1af657d40efb5</audio_md5><valence>0.495006</valence><danceability>0.722041</danceability></audio_summary><title>Let Us Be Loving</title></song><song><artist_id>ARS3U0F1187B98BD6D</artist_id><artist_name>Alice Russell</artist_name><id>SOETORT1311AFD8F65</id><audio_summary><key>3</key><analysis_url>http://echonest-analysis.s3.amazonaws.com/TR/rvrYQwEbxuKZA2Mhn9nw0aqtwZX4p1P5V3HLUwbiX3GIQZ_hTVCjVXrFkTsKeIFDAYinaBHbGpG3grfoc%3D/3/full.json?AWSAccessKeyId=AKIAJRDFEY23UEVW42BQ&amp;Expires=1415343234&amp;Signature=MJZpBPwzaSFwqn4tWirYeRzBsZo%3D</analysis_url><energy>0.557738</energy><liveness>0.088431</liveness><tempo>132.268</tempo><speechiness>0.081437</speechiness><acousticness>0.006169</acousticness><instrumentalness>0.115393</instrumentalness><mode>0</mode><time_signature>4</time_signature><duration>192.58621</duration><loudness>-9.806</loudness><audio_md5>de24798b9bc9349c9ae13fe9fc19157d</audio_md5><valence>0.563872</valence><danceability>0.776667</danceability></audio_summary><title>Turn and Run</title></song><song><artist_id>ARS3U0F1187B98BD6D</artist_id><artist_name>Alice Russell</artist_name><id>SOFLKKD12AB017CDC3</id><audio_summary><key>0</key><analysis_url>http://echonest-analysis.s3.amazonaws.com/TR/nWkKSwCnChND_29K_dPSVmi6Oo4MsxpXFQ0Zk095_T9AxVXu6o1SokTL4EMDZcRwJPHQ7Vcg9Z3LtaW7Q%3D/3/full.json?AWSAccessKeyId=AKIAJRDFEY23UEVW42BQ&amp;Expires=1415343234&amp;Signature=wcFLHHv0fmqP0vJCaG1IKujMatc%3D</analysis_url><energy>0.359161</energy><liveness>0.331846</liveness><tempo>100.924</tempo><speechiness>0.162636</speechiness><acousticness>0.407365</acousticness><instrumentalness>0.000232</instrumentalness><mode>1</mode><time_signature>4</time_signature><duration>282.29288</duration><loudness>-10.713</loudness><audio_md5>14435b10e96538781974f8542d14ff01</audio_md5><valence>0.607101</valence><danceability>0.822005</danceability></audio_summary><title>Got the Hunger?</title></song><song><artist_id>ARS3U0F1187B98BD6D</artist_id><artist_name>Alice Russell</artist_name><id>SOYHNMF12AB0185687</id><audio_summary><key>2</key><analysis_url>http://echonest-analysis.s3.amazonaws.com/TR/dhhJngUFFdzH28JVAsJJZFBNcBy0NnMNmqf7XcFAHcy2LxvX-R7buaoF73pGZzwGt8cvFrARbvxOIyA0A%3D/3/full.json?AWSAccessKeyId=AKIAJRDFEY23UEVW42BQ&amp;Expires=1415343234&amp;Signature=CMowhtvdzSglgmhBx%2BCB/8bwR08%3D</analysis_url><energy>0.650116</energy><liveness>0.226384</liveness><tempo>139.017</tempo><speechiness>0.048324</speechiness><acousticness>0.010039</acousticness><instrumentalness>0.115604</instrumentalness><mode>0</mode><time_signature>4</time_signature><duration>245.54621</duration><loudness>-9.944</loudness><audio_md5>faba2c6ad1c966013f0da98474fbeb5f</audio_md5><valence>0.826402</valence><danceability>0.791231</danceability></audio_summary><title>Mean To Me</title></song><song><artist_id>ARS3U0F1187B98BD6D</artist_id><artist_name>Alice Russell</artist_name><id>SOACFPV13167716317</id><audio_summary><key>7</key><analysis_url>http://echonest-analysis.s3.amazonaws.com/TR/krBHZA1V-XVpXenL9jBQLzGARSXiy0VZg1YWAn5bOHW5PtzEDqCCIPvKvsXTUj9wcB_8ZZN5Fo_Eu40rs%3D/3/full.json?AWSAccessKeyId=AKIAJRDFEY23UEVW42BQ&amp;Expires=1415343234&amp;Signature=s6z3Z3RDzGqKx/DY/InNB4ZPJIE%3D</analysis_url><energy>0.213945</energy><liveness>0.11811</liveness><tempo>207.899</tempo><speechiness>0.399332</speechiness><acousticness>0.044316</acousticness><instrumentalness>3.1e-05</instrumentalness><mode>1</mode><time_signature>4</time_signature><duration>283.26621</duration><loudness>-10.116</loudness><audio_md5 /><valence>0.710837</valence><danceability>0.758702</danceability></audio_summary><title>A Fly In The Hand</title></song><song><artist_id>ARS3U0F1187B98BD6D</artist_id><artist_name>Alice Russell</artist_name><id>SOISQFD12A8C1315BF</id><audio_summary><key>7</key><analysis_url>http://echonest-analysis.s3.amazonaws.com/TR/FHKm-wDBm023RZfU19X_XYq4N95QXBgGX41ETW/3/full.json?AWSAccessKeyId=AKIAJRDFEY23UEVW42BQ&amp;Expires=1415343234&amp;Signature=4QQjrNZnUY%2BPyUsYVK6txGonV9k%3D</analysis_url><energy>0.702681</energy><liveness>0.101286</liveness><tempo>178.823</tempo><speechiness>0.146869</speechiness><acousticness>0.000879</acousticness><instrumentalness>0.438465</instrumentalness><mode>1</mode><time_signature>4</time_signature><duration>330.03057</duration><loudness>-7.198</loudness><audio_md5>876877e67b39bacbb2b7de59aac4380f</audio_md5><valence>0.528421</valence><danceability>0.750227</danceability></audio_summary><title>Seven Nation Army (Grant Phabao Remix)</title></song><song><artist_id>ARS3U0F1187B98BD6D</artist_id><artist_name>Alice Russell</artist_name><id>SOLQKGR1315CD4409E</id><audio_summary><key>7</key><analysis_url>http://echonest-analysis.s3.amazonaws.com/TR/yFSrzAcgsz90Mhkc8YbF_rN9syFRqGNqMWDyy0eqbBMTOPovjv0GELKLkCpPoOFGc06dRByXsSpfYtEUA%3D/3/full.json?AWSAccessKeyId=AKIAJRDFEY23UEVW42BQ&amp;Expires=1415343234&amp;Signature=Khv7wQR5AnaBdSDwqqj234v%2BVSc%3D</analysis_url><energy>0.788321</energy><liveness>0.695019</liveness><tempo>107.054</tempo><speechiness>0.101315</speechiness><acousticness>0.082918</acousticness><instrumentalness>0.056866</instrumentalness><mode>0</mode><time_signature>4</time_signature><duration>174.91256</duration><loudness>-6.135</loudness><audio_md5>8d47aa7bdc0ae53727fae8aac9ff0ff5</audio_md5><valence>0.514255</valence><danceability>0.560666</danceability></audio_summary><title>Citizens</title></song><song><artist_id>ARS3U0F1187B98BD6D</artist_id><artist_name>Alice Russell</artist_name><id>SOARCSQ1315CD4ADFA</id><audio_summary><key>4</key><analysis_url>http://echonest-analysis.s3.amazonaws.com/TR/qrd0Lg4Y3A9ZF23XFTVwrBgxOv5t1Zou3z9RJiKiPQgIc0La-CdY63oeN7DWBvof1EgAzA9OWmUM4RflM%3D/3/full.json?AWSAccessKeyId=AKIAJRDFEY23UEVW42BQ&amp;Expires=1415343234&amp;Signature=V8JFOBpymC1VjKSpRxl7jTghSvM%3D</analysis_url><energy>0.756086</energy><liveness>0.072786</liveness><tempo>121.367</tempo><speechiness>0.033898</speechiness><acousticness>0.029571</acousticness><instrumentalness>0.021281</instrumentalness><mode>0</mode><time_signature>4</time_signature><duration>386.14621</duration><loudness>-7.783</loudness><audio_md5 /><valence>0.314783</valence><danceability>0.748271</danceability></audio_summary><title>All Over Now</title></song><song><artist_id>ARS3U0F1187B98BD6D</artist_id><artist_name>Alice Russell</artist_name><id>SOFZZZZ13E8AF8B880</id><audio_summary><key>2</key><analysis_url>http://echonest-analysis.s3.amazonaws.com/TR/0qA_qQmFIuOoEKzs3J6JAKQG-B7Ys4-qGSLwD6/3/full.json?AWSAccessKeyId=AKIAJRDFEY23UEVW42BQ&amp;Expires=1415343234&amp;Signature=dF6Mjjd9ZtzSbFm3ZA5eOVexwwg%3D</analysis_url><energy>0.596419</energy><liveness>0.683814</liveness><tempo>112.981</tempo><speechiness>0.550465</speechiness><acousticness>0.413687</acousticness><instrumentalness>0.000368</instrumentalness><mode>0</mode><time_signature>4</time_signature><duration>124.05288</duration><loudness>-8.774</loudness><audio_md5 /><valence>0.942752</valence><danceability>0.807593</danceability></audio_summary><title>Drinking Song Interlude</title></song><song><artist_id>ARS3U0F1187B98BD6D</artist_id><artist_name>Alice Russell</artist_name><id>SOWUPYG13E8AF89F38</id><audio_summary><key>5</key><analysis_url>http://echonest-analysis.s3.amazonaws.com/TR/SU4O2gxUQt2oB42gkd-qVIovtWFPXJ3PMooQcR/3/full.json?AWSAccessKeyId=AKIAJRDFEY23UEVW42BQ&amp;Expires=1415343234&amp;Signature=QC3xMqBrtnlkob/9pfsSE%2BKuMyI%3D</analysis_url><energy>0.626775</energy><liveness>0.321613</liveness><tempo>105.931</tempo><speechiness>0.03346</speechiness><acousticness>0.007446</acousticness><instrumentalness>1.1e-05</instrumentalness><mode>0</mode><time_signature>4</time_signature><duration>321.06621</duration><loudness>-6.52</loudness><audio_md5 /><valence>0.528127</valence><danceability>0.643244</danceability></audio_summary><title>Different (Bonus Track)</title></song><song><artist_id>ARS3U0F1187B98BD6D</artist_id><artist_name>Alice Russell</artist_name><id>SOACMCQ1313439AE8D</id><audio_summary><key>5</key><analysis_url>http://echonest-analysis.s3.amazonaws.com/TR/NROEKQId8d8GrHMnI_FpR9Es1D6hiD7FrXjj9UwTZRCyZMIHTlwKqnqRmF7X3VqwqM6EC6N7SW1nzEgkY%3D/3/full.json?AWSAccessKeyId=AKIAJRDFEY23UEVW42BQ&amp;Expires=1415343234&amp;Signature=VUBCTQCAHx/ZA9hK9YzZIcmuCPI%3D</analysis_url><energy>0.329286</energy><liveness>0.148228</liveness><tempo>99.063</tempo><speechiness>0.081844</speechiness><acousticness>0.580221</acousticness><instrumentalness>3e-06</instrumentalness><mode>0</mode><time_signature>4</time_signature><duration>180.03955</duration><loudness>-13.944</loudness><audio_md5 /><valence>0.2258</valence><danceability>0.708466</danceability></audio_summary><title>All Alone</title></song><song><artist_id>ARS3U0F1187B98BD6D</artist_id><artist_name>Alice Russell</artist_name><id>SOBKTQU1311AFD568A</id><audio_summary><key>6</key><analysis_url>http://echonest-analysis.s3.amazonaws.com/TR/5uLyUArVZvAcH4bbiXDyZIAtKkfCvHsfMGdaj7tsIaUKBX7wo3J7NV9yMBJh_pWVFeWK4fpu_2VSDI298%3D/3/full.json?AWSAccessKeyId=AKIAJRDFEY23UEVW42BQ&amp;Expires=1415343234&amp;Signature=K3lWufHQ8TR3qKI0bKD6OZXQb%2BE%3D</analysis_url><energy>0.537075</energy><liveness>0.143375</liveness><tempo>110.968</tempo><speechiness>0.04733</speechiness><acousticness>0.169131</acousticness><instrumentalness>0.002445</instrumentalness><mode>1</mode><time_signature>4</time_signature><duration>280.61288</duration><loudness>-8.467</loudness><audio_md5 /><valence>0.820387</valence><danceability>0.830182</danceability></audio_summary><title>Munkaroo</title></song><song><artist_id>ARS3U0F1187B98BD6D</artist_id><artist_name>Alice Russell</artist_name><id>SOVDVKF1494430E3E0</id><audio_summary><key>0</key><analysis_url>http://echonest-analysis.s3.amazonaws.com/TR/AJuMmAckBhKIeimjqDmknN66W86PHUz9HAiLZBEnuWB6-bpFij9wMt3KGYntX4Ysj0A5bvMmaRhuoth_U%3D/3/full.json?AWSAccessKeyId=AKIAJRDFEY23UEVW42BQ&amp;Expires=1415343234&amp;Signature=wb2fTkdY8fOkLjBWFOKuJkY5tQo%3D</analysis_url><energy>0.687705</energy><liveness>0.102495</liveness><tempo>115.008</tempo><speechiness>0.059138</speechiness><acousticness>0.190687</acousticness><instrumentalness>0.033522</instrumentalness><mode>1</mode><time_signature>4</time_signature><duration>317.36512</duration><loudness>-8.664</loudness><audio_md5 /><valence>0.688671</valence><danceability>0.795364</danceability></audio_summary><title>Breakdown (D-Felic Refix) [feat. Darondo]</title></song><song><artist_id>ARS3U0F1187B98BD6D</artist_id><artist_name>Alice Russell</artist_name><id>SOBJUAL13134393318</id><audio_summary><key>11</key><analysis_url>http://echonest-analysis.s3.amazonaws.com/TR/H4hvsAqDh31g0kvJM-8bOF3hK5VlOew8GhT-ZEdOx5zaM-Es4ipevsJc1E8L7NsPlSvT3jMz8-qJSauDY%3D/3/full.json?AWSAccessKeyId=AKIAJRDFEY23UEVW42BQ&amp;Expires=1415343234&amp;Signature=T/Z3Jz570rByeQ9%2BCb9cR7ckLPw%3D</analysis_url><energy>0.586169</energy><liveness>0.033267</liveness><tempo>105.028</tempo><speechiness>0.081197</speechiness><acousticness>0.008774</acousticness><instrumentalness>1.7e-05</instrumentalness><mode>1</mode><time_signature>4</time_signature><duration>303.25288</duration><loudness>-10.023</loudness><audio_md5 /><valence>0.492085</valence><danceability>0.823919</danceability></audio_summary><title>Living the Life of a Dreamer</title></song><song><artist_id>ARS3U0F1187B98BD6D</artist_id><artist_name>Alice Russell</artist_name><id>SOTVCBZ14616C97F25</id><audio_summary><key>8</key><analysis_url>http://echonest-analysis.s3.amazonaws.com/TR/WGU_lQD0mSGv74XnbZoHcLdFL0N7YOIze__X7xTkE5_LWaYRIPFxpg0S6BFx5kVG6ID9mGW5kGfefJTZU%3D/3/full.json?AWSAccessKeyId=AKIAJRDFEY23UEVW42BQ&amp;Expires=1415343234&amp;Signature=NM/ZNyX8v%2Bx4LtbFyOHd%2Bv6/b7A%3D</analysis_url><energy>0.510347</energy><liveness>0.085944</liveness><tempo>90.037</tempo><speechiness>0.040402</speechiness><acousticness>0.434385</acousticness><instrumentalness>0.000864</instrumentalness><mode>0</mode><time_signature>4</time_signature><duration>279.70621</duration><loudness>-11.21</loudness><audio_md5 /><valence>0.504434</valence><danceability>0.639812</danceability></audio_summary><title>Hurry On Now</title></song><song><artist_id>ARS3U0F1187B98BD6D</artist_id><artist_name>Alice Russell</artist_name><id>SOJIVLB1368911BDDC</id><audio_summary><key>1</key><analysis_url>http://echonest-analysis.s3.amazonaws.com/TR/oBsifgAVRFck6Ox1Z3WVh2INOkwxk4g-zH-47KgmbxJacGym2lTRg1U9WTVujArxwofRCq9ASpaudAn2g%3D/3/full.json?AWSAccessKeyId=AKIAJRDFEY23UEVW42BQ&amp;Expires=1415343234&amp;Signature=gaVsG40Z/9awHCbyClQTYoBLeJ4%3D</analysis_url><energy>0.444494</energy><liveness>0.330137</liveness><tempo>83.323</tempo><speechiness>0.04194</speechiness><acousticness>0.34596</acousticness><instrumentalness>4e-06</instrumentalness><mode>0</mode><time_signature>4</time_signature><duration>223.61288</duration><loudness>-6.828</loudness><audio_md5 /><valence>0.338204</valence><danceability>0.622897</danceability></audio_summary><title>Hurry On Now</title></song><song><artist_id>ARS3U0F1187B98BD6D</artist_id><artist_name>Alice Russell</artist_name><id>SODEVRT1311AFE718E</id><audio_summary><key>10</key><analysis_url>http://echonest-analysis.s3.amazonaws.com/TR/TGm6KwTUSQDw5fXqj-DIhLj8OXWyUnSQvIjXsVmGzjOxxMPXyDGNJbMCBZSCec0sfgIk6-vu9yHKKyfgg%3D/3/full.json?AWSAccessKeyId=AKIAJRDFEY23UEVW42BQ&amp;Expires=1415343234&amp;Signature=0QaERKCtRKv%2BfqI0QHzN%2BLlTeoA%3D</analysis_url><energy>0.507914</energy><liveness>0.194685</liveness><tempo>125.021</tempo><speechiness>0.089072</speechiness><acousticness>0.590926</acousticness><instrumentalness>0.004096</instrumentalness><mode>0</mode><time_signature>4</time_signature><duration>263.31955</duration><loudness>-8.647</loudness><audio_md5 /><valence>0.951656</valence><danceability>0.815431</danceability></audio_summary><title>Somebody's Gonna Love You (feat. Quantic)</title></song></songs></response>