<response><status><version>4.2</version><code>0</code><message>Success</message></status><songs><song><artist_id>ARO6A7Q1187FB4CFC4</artist_id><artist_name>Alien Ant Farm</artist_name><id>SOAJIID136C2292A51</id><audio_summary><key>8</key><analysis_url>http://echonest-analysis.s3.amazonaws.com/TR/Ywvt-QfyJ2A4txxutVYgfBvw6yOEEdtnBtutp3OHaxnMxR_MO8ydDtXY5fIbFk1I94Con3sMboLHgBH00%3D/3/full.json?AWSAccessKeyId=AKIAJRDFEY23UEVW42BQ&amp;Expires=1415343245&amp;Signature=0kYZcOGkBTbtVvmdjx57FCLTLqY%3D</analysis_url><energy>0.926859</energy><liveness>0.362148</liveness><tempo>174.1</tempo><speechiness>0.183164</speechiness><acousticness>8e-05</acousticness><instrumentalness>0.048342</instrumentalness><mode>1</mode><time_signature>4</time_signature><duration>191.26621</duration><loudness>-6.004</loudness><audio_md5 /><valence>0.468279</valence><danceability>0.274025</danceability></audio_summary><title>Sticks And Stones - Live/Denver Version</title></song><song><artist_id>ARO6A7Q1187FB4CFC4</artist_id><artist_name>Alien Ant Farm</artist_name><id>SOPLKHR12AB017FA2A</id><audio_summary><key>11</key><analysis_url>http://echonest-analysis.s3.amazonaws.com/TR/XqBfCAdGQ94V0zAbiEq8SdIylrEIb-sqqLFitdm23E9Drl6yTKLn_6P8g_U1DiweGhgBvlNI9RHnFmles%3D/3/full.json?AWSAccessKeyId=AKIAJRDFEY23UEVW42BQ&amp;Expires=1415343245&amp;Signature=PVyHZofHMaZSGnDsMWEb3FY1kg8%3D</analysis_url><energy>0.691571</energy><liveness>0.129768</liveness><tempo>101.212</tempo><speechiness>0.029533</speechiness><acousticness>0.390923</acousticness><instrumentalness>0.007731</instrumentalness><mode>0</mode><time_signature>4</time_signature><duration>303.79955</duration><loudness>-10.031</loudness><audio_md5 /><valence>0.693604</valence><danceability>0.631226</danceability></audio_summary><title>Attitude (Acoustic Live Version (WAQC))</title></song><song><artist_id>ARO6A7Q1187FB4CFC4</artist_id><artist_name>Alien Ant Farm</artist_name><id>SOVTWDU12AB017FA33</id><audio_summary><key>9</key><analysis_url>http://echonest-analysis.s3.amazonaws.com/TR/G8vHUgRPcEH52Gf0FOKspzYq9Iw6mOh3fwgb6aCygI7UsAfFNjoUX1em0NIsQZ6I4O6UYhNWe71j5KSPc%3D/3/full.json?AWSAccessKeyId=AKIAJRDFEY23UEVW42BQ&amp;Expires=1415343245&amp;Signature=B%2Bn3s24n72iZPZODWLS2m1Kq5gE%3D</analysis_url><energy>0.778755</energy><liveness>0.341698</liveness><tempo>95.938</tempo><speechiness>0.04894</speechiness><acousticness>0.014074</acousticness><instrumentalness>0.41706</instrumentalness><mode>1</mode><time_signature>4</time_signature><duration>343.25288</duration><loudness>-9.633</loudness><audio_md5 /><valence>0.167605</valence><danceability>0.164577</danceability></audio_summary><title>Universe (Live Version)</title></song><song><artist_id>ARO6A7Q1187FB4CFC4</artist_id><artist_name>Alien Ant Farm</artist_name><id>SOSOTAB1315CD4677A</id><audio_summary><key>4</key><analysis_url>http://echonest-analysis.s3.amazonaws.com/TR/xObJTw3lX-41j8sc6W-r-uX5MQIH5VFBnWHxoDomLvQzNdxJpsp6DhhbiZlRvGL5l_igojSEBpavGUcwA%3D/3/full.json?AWSAccessKeyId=AKIAJRDFEY23UEVW42BQ&amp;Expires=1415343245&amp;Signature=tdyvvyOh0vzV/Ci0ia%2BhRu6icLI%3D</analysis_url><energy>0.727534</energy><liveness>0.100325</liveness><tempo>116.904</tempo><speechiness>0.041529</speechiness><acousticness>0.001707</acousticness><instrumentalness>0.019667</instrumentalness><mode>1</mode><time_signature>4</time_signature><duration>547.50621</duration><loudness>-5.646</loudness><audio_md5>5ad84f1008454be079252b9b908c467d</audio_md5><valence>0.071122</valence><danceability>0.331854</danceability></audio_summary><title>Universe/Orange Appeal [Album Version]</title></song><song><artist_id>ARO6A7Q1187FB4CFC4</artist_id><artist_name>Alien Ant Farm</artist_name><id>SODBPEN12AF729CD27</id><audio_summary><key>11</key><analysis_url>http://echonest-analysis.s3.amazonaws.com/TR/iIMmVQKcybVLf8gLP64Pl96sA2ui_fTu663aoBtVGwHppuoGLG5cUGvHqLbIuFxg4DAqAkI6mzp-Nr03A%3D/3/full.json?AWSAccessKeyId=AKIAJRDFEY23UEVW42BQ&amp;Expires=1415343245&amp;Signature=1zoLUc6ezJUV4EKkR%2BN18fKeDnQ%3D</analysis_url><energy>0.987271</energy><liveness>0.164457</liveness><tempo>148.517</tempo><speechiness>0.135452</speechiness><acousticness>0.000155</acousticness><instrumentalness>0.750287</instrumentalness><mode>0</mode><time_signature>4</time_signature><duration>125.41288</duration><loudness>-6.649</loudness><audio_md5 /><valence>0.145208</valence><danceability>0.235907</danceability></audio_summary><title>Album End</title></song><song><artist_id>ARO6A7Q1187FB4CFC4</artist_id><artist_name>Alien Ant Farm</artist_name><id>SOWBHJQ12AB0180C2B</id><audio_summary><key>9</key><analysis_url>http://echonest-analysis.s3.amazonaws.com/TR/gFmyjgSsbmm1P1Qsq4_sWzGIV5VXcVn0qYingilosYRTCooG1pGmU2bTBBdNI2tkyKi4e5a_lshOYjTag%3D/3/full.json?AWSAccessKeyId=AKIAJRDFEY23UEVW42BQ&amp;Expires=1415343245&amp;Signature=Dfdisf%2BJAXyhxNR2SpZL13j%2B4LY%3D</analysis_url><energy>0.760252</energy><liveness>0.124667</liveness><tempo>108.085</tempo><speechiness>0.038601</speechiness><acousticness>0.679866</acousticness><instrumentalness>2e-06</instrumentalness><mode>1</mode><time_signature>4</time_signature><duration>200.73288</duration><loudness>-7.402</loudness><audio_md5>16b292d1ec6aa5a6c652dcef2f4138a0</audio_md5><valence>0.904326</valence><danceability>0.574397</danceability></audio_summary><title>Movies - Live Acoustic Version (KROC)</title></song><song><artist_id>ARO6A7Q1187FB4CFC4</artist_id><artist_name>Alien Ant Farm</artist_name><id>SOBNRMO12A6D4F81CE</id><audio_summary><key>0</key><analysis_url>http://echonest-analysis.s3.amazonaws.com/TR/iKDNowFAjPBgKXC48sTqfLxZ98Aq69t8t3kVsMVwGCKeEd_WlZw3txYRm82fyRS4HvN_k8tVz8GWr5NO4%3D/3/full.json?AWSAccessKeyId=AKIAJRDFEY23UEVW42BQ&amp;Expires=1415343245&amp;Signature=Fj5mWtE9OPAS6HliCUV5Ypo/4XU%3D</analysis_url><energy>0.980148</energy><liveness>0.711982</liveness><tempo>139.26</tempo><speechiness>0.158439</speechiness><acousticness>0.000275</acousticness><instrumentalness>0.000157</instrumentalness><mode>1</mode><time_signature>4</time_signature><duration>223.86621</duration><loudness>-5.069</loudness><audio_md5 /><valence>0.510438</valence><danceability>0.325955</danceability></audio_summary><title>Smooth Criminal (Live In Denver)</title></song><song><artist_id>ARO6A7Q1187FB4CFC4</artist_id><artist_name>Alien Ant Farm</artist_name><id>SORWJNT1373FFB3B69</id><audio_summary><key>11</key><analysis_url>http://echonest-analysis.s3.amazonaws.com/TR/arn8jQKUtePA0uXMHTiZF_rikSfz2QasqXps3Sf0EG7BvBPRCiXp95j4wTHw8w3bFwk5ybAtEGvw6ALZo%3D/3/full.json?AWSAccessKeyId=AKIAJRDFEY23UEVW42BQ&amp;Expires=1415343245&amp;Signature=7zFD7HO/Fx6FpZRNkoLzeXNiDhQ%3D</analysis_url><energy>0.917452</energy><liveness>0.118831</liveness><tempo>104.048</tempo><speechiness>0.059099</speechiness><acousticness>0.008863</acousticness><instrumentalness>0.000459</instrumentalness><mode>0</mode><time_signature>4</time_signature><duration>252.45288</duration><loudness>-5.963</loudness><audio_md5 /><valence>0.783279</valence><danceability>0.567736</danceability></audio_summary><title>Attitude (Radio Remix - Cold Edit Version)</title></song><song><artist_id>ARO6A7Q1187FB4CFC4</artist_id><artist_name>Alien Ant Farm</artist_name><id>SOWEIPP12AB017FA3C</id><audio_summary><key>9</key><analysis_url>http://echonest-analysis.s3.amazonaws.com/TR/uCys_w9-iv3JVEq5nDgYHo_DB6dOhFnB63EhXFdEH7SpM4G30i_1Q6mWRbK8yVnBLwNHgzmCh4lK3c2fs%3D/3/full.json?AWSAccessKeyId=AKIAJRDFEY23UEVW42BQ&amp;Expires=1415343245&amp;Signature=GTmLB14ND50a70C16JH2jrMT%2B4M%3D</analysis_url><energy>0.677762</energy><liveness>0.20256</liveness><tempo>124.472</tempo><speechiness>0.032636</speechiness><acousticness>0.121415</acousticness><instrumentalness>0.000305</instrumentalness><mode>1</mode><time_signature>4</time_signature><duration>243.38621</duration><loudness>-7.341</loudness><audio_md5 /><valence>0.428789</valence><danceability>0.637004</danceability></audio_summary><title>Stranded (Acoustic Version)</title></song><song><artist_id>ARO6A7Q1187FB4CFC4</artist_id><artist_name>Alien Ant Farm</artist_name><id>SODZEPL133EB4E8DD5</id><audio_summary><key>9</key><analysis_url>http://echonest-analysis.s3.amazonaws.com/TR/7V5F2Qh4VNBuQ_RpTumETs8hX0rvfE8Ag3fSsNanNER3arBUjHkvUMqM2Wp0wtW1ucVklJBBH8c-Riyn4%3D/3/full.json?AWSAccessKeyId=AKIAJRDFEY23UEVW42BQ&amp;Expires=1415343245&amp;Signature=dGdfzW/1xvs2GFY2KZNF2pOf1x4%3D</analysis_url><energy>0.694576</energy><liveness>0.083511</liveness><tempo>61.986</tempo><speechiness>0.069725</speechiness><acousticness>0.032006</acousticness><instrumentalness>9.8e-05</instrumentalness><mode>0</mode><time_signature>3</time_signature><duration>256.14621</duration><loudness>-6.502</loudness><audio_md5 /><valence>0.326182</valence><danceability>0.242219</danceability></audio_summary><title>Never Meant (Live in Indianapolis)</title></song><song><artist_id>ARO6A7Q1187FB4CFC4</artist_id><artist_name>Alien Ant Farm</artist_name><id>SOBCXWE1315CD478C1</id><audio_summary><key>6</key><analysis_url>http://echonest-analysis.s3.amazonaws.com/TR/AkdwXQx9TLlkj10tu2_0X_7YJCA32VeI4BIArkbC46UGedwjgTGcxeYiaEaq5RPMZfj283VEiCCj-QCRQ%3D/3/full.json?AWSAccessKeyId=AKIAJRDFEY23UEVW42BQ&amp;Expires=1415343245&amp;Signature=5d3WyVQl8B7MVdVdygbZpcU2KhU%3D</analysis_url><energy>0.594196</energy><liveness>0.155702</liveness><tempo>159.751</tempo><speechiness>0.037662</speechiness><acousticness>0.050722</acousticness><instrumentalness>0.041641</instrumentalness><mode>1</mode><time_signature>3</time_signature><duration>136.50621</duration><loudness>-8.211</loudness><audio_md5 /><valence>0.453295</valence><danceability>0.507348</danceability></audio_summary><title>Beehive</title></song><song><artist_id>ARO6A7Q1187FB4CFC4</artist_id><artist_name>Alien Ant Farm</artist_name><id>SOTQNGC1373FFDCD66</id><audio_summary><key>2</key><analysis_url>http://echonest-analysis.s3.amazonaws.com/TR/TRVYFZC12BEA95D147/3/full.json?AWSAccessKeyId=AKIAJRDFEY23UEVW42BQ&amp;Expires=1415343245&amp;Signature=JwRnZ6IfWSx1BHhvUJpr7rtOKwg%3D</analysis_url><energy>0.547804</energy><liveness>0.144552</liveness><tempo>138.63</tempo><speechiness>0.05499</speechiness><acousticness>0.093895</acousticness><instrumentalness>0.273417</instrumentalness><mode>1</mode><time_signature>5</time_signature><duration>234.94485</duration><loudness>-18.674</loudness><audio_md5 /><valence>0.804318</valence><danceability>0.515065</danceability></audio_summary><title>ATTITUDE (Radio Remix-Fade End)</title></song><song><artist_id>ARO6A7Q1187FB4CFC4</artist_id><artist_name>Alien Ant Farm</artist_name><id>SOLSMXM12AB017C2C9</id><audio_summary><key>5</key><analysis_url>http://echonest-analysis.s3.amazonaws.com/TR/aFWWWg2nP6VQq8UzKzZvppWZ9q_efbpBM2QAKeMLe03luQIqcJFtE2Yf-vzTiDurGzi-5qD5V1CYVEpPo%3D/3/full.json?AWSAccessKeyId=AKIAJRDFEY23UEVW42BQ&amp;Expires=1415343245&amp;Signature=y7OC31WytOqlepgdiy/vkelz7P8%3D</analysis_url><energy>0.968795</energy><liveness>0.942627</liveness><tempo>112.294</tempo><speechiness>0.140104</speechiness><acousticness>1.4e-05</acousticness><instrumentalness>0.0</instrumentalness><mode>0</mode><time_signature>4</time_signature><duration>227.77288</duration><loudness>-3.823</loudness><audio_md5>dbb65a128097dce0eb0b2726c0e435de</audio_md5><valence>0.446715</valence><danceability>0.314062</danceability></audio_summary><title>Courage (Live in Germany)</title></song><song><artist_id>ARO6A7Q1187FB4CFC4</artist_id><artist_name>Alien Ant Farm</artist_name><id>SOMTEPB12AB017C2F0</id><audio_summary><key>1</key><analysis_url>http://echonest-analysis.s3.amazonaws.com/TR/cCHnvQtvRLE9tXkLz_7gL12eO1vhUQM9uGf_yNWzUcSy7_GETBDIhMWqCEoGqzg2QnUA2JBJTH3e_97LE%3D/3/full.json?AWSAccessKeyId=AKIAJRDFEY23UEVW42BQ&amp;Expires=1415343245&amp;Signature=JK%2BLaNefI8jnBgomW3IwhVgjfYY%3D</analysis_url><energy>0.864835</energy><liveness>0.266748</liveness><tempo>104.552</tempo><speechiness>0.037424</speechiness><acousticness>0.005286</acousticness><instrumentalness>0.000453</instrumentalness><mode>1</mode><time_signature>4</time_signature><duration>293.46621</duration><loudness>-5.702</loudness><audio_md5 /><valence>0.570184</valence><danceability>0.421776</danceability></audio_summary><title>Attitude (Live in Germany)</title></song><song><artist_id>ARO6A7Q1187FB4CFC4</artist_id><artist_name>Alien Ant Farm</artist_name><id>SOMFREQ12AB017C303</id><audio_summary><key>2</key><analysis_url>http://echonest-analysis.s3.amazonaws.com/TR/VQvUOQXj8lC5LjEB_YlIDceh_6kURij1Z_CZodj3nSBaUe_MyeO3kLhnoIfpaZHS63N9_u98Aw12aLHdI%3D/3/full.json?AWSAccessKeyId=AKIAJRDFEY23UEVW42BQ&amp;Expires=1415343245&amp;Signature=DY9miYbpJ0m/hC2ITCBcodLIGTs%3D</analysis_url><energy>0.947179</energy><liveness>0.188988</liveness><tempo>134.128</tempo><speechiness>0.137009</speechiness><acousticness>3.7e-05</acousticness><instrumentalness>0.0</instrumentalness><mode>1</mode><time_signature>4</time_signature><duration>232.62621</duration><loudness>-3.715</loudness><audio_md5 /><valence>0.411837</valence><danceability>0.234163</danceability></audio_summary><title>Wish (Live in Germany)</title></song><song><artist_id>ARO6A7Q1187FB4CFC4</artist_id><artist_name>Alien Ant Farm</artist_name><id>SOFHJXX12B3A147385</id><audio_summary><key>9</key><analysis_url>http://echonest-analysis.s3.amazonaws.com/TR/TRKHMXL12BEA95D14E/3/full.json?AWSAccessKeyId=AKIAJRDFEY23UEVW42BQ&amp;Expires=1415343245&amp;Signature=mDiLcR%2BbTJP1UwLXVowyAM%2BgD5M%3D</analysis_url><energy>0.606184</energy><liveness>0.106005</liveness><tempo>128.313</tempo><speechiness>0.040557</speechiness><acousticness>0.596989</acousticness><instrumentalness>0.88359</instrumentalness><mode>0</mode><time_signature>1</time_signature><duration>213.26322</duration><loudness>-17.468</loudness><audio_md5 /><valence>0.888932</valence><danceability>0.591799</danceability></audio_summary><title>SMOOTH CRIMINAL (Remix)</title></song><song><artist_id>ARO6A7Q1187FB4CFC4</artist_id><artist_name>Alien Ant Farm</artist_name><id>SOKBKNT12AB017C2D7</id><audio_summary><key>8</key><analysis_url>http://echonest-analysis.s3.amazonaws.com/TR/ZMoQ5Abn1h_6GVMlzEwyButt9NtE9mLcSpH9mifqUxI3HwwDIeXYpqK-i-mwtA5pmpYYYqiooBbuLnpqw%3D/3/full.json?AWSAccessKeyId=AKIAJRDFEY23UEVW42BQ&amp;Expires=1415343245&amp;Signature=964JqvqFe3Wjwd3zOGSobzZMj2M%3D</analysis_url><energy>0.929756</energy><liveness>0.323309</liveness><tempo>138.095</tempo><speechiness>0.058956</speechiness><acousticness>2.6e-05</acousticness><instrumentalness>7e-06</instrumentalness><mode>1</mode><time_signature>4</time_signature><duration>212.77288</duration><loudness>-3.477</loudness><audio_md5>ef813b56e99e2f88f068c5284c6a1892</audio_md5><valence>0.394388</valence><danceability>0.206769</danceability></audio_summary><title>Stranded (Live in Germany)</title></song><song><artist_id>ARO6A7Q1187FB4CFC4</artist_id><artist_name>Alien Ant Farm</artist_name><id>SOKKAUX12A6D4F81CF</id><audio_summary><key>4</key><analysis_url>http://echonest-analysis.s3.amazonaws.com/TR/x-VmNg6RXqshh97TILqj8via3Y6Ee34PjdTiFRMrHHiMpDKub1bIf3-2JfKMCm0jdSmvBtAZ5AH0osM6g%3D/3/full.json?AWSAccessKeyId=AKIAJRDFEY23UEVW42BQ&amp;Expires=1415343245&amp;Signature=GZAyPAFWkCIRlVLYZPF5JhmWve8%3D</analysis_url><energy>0.952056</energy><liveness>0.188956</liveness><tempo>116.198</tempo><speechiness>0.140205</speechiness><acousticness>9.8e-05</acousticness><instrumentalness>0.014531</instrumentalness><mode>1</mode><time_signature>4</time_signature><duration>187.79955</duration><loudness>-5.948</loudness><audio_md5>785ea3d799ac047d92557264c1982534</audio_md5><valence>0.423791</valence><danceability>0.395509</danceability></audio_summary><title>Movies (Live In Denver)</title></song><song><artist_id>ARO6A7Q1187FB4CFC4</artist_id><artist_name>Alien Ant Farm</artist_name><id>SOJEAOS1377D7D1385</id><audio_summary><key>9</key><analysis_url>http://echonest-analysis.s3.amazonaws.com/TR/dDpoSA4yk7okW8e_aNFZS4RG-qxWIZ7gS8Jza9-6A4JMiUcoEcm_lJ8FhWW8Q__OMLjWDp70YFK1_dtHI%3D/3/full.json?AWSAccessKeyId=AKIAJRDFEY23UEVW42BQ&amp;Expires=1415343245&amp;Signature=iuYOVj8HyG5O9H/xnLQredcqB6k%3D</analysis_url><energy>0.948097</energy><liveness>0.14824</liveness><tempo>140.176</tempo><speechiness>0.123132</speechiness><acousticness>0.000333</acousticness><instrumentalness>1e-06</instrumentalness><mode>1</mode><time_signature>4</time_signature><duration>148.50621</duration><loudness>-3.811</loudness><audio_md5>4a93f8987121774f5c1b6229ae9a8527</audio_md5><valence>0.658373</valence><danceability>0.541569</danceability></audio_summary><title>Good (For A Woman) (American Pie Version)</title></song><song><artist_id>ARO6A7Q1187FB4CFC4</artist_id><artist_name>Alien Ant Farm</artist_name><id>SOFNTHD12AB017BB94</id><audio_summary><key>8</key><analysis_url>http://echonest-analysis.s3.amazonaws.com/TR/lFlQqwabxxfIuxW9q97jo2G7PrqVgchTLxdqw4ZGTztFRRnkJ7BOgaiGzccWAzj3Sh8RXDjQVfHpBddEc%3D/3/full.json?AWSAccessKeyId=AKIAJRDFEY23UEVW42BQ&amp;Expires=1415343245&amp;Signature=k4OHv3snpEsKslTmVUMeWjh4hTs%3D</analysis_url><energy>0.89195</energy><liveness>0.204232</liveness><tempo>187.181</tempo><speechiness>0.103141</speechiness><acousticness>0.000583</acousticness><instrumentalness>0.0</instrumentalness><mode>1</mode><time_signature>3</time_signature><duration>246.73288</duration><loudness>-4.562</loudness><audio_md5>58e5976f2720694f4bfe8920dda25841</audio_md5><valence>0.235482</valence><danceability>0.314993</danceability></audio_summary><title>Goodbye</title></song><song><artist_id>ARO6A7Q1187FB4CFC4</artist_id><artist_name>Alien Ant Farm</artist_name><id>SODLEAR1315CD47F29</id><audio_summary><key>1</key><analysis_url>http://echonest-analysis.s3.amazonaws.com/TR/SRXDggKdMxLDym5Rs7z_a0Dsx1nLaFZgY3zjMA-Mrw0LuKZvmcCMURmTTMa5RIpFsBwAFgy8xdvaR2ZPw%3D/3/full.json?AWSAccessKeyId=AKIAJRDFEY23UEVW42BQ&amp;Expires=1415343245&amp;Signature=LMS7n/stx2aEhOWRLsk%2BGUnRllU%3D</analysis_url><energy>0.878835</energy><liveness>0.274387</liveness><tempo>75.939</tempo><speechiness>0.145037</speechiness><acousticness>0.001706</acousticness><instrumentalness>6.3e-05</instrumentalness><mode>0</mode><time_signature>4</time_signature><duration>218.26621</duration><loudness>-5.152</loudness><audio_md5 /><valence>0.610859</valence><danceability>0.595617</danceability></audio_summary><title>Consti2tion</title></song><song><artist_id>ARO6A7Q1187FB4CFC4</artist_id><artist_name>Alien Ant Farm</artist_name><id>SOBDWYK1315CD467DD</id><audio_summary><key>4</key><analysis_url>http://echonest-analysis.s3.amazonaws.com/TR/d4lylQ6UvDnAt49nXv7T4e6wfRCEoUb3BWVfwFt_DYPN676onn6UWo-xS9bBj5DYygWr2Swvr2Z5pmiV8%3D/3/full.json?AWSAccessKeyId=AKIAJRDFEY23UEVW42BQ&amp;Expires=1415343245&amp;Signature=wwAxjaD6Ee8LVV0TQxQxfmErSYI%3D</analysis_url><energy>0.989981</energy><liveness>0.319553</liveness><tempo>142.053</tempo><speechiness>0.066579</speechiness><acousticness>0.000182</acousticness><instrumentalness>0.0</instrumentalness><mode>0</mode><time_signature>4</time_signature><duration>187.22621</duration><loudness>-3.312</loudness><audio_md5 /><valence>0.366062</valence><danceability>0.509083</danceability></audio_summary><title>1000 Days</title></song><song><artist_id>ARO6A7Q1187FB4CFC4</artist_id><artist_name>Alien Ant Farm</artist_name><id>SOFZGJN12AB0183039</id><audio_summary><key>11</key><analysis_url>http://echonest-analysis.s3.amazonaws.com/TR/H32A9A9S6bei6o0JvGB24LhmR1zTF5r7du33VHn4om-BTW-CFQosdLrTqoyv4gr0Vsru4eTsxbQ_Bzdy8%3D/3/full.json?AWSAccessKeyId=AKIAJRDFEY23UEVW42BQ&amp;Expires=1415343245&amp;Signature=J1nQC/h0/q56xesX9AbMKcvtOJM%3D</analysis_url><energy>0.963432</energy><liveness>0.160501</liveness><tempo>157.139</tempo><speechiness>0.110793</speechiness><acousticness>0.000497</acousticness><instrumentalness>0.00016</instrumentalness><mode>0</mode><time_signature>4</time_signature><duration>175.27955</duration><loudness>-3.582</loudness><audio_md5>5a53ba50cf28e2fbc0e1363b8147c1ee</audio_md5><valence>0.538198</valence><danceability>0.523248</danceability></audio_summary><title>Forgive &amp; Forget</title></song><song><artist_id>ARO6A7Q1187FB4CFC4</artist_id><artist_name>Alien Ant Farm</artist_name><id>SOFLTZS1315CD472EA</id><audio_summary><key>7</key><analysis_url>http://echonest-analysis.s3.amazonaws.com/TR/vH7vlg0W1V9Q5RPSqbQd-I9SBKTWf9ChRuxHD9dDk-4OSN3QI1WSvoOhqLbvt9i2fqeSaqeHCzmZqDr1w%3D/3/full.json?AWSAccessKeyId=AKIAJRDFEY23UEVW42BQ&amp;Expires=1415343245&amp;Signature=C7kV6b3plI/J1aRgITZYrDtZbD4%3D</analysis_url><energy>0.753561</energy><liveness>0.141986</liveness><tempo>110.95</tempo><speechiness>0.111119</speechiness><acousticness>0.006594</acousticness><instrumentalness>1e-06</instrumentalness><mode>1</mode><time_signature>3</time_signature><duration>186.89288</duration><loudness>-4.479</loudness><audio_md5>bcbb04f5d4b4b232c467c7d902c54fdf</audio_md5><valence>0.458557</valence><danceability>0.385527</danceability></audio_summary><title>Lord Knows</title></song><song><artist_id>ARO6A7Q1187FB4CFC4</artist_id><artist_name>Alien Ant Farm</artist_name><id>SODSLSY12AB017BB98</id><audio_summary><key>10</key><analysis_url>http://echonest-analysis.s3.amazonaws.com/TR/zq7ByAK05j0I1LRYp6CjvqYhIZYWRbswhQ03jXCrmRjiYSjyQ-GhuY7T-3slc4daJ-MuPvS9gu-lTI_ic%3D/3/full.json?AWSAccessKeyId=AKIAJRDFEY23UEVW42BQ&amp;Expires=1415343245&amp;Signature=7trtRrInnz8Q0/YJZFQRlFQ4UfE%3D</analysis_url><energy>0.954131</energy><liveness>0.105645</liveness><tempo>164.157</tempo><speechiness>0.06466</speechiness><acousticness>0.13243</acousticness><instrumentalness>0.0</instrumentalness><mode>1</mode><time_signature>1</time_signature><duration>241.49288</duration><loudness>-4.279</loudness><audio_md5 /><valence>0.753287</valence><danceability>0.553697</danceability></audio_summary><title>Tia Lupe</title></song><song><artist_id>ARO6A7Q1187FB4CFC4</artist_id><artist_name>Alien Ant Farm</artist_name><id>SOGGIPV1315CD476E9</id><audio_summary><key>11</key><analysis_url>http://echonest-analysis.s3.amazonaws.com/TR/jnBUGg05jhMNgowJvrHkN6pEK762KC4gDla2rGhKMnRS7y_bqjP_Ky0GKdCBPzNhxRsF85vAk9S7ddh54%3D/3/full.json?AWSAccessKeyId=AKIAJRDFEY23UEVW42BQ&amp;Expires=1415343245&amp;Signature=ETuoAJCuiTSIsZ5ur2lL3OUlP5k%3D</analysis_url><energy>0.929992</energy><liveness>0.091011</liveness><tempo>136.018</tempo><speechiness>0.15105</speechiness><acousticness>0.001534</acousticness><instrumentalness>0.0</instrumentalness><mode>0</mode><time_signature>4</time_signature><duration>180.03955</duration><loudness>-4.072</loudness><audio_md5>6000e5b702b1d4294c04d4d50c24e84a</audio_md5><valence>0.574923</valence><danceability>0.591259</danceability></audio_summary><title>Quiet</title></song><song><artist_id>ARO6A7Q1187FB4CFC4</artist_id><artist_name>Alien Ant Farm</artist_name><id>SOOTKTI1315CD46C10</id><audio_summary><key>4</key><analysis_url>http://echonest-analysis.s3.amazonaws.com/TR/tQ7BYgZXsRx-9xss-yu_CaUusTZ5xnTApfRJOXMc8CoZbtgHpgvvVq82Fclkh2-8knMr5qwmLn5LB18hg%3D/3/full.json?AWSAccessKeyId=AKIAJRDFEY23UEVW42BQ&amp;Expires=1415343245&amp;Signature=9v/gUlqCSsFYs%2BX4KQR9Xgmp7cc%3D</analysis_url><energy>0.952321</energy><liveness>0.587323</liveness><tempo>148.01</tempo><speechiness>0.100212</speechiness><acousticness>0.003802</acousticness><instrumentalness>4e-05</instrumentalness><mode>1</mode><time_signature>4</time_signature><duration>228.69288</duration><loudness>-5.03</loudness><audio_md5>9d2aa6c119aec5d26bb22581569a2730</audio_md5><valence>0.215328</valence><danceability>0.373504</danceability></audio_summary><title>Getting Closer</title></song><song><artist_id>ARO6A7Q1187FB4CFC4</artist_id><artist_name>Alien Ant Farm</artist_name><id>SOTDLBF1366CC19284</id><audio_summary><key>2</key><analysis_url>http://echonest-analysis.s3.amazonaws.com/TR/_jfvGQo0s93Gu9Msem_XukhJJbdjrNnNKGP3qmdx66HoNzfyZoGj1o_BJ18VcJlfPN_ioO66EjlLtTl14%3D/3/full.json?AWSAccessKeyId=AKIAJRDFEY23UEVW42BQ&amp;Expires=1415343245&amp;Signature=DYf1KxDl2MT3wOrkUHlTEhmI%2BE8%3D</analysis_url><energy>0.952592</energy><liveness>0.877318</liveness><tempo>103.51</tempo><speechiness>0.092863</speechiness><acousticness>0.002516</acousticness><instrumentalness>3e-06</instrumentalness><mode>1</mode><time_signature>4</time_signature><duration>178.65288</duration><loudness>-4.565</loudness><audio_md5>15064b009a3cd43946617affaf6519fa</audio_md5><valence>0.35458</valence><danceability>0.487234</danceability></audio_summary><title>What I Feel Is Mine</title></song><song><artist_id>ARO6A7Q1187FB4CFC4</artist_id><artist_name>Alien Ant Farm</artist_name><id>SOHSABJ1366CC18AEC</id><audio_summary><key>2</key><analysis_url>http://echonest-analysis.s3.amazonaws.com/TR/F8GWHw8HvzVgOekJ162G6_oZCqRO7XzQ9bAWLqdXarpt0wUbkKabhU94atXx2ajgJL4npmHzBS75Y9ERQ%3D/3/full.json?AWSAccessKeyId=AKIAJRDFEY23UEVW42BQ&amp;Expires=1415343245&amp;Signature=YTvH4Le4oaO22H2r%2B2b0FNsgc/0%3D</analysis_url><energy>0.95289</energy><liveness>0.282867</liveness><tempo>103.706</tempo><speechiness>0.112924</speechiness><acousticness>0.001578</acousticness><instrumentalness>0.0</instrumentalness><mode>1</mode><time_signature>4</time_signature><duration>172.34621</duration><loudness>-3.141</loudness><audio_md5>08eac0159101fa6876eb450a7f272a31</audio_md5><valence>0.400592</valence><danceability>0.395007</danceability></audio_summary><title>What I Feel Is Mine</title></song><song><artist_id>ARO6A7Q1187FB4CFC4</artist_id><artist_name>Alien Ant Farm</artist_name><id>SOIZZOQ12AF729F1EA</id><audio_summary><key>7</key><analysis_url>http://echonest-analysis.s3.amazonaws.com/TR/mFptvQPzvXk8KcD7HbAJ-3b7sk1ZRU9A5Clc1Ib2qh8EZPwDQNKDghcPpT43YZtiKq7zP0r9NCwDCudGs%3D/3/full.json?AWSAccessKeyId=AKIAJRDFEY23UEVW42BQ&amp;Expires=1415343245&amp;Signature=tjMKhTjNYy5HjS8pOixpjS%2BvcBI%3D</analysis_url><energy>0.97299</energy><liveness>0.049852</liveness><tempo>149.733</tempo><speechiness>0.105099</speechiness><acousticness>0.000538</acousticness><instrumentalness>4e-06</instrumentalness><mode>1</mode><time_signature>4</time_signature><duration>209.02621</duration><loudness>-3.462</loudness><audio_md5>374f59b5d23bbe65a479496df8144a73</audio_md5><valence>0.493916</valence><danceability>0.481084</danceability></audio_summary><title>State Of Emergency</title></song><song><artist_id>ARO6A7Q1187FB4CFC4</artist_id><artist_name>Alien Ant Farm</artist_name><id>SORQUSJ12AB0183041</id><audio_summary><key>2</key><analysis_url>http://echonest-analysis.s3.amazonaws.com/TR/LxTsjwhFIYAw1yzA1yfRP9Scd-57RDPYYZhgZxjFXALJy0AFGcFUBO1kf0rczviIJgCvklU4d8Ycp0ars%3D/3/full.json?AWSAccessKeyId=AKIAJRDFEY23UEVW42BQ&amp;Expires=1415343245&amp;Signature=sTiPNIedNunEr5JtNkjWI5gDsN4%3D</analysis_url><energy>0.907579</energy><liveness>0.085818</liveness><tempo>103.56</tempo><speechiness>0.087353</speechiness><acousticness>0.000713</acousticness><instrumentalness>0.000342</instrumentalness><mode>1</mode><time_signature>4</time_signature><duration>247.75955</duration><loudness>-4.781</loudness><audio_md5>695fcd2fbdb9504c0b5c9117091ad274</audio_md5><valence>0.495419</valence><danceability>0.513892</danceability></audio_summary><title>Pink Tea (Remix)</title></song><song><artist_id>ARO6A7Q1187FB4CFC4</artist_id><artist_name>Alien Ant Farm</artist_name><id>SOGTEXU13777E89154</id><audio_summary><key>7</key><analysis_url>http://echonest-analysis.s3.amazonaws.com/TR/B774EAXW7lGvaYCtuLhPSs6uhayvMw2vUAVPsQk1rRHyBr5hTVzbvj6NA__aQIbn9c61gPFh8PA4KLaC8%3D/3/full.json?AWSAccessKeyId=AKIAJRDFEY23UEVW42BQ&amp;Expires=1415343245&amp;Signature=Ydt89%2BVm2PR2fRmkpk1cwFa7P4c%3D</analysis_url><energy>0.870091</energy><liveness>0.185537</liveness><tempo>116.122</tempo><speechiness>0.117237</speechiness><acousticness>0.000297</acousticness><instrumentalness>0.0</instrumentalness><mode>1</mode><time_signature>4</time_signature><duration>203.79955</duration><loudness>-8.767</loudness><audio_md5>8aa0f49b2827bf6e828dc42b5d6a4c9f</audio_md5><valence>0.240031</valence><danceability>0.331371</danceability></audio_summary><title>Bug Bytes (Live in Madison Version)</title></song><song><artist_id>ARO6A7Q1187FB4CFC4</artist_id><artist_name>Alien Ant Farm</artist_name><id>SOKDWBJ13777E88867</id><audio_summary><key>10</key><analysis_url>http://echonest-analysis.s3.amazonaws.com/TR/l9m21g7z_cxyse7M9C_0SAYi4D0IBVY3iJ6Ryu/3/full.json?AWSAccessKeyId=AKIAJRDFEY23UEVW42BQ&amp;Expires=1415343245&amp;Signature=fZU7hfC9jYw4IPlEIJwfPEXtpS0%3D</analysis_url><energy>0.822942</energy><liveness>0.204892</liveness><tempo>57.546</tempo><speechiness>0.084361</speechiness><acousticness>0.000815</acousticness><instrumentalness>0.005741</instrumentalness><mode>0</mode><time_signature>4</time_signature><duration>203.40635</duration><loudness>-9.557</loudness><audio_md5 /><valence>0.191579</valence><danceability>0.216176</danceability></audio_summary><title>Bug Bytes (Live in Madison Version)</title></song><song><artist_id>ARO6A7Q1187FB4CFC4</artist_id><artist_name>Alien Ant Farm</artist_name><id>SOBHTCE12B0B809127</id><audio_summary><key>11</key><analysis_url>http://echonest-analysis.s3.amazonaws.com/TR/fpn8rAvn6F8AMXW7JdImfpZGZbG5s-HMt_mgcqfRGnkejlNdXanVbrkj5fsyXA0gISkz4VVpBntYKDbyI%3D/3/full.json?AWSAccessKeyId=AKIAJRDFEY23UEVW42BQ&amp;Expires=1415343245&amp;Signature=A3eGCE0KRsbbAP/5ZDaxX/ThKZk%3D</analysis_url><energy>0.873736</energy><liveness>0.282216</liveness><tempo>152.01</tempo><speechiness>0.030719</speechiness><acousticness>0.005015</acousticness><instrumentalness>0.65923</instrumentalness><mode>1</mode><time_signature>4</time_signature><duration>273.69288</duration><loudness>-4.104</loudness><audio_md5 /><valence>0.590691</valence><danceability>0.479751</danceability></audio_summary><title>Happy Death Day</title></song><song><artist_id>ARO6A7Q1187FB4CFC4</artist_id><artist_name>Alien Ant Farm</artist_name><id>SOPGWVL1315CD48BEC</id><audio_summary><key>4</key><analysis_url>http://echonest-analysis.s3.amazonaws.com/TR/edKntA22xnzGMB0f4ZG-hRLBc9zj8rBBMe51JzWGEwhJj7ngScnojKbruGfmP-w7lFunF35H46NGAJTuM%3D/3/full.json?AWSAccessKeyId=AKIAJRDFEY23UEVW42BQ&amp;Expires=1415343245&amp;Signature=SwGy7154oAlbvAIb5NpnD1HmJ9c%3D</analysis_url><energy>0.9168</energy><liveness>0.097229</liveness><tempo>151.7</tempo><speechiness>0.111302</speechiness><acousticness>1.6e-05</acousticness><instrumentalness>0.00592</instrumentalness><mode>1</mode><time_signature>4</time_signature><duration>205.53288</duration><loudness>-4.387</loudness><audio_md5>e5ef9f35d7630c23e003251f86b98bc4</audio_md5><valence>0.340184</valence><danceability>0.451057</danceability></audio_summary><title>Whisper</title></song><song><artist_id>ARO6A7Q1187FB4CFC4</artist_id><artist_name>Alien Ant Farm</artist_name><id>SOIGOPA12AB017C2F9</id><audio_summary><key>4</key><analysis_url>http://echonest-analysis.s3.amazonaws.com/TR/hL497AbH7OchNgTkrMOkyjAzW-fzI9gQXkHTqRXgGbevXfjf49PzV3hqByWVLneFtV-3G51D-1LJhdzcQ%3D/3/full.json?AWSAccessKeyId=AKIAJRDFEY23UEVW42BQ&amp;Expires=1415343245&amp;Signature=uvqaiUnqWEl5BAGzKrkEXixU928%3D</analysis_url><energy>0.976569</energy><liveness>0.478638</liveness><tempo>80.662</tempo><speechiness>0.174067</speechiness><acousticness>3e-06</acousticness><instrumentalness>0.0</instrumentalness><mode>0</mode><time_signature>3</time_signature><duration>195.38621</duration><loudness>-3.689</loudness><audio_md5>b8898f3a3e61e0fb3c4526b9ec966bb1</audio_md5><valence>0.268547</valence><danceability>0.108133</danceability></audio_summary><title>Bug Bytes</title></song><song><artist_id>ARO6A7Q1187FB4CFC4</artist_id><artist_name>Alien Ant Farm</artist_name><id>SOBLUGP12AF72A3A75</id><audio_summary><key>4</key><analysis_url>http://echonest-analysis.s3.amazonaws.com/TR/zz1gAQ8eNECytRB-fAIqrCVvAtyf8LPZxuGvu0bE-YXY7sO8ckyOy2Noib5L_3PQ0MJoYXuVKWYlOOY-Q%3D/3/full.json?AWSAccessKeyId=AKIAJRDFEY23UEVW42BQ&amp;Expires=1415343245&amp;Signature=qcphE6PYZmlUSUslB7x62vhTPaE%3D</analysis_url><energy>0.839136</energy><liveness>0.085297</liveness><tempo>130.798</tempo><speechiness>0.082369</speechiness><acousticness>0.006967</acousticness><instrumentalness>7e-06</instrumentalness><mode>0</mode><time_signature>4</time_signature><duration>186.87955</duration><loudness>-5.686</loudness><audio_md5 /><valence>0.411948</valence><danceability>0.528569</danceability></audio_summary><title>Sleepwalker</title></song><song><artist_id>ARO6A7Q1187FB4CFC4</artist_id><artist_name>Alien Ant Farm</artist_name><id>SOEZPFA1315CD470B5</id><audio_summary><key>9</key><analysis_url>http://echonest-analysis.s3.amazonaws.com/TR/3tkzeQWLSbl_H73reH5PLn5NB5-f5j0mLCLVsQXibpAdyxWacF_pyFzif1tvPOyuBaQlb7WzIWuLeqe18%3D/3/full.json?AWSAccessKeyId=AKIAJRDFEY23UEVW42BQ&amp;Expires=1415343245&amp;Signature=3kIWonP6U360R67WhOYhd81yCYU%3D</analysis_url><energy>0.976364</energy><liveness>0.141496</liveness><tempo>123.735</tempo><speechiness>0.09385</speechiness><acousticness>0.00038</acousticness><instrumentalness>4.3e-05</instrumentalness><mode>1</mode><time_signature>4</time_signature><duration>222.94621</duration><loudness>-4.629</loudness><audio_md5>6f43a6ab2b7b4591278f3e6dacfa439e</audio_md5><valence>0.328167</valence><danceability>0.487712</danceability></audio_summary><title>Bad Morning</title></song><song><artist_id>ARO6A7Q1187FB4CFC4</artist_id><artist_name>Alien Ant Farm</artist_name><id>SOIHVUZ145B48E077C</id><audio_summary><key>9</key><analysis_url>http://echonest-analysis.s3.amazonaws.com/TR/ZevtyArJqaRpQ2YEOFObOeVPVKg_f9G1borGXkjr-oPx55RmzpmWu78nJ7ryOK9tOqDRZOFDp_OrqFGYo%3D/3/full.json?AWSAccessKeyId=AKIAJRDFEY23UEVW42BQ&amp;Expires=1415343245&amp;Signature=ZOkOelH96vepBS9sG5qIBWPZn6Y%3D</analysis_url><energy>0.943566</energy><liveness>0.283803</liveness><tempo>110.088</tempo><speechiness>0.134744</speechiness><acousticness>0.000676</acousticness><instrumentalness>0.0</instrumentalness><mode>1</mode><time_signature>4</time_signature><duration>210.86621</duration><loudness>-4.052</loudness><audio_md5>573b6805d4368b8673d15d9103af279f</audio_md5><valence>0.36925</valence><danceability>0.491513</danceability></audio_summary><title>Bug Bytes</title></song><song><artist_id>ARO6A7Q1187FB4CFC4</artist_id><artist_name>Alien Ant Farm</artist_name><id>SOBNJBX137780BBA74</id><audio_summary><key>9</key><analysis_url>http://echonest-analysis.s3.amazonaws.com/TR/YSy3HgH-jEczgo91kj5Ykzgf3BYsVWoa6FP16j/3/full.json?AWSAccessKeyId=AKIAJRDFEY23UEVW42BQ&amp;Expires=1415343245&amp;Signature=HY37NGuJZ8eKKhzQQi1i5ECMjOg%3D</analysis_url><energy>0.929655</energy><liveness>0.270469</liveness><tempo>219.724</tempo><speechiness>0.182302</speechiness><acousticness>0.000671</acousticness><instrumentalness>0.0</instrumentalness><mode>1</mode><time_signature>4</time_signature><duration>212.27637</duration><loudness>-4.911</loudness><audio_md5 /><valence>0.25687</valence><danceability>0.227829</danceability></audio_summary><title>Bug Bytes</title></song><song><artist_id>ARO6A7Q1187FB4CFC4</artist_id><artist_name>Alien Ant Farm</artist_name><id>SOCPTYH1315CD48969</id><audio_summary><key>9</key><analysis_url>http://echonest-analysis.s3.amazonaws.com/TR/okMsLQo94LEBrcEI57anb_yUYc5O3VBzk3_K0AkEWRvBOPbBjV_Eq7gzjZqTpm28O9fIT-zHJJjKMDHrY%3D/3/full.json?AWSAccessKeyId=AKIAJRDFEY23UEVW42BQ&amp;Expires=1415343245&amp;Signature=zyBh/lZyB8ewNA5dWNdzbi5Y4Nc%3D</analysis_url><energy>0.757018</energy><liveness>0.124361</liveness><tempo>142.071</tempo><speechiness>0.050365</speechiness><acousticness>0.042507</acousticness><instrumentalness>1.4e-05</instrumentalness><mode>0</mode><time_signature>4</time_signature><duration>186.26621</duration><loudness>-5.162</loudness><audio_md5 /><valence>0.355217</valence><danceability>0.515229</danceability></audio_summary><title>Never Meant</title></song><song><artist_id>ARO6A7Q1187FB4CFC4</artist_id><artist_name>Alien Ant Farm</artist_name><id>SOJRITT1315CD49966</id><audio_summary><key>9</key><analysis_url>http://echonest-analysis.s3.amazonaws.com/TR/oEWDqgxRznuHxltIHetIYYxgoF5wMKyKZBQGWzYlcO9Y7cjMVIGFcMLMXyb0YVLrxSqY2aJYD4MomjNCU%3D/3/full.json?AWSAccessKeyId=AKIAJRDFEY23UEVW42BQ&amp;Expires=1415343245&amp;Signature=wdB5EPAl47yjXTXSXJpcgFyTZAo%3D</analysis_url><energy>0.891695</energy><liveness>0.258057</liveness><tempo>129.791</tempo><speechiness>0.043687</speechiness><acousticness>0.002639</acousticness><instrumentalness>3e-06</instrumentalness><mode>1</mode><time_signature>4</time_signature><duration>185.17288</duration><loudness>-5.285</loudness><audio_md5>ca649651ebbaf2fbed61128f4f40a140</audio_md5><valence>0.738675</valence><danceability>0.584117</danceability></audio_summary><title>San Sebastian</title></song><song><artist_id>ARO6A7Q1187FB4CFC4</artist_id><artist_name>Alien Ant Farm</artist_name><id>SOBJXOY1315CD46D2E</id><audio_summary><key>11</key><analysis_url>http://echonest-analysis.s3.amazonaws.com/TR/0D1vKw0wP4bm_BF8sPRiGOE8IOJCqWlenhJWRtIZl3a-Ruk4DGrr5EXVS7Tn4zkzrwB6eQpoo4XtKs6Kc%3D/3/full.json?AWSAccessKeyId=AKIAJRDFEY23UEVW42BQ&amp;Expires=1415343245&amp;Signature=wYL0i4HfLDEZy5u8FJYSgBsTZC8%3D</analysis_url><energy>0.644863</energy><liveness>0.216804</liveness><tempo>75.855</tempo><speechiness>0.032348</speechiness><acousticness>0.170771</acousticness><instrumentalness>0.0</instrumentalness><mode>0</mode><time_signature>4</time_signature><duration>244.43955</duration><loudness>-5.525</loudness><audio_md5 /><valence>0.511485</valence><danceability>0.650301</danceability></audio_summary><title>She's Only Evil</title></song><song><artist_id>ARO6A7Q1187FB4CFC4</artist_id><artist_name>Alien Ant Farm</artist_name><id>SOMWVXE12AB017C2FF</id><audio_summary><key>4</key><analysis_url>http://echonest-analysis.s3.amazonaws.com/TR/QP7Itg2OfgUMMa9mlUgB6aFxeFn0_xtc8l_pIp-u5Q3xgrzXLW8uaOp-TQivtxLhumyEI38YU3oXewKX4%3D/3/full.json?AWSAccessKeyId=AKIAJRDFEY23UEVW42BQ&amp;Expires=1415343245&amp;Signature=AJUxLyIeDanQ2mEkwZGyhpWcFQQ%3D</analysis_url><energy>0.964967</energy><liveness>0.749477</liveness><tempo>109.621</tempo><speechiness>0.106566</speechiness><acousticness>5e-06</acousticness><instrumentalness>0.0</instrumentalness><mode>0</mode><time_signature>4</time_signature><duration>221.49288</duration><loudness>-4.066</loudness><audio_md5 /><valence>0.405464</valence><danceability>0.305978</danceability></audio_summary><title>SS Recognize</title></song><song><artist_id>ARO6A7Q1187FB4CFC4</artist_id><artist_name>Alien Ant Farm</artist_name><id>SOUZQEU1315CD44C7D</id><audio_summary><key>2</key><analysis_url>http://echonest-analysis.s3.amazonaws.com/TR/J3GEXglPIrvOfc8Ym6_ZEtZ7meDla6PxcarHLDhR4GXTQ-O2_0LfHOFWOHukJNAlzXYE3TUS7tYz2FxiY%3D/3/full.json?AWSAccessKeyId=AKIAJRDFEY23UEVW42BQ&amp;Expires=1415343245&amp;Signature=okFYiGQvrqXDzwn9SJus50uiVbg%3D</analysis_url><energy>0.826525</energy><liveness>0.106803</liveness><tempo>105.835</tempo><speechiness>0.025806</speechiness><acousticness>0.004165</acousticness><instrumentalness>0.000131</instrumentalness><mode>1</mode><time_signature>4</time_signature><duration>276.59955</duration><loudness>-4.206</loudness><audio_md5>828c35f5bff4b7fb0dd43a14eab3217c</audio_md5><valence>0.538517</valence><danceability>0.596888</danceability></audio_summary><title>Crickets</title></song><song><artist_id>ARO6A7Q1187FB4CFC4</artist_id><artist_name>Alien Ant Farm</artist_name><id>SOILISE1315CD46940</id><audio_summary><key>11</key><analysis_url>http://echonest-analysis.s3.amazonaws.com/TR/AdIc8wJ1QCgWpCY-DOBxE41X1NcFJEWykjNhD4vNUAhtqNcNIqFBOt4-tsWDTe884IkbhTsNq6p4rgsrE%3D/3/full.json?AWSAccessKeyId=AKIAJRDFEY23UEVW42BQ&amp;Expires=1415343245&amp;Signature=/ByeKm3JjnAc5bZH8e7ltSoUD/s%3D</analysis_url><energy>0.9403</energy><liveness>0.304282</liveness><tempo>103.446</tempo><speechiness>0.051919</speechiness><acousticness>0.001617</acousticness><instrumentalness>0.0</instrumentalness><mode>1</mode><time_signature>4</time_signature><duration>231.59955</duration><loudness>-4.775</loudness><audio_md5>fb835a3fbd20d416be503821d9cf3192</audio_md5><valence>0.57447</valence><danceability>0.567754</danceability></audio_summary><title>S.S. Recognize</title></song><song><artist_id>ARO6A7Q1187FB4CFC4</artist_id><artist_name>Alien Ant Farm</artist_name><id>SORDBXF1315CD44E13</id><audio_summary><key>0</key><analysis_url>http://echonest-analysis.s3.amazonaws.com/TR/vWfDCAkcWDH1KHoK-aY7r8gZmVhbj5MkvUTw4QOpWvRwkE8ycNhn6PTbM5Onf48o5ZJ3fTqprcoQsadkM%3D/3/full.json?AWSAccessKeyId=AKIAJRDFEY23UEVW42BQ&amp;Expires=1415343245&amp;Signature=D31VzQIxC/id0P6aZx1U3KHpzHE%3D</analysis_url><energy>0.940289</energy><liveness>0.164571</liveness><tempo>144.008</tempo><speechiness>0.0551</speechiness><acousticness>0.028019</acousticness><instrumentalness>0.0</instrumentalness><mode>1</mode><time_signature>4</time_signature><duration>197.29288</duration><loudness>-3.273</loudness><audio_md5>8eb58aa0b9f441492153797adba4e70f</audio_md5><valence>0.816644</valence><danceability>0.619043</danceability></audio_summary><title>Glow</title></song><song><artist_id>ARO6A7Q1187FB4CFC4</artist_id><artist_name>Alien Ant Farm</artist_name><id>SOFGIGC1315CD4B0CD</id><audio_summary><key>11</key><analysis_url>http://echonest-analysis.s3.amazonaws.com/TR/OftVTgw9Z9vCKs4LONYKZclPXyTTOrL2OR5OigcxF6hYAR-N2So6fsBIkqXqcZxznnWmU2bEqQgq77HSc%3D/3/full.json?AWSAccessKeyId=AKIAJRDFEY23UEVW42BQ&amp;Expires=1415343245&amp;Signature=lIWjalWTVdlTPVJCK0cb0jQMvlA%3D</analysis_url><energy>0.948963</energy><liveness>0.941618</liveness><tempo>83.525</tempo><speechiness>0.141846</speechiness><acousticness>3e-06</acousticness><instrumentalness>5e-06</instrumentalness><mode>1</mode><time_signature>4</time_signature><duration>194.23955</duration><loudness>-3.466</loudness><audio_md5>9c37e9f31fd10a5e9b9d0ad25dff83f4</audio_md5><valence>0.420242</valence><danceability>0.196076</danceability></audio_summary><title>Sticks And Stones</title></song><song><artist_id>ARO6A7Q1187FB4CFC4</artist_id><artist_name>Alien Ant Farm</artist_name><id>SOQONAK146F846880B</id><audio_summary><key>9</key><analysis_url>http://echonest-analysis.s3.amazonaws.com/TR/VIi6AAbRiapabx9786DZwExbaWvFjrNAgU_9eb/3/full.json?AWSAccessKeyId=AKIAJRDFEY23UEVW42BQ&amp;Expires=1415343245&amp;Signature=hqPraUiIGuG14E/vTNHLzU5ZRG8%3D</analysis_url><energy>0.925962</energy><liveness>0.121987</liveness><tempo>164.965</tempo><speechiness>0.099308</speechiness><acousticness>7.5e-05</acousticness><instrumentalness>0.12063</instrumentalness><mode>0</mode><time_signature>4</time_signature><duration>196.30104</duration><loudness>-4.893</loudness><audio_md5>a23c0bbdcdd39e41de912a8023e417f8</audio_md5><valence>0.22457</valence><danceability>0.450453</danceability></audio_summary><title>Sticks And Stones</title></song><song><artist_id>ARO6A7Q1187FB4CFC4</artist_id><artist_name>Alien Ant Farm</artist_name><id>SOMWPCM1315CD49123</id><audio_summary><key>11</key><analysis_url>http://echonest-analysis.s3.amazonaws.com/TR/aArYMQBZy-3DKCmyORXz7cR4epja5CWIqQCZ1JjSlXkj9sNdVLdD5dM1EXOmGVihNl1hpmBIhvoPXFMhA%3D/3/full.json?AWSAccessKeyId=AKIAJRDFEY23UEVW42BQ&amp;Expires=1415343245&amp;Signature=0avQEbYduE31qJc1P97RpwDLIhU%3D</analysis_url><energy>0.962168</energy><liveness>0.153974</liveness><tempo>159.887</tempo><speechiness>0.061441</speechiness><acousticness>0.00046</acousticness><instrumentalness>0.0</instrumentalness><mode>1</mode><time_signature>4</time_signature><duration>204.33288</duration><loudness>-4.474</loudness><audio_md5>bebe3e8051f5955d0b7ae829cd46c6f8</audio_md5><valence>0.269051</valence><danceability>0.377338</danceability></audio_summary><title>Sarah Wynn</title></song><song><artist_id>ARO6A7Q1187FB4CFC4</artist_id><artist_name>Alien Ant Farm</artist_name><id>SOTMSBV13777515859</id><audio_summary><key>0</key><analysis_url>http://echonest-analysis.s3.amazonaws.com/TR/k6PQhQ_UWzR_d22kkOOzLsq50OIGHOR4rbYygfL4rezFq1Rc27A9Nn48Do9NCoPjmvjrw2FRH6NG6xpgI%3D/3/full.json?AWSAccessKeyId=AKIAJRDFEY23UEVW42BQ&amp;Expires=1415343245&amp;Signature=8Gu0oJJX7YQ41gS34AP4TfJo20E%3D</analysis_url><energy>0.942054</energy><liveness>0.151549</liveness><tempo>164.924</tempo><speechiness>0.119157</speechiness><acousticness>6.3e-05</acousticness><instrumentalness>0.002489</instrumentalness><mode>1</mode><time_signature>4</time_signature><duration>196.13288</duration><loudness>-3.886</loudness><audio_md5>3eaf7ed304289d86ee17580f1ee06c78</audio_md5><valence>0.298602</valence><danceability>0.472834</danceability></audio_summary><title>Sticks And Stones</title></song><song><artist_id>ARO6A7Q1187FB4CFC4</artist_id><artist_name>Alien Ant Farm</artist_name><id>SOUBOLY12A67021D0C</id><audio_summary><key>8</key><analysis_url>http://echonest-analysis.s3.amazonaws.com/TR/XtErqwap1vMD62F5z5TMqFFtB9Vn4fEQCP2ezMd1eMt16yTcCpcw9Yq4VAJET8gd0g8W3TwNc-HZGn0oo%3D/3/full.json?AWSAccessKeyId=AKIAJRDFEY23UEVW42BQ&amp;Expires=1415343245&amp;Signature=sk2dOSu6x7ngqt9ghdlJ%2BQFW/kc%3D</analysis_url><energy>0.932911</energy><liveness>0.12001</liveness><tempo>131.943</tempo><speechiness>0.038932</speechiness><acousticness>8.8e-05</acousticness><instrumentalness>0.019929</instrumentalness><mode>1</mode><time_signature>4</time_signature><duration>237.39955</duration><loudness>-5.056</loudness><audio_md5>620313d91ba55941ef133ab3dbe73006</audio_md5><valence>0.492444</valence><danceability>0.494758</danceability></audio_summary><title>Stranded</title></song><song><artist_id>ARO6A7Q1187FB4CFC4</artist_id><artist_name>Alien Ant Farm</artist_name><id>SOIJGVJ1315CD48118</id><audio_summary><key>4</key><analysis_url>http://echonest-analysis.s3.amazonaws.com/TR/pk9A_gHcPVK8zsAnFllXXk52x0m8GRQ89iugCknRvOWOHDQ5TV-xzDOAfMqke57fi2ygc2d39OLmSgzgc%3D/3/full.json?AWSAccessKeyId=AKIAJRDFEY23UEVW42BQ&amp;Expires=1415343245&amp;Signature=UVR/6qM%2BW9BRX56OPAf17I%2BHCeY%3D</analysis_url><energy>0.92481</energy><liveness>0.081194</liveness><tempo>129.766</tempo><speechiness>0.060297</speechiness><acousticness>0.003915</acousticness><instrumentalness>0.0</instrumentalness><mode>1</mode><time_signature>4</time_signature><duration>196.34621</duration><loudness>-4.106</loudness><audio_md5>3a2e064ba7113bf896a54e068c85c91b</audio_md5><valence>0.747221</valence><danceability>0.599189</danceability></audio_summary><title>Around The Block</title></song><song><artist_id>ARO6A7Q1187FB4CFC4</artist_id><artist_name>Alien Ant Farm</artist_name><id>SOCFPCY12AF72AA474</id><audio_summary><key>5</key><analysis_url>http://echonest-analysis.s3.amazonaws.com/TR/SCkOnAtBwE92NIGspP2LiZ-iK24Atg1ILtKP-CbqS_n8jMVuGmX9-iiyJkixxkdplKdyCd74H-1rs9Vas%3D/3/full.json?AWSAccessKeyId=AKIAJRDFEY23UEVW42BQ&amp;Expires=1415343245&amp;Signature=NxnPNU8Br6VVe1jsPFZ8rug8j14%3D</analysis_url><energy>0.938018</energy><liveness>0.059547</liveness><tempo>96.462</tempo><speechiness>0.047294</speechiness><acousticness>0.000193</acousticness><instrumentalness>0.0</instrumentalness><mode>1</mode><time_signature>4</time_signature><duration>174.57288</duration><loudness>-2.906</loudness><audio_md5 /><valence>0.652751</valence><danceability>0.447614</danceability></audio_summary><title>Drifting Apart</title></song><song><artist_id>ARO6A7Q1187FB4CFC4</artist_id><artist_name>Alien Ant Farm</artist_name><id>SOEVQSU12AF729EF53</id><audio_summary><key>5</key><analysis_url>http://echonest-analysis.s3.amazonaws.com/TR/lQynxAYvI_zerOggPPEhzEuf5_KZ9MD3Yhvc-J1pQTJDDet0NAbt_9zxN-DCdveI3Pn_THliF_9zwxDJA%3D/3/full.json?AWSAccessKeyId=AKIAJRDFEY23UEVW42BQ&amp;Expires=1415343245&amp;Signature=6ZaX1vYV/5gQguA7aNWWp6UwpXU%3D</analysis_url><energy>0.93217</energy><liveness>0.390483</liveness><tempo>144.739</tempo><speechiness>0.130405</speechiness><acousticness>0.001232</acousticness><instrumentalness>0.000153</instrumentalness><mode>0</mode><time_signature>4</time_signature><duration>233.70621</duration><loudness>-5.104</loudness><audio_md5>e098582527dffdabb585e5116072be6f</audio_md5><valence>0.593107</valence><danceability>0.541743</danceability></audio_summary><title>It Could Happen</title></song><song><artist_id>ARO6A7Q1187FB4CFC4</artist_id><artist_name>Alien Ant Farm</artist_name><id>SOFMPIE1315CD4756D</id><audio_summary><key>11</key><analysis_url>http://echonest-analysis.s3.amazonaws.com/TR/kd35UQSNWX6VUtIQrDO2OBccNr2VZoXW_hyxGU5h8LBeUcyow6Lp1CyKzn-n4zjl9FBHYQuR9d5ISpSwU%3D/3/full.json?AWSAccessKeyId=AKIAJRDFEY23UEVW42BQ&amp;Expires=1415343245&amp;Signature=44DZaCeQ%2BehfWTG/eI6pflPbQbk%3D</analysis_url><energy>0.850044</energy><liveness>0.174225</liveness><tempo>169.076</tempo><speechiness>0.063969</speechiness><acousticness>0.048595</acousticness><instrumentalness>1e-06</instrumentalness><mode>0</mode><time_signature>3</time_signature><duration>219.77288</duration><loudness>-4.406</loudness><audio_md5>358327aef41a5cd57fc9b2a19f598a04</audio_md5><valence>0.481001</valence><danceability>0.240296</danceability></audio_summary><title>Hope</title></song><song><artist_id>ARO6A7Q1187FB4CFC4</artist_id><artist_name>Alien Ant Farm</artist_name><id>SOJUOTK12A58A7BBAE</id><audio_summary><key>11</key><analysis_url>http://echonest-analysis.s3.amazonaws.com/TR/Jn-OmQVPFX5VzXycVbxC62Us0mc_wuegIVuG5oi6_shIln-hWGrA0stTSXXFnv9qRfVTKvhEoBt0wxCic%3D/3/full.json?AWSAccessKeyId=AKIAJRDFEY23UEVW42BQ&amp;Expires=1415343245&amp;Signature=LAr5IID3vBlluBmj2LTYgVYtM8o%3D</analysis_url><energy>0.877765</energy><liveness>0.081375</liveness><tempo>170.898</tempo><speechiness>0.063188</speechiness><acousticness>0.017044</acousticness><instrumentalness>0.0</instrumentalness><mode>0</mode><time_signature>4</time_signature><duration>236.26621</duration><loudness>-5.644</loudness><audio_md5>59ff6708cb4cd4a301ea49f0c71e2286</audio_md5><valence>0.428197</valence><danceability>0.443095</danceability></audio_summary><title>Supreme Lifestyle</title></song><song><artist_id>ARO6A7Q1187FB4CFC4</artist_id><artist_name>Alien Ant Farm</artist_name><id>SOPGTGP1315CD46AAC</id><audio_summary><key>2</key><analysis_url>http://echonest-analysis.s3.amazonaws.com/TR/NVFnkQLht5JT3LhJCtPGaHDmLz7G5ffcTVu4ulZUpG5vmthqtgYvZkbt6CYUsLtIhh5zk5PZK7W6BQdV4%3D/3/full.json?AWSAccessKeyId=AKIAJRDFEY23UEVW42BQ&amp;Expires=1415343245&amp;Signature=2%2BUDKNb2%2BfoScsuIbAOvsOuoWmE%3D</analysis_url><energy>0.972667</energy><liveness>0.293702</liveness><tempo>120.219</tempo><speechiness>0.107938</speechiness><acousticness>0.001141</acousticness><instrumentalness>4.3e-05</instrumentalness><mode>1</mode><time_signature>3</time_signature><duration>189.66621</duration><loudness>-3.912</loudness><audio_md5>53a2ee193fed5bc02217e3e8bd7c1fb1</audio_md5><valence>0.516614</valence><danceability>0.471639</danceability></audio_summary><title>Rubber Mallet</title></song><song><artist_id>ARO6A7Q1187FB4CFC4</artist_id><artist_name>Alien Ant Farm</artist_name><id>SOGMUJL1315CD4F19B</id><audio_summary><key>0</key><analysis_url>http://echonest-analysis.s3.amazonaws.com/TR/nuDWQQ-ekucRrYwu24VYFv1O96-QPYvESnNIr99SuJnAXQUXJzkkGdBTvbuOElt2Cyv5y0g-WVdNtzNcE%3D/3/full.json?AWSAccessKeyId=AKIAJRDFEY23UEVW42BQ&amp;Expires=1415343245&amp;Signature=3tXyTZXv7Bek4ytDgPv%2BAmnGILI%3D</analysis_url><energy>0.98072</energy><liveness>0.328824</liveness><tempo>127.057</tempo><speechiness>0.042185</speechiness><acousticness>0.001971</acousticness><instrumentalness>0.892096</instrumentalness><mode>1</mode><time_signature>4</time_signature><duration>211.91596</duration><loudness>-4.367</loudness><audio_md5>bc78676792220694a471b372066a57c0</audio_md5><valence>0.907723</valence><danceability>0.582128</danceability></audio_summary><title>Smooth Criminal (Die Krupps Remix)</title></song><song><artist_id>ARO6A7Q1187FB4CFC4</artist_id><artist_name>Alien Ant Farm</artist_name><id>SOARDRK1315CD46F7C</id><audio_summary><key>9</key><analysis_url>http://echonest-analysis.s3.amazonaws.com/TR/q7kVYAy3IqSavZPay1fKidfk35Fm3a_dfpj-dxIgpQAVDlSgEpxJ8IbWvR6eN37h80LqsScFTgYFtkiJc%3D/3/full.json?AWSAccessKeyId=AKIAJRDFEY23UEVW42BQ&amp;Expires=1415343245&amp;Signature=7oFpMK2TZMkXZixnzFcu/lvi4pA%3D</analysis_url><energy>0.980771</energy><liveness>0.135838</liveness><tempo>108.912</tempo><speechiness>0.141994</speechiness><acousticness>8e-05</acousticness><instrumentalness>0.000406</instrumentalness><mode>1</mode><time_signature>4</time_signature><duration>210.29288</duration><loudness>-2.806</loudness><audio_md5 /><valence>0.429775</valence><danceability>0.275077</danceability></audio_summary><title>Courage</title></song><song><artist_id>ARO6A7Q1187FB4CFC4</artist_id><artist_name>Alien Ant Farm</artist_name><id>SOHJEMW147F6026708</id><audio_summary><key>6</key><analysis_url>http://echonest-analysis.s3.amazonaws.com/TR/Mx2Y5gyIOYNqZ0YiLrxzqGgVG03mfE3TyTi_IIuH7trTwhEwS-hOlDLIHowpcAe3NVNvu_RvUb66jF8_4%3D/3/full.json?AWSAccessKeyId=AKIAJRDFEY23UEVW42BQ&amp;Expires=1415343245&amp;Signature=d4bVd3fKsDQRqwzjL1pbIMXX9PE%3D</analysis_url><energy>0.938475</energy><liveness>0.064548</liveness><tempo>147.963</tempo><speechiness>0.063669</speechiness><acousticness>6.5e-05</acousticness><instrumentalness>0.058102</instrumentalness><mode>1</mode><time_signature>4</time_signature><duration>251.49288</duration><loudness>-4.063</loudness><audio_md5>b4f20c6d548f0a167686d9da0bd0afa0</audio_md5><valence>0.539246</valence><danceability>0.440613</danceability></audio_summary><title>Homage</title></song><song><artist_id>ARO6A7Q1187FB4CFC4</artist_id><artist_name>Alien Ant Farm</artist_name><id>SOELYWK1315CD45BDD</id><audio_summary><key>4</key><analysis_url>http://echonest-analysis.s3.amazonaws.com/TR/fzMrugkoVriiJnt-6fSF8yypyygTsb3_LlYG80yZGNJZBotFrJDG6sx2hKCzCX1BLwYroN27oYEJUjCkc%3D/3/full.json?AWSAccessKeyId=AKIAJRDFEY23UEVW42BQ&amp;Expires=1415343245&amp;Signature=cnardsI1AxA2wfZZY3iVxWXxpkM%3D</analysis_url><energy>0.977597</energy><liveness>0.147746</liveness><tempo>80.098</tempo><speechiness>0.067185</speechiness><acousticness>0.000665</acousticness><instrumentalness>0.0</instrumentalness><mode>1</mode><time_signature>4</time_signature><duration>185.55955</duration><loudness>-3.603</loudness><audio_md5>ab5f7db0c388b5c040062b0ef8ffdafc</audio_md5><valence>0.325046</valence><danceability>0.380527</danceability></audio_summary><title>These Days</title></song><song><artist_id>ARO6A7Q1187FB4CFC4</artist_id><artist_name>Alien Ant Farm</artist_name><id>SOVUOHD14373B75A69</id><audio_summary><key>9</key><analysis_url>http://echonest-analysis.s3.amazonaws.com/TR/J9pzww3zTc4rB8YCSLjiRMsq7W7Q%3D%3D/3/full.json?AWSAccessKeyId=AKIAJRDFEY23UEVW42BQ&amp;Expires=1415343245&amp;Signature=RxkuvYfAAanqzjiSyiH3vzJ5OuI%3D</analysis_url><energy>0.804338</energy><liveness>0.413825</liveness><tempo>79.99</tempo><speechiness>0.057367</speechiness><acousticness>0.002255</acousticness><instrumentalness>0.0</instrumentalness><mode>1</mode><time_signature>4</time_signature><duration>226.07955</duration><loudness>-14.72</loudness><audio_md5 /><valence>0.356976</valence><danceability>0.293132</danceability></audio_summary><title>These Days</title></song><song><artist_id>ARO6A7Q1187FB4CFC4</artist_id><artist_name>Alien Ant Farm</artist_name><id>SORBVTH13E905FC03B</id><audio_summary><key>11</key><analysis_url>http://echonest-analysis.s3.amazonaws.com/TR/YVlBLgFuKGbBHFTulg30vOd-18YJ2s5a5cKKRO/3/full.json?AWSAccessKeyId=AKIAJRDFEY23UEVW42BQ&amp;Expires=1415343245&amp;Signature=zUe2b5%2BZN%2BtXuUXyQX/0LukSPEE%3D</analysis_url><energy>0.636499</energy><liveness>0.173047</liveness><tempo>104.014</tempo><speechiness>0.05853</speechiness><acousticness>0.009082</acousticness><instrumentalness>0.00013</instrumentalness><mode>0</mode><time_signature>4</time_signature><duration>239.83955</duration><loudness>-17.058</loudness><audio_md5>1a12e4794d258375d0fda76b3b52751a</audio_md5><valence>0.860836</valence><danceability>0.477121</danceability></audio_summary><title>Attitude</title></song><song><artist_id>ARO6A7Q1187FB4CFC4</artist_id><artist_name>Alien Ant Farm</artist_name><id>SOYZBXF1373FFDCA7A</id><audio_summary><key>11</key><analysis_url>http://echonest-analysis.s3.amazonaws.com/TR/HGI2gw7WKfGv5PTaqQ0og5VWU_k-HWlFTgcA4SyomA-p7sztMEdkzoeAWPr9JQ51NbQbOGRn8gclOKVqU%3D/3/full.json?AWSAccessKeyId=AKIAJRDFEY23UEVW42BQ&amp;Expires=1415343245&amp;Signature=pMfjBXtHGP39ullvpmGSEBEndYg%3D</analysis_url><energy>0.915233</energy><liveness>0.121619</liveness><tempo>104.037</tempo><speechiness>0.063697</speechiness><acousticness>0.009471</acousticness><instrumentalness>0.00034</instrumentalness><mode>0</mode><time_signature>4</time_signature><duration>252.45288</duration><loudness>-5.986</loudness><audio_md5 /><valence>0.759014</valence><danceability>0.563585</danceability></audio_summary><title>Attitude</title></song><song><artist_id>ARO6A7Q1187FB4CFC4</artist_id><artist_name>Alien Ant Farm</artist_name><id>SOOULOT1315CD478E5</id><audio_summary><key>4</key><analysis_url>http://echonest-analysis.s3.amazonaws.com/TR/CQkqoAdSUcaOhi0idQCm17Dgh24XFnZTG5RGtYzqKcJHGq0r-E36Dca12Kp5kn15PDucL9LNOr5qac2Ug%3D/3/full.json?AWSAccessKeyId=AKIAJRDFEY23UEVW42BQ&amp;Expires=1415343245&amp;Signature=jcKX3m/Y5/6%2B8dw9LwiqYoDcAhw%3D</analysis_url><energy>0.984357</energy><liveness>0.22686</liveness><tempo>80.024</tempo><speechiness>0.061566</speechiness><acousticness>0.000237</acousticness><instrumentalness>0.0</instrumentalness><mode>1</mode><time_signature>4</time_signature><duration>185.06621</duration><loudness>-3.925</loudness><audio_md5>fa2d1b543c2cfebb4c87fb19716d4147</audio_md5><valence>0.379811</valence><danceability>0.422556</danceability></audio_summary><title>These Days</title></song><song><artist_id>ARO6A7Q1187FB4CFC4</artist_id><artist_name>Alien Ant Farm</artist_name><id>SOLPGAI1315CD45BDF</id><audio_summary><key>11</key><analysis_url>http://echonest-analysis.s3.amazonaws.com/TR/AArSoAium-d228hpzMN5CqZaFGzL2OIWk8QMLu4FuYVRo2qZbl7-RRtUm0muuibwfj8xqDGfS6XMbCk-0%3D/3/full.json?AWSAccessKeyId=AKIAJRDFEY23UEVW42BQ&amp;Expires=1415343245&amp;Signature=PkjcwAamYIqc4ZQ2ZQR4hglnf0M%3D</analysis_url><energy>0.894218</energy><liveness>0.302362</liveness><tempo>103.983</tempo><speechiness>0.041487</speechiness><acousticness>0.002213</acousticness><instrumentalness>0.161403</instrumentalness><mode>0</mode><time_signature>4</time_signature><duration>294.91955</duration><loudness>-4.871</loudness><audio_md5>f2f22930abdf74be48b91a111a50f6a7</audio_md5><valence>0.75752</valence><danceability>0.589416</danceability></audio_summary><title>Attitude</title></song><song><artist_id>ARO6A7Q1187FB4CFC4</artist_id><artist_name>Alien Ant Farm</artist_name><id>SOLHEJS13E905FC8A9</id><audio_summary><key>1</key><analysis_url>http://echonest-analysis.s3.amazonaws.com/TR/77Ou1QweHlVAkwLF21_VACEFZAx9uJgLAuH-66/3/full.json?AWSAccessKeyId=AKIAJRDFEY23UEVW42BQ&amp;Expires=1415343245&amp;Signature=Yd32CLIW6ttQdlWI8LPorfEMBeE%3D</analysis_url><energy>0.81801</energy><liveness>0.637209</liveness><tempo>80.0</tempo><speechiness>0.047408</speechiness><acousticness>0.006262</acousticness><instrumentalness>0.0</instrumentalness><mode>0</mode><time_signature>4</time_signature><duration>215.42354</duration><loudness>-14.81</loudness><audio_md5>a777f3d9f56c3789a373bece109ab180</audio_md5><valence>0.364879</valence><danceability>0.429016</danceability></audio_summary><title>These Days</title></song><song><artist_id>ARO6A7Q1187FB4CFC4</artist_id><artist_name>Alien Ant Farm</artist_name><id>SOBNPPO12AF72A2E6C</id><audio_summary><key>2</key><analysis_url>http://echonest-analysis.s3.amazonaws.com/TR/EZ6m7weVISFgmL5vpwuW7ZSajOm2NSX7MhZOwhBD3hXZb-rNF6ILC9T9so4oT1yUtA3Yx2dyfusREQfJw%3D/3/full.json?AWSAccessKeyId=AKIAJRDFEY23UEVW42BQ&amp;Expires=1415343245&amp;Signature=r9O8QmIXFEO7vUiZMOa7mZHxOeU%3D</analysis_url><energy>0.925099</energy><liveness>0.337157</liveness><tempo>133.105</tempo><speechiness>0.132176</speechiness><acousticness>0.000172</acousticness><instrumentalness>0.142836</instrumentalness><mode>1</mode><time_signature>4</time_signature><duration>201.79955</duration><loudness>-4.48</loudness><audio_md5 /><valence>0.487324</valence><danceability>0.553451</danceability></audio_summary><title>Wish</title></song><song><artist_id>ARO6A7Q1187FB4CFC4</artist_id><artist_name>Alien Ant Farm</artist_name><id>SOBSAII1315CD4669D</id><audio_summary><key>9</key><analysis_url>http://echonest-analysis.s3.amazonaws.com/TR/jzGkfwSNPe2C7YNQd7pWkuZB8tu_AXOd6CVSkx8wlwrJFYadd3C1ZN8U3QCRtdfCX3Ldgh6e4M9QpdN3E%3D/3/full.json?AWSAccessKeyId=AKIAJRDFEY23UEVW42BQ&amp;Expires=1415343245&amp;Signature=aCRDqMLgr1mwnIx3jx/oZ1U1ISw%3D</analysis_url><energy>0.926081</energy><liveness>0.279957</liveness><tempo>112.816</tempo><speechiness>0.06066</speechiness><acousticness>0.000144</acousticness><instrumentalness>0.000394</instrumentalness><mode>1</mode><time_signature>4</time_signature><duration>195.51288</duration><loudness>-5.085</loudness><audio_md5>c8ac28703b2f6c903834e6029d0be7c0</audio_md5><valence>0.529472</valence><danceability>0.548283</danceability></audio_summary><title>Movies</title></song><song><artist_id>ARO6A7Q1187FB4CFC4</artist_id><artist_name>Alien Ant Farm</artist_name><id>SOXQAKP13E905FBF89</id><audio_summary><key>8</key><analysis_url>http://echonest-analysis.s3.amazonaws.com/TR/Y-sn_gXhwE8I0rCF-FsvJGEdmoFHfEcjVJf4nk/3/full.json?AWSAccessKeyId=AKIAJRDFEY23UEVW42BQ&amp;Expires=1415343245&amp;Signature=R0/p0SR2bzMbOd8r9oQCcOuKACo%3D</analysis_url><energy>0.503841</energy><liveness>0.127888</liveness><tempo>112.942</tempo><speechiness>0.0777</speechiness><acousticness>0.002275</acousticness><instrumentalness>0.000674</instrumentalness><mode>0</mode><time_signature>4</time_signature><duration>267.39156</duration><loudness>-18.083</loudness><audio_md5>fe8af01a8a6a3b00848ec90d478b37df</audio_md5><valence>0.449426</valence><danceability>0.51748</danceability></audio_summary><title>Movies</title></song><song><artist_id>ARO6A7Q1187FB4CFC4</artist_id><artist_name>Alien Ant Farm</artist_name><id>SOCAZLO12AB017C305</id><audio_summary><key>9</key><analysis_url>http://echonest-analysis.s3.amazonaws.com/TR/xbTY2gs7S6PAdgq9HIi4l3aSJI0lEl1oJkKM7BTiWBpnU1w2igwl7dXNfCjxF152vGHgXEQkjYCKbHXuk%3D/3/full.json?AWSAccessKeyId=AKIAJRDFEY23UEVW42BQ&amp;Expires=1415343245&amp;Signature=XJ2u9IHBckyuqnVrfnipbDnDnLU%3D</analysis_url><energy>0.941469</energy><liveness>0.522182</liveness><tempo>136.064</tempo><speechiness>0.098857</speechiness><acousticness>1.3e-05</acousticness><instrumentalness>0.0</instrumentalness><mode>0</mode><time_signature>4</time_signature><duration>231.61288</duration><loudness>-3.521</loudness><audio_md5>067e4d5df90569f5fefc2acdb52f77d2</audio_md5><valence>0.492912</valence><danceability>0.352084</danceability></audio_summary><title>Smooth Criminal</title></song><song><artist_id>ARO6A7Q1187FB4CFC4</artist_id><artist_name>Alien Ant Farm</artist_name><id>SOZTAJA13E905FBE41</id><audio_summary><key>9</key><analysis_url>http://echonest-analysis.s3.amazonaws.com/TR/CGUcig1VVU_f5fCw9FqWMlQbcFTnNnT0Ze-5Pm/3/full.json?AWSAccessKeyId=AKIAJRDFEY23UEVW42BQ&amp;Expires=1415343245&amp;Signature=RwXhyfioQGzhc2moGU%2Bl7P8xMxs%3D</analysis_url><energy>0.723978</energy><liveness>0.069148</liveness><tempo>126.915</tempo><speechiness>0.074812</speechiness><acousticness>0.004763</acousticness><instrumentalness>0.012894</instrumentalness><mode>0</mode><time_signature>4</time_signature><duration>218.30354</duration><loudness>-16.669</loudness><audio_md5>c6376c39faa197fa03377e6b19acb9c4</audio_md5><valence>0.72539</valence><danceability>0.585308</danceability></audio_summary><title>Smooth Criminal</title></song><song><artist_id>ARO6A7Q1187FB4CFC4</artist_id><artist_name>Alien Ant Farm</artist_name><id>SOAFZUI144BEE206BE</id><audio_summary><key>9</key><analysis_url>http://echonest-analysis.s3.amazonaws.com/TR/wa15JgTmsp44AHMKQx0aWJWNZ_3y55qkGqEzoaF_cGqFcaYdgSuSOCLCZOxNWNky2ShdxspxXhshTFKxE%3D/3/full.json?AWSAccessKeyId=AKIAJRDFEY23UEVW42BQ&amp;Expires=1415343245&amp;Signature=4ON0GMfimgYtb%2ByBVhR5Wd0jQIs%3D</analysis_url><energy>0.965774</energy><liveness>0.191147</liveness><tempo>126.92</tempo><speechiness>0.05469</speechiness><acousticness>0.002446</acousticness><instrumentalness>0.005764</instrumentalness><mode>0</mode><time_signature>4</time_signature><duration>207.01533</duration><loudness>-4.406</loudness><audio_md5>fb13e5629bd5ce6be6becc8e38d938ec</audio_md5><valence>0.885937</valence><danceability>0.651335</danceability></audio_summary><title>Smooth Criminal</title></song><song><artist_id>ARO6A7Q1187FB4CFC4</artist_id><artist_name>Alien Ant Farm</artist_name><id>SOBERUI13733E6EBAB</id><audio_summary><key>0</key><analysis_url>http://echonest-analysis.s3.amazonaws.com/TR/XiqtyQMJa6OsRIXbpKaS81qXtZtX5gGXxHwfRs/3/full.json?AWSAccessKeyId=AKIAJRDFEY23UEVW42BQ&amp;Expires=1415343245&amp;Signature=61SiBN/%2BIKNy8dtIcbnQsv%2BwnPI%3D</analysis_url><energy>0.942171</energy><liveness>0.065533</liveness><tempo>127.013</tempo><speechiness>0.113107</speechiness><acousticness>0.014677</acousticness><instrumentalness>0.936153</instrumentalness><mode>1</mode><time_signature>4</time_signature><duration>210.23302</duration><loudness>-5.593</loudness><audio_md5>6be637fb0c7abf5d7a8c5fa15b709bd2</audio_md5><valence>0.778543</valence><danceability>0.5976</danceability></audio_summary><title>Smooth Criminal (Re-Recorded / Remastered)</title></song><song><artist_id>ARO6A7Q1187FB4CFC4</artist_id><artist_name>Alien Ant Farm</artist_name><id>SOGIVOM144BEE1ABE2</id><audio_summary><key>0</key><analysis_url>http://echonest-analysis.s3.amazonaws.com/TR/6IgYyAGmrlSgbYpYKc6tjcXaBBpiyji05ovvxq/3/full.json?AWSAccessKeyId=AKIAJRDFEY23UEVW42BQ&amp;Expires=1415343245&amp;Signature=ejrJV/NgQWynJ7u7TPo2JHZQh9A%3D</analysis_url><energy>0.94913</energy><liveness>0.075187</liveness><tempo>127.03</tempo><speechiness>0.106821</speechiness><acousticness>0.022845</acousticness><instrumentalness>0.918371</instrumentalness><mode>1</mode><time_signature>4</time_signature><duration>210.06621</duration><loudness>-4.717</loudness><audio_md5>e40f2868ebc43fa52eb199716dd93ff5</audio_md5><valence>0.830063</valence><danceability>0.629001</danceability></audio_summary><title>Smooth Criminal (Re-Recorded / Remastered)</title></song><song><artist_id>ARO6A7Q1187FB4CFC4</artist_id><artist_name>Alien Ant Farm</artist_name><id>SOWGEQX13E905FC35F</id><audio_summary><key>0</key><analysis_url>http://echonest-analysis.s3.amazonaws.com/TR/CPFmjAL9j0roHd8LNIROQYQgiD_A_-Td8Xs2rH/3/full.json?AWSAccessKeyId=AKIAJRDFEY23UEVW42BQ&amp;Expires=1415343245&amp;Signature=A%2BoE7Vks/fHnoyQb71na7GmjBiY%3D</analysis_url><energy>0.703867</energy><liveness>0.382577</liveness><tempo>144.079</tempo><speechiness>0.050898</speechiness><acousticness>0.040917</acousticness><instrumentalness>0.0</instrumentalness><mode>1</mode><time_signature>4</time_signature><duration>211.93556</duration><loudness>-14.556</loudness><audio_md5>1f3b9dcbbfa2fc861cdd9dd51cd6ac4f</audio_md5><valence>0.889808</valence><danceability>0.596612</danceability></audio_summary><title>Glow</title></song><song><artist_id>ARO6A7Q1187FB4CFC4</artist_id><artist_name>Alien Ant Farm</artist_name><id>SOHGYTB1315CD44F33</id><audio_summary><key>4</key><analysis_url>http://echonest-analysis.s3.amazonaws.com/TR/ZwtlGg7L1SVzA7ccm6gjWzeIOhcXeGzUX4nYlNQKtDpmc1ABoG_yWvHv7rYMRdwAJHTiWhEcTbZArW4UQ%3D/3/full.json?AWSAccessKeyId=AKIAJRDFEY23UEVW42BQ&amp;Expires=1415343245&amp;Signature=68VJuXnBUDlirjiALysWP8XWDDY%3D</analysis_url><energy>0.952158</energy><liveness>0.193083</liveness><tempo>148.022</tempo><speechiness>0.084276</speechiness><acousticness>0.00132</acousticness><instrumentalness>1e-06</instrumentalness><mode>1</mode><time_signature>4</time_signature><duration>183.90621</duration><loudness>-3.884</loudness><audio_md5>853c68fef76a2868dc3cf1fabff85171</audio_md5><valence>0.300937</valence><danceability>0.410044</danceability></audio_summary><title>Spain</title></song><song><artist_id>ARO6A7Q1187FB4CFC4</artist_id><artist_name>Alien Ant Farm</artist_name><id>SOTVSNO12A58A7F77C</id><audio_summary><key>10</key><analysis_url>http://echonest-analysis.s3.amazonaws.com/TR/3DWsng04W24UpYKYYDrhfVBXQwoEJ_RFWclwicnGhe3baSArZz_nUEfwLY109tYwJct_V6E49Nx-o5i0k%3D/3/full.json?AWSAccessKeyId=AKIAJRDFEY23UEVW42BQ&amp;Expires=1415343245&amp;Signature=k2J3bES8ctTncbj%2BvscHPC2B0/Y%3D</analysis_url><energy>0.881022</energy><liveness>0.095165</liveness><tempo>150.16</tempo><speechiness>0.085903</speechiness><acousticness>0.000686</acousticness><instrumentalness>0.005179</instrumentalness><mode>0</mode><time_signature>3</time_signature><duration>250.10621</duration><loudness>-5.432</loudness><audio_md5>b43705c9f35f81481520a46998d153ad</audio_md5><valence>0.442991</valence><danceability>0.517154</danceability></audio_summary><title>Calico</title></song><song><artist_id>ARO6A7Q1187FB4CFC4</artist_id><artist_name>Alien Ant Farm</artist_name><id>SOXZOET12AF729E749</id><audio_summary><key>4</key><analysis_url>http://echonest-analysis.s3.amazonaws.com/TR/Op-vAw4nUIyrJtX2wPlmyDBp3SVx6v1TkIRrGYjfDNBwJF0zPA2MsDpI6n1b1hfkK_Mv1_8aBMxDb-Uxg%3D/3/full.json?AWSAccessKeyId=AKIAJRDFEY23UEVW42BQ&amp;Expires=1415343245&amp;Signature=bUfk%2BeByJ1%2BYpLr17ex0I66b3Gw%3D</analysis_url><energy>0.90451</energy><liveness>0.357232</liveness><tempo>100.058</tempo><speechiness>0.084128</speechiness><acousticness>0.000113</acousticness><instrumentalness>0.024933</instrumentalness><mode>1</mode><time_signature>4</time_signature><duration>255.26621</duration><loudness>-4.706</loudness><audio_md5>f9204e31c46510d738f84cb952ff79cd</audio_md5><valence>0.479292</valence><danceability>0.266616</danceability></audio_summary><title>Summer</title></song><song><artist_id>ARO6A7Q1187FB4CFC4</artist_id><artist_name>Alien Ant Farm</artist_name><id>SOAJTHN12A67021D07</id><audio_summary><key>7</key><analysis_url>http://echonest-analysis.s3.amazonaws.com/TR/BazADAVV7D5vZeu4zUqErbR2ni7D7krISyKJwCHcJVueJ3SaU_mqfl4zKx09cjZMfO0957vJMUyP6BbxA%3D/3/full.json?AWSAccessKeyId=AKIAJRDFEY23UEVW42BQ&amp;Expires=1415343245&amp;Signature=kdhKrBOC3BHu5k2cphcGFhn2m2o%3D</analysis_url><energy>0.915136</energy><liveness>0.147713</liveness><tempo>139.899</tempo><speechiness>0.072</speechiness><acousticness>0.001694</acousticness><instrumentalness>6e-06</instrumentalness><mode>1</mode><time_signature>4</time_signature><duration>268.59955</duration><loudness>-3.612</loudness><audio_md5 /><valence>0.584818</valence><danceability>0.601169</danceability></audio_summary><title>Flesh and Bone</title></song><song><artist_id>ARO6A7Q1187FB4CFC4</artist_id><artist_name>Alien Ant Farm</artist_name><id>SOBNBDN1315CD4CC5F</id><audio_summary><key>4</key><analysis_url>http://echonest-analysis.s3.amazonaws.com/TR/EK4u2wn2zDvRoz9vb6pzkRqyVtmqFeDtsnUq4bEHT2dkII3_0RCjLtDvM6DRKrGilXdj_dj3J8qofBe4E%3D/3/full.json?AWSAccessKeyId=AKIAJRDFEY23UEVW42BQ&amp;Expires=1415343245&amp;Signature=qzls4HW/JR9QgEYKjvIcNClwAF0%3D</analysis_url><energy>0.97188</energy><liveness>0.96426</liveness><tempo>41.348</tempo><speechiness>0.138507</speechiness><acousticness>3e-06</acousticness><instrumentalness>0.0</instrumentalness><mode>1</mode><time_signature>4</time_signature><duration>197.25288</duration><loudness>-3.643</loudness><audio_md5 /><valence>0.322352</valence><danceability>0.229482</danceability></audio_summary><title>Whisper (Live in Germany)</title></song><song><artist_id>ARO6A7Q1187FB4CFC4</artist_id><artist_name>Alien Ant Farm</artist_name><id>SOBAWEG1315CD4CB20</id><audio_summary><key>9</key><analysis_url>http://echonest-analysis.s3.amazonaws.com/TR/3inCDwjCGKj7dOpMYoKLBvP4Tk0vuiDFg-IztEq5mzaqQhn3zt3xP2D4jwHEJyEKtjgBLJE9otWS_F1E8%3D/3/full.json?AWSAccessKeyId=AKIAJRDFEY23UEVW42BQ&amp;Expires=1415343245&amp;Signature=5es2rVYOGeNmzoPTDPe61pmsZYE%3D</analysis_url><energy>0.909927</energy><liveness>0.636093</liveness><tempo>115.342</tempo><speechiness>0.181877</speechiness><acousticness>0.00019</acousticness><instrumentalness>0.0</instrumentalness><mode>1</mode><time_signature>4</time_signature><duration>246.66621</duration><loudness>-5.231</loudness><audio_md5 /><valence>0.420437</valence><danceability>0.334537</danceability></audio_summary><title>Movies (Live in Germany)</title></song><song><artist_id>ARO6A7Q1187FB4CFC4</artist_id><artist_name>Alien Ant Farm</artist_name><id>SODEOTI12A58A80A26</id><audio_summary><key>6</key><analysis_url>http://echonest-analysis.s3.amazonaws.com/TR/fQg1cAqU0GKbW343mgj9DZTvnYIkvD3qfSLZm5ckdT2en4WlpkcbQ3TkMDpwSuhZBUPKQBf_d5ZlVmpRI%3D/3/full.json?AWSAccessKeyId=AKIAJRDFEY23UEVW42BQ&amp;Expires=1415343245&amp;Signature=AjS4xQDs8jkNikg2AH7cZoGzR%2Bc%3D</analysis_url><energy>0.929999</energy><liveness>0.720044</liveness><tempo>77.231</tempo><speechiness>0.140352</speechiness><acousticness>0.00029</acousticness><instrumentalness>1e-06</instrumentalness><mode>1</mode><time_signature>3</time_signature><duration>251.63955</duration><loudness>-3.856</loudness><audio_md5 /><valence>0.335843</valence><danceability>0.192037</danceability></audio_summary><title>Calico (Live in Germany)</title></song><song><artist_id>ARO6A7Q1187FB4CFC4</artist_id><artist_name>Alien Ant Farm</artist_name><id>SOEQCRW12AB017C2CB</id><audio_summary><key>4</key><analysis_url>http://echonest-analysis.s3.amazonaws.com/TR/PhedPgk-bOy99DndO_rGh3S--sCed0JoLuZeNvQ0acfxSSfJwF4fFR9arLlTCRa-qJiYCsdbqGRrhg49o%3D/3/full.json?AWSAccessKeyId=AKIAJRDFEY23UEVW42BQ&amp;Expires=1415343245&amp;Signature=T1uztBLV/xa2V0Y77Zl%2BNyEwwnE%3D</analysis_url><energy>0.929496</energy><liveness>0.606937</liveness><tempo>70.107</tempo><speechiness>0.101012</speechiness><acousticness>6e-06</acousticness><instrumentalness>0.0</instrumentalness><mode>1</mode><time_signature>4</time_signature><duration>240.77288</duration><loudness>-4.202</loudness><audio_md5>a5ccdf04f377a9efd72dac81140e7b35</audio_md5><valence>0.366698</valence><danceability>0.209814</danceability></audio_summary><title>Summer (Live in Germany)</title></song></songs></response>