<response><status><version>4.2</version><code>0</code><message>Success</message></status><songs><song><artist_id>ARFMT4W1187FB42FA8</artist_id><artist_name>Alison Krauss</artist_name><id>SOMBYIM12B0B80B3F0</id><audio_summary><key>5</key><analysis_url>http://echonest-analysis.s3.amazonaws.com/TR/aVUVzQkl84-lUsFbpxw6o5ozmxEtIS3j3DnfTLvMP9nbJJ3iTENsX_KurnxmqtUMdEvEoJPDmMXzPazIg%3D/3/full.json?AWSAccessKeyId=AKIAJRDFEY23UEVW42BQ&amp;Expires=1415343267&amp;Signature=JPAS/xYnvvOzGnAha%2BmePYRSqqg%3D</analysis_url><energy>0.470987</energy><liveness>0.118969</liveness><tempo>191.648</tempo><speechiness>0.030475</speechiness><acousticness>0.486173</acousticness><instrumentalness>0.0</instrumentalness><mode>1</mode><time_signature>4</time_signature><duration>232.57288</duration><loudness>-8.622</loudness><audio_md5 /><valence>0.520225</valence><danceability>0.285956</danceability></audio_summary><title>Goodbye Is All We Have</title></song><song><artist_id>ARFMT4W1187FB42FA8</artist_id><artist_name>Alison Krauss</artist_name><id>SOOKQYJ143A38EF1F5</id><audio_summary><key>3</key><analysis_url>http://echonest-analysis.s3.amazonaws.com/TR/DnKxPQmpwbvqUAboRyLQQmSOWjvsnX7WDoF4Ar/3/full.json?AWSAccessKeyId=AKIAJRDFEY23UEVW42BQ&amp;Expires=1415343267&amp;Signature=A6f/lUQflL1W6kgd4R8/wSYFhNg%3D</analysis_url><energy>0.319703</energy><liveness>0.124066</liveness><tempo>131.011</tempo><speechiness>0.030856</speechiness><acousticness>0.853602</acousticness><instrumentalness>4e-06</instrumentalness><mode>1</mode><time_signature>4</time_signature><duration>279.69261</duration><loudness>-11.074</loudness><audio_md5 /><valence>0.16106</valence><danceability>0.387056</danceability></audio_summary><title>I Believe in You</title></song><song><artist_id>ARFMT4W1187FB42FA8</artist_id><artist_name>Alison Krauss</artist_name><id>SOTRAZI12AB0189CA8</id><audio_summary><key>11</key><analysis_url>http://echonest-analysis.s3.amazonaws.com/TR/z1lrigKtbfLBz8uLUgrzLSGbEE2b_DQRnScSXOK-LhlXTGVau0e3LSRwE4Nqr0knD4sGIDXV4uY5fKnSk%3D/3/full.json?AWSAccessKeyId=AKIAJRDFEY23UEVW42BQ&amp;Expires=1415343267&amp;Signature=jZ8hPhs%2B631VFp92c348C9Tl53w%3D</analysis_url><energy>0.743416</energy><liveness>0.072135</liveness><tempo>109.043</tempo><speechiness>0.031489</speechiness><acousticness>0.273242</acousticness><instrumentalness>0.011243</instrumentalness><mode>1</mode><time_signature>4</time_signature><duration>182.35955</duration><loudness>-7.352</loudness><audio_md5>e2f46087837562d364c9418ab81a2a65</audio_md5><valence>0.772958</valence><danceability>0.564543</danceability></audio_summary><title>I'll Remember You, Love, In My Prayers</title></song><song><artist_id>ARFMT4W1187FB42FA8</artist_id><artist_name>Alison Krauss</artist_name><id>SOVSNYI12AB0189C89</id><audio_summary><key>0</key><analysis_url>http://echonest-analysis.s3.amazonaws.com/TR/-agB0Qg7DzY7MC1NrrutH_RYbX79o4nTFeX4wY_0EEogUM6uCZsTONeY7oxJUYkNsSiaC4swz8aTb-OMU%3D/3/full.json?AWSAccessKeyId=AKIAJRDFEY23UEVW42BQ&amp;Expires=1415343267&amp;Signature=SMK%2BRvmjNnVAAB9Xy2ncxlZFX5Y%3D</analysis_url><energy>0.264251</energy><liveness>0.110229</liveness><tempo>89.176</tempo><speechiness>0.033604</speechiness><acousticness>0.838859</acousticness><instrumentalness>1.2e-05</instrumentalness><mode>1</mode><time_signature>4</time_signature><duration>187.22621</duration><loudness>-12.718</loudness><audio_md5>bd036eec6076e36bd370b04771c3b2ed</audio_md5><valence>0.48532</valence><danceability>0.599174</danceability></audio_summary><title>Deeper Than Crying</title></song><song><artist_id>ARFMT4W1187FB42FA8</artist_id><artist_name>Alison Krauss</artist_name><id>SOTADAG1316771394C</id><audio_summary><key>5</key><analysis_url>http://echonest-analysis.s3.amazonaws.com/TR/n_YbkwhuYej9c9XoEAPExE5DJ3pVYA5FTDlBSd6oS2QKkzloY090ecuF3RkKxFMC-s3FF3mJImJjfPi9A%3D/3/full.json?AWSAccessKeyId=AKIAJRDFEY23UEVW42BQ&amp;Expires=1415343267&amp;Signature=0u2WJrCXIKkOZQpJFry25XmPmvg%3D</analysis_url><energy>0.347991</energy><liveness>0.316631</liveness><tempo>137.086</tempo><speechiness>0.031957</speechiness><acousticness>0.745914</acousticness><instrumentalness>0.930039</instrumentalness><mode>1</mode><time_signature>4</time_signature><duration>152.79955</duration><loudness>-17.7</loudness><audio_md5>acfe4741a5b0edefffc452c59a873862</audio_md5><valence>0.963468</valence><danceability>0.540891</danceability></audio_summary><title>Beaumont Rag</title></song><song><artist_id>ARFMT4W1187FB42FA8</artist_id><artist_name>Alison Krauss</artist_name><id>SOURLPV12A6D4F8471</id><audio_summary><key>4</key><analysis_url>http://echonest-analysis.s3.amazonaws.com/TR/T3NJ1wBsJ0sGFWJU9z0mkrlDc_xgC4QbLKGC1o8e522ClQois3J5apc8i_7xu5ExFlYlqevLXC8UwBD0s%3D/3/full.json?AWSAccessKeyId=AKIAJRDFEY23UEVW42BQ&amp;Expires=1415343267&amp;Signature=ZoOaZ2Lr12YTRG6UoYl4o3GW9VM%3D</analysis_url><energy>0.487526</energy><liveness>0.05446</liveness><tempo>99.985</tempo><speechiness>0.028435</speechiness><acousticness>0.763997</acousticness><instrumentalness>0.018058</instrumentalness><mode>0</mode><time_signature>4</time_signature><duration>264.49288</duration><loudness>-9.707</loudness><audio_md5 /><valence>0.484777</valence><danceability>0.723618</danceability></audio_summary><title>Shimmy Down The Chimney (Fill Up My Stocking)</title></song><song><artist_id>ARFMT4W1187FB42FA8</artist_id><artist_name>Alison Krauss</artist_name><id>SOEQIIX12AB017FF50</id><audio_summary><key>2</key><analysis_url>http://echonest-analysis.s3.amazonaws.com/TR/5uyynwFKMJkzQ8URMKSBt4rmDm8y9RW2XhZLKsbjfPRXJ1nUatAUosGZXwdqctayj-G1viG_NbZcFxbEU%3D/3/full.json?AWSAccessKeyId=AKIAJRDFEY23UEVW42BQ&amp;Expires=1415343267&amp;Signature=rkal2EjY9Lqxz/8W/gzW7lE%2B4eo%3D</analysis_url><energy>0.309519</energy><liveness>0.109161</liveness><tempo>109.511</tempo><speechiness>0.026967</speechiness><acousticness>0.777562</acousticness><instrumentalness>3e-06</instrumentalness><mode>1</mode><time_signature>4</time_signature><duration>205.67955</duration><loudness>-10.838</loudness><audio_md5>38014c180fe8c7614076ff4710943f9b</audio_md5><valence>0.420558</valence><danceability>0.583699</danceability></audio_summary><title>Borderline</title></song><song><artist_id>ARFMT4W1187FB42FA8</artist_id><artist_name>Alison Krauss</artist_name><id>SOTYFVI12AB017FF7F</id><audio_summary><key>2</key><analysis_url>http://echonest-analysis.s3.amazonaws.com/TR/W4IOXQ3rRtmOrHfyPHachaJ5GOF9feTqMgTnG5QecNI4R4dx0ADf-QVb1g-XEYMZIUMwXgqbvJ3DbfLdg%3D/3/full.json?AWSAccessKeyId=AKIAJRDFEY23UEVW42BQ&amp;Expires=1415343267&amp;Signature=TLQLzwmAMDzRhQgaSCmfEMuEj5I%3D</analysis_url><energy>0.581101</energy><liveness>0.138649</liveness><tempo>98.804</tempo><speechiness>0.026706</speechiness><acousticness>0.430029</acousticness><instrumentalness>0.000599</instrumentalness><mode>0</mode><time_signature>4</time_signature><duration>187.73288</duration><loudness>-6.89</loudness><audio_md5>89b833029ecbde1b3daa624310d39c28</audio_md5><valence>0.665685</valence><danceability>0.570825</danceability></audio_summary><title>My Poor Old Heart</title></song><song><artist_id>ARFMT4W1187FB42FA8</artist_id><artist_name>Alison Krauss</artist_name><id>SODDNHB12AB017C41F</id><audio_summary><key>11</key><analysis_url>http://echonest-analysis.s3.amazonaws.com/TR/eA6kjghzgIA2UkZYcw_z6Prxr8WHi9FRVLsojfsXDV3AXBZYjcdQS1QciBDOwuqY14S6dIyJGclvb3KPY%3D/3/full.json?AWSAccessKeyId=AKIAJRDFEY23UEVW42BQ&amp;Expires=1415343267&amp;Signature=rQoxBcDT1UTgcyNtOGH1vgo8zHI%3D</analysis_url><energy>0.302109</energy><liveness>0.074886</liveness><tempo>129.904</tempo><speechiness>0.029483</speechiness><acousticness>0.81093</acousticness><instrumentalness>3e-06</instrumentalness><mode>0</mode><time_signature>4</time_signature><duration>227.99955</duration><loudness>-10.48</loudness><audio_md5 /><valence>0.233385</valence><danceability>0.609948</danceability></audio_summary><title>If I Didn't Know Any Better</title></song><song><artist_id>ARFMT4W1187FB42FA8</artist_id><artist_name>Alison Krauss</artist_name><id>SOSCABJ12AB018BD1D</id><audio_summary><key>5</key><analysis_url>http://echonest-analysis.s3.amazonaws.com/TR/CK2ZowEFcp_xGzwUcOmr743oHuy0exGaCW_KHt8Ko_dR3OHl8hoRB5ffS6eGNqYzWie3HIa3-JaF9kBDI%3D/3/full.json?AWSAccessKeyId=AKIAJRDFEY23UEVW42BQ&amp;Expires=1415343267&amp;Signature=tM5GXHJ5%2Bi0gCDc7XDCAHZXztfA%3D</analysis_url><energy>0.098756</energy><liveness>0.111556</liveness><tempo>104.536</tempo><speechiness>0.030337</speechiness><acousticness>0.831346</acousticness><instrumentalness>0.012664</instrumentalness><mode>1</mode><time_signature>3</time_signature><duration>241.46621</duration><loudness>-18.409</loudness><audio_md5>5373477e9e9f1b8353643be3a51143ec</audio_md5><valence>0.382932</valence><danceability>0.486063</danceability></audio_summary><title>As Lovely As You</title></song><song><artist_id>ARFMT4W1187FB42FA8</artist_id><artist_name>Alison Krauss</artist_name><id>SOVVBXH13167713D59</id><audio_summary><key>6</key><analysis_url>http://echonest-analysis.s3.amazonaws.com/TR/jhjRUgaQWo_y5l2t5KFaklB52jLpQVw3WT8I6MA2iTd8PBqThG_CRQhUVqeoUGLZqiIpdr6dPWKzESYK0%3D/3/full.json?AWSAccessKeyId=AKIAJRDFEY23UEVW42BQ&amp;Expires=1415343267&amp;Signature=KFeG8sTpfqpBnPq5gYngmChHEMQ%3D</analysis_url><energy>0.745907</energy><liveness>0.06644</liveness><tempo>105.283</tempo><speechiness>0.031205</speechiness><acousticness>0.417791</acousticness><instrumentalness>0.023379</instrumentalness><mode>0</mode><time_signature>4</time_signature><duration>208.23955</duration><loudness>-7.213</loudness><audio_md5>6e3472bcfe90f75ebc709f9b0eadee28</audio_md5><valence>0.795656</valence><danceability>0.621305</danceability></audio_summary><title>No Place to Hide</title></song><song><artist_id>ARFMT4W1187FB42FA8</artist_id><artist_name>Alison Krauss</artist_name><id>SODPIPK12AB018BD10</id><audio_summary><key>4</key><analysis_url>http://echonest-analysis.s3.amazonaws.com/TR/_f6mkgtglh2wHeXyHJb9L0ST10-gTPa5xEKD1rWc8f7W1JxsA1JGVNPljKGKLExPvgv4g3xL2O2F389kU%3D/3/full.json?AWSAccessKeyId=AKIAJRDFEY23UEVW42BQ&amp;Expires=1415343267&amp;Signature=9y3Pqtj/GXg3Wm8zAMeyoSZ//jw%3D</analysis_url><energy>0.337188</energy><liveness>0.105825</liveness><tempo>104.474</tempo><speechiness>0.030505</speechiness><acousticness>0.628974</acousticness><instrumentalness>0.001311</instrumentalness><mode>1</mode><time_signature>4</time_signature><duration>204.89288</duration><loudness>-13.861</loudness><audio_md5>46f46778869ba77d1827ad377a312eb0</audio_md5><valence>0.774877</valence><danceability>0.617254</danceability></audio_summary><title>Wild Bill Jones</title></song><song><artist_id>ARFMT4W1187FB42FA8</artist_id><artist_name>Alison Krauss</artist_name><id>SOKNXTS13167712FEC</id><audio_summary><key>2</key><analysis_url>http://echonest-analysis.s3.amazonaws.com/TR/Dufr3Q2Sb9DqGG0qxU51iEm14Mz17FAQXy8mfo2xvI4cYREqGV1RQ7JrJIk7eVskdi3wWSnJVzcBMJWHQ%3D/3/full.json?AWSAccessKeyId=AKIAJRDFEY23UEVW42BQ&amp;Expires=1415343267&amp;Signature=n16gQaPQQE0saySCA9JpkF5cz1k%3D</analysis_url><energy>0.387615</energy><liveness>0.062181</liveness><tempo>133.94</tempo><speechiness>0.027134</speechiness><acousticness>0.620631</acousticness><instrumentalness>0.000104</instrumentalness><mode>1</mode><time_signature>4</time_signature><duration>224.87955</duration><loudness>-8.944</loudness><audio_md5>44a123ac0769dc747a70a82fab439291</audio_md5><valence>0.331424</valence><danceability>0.626421</danceability></audio_summary><title>Pastures of Plenty</title></song><song><artist_id>ARFMT4W1187FB42FA8</artist_id><artist_name>Alison Krauss</artist_name><id>SOKXPKD1340BBA69F9</id><audio_summary><key>11</key><analysis_url>http://echonest-analysis.s3.amazonaws.com/TR/ccCtGAgsmUfOF3G33BR__wV1NGe8JLUPH0UCo8D0krUTT7LXH0C0paNqywtzq7u3w2OsQCGRecMuaur5k%3D/3/full.json?AWSAccessKeyId=AKIAJRDFEY23UEVW42BQ&amp;Expires=1415343267&amp;Signature=p0YdoLt1HKurcyc02G7WBJpvyIQ%3D</analysis_url><energy>0.595253</energy><liveness>0.71776</liveness><tempo>90.898</tempo><speechiness>0.041846</speechiness><acousticness>0.441772</acousticness><instrumentalness>0.025078</instrumentalness><mode>0</mode><time_signature>4</time_signature><duration>253.73288</duration><loudness>-11.673</loudness><audio_md5 /><valence>0.504221</valence><danceability>0.581853</danceability></audio_summary><title>Wild Bill Jones</title></song><song><artist_id>ARFMT4W1187FB42FA8</artist_id><artist_name>Alison Krauss</artist_name><id>SOBYRGJ12AB01841B6</id><audio_summary><key>11</key><analysis_url>http://echonest-analysis.s3.amazonaws.com/TR/6bRQkQ0i2IG2PQqKgGVKManbzf51X_uCwgwkwtdInRRHN10OXWRIvjwGSg_p0k1oJ6hVMF8PlPrTrxtXA%3D/3/full.json?AWSAccessKeyId=AKIAJRDFEY23UEVW42BQ&amp;Expires=1415343267&amp;Signature=K1DYERQr5Bb/FMwn9BoYDttj7So%3D</analysis_url><energy>0.544969</energy><liveness>0.12958</liveness><tempo>120.355</tempo><speechiness>0.034067</speechiness><acousticness>0.410868</acousticness><instrumentalness>0.003564</instrumentalness><mode>1</mode><time_signature>4</time_signature><duration>150.10621</duration><loudness>-10.423</loudness><audio_md5>a649042a04bb5851215f111b6581c4a2</audio_md5><valence>0.925387</valence><danceability>0.708193</danceability></audio_summary><title>Another Day, Another Dollar</title></song><song><artist_id>ARFMT4W1187FB42FA8</artist_id><artist_name>Alison Krauss</artist_name><id>SOFEPNX13167712DEA</id><audio_summary><key>9</key><analysis_url>http://echonest-analysis.s3.amazonaws.com/TR/FzuGlAx_mrguxvBscDYQxxZO1mGjM-X5gQjLDvkqA_5trXFWl-SQvb_gaZBQdub_FTxwY1lnhc-inkg-A%3D/3/full.json?AWSAccessKeyId=AKIAJRDFEY23UEVW42BQ&amp;Expires=1415343267&amp;Signature=rYU75s8KyNk%2BgGq1R7ESGrlX2vQ%3D</analysis_url><energy>0.887016</energy><liveness>0.314561</liveness><tempo>166.184</tempo><speechiness>0.035742</speechiness><acousticness>0.237312</acousticness><instrumentalness>0.550693</instrumentalness><mode>1</mode><time_signature>4</time_signature><duration>103.49288</duration><loudness>-6.35</loudness><audio_md5 /><valence>0.915346</valence><danceability>0.470063</danceability></audio_summary><title>Little Liza Jane</title></song><song><artist_id>ARFMT4W1187FB42FA8</artist_id><artist_name>Alison Krauss</artist_name><id>SOADAXF130516E11DA</id><audio_summary><key>4</key><analysis_url>http://echonest-analysis.s3.amazonaws.com/TR/BvomJwFkd34x4vBncgM2YMnSOlRAJ13BfpSz4Cb9IvZYgOH4TJTsLEPe7EATBXR8vyHej_n5pJC_EYNrI%3D/3/full.json?AWSAccessKeyId=AKIAJRDFEY23UEVW42BQ&amp;Expires=1415343267&amp;Signature=QrHbhxCD3ZFJQbaU5R8c58SD9wI%3D</analysis_url><energy>0.474224</energy><liveness>0.291048</liveness><tempo>172.39</tempo><speechiness>0.028813</speechiness><acousticness>0.532012</acousticness><instrumentalness>6.6e-05</instrumentalness><mode>1</mode><time_signature>4</time_signature><duration>174.17288</duration><loudness>-10.96</loudness><audio_md5>3e618981bca67506587319dd5e88e665</audio_md5><valence>0.536044</valence><danceability>0.511848</danceability></audio_summary><title>Miles To Go</title></song><song><artist_id>ARFMT4W1187FB42FA8</artist_id><artist_name>Alison Krauss</artist_name><id>SOYFIBE13167713198</id><audio_summary><key>4</key><analysis_url>http://echonest-analysis.s3.amazonaws.com/TR/1EreBA986qHkTNVw3wqThTgCQEWlZWx51enH0g8pGmkZFM8M8-B05PHJvU13-IrZuWRm_SxjxvCGclqIM%3D/3/full.json?AWSAccessKeyId=AKIAJRDFEY23UEVW42BQ&amp;Expires=1415343267&amp;Signature=89LRZy5xo1mXh6RounZYagmKDTg%3D</analysis_url><energy>0.698993</energy><liveness>0.323895</liveness><tempo>109.701</tempo><speechiness>0.028403</speechiness><acousticness>0.688067</acousticness><instrumentalness>0.087157</instrumentalness><mode>0</mode><time_signature>4</time_signature><duration>140.87955</duration><loudness>-5.742</loudness><audio_md5>f20e49bbc735f064a20833eaa41db9e9</audio_md5><valence>0.785927</valence><danceability>0.595507</danceability></audio_summary><title>This Sad Song</title></song><song><artist_id>ARFMT4W1187FB42FA8</artist_id><artist_name>Alison Krauss</artist_name><id>SOOXVCP130516E296A</id><audio_summary><key>10</key><analysis_url>http://echonest-analysis.s3.amazonaws.com/TR/7qESAALLyq8kydjUrasEPCFRipuvMWgCjt38TyV21eczS0WDj-CtqL06H3b4WAM1p4s9QH0Eej9utBw8g%3D/3/full.json?AWSAccessKeyId=AKIAJRDFEY23UEVW42BQ&amp;Expires=1415343267&amp;Signature=Uf9Oi5oXnSfjLSIuuYizTEOX9x4%3D</analysis_url><energy>0.644961</energy><liveness>0.190881</liveness><tempo>91.107</tempo><speechiness>0.027844</speechiness><acousticness>0.057561</acousticness><instrumentalness>0.000123</instrumentalness><mode>0</mode><time_signature>4</time_signature><duration>215.82621</duration><loudness>-8.927</loudness><audio_md5>bf57352af942e2b835951d0c06bfccf8</audio_md5><valence>0.854422</valence><danceability>0.562924</danceability></audio_summary><title>On The Outside Looking In</title></song><song><artist_id>ARFMT4W1187FB42FA8</artist_id><artist_name>Alison Krauss</artist_name><id>SORALNB12AB0182D80</id><audio_summary><key>9</key><analysis_url>http://echonest-analysis.s3.amazonaws.com/TR/xKs18g2MxKy8D3n41hvHZpU12vjVogI-QXdUk6RrDLc_LMKll9BWekih3cAqRHrfqpSsNNSvYJQgipfyw%3D/3/full.json?AWSAccessKeyId=AKIAJRDFEY23UEVW42BQ&amp;Expires=1415343267&amp;Signature=gJThvGjBYTOL9tA9WblajI7itTQ%3D</analysis_url><energy>0.821676</energy><liveness>0.86588</liveness><tempo>112.363</tempo><speechiness>0.033907</speechiness><acousticness>0.175324</acousticness><instrumentalness>0.000282</instrumentalness><mode>1</mode><time_signature>4</time_signature><duration>188.39955</duration><loudness>-8.482</loudness><audio_md5 /><valence>0.863081</valence><danceability>0.445994</danceability></audio_summary><title>Tiny Broken Heart</title></song><song><artist_id>ARFMT4W1187FB42FA8</artist_id><artist_name>Alison Krauss</artist_name><id>SOUQFUM12AB018BD27</id><audio_summary><key>4</key><analysis_url>http://echonest-analysis.s3.amazonaws.com/TR/lyHpJAYbshoW3ydCAlKwnpcBTIcoWzw14gUFERb4z3FnIV65hqjVvUEAcHh3SOAe6j_ZPX-WZM84XMtZs%3D/3/full.json?AWSAccessKeyId=AKIAJRDFEY23UEVW42BQ&amp;Expires=1415343267&amp;Signature=eDKhheBWyB42G46AKWJw9v7u8a8%3D</analysis_url><energy>0.420212</energy><liveness>0.559115</liveness><tempo>150.613</tempo><speechiness>0.03385</speechiness><acousticness>0.533004</acousticness><instrumentalness>0.17282</instrumentalness><mode>1</mode><time_signature>4</time_signature><duration>169.23955</duration><loudness>-14.953</loudness><audio_md5>2248526877f2b14275a4a2207751fee7</audio_md5><valence>0.714784</valence><danceability>0.403732</danceability></audio_summary><title>Midnight Rider</title></song><song><artist_id>ARFMT4W1187FB42FA8</artist_id><artist_name>Alison Krauss</artist_name><id>SOTTXCZ13167711D0D</id><audio_summary><key>10</key><analysis_url>http://echonest-analysis.s3.amazonaws.com/TR/zStJfgk6zPjrJwb0r-d4hXpGBLL6_TUX0dPWqAc4OkhI3O1h0oxndAQAegvtZJjfPZKXo0tov9WxZWhKM%3D/3/full.json?AWSAccessKeyId=AKIAJRDFEY23UEVW42BQ&amp;Expires=1415343267&amp;Signature=mI1zR4jkcnfLyN0ZNCTujJI9CJQ%3D</analysis_url><energy>0.380126</energy><liveness>0.159764</liveness><tempo>114.123</tempo><speechiness>0.028174</speechiness><acousticness>0.789567</acousticness><instrumentalness>0.001351</instrumentalness><mode>1</mode><time_signature>4</time_signature><duration>190.34621</duration><loudness>-12.421</loudness><audio_md5 /><valence>0.359148</valence><danceability>0.571031</danceability></audio_summary><title>Wouldn't Be So Bad</title></song><song><artist_id>ARFMT4W1187FB42FA8</artist_id><artist_name>Alison Krauss</artist_name><id>SOYYVJP12AB0185267</id><audio_summary><key>4</key><analysis_url>http://echonest-analysis.s3.amazonaws.com/TR/ldy4sQufIOsr3xHprknoYFFNDL1fPeFa2rVLM3PMM0rnWzKVhQP-Md8MS45AEE8JNDIv9xdaMLPqRDzhE%3D/3/full.json?AWSAccessKeyId=AKIAJRDFEY23UEVW42BQ&amp;Expires=1415343267&amp;Signature=XZ6v9ookFglP0JuksBL5NNBGiMw%3D</analysis_url><energy>0.150221</energy><liveness>0.111307</liveness><tempo>121.47</tempo><speechiness>0.046399</speechiness><acousticness>0.916202</acousticness><instrumentalness>0.028091</instrumentalness><mode>1</mode><time_signature>4</time_signature><duration>184.46621</duration><loudness>-19.036</loudness><audio_md5 /><valence>0.573767</valence><danceability>0.625001</danceability></audio_summary><title>Last Love Letter</title></song><song><artist_id>ARFMT4W1187FB42FA8</artist_id><artist_name>Alison Krauss</artist_name><id>SOFZKLN13ECFEB2F7C</id><audio_summary><key>10</key><analysis_url>http://echonest-analysis.s3.amazonaws.com/TR/BvX0ywyEYFFQDbdFeYCYN34WNW8x58G2CNiI6K/3/full.json?AWSAccessKeyId=AKIAJRDFEY23UEVW42BQ&amp;Expires=1415343267&amp;Signature=eTcuxVBGNfKnZShXrhqzbbrSUp0%3D</analysis_url><energy>0.351067</energy><liveness>0.152605</liveness><tempo>142.95</tempo><speechiness>0.026542</speechiness><acousticness>0.829742</acousticness><instrumentalness>0.004999</instrumentalness><mode>1</mode><time_signature>4</time_signature><duration>257.79048</duration><loudness>-10.676</loudness><audio_md5 /><valence>0.17255</valence><danceability>0.494998</danceability></audio_summary><title>Good Love After Bad</title></song><song><artist_id>ARFMT4W1187FB42FA8</artist_id><artist_name>Alison Krauss</artist_name><id>SOKIHLZ130516E1613</id><audio_summary><key>4</key><analysis_url>http://echonest-analysis.s3.amazonaws.com/TR/6mODcgarcPu1_Ajssb1WmJHGScg9YUHSHRaGZlfRWq1BtQbAnV37yaidDs9nnDMZP7CAr2HupgPg0V4mg%3D/3/full.json?AWSAccessKeyId=AKIAJRDFEY23UEVW42BQ&amp;Expires=1415343267&amp;Signature=DDifWP/UIfB50QTFwzeQBvPCu5k%3D</analysis_url><energy>0.604503</energy><liveness>0.353313</liveness><tempo>180.965</tempo><speechiness>0.032417</speechiness><acousticness>0.250394</acousticness><instrumentalness>9e-06</instrumentalness><mode>0</mode><time_signature>4</time_signature><duration>243.27955</duration><loudness>-9.442</loudness><audio_md5>e7c0e11908509428e6eeeec35d55f99b</audio_md5><valence>0.616969</valence><danceability>0.457885</danceability></audio_summary><title>Bonita And Bill Butler</title></song><song><artist_id>ARFMT4W1187FB42FA8</artist_id><artist_name>Alison Krauss</artist_name><id>SOHJXCF130516E37F8</id><audio_summary><key>8</key><analysis_url>http://echonest-analysis.s3.amazonaws.com/TR/kgkzJwvsy2a2BCCtWxC0VlzIf_2qevHh1duQooJXdxRWOgPm7qra-sLIT6vV2db6dx2zQIGIYWCR7vpOw%3D/3/full.json?AWSAccessKeyId=AKIAJRDFEY23UEVW42BQ&amp;Expires=1415343267&amp;Signature=mdw56J0HZVJk7B5gJq7Tj78ikJ0%3D</analysis_url><energy>0.355729</energy><liveness>0.046767</liveness><tempo>106.051</tempo><speechiness>0.024871</speechiness><acousticness>0.813656</acousticness><instrumentalness>0.00208</instrumentalness><mode>1</mode><time_signature>4</time_signature><duration>235.69288</duration><loudness>-13.098</loudness><audio_md5>77f824934ba9acbd4ab9af02a78a00fd</audio_md5><valence>0.395657</valence><danceability>0.696575</danceability></audio_summary><title>Lie Awake</title></song><song><artist_id>ARFMT4W1187FB42FA8</artist_id><artist_name>Alison Krauss</artist_name><id>SOMFOHA130516E4A72</id><audio_summary><key>0</key><analysis_url>http://echonest-analysis.s3.amazonaws.com/TR/aalR5wPyocgBwuIJBrgnjwVdiYFBy78LtK9QCiGpHPYJfiz0Lawfn4q6LjulKrgpiekpkIEOl5QOBT1Zs%3D/3/full.json?AWSAccessKeyId=AKIAJRDFEY23UEVW42BQ&amp;Expires=1415343267&amp;Signature=7ZS2RORZEAbkWz34nraxLVApeoY%3D</analysis_url><energy>0.469676</energy><liveness>0.096303</liveness><tempo>126.932</tempo><speechiness>0.031864</speechiness><acousticness>0.528482</acousticness><instrumentalness>0.005898</instrumentalness><mode>1</mode><time_signature>4</time_signature><duration>186.78621</duration><loudness>-11.64</loudness><audio_md5>8cf836a83935e898121b0880026e1ab5</audio_md5><valence>0.470186</valence><danceability>0.552501</danceability></audio_summary><title>Dust Bowl Children</title></song><song><artist_id>ARFMT4W1187FB42FA8</artist_id><artist_name>Alison Krauss</artist_name><id>SOJQXPB12AB0189C95</id><audio_summary><key>9</key><analysis_url>http://echonest-analysis.s3.amazonaws.com/TR/yvoLMQTUTahr1P7tGOo5vqIwRpAWmE6hUHqm_T4iqnx33-jG2W4LL4xS7k7XEJLJJ13MZdRtP6W5FR5vE%3D/3/full.json?AWSAccessKeyId=AKIAJRDFEY23UEVW42BQ&amp;Expires=1415343267&amp;Signature=3xXLXNjw/L2rOrkF/%2Bpxk/Oewuc%3D</analysis_url><energy>0.713696</energy><liveness>0.237229</liveness><tempo>109.065</tempo><speechiness>0.028175</speechiness><acousticness>0.217449</acousticness><instrumentalness>0.012095</instrumentalness><mode>1</mode><time_signature>4</time_signature><duration>190.93288</duration><loudness>-7.051</loudness><audio_md5>3270cf55deca7415b86fa23a85de8580</audio_md5><valence>0.73347</valence><danceability>0.577671</danceability></audio_summary><title>The Road Is A Lover</title></song><song><artist_id>ARFMT4W1187FB42FA8</artist_id><artist_name>Alison Krauss</artist_name><id>SOBMEKE12A58A7BB72</id><audio_summary><key>10</key><analysis_url>http://echonest-analysis.s3.amazonaws.com/TR/wCCB1AbqYVdpU-059XOyVyx-eMg1W89U6803R7j5vf-jOw_Kq181m4VP0yqXoKYkayjtYRb9F1Li2hVqI%3D/3/full.json?AWSAccessKeyId=AKIAJRDFEY23UEVW42BQ&amp;Expires=1415343267&amp;Signature=vWcs8On2njXe5GqQAS7hrUkFAQk%3D</analysis_url><energy>0.471768</energy><liveness>0.337925</liveness><tempo>135.47</tempo><speechiness>0.03499</speechiness><acousticness>0.761127</acousticness><instrumentalness>0.689615</instrumentalness><mode>1</mode><time_signature>4</time_signature><duration>149.93288</duration><loudness>-15.038</loudness><audio_md5 /><valence>0.963381</valence><danceability>0.577866</danceability></audio_summary><title>Windy City Rag</title></song><song><artist_id>ARFMT4W1187FB42FA8</artist_id><artist_name>Alison Krauss</artist_name><id>SOEJCDM12AB017C3F5</id><audio_summary><key>2</key><analysis_url>http://echonest-analysis.s3.amazonaws.com/TR/oa3whgTzp22IiIz8uUrNSzMSQmInY7FaSJqos8b0rlsaovZ1ajgO-SWuxKf3Mg8wYR60gE1quz-MzLPR8%3D/3/full.json?AWSAccessKeyId=AKIAJRDFEY23UEVW42BQ&amp;Expires=1415343267&amp;Signature=XNa9cQrFaDGieNlBsm3LIQXgeoc%3D</analysis_url><energy>0.562313</energy><liveness>0.08796</liveness><tempo>98.871</tempo><speechiness>0.027046</speechiness><acousticness>0.470094</acousticness><instrumentalness>0.0</instrumentalness><mode>1</mode><time_signature>3</time_signature><duration>123.22621</duration><loudness>-7.443</loudness><audio_md5 /><valence>0.683092</valence><danceability>0.615742</danceability></audio_summary><title>I Don't Have to Live This Way</title></song><song><artist_id>ARFMT4W1187FB42FA8</artist_id><artist_name>Alison Krauss</artist_name><id>SOEPVFD130516E2D32</id><audio_summary><key>0</key><analysis_url>http://echonest-analysis.s3.amazonaws.com/TR/aADP8gwbyWc4qWR-Nwi9mGjPPc1QLXcVtHeNVIfJ3oSNH3KkbR9L7ZN8zCPDhms0QILeBlaYjUuakpuP4%3D/3/full.json?AWSAccessKeyId=AKIAJRDFEY23UEVW42BQ&amp;Expires=1415343267&amp;Signature=02Cp4geCLFY0fgAS9ELYZ/eRDjk%3D</analysis_url><energy>0.305001</energy><liveness>0.101488</liveness><tempo>80.419</tempo><speechiness>0.029054</speechiness><acousticness>0.790865</acousticness><instrumentalness>3e-06</instrumentalness><mode>1</mode><time_signature>4</time_signature><duration>249.45288</duration><loudness>-11.34</loudness><audio_md5>a509ad04b5278a2e9887371ab614e6ef</audio_md5><valence>0.253512</valence><danceability>0.560762</danceability></audio_summary><title>My Opening Farewell</title></song><song><artist_id>ARFMT4W1187FB42FA8</artist_id><artist_name>Alison Krauss</artist_name><id>SOCFVWX130516E13E2</id><audio_summary><key>11</key><analysis_url>http://echonest-analysis.s3.amazonaws.com/TR/iOXUZAJns9mqe34sKaRhNbietTBpmiUie_8fDCSePXcNOE7jt0s5fGXdkDeXCPdsjvs0dJPZDvJAszeDk%3D/3/full.json?AWSAccessKeyId=AKIAJRDFEY23UEVW42BQ&amp;Expires=1415343267&amp;Signature=Z/L3NGk/0npmcMCVJA5KCQBKp40%3D</analysis_url><energy>0.34827</energy><liveness>0.279265</liveness><tempo>159.554</tempo><speechiness>0.029207</speechiness><acousticness>0.834408</acousticness><instrumentalness>1e-06</instrumentalness><mode>1</mode><time_signature>4</time_signature><duration>282.58621</duration><loudness>-10.893</loudness><audio_md5>b11a9ae8c934f4f794308e0096ca0683</audio_md5><valence>0.422073</valence><danceability>0.516535</danceability></audio_summary><title>Sinking Stone</title></song><song><artist_id>ARFMT4W1187FB42FA8</artist_id><artist_name>Alison Krauss</artist_name><id>SOBFVRC12AB01841AD</id><audio_summary><key>10</key><analysis_url>http://echonest-analysis.s3.amazonaws.com/TR/qwZs3Q0gjM9H2Ceeejo9Gjn39Q4Kuw5R93HBh76Y2eBkkK16ml7Ig3q3KGpPzq3FMCM3wyLKN0XOcb1MY%3D/3/full.json?AWSAccessKeyId=AKIAJRDFEY23UEVW42BQ&amp;Expires=1415343267&amp;Signature=HLLw89dj67JgmIE28K4cKfmjfk0%3D</analysis_url><energy>0.413246</energy><liveness>0.10906</liveness><tempo>108.79</tempo><speechiness>0.030541</speechiness><acousticness>0.885222</acousticness><instrumentalness>0.021395</instrumentalness><mode>1</mode><time_signature>4</time_signature><duration>176.37288</duration><loudness>-11.127</loudness><audio_md5 /><valence>0.764035</valence><danceability>0.625922</danceability></audio_summary><title>Lose Again</title></song><song><artist_id>ARFMT4W1187FB42FA8</artist_id><artist_name>Alison Krauss</artist_name><id>SOTGYRV13E90775F3C</id><audio_summary><key>5</key><analysis_url>http://echonest-analysis.s3.amazonaws.com/TR/8289MATsjo_6VDo6hDz9vEA4c59F_xW760iOEP/3/full.json?AWSAccessKeyId=AKIAJRDFEY23UEVW42BQ&amp;Expires=1415343267&amp;Signature=M42XBsl223d8pO2vKJCm18vle5s%3D</analysis_url><energy>0.283633</energy><liveness>0.12448</liveness><tempo>95.265</tempo><speechiness>0.028487</speechiness><acousticness>0.526111</acousticness><instrumentalness>0.0</instrumentalness><mode>1</mode><time_signature>4</time_signature><duration>240.54354</duration><loudness>-17.467</loudness><audio_md5>8619c8584bfea98efb7706904b7136a1</audio_md5><valence>0.589572</valence><danceability>0.459781</danceability></audio_summary><title>Goodbye Is All We Have</title></song><song><artist_id>ARFMT4W1187FB42FA8</artist_id><artist_name>Alison Krauss</artist_name><id>SORSLIT1366E5B9D46</id><audio_summary><key>5</key><analysis_url>http://echonest-analysis.s3.amazonaws.com/TR/TRZYRBZ12BEA95D187/3/full.json?AWSAccessKeyId=AKIAJRDFEY23UEVW42BQ&amp;Expires=1415343267&amp;Signature=lenyMfEBaPKXxA8DQQMcofWPnhI%3D</analysis_url><energy>0.230895</energy><liveness>0.134763</liveness><tempo>143.391</tempo><speechiness>0.025789</speechiness><acousticness>0.498965</acousticness><instrumentalness>0.013734</instrumentalness><mode>0</mode><time_signature>4</time_signature><duration>283.6371</duration><loudness>-19.4</loudness><audio_md5 /><valence>0.719831</valence><danceability>0.485582</danceability></audio_summary><title>"OH, ATLANTA (Live)"</title></song><song><artist_id>ARFMT4W1187FB42FA8</artist_id><artist_name>Alison Krauss</artist_name><id>SOHOKSE12AF72A82E6</id><audio_summary><key>10</key><analysis_url>http://echonest-analysis.s3.amazonaws.com/TR/mB9lVwuh7Mw-G05dpfXtJAY07QR-vL1PqPlwTg6ZbWmv-73Y186mvD7W11k2_hqre1IGQFABCBjf8WJQw%3D/3/full.json?AWSAccessKeyId=AKIAJRDFEY23UEVW42BQ&amp;Expires=1415343267&amp;Signature=w7mwcoJcCobrKawB44dV/hsCEq0%3D</analysis_url><energy>0.730709</energy><liveness>0.060768</liveness><tempo>98.053</tempo><speechiness>0.03226</speechiness><acousticness>0.733167</acousticness><instrumentalness>5e-06</instrumentalness><mode>1</mode><time_signature>4</time_signature><duration>216.14621</duration><loudness>-6.965</loudness><audio_md5 /><valence>0.668233</valence><danceability>0.648095</danceability></audio_summary><title>Only You Can Bring Me Cheer (Gentleman's Lady)</title></song><song><artist_id>ARFMT4W1187FB42FA8</artist_id><artist_name>Alison Krauss</artist_name><id>SOHMRBU12AB018BD0D</id><audio_summary><key>2</key><analysis_url>http://echonest-analysis.s3.amazonaws.com/TR/8hqnNAGYUMT9rZmrohX_cIW82w1tB-rMKqKQzsOWGG3mMIwwt1-b6kuigt5ybz4ZotRsZGDF-s3z_a7y4%3D/3/full.json?AWSAccessKeyId=AKIAJRDFEY23UEVW42BQ&amp;Expires=1415343267&amp;Signature=T9z8N2KPxAn3S%2BXd1cipDCvzwc4%3D</analysis_url><energy>0.157462</energy><liveness>0.09087</liveness><tempo>135.388</tempo><speechiness>0.028342</speechiness><acousticness>0.7512</acousticness><instrumentalness>3.8e-05</instrumentalness><mode>1</mode><time_signature>4</time_signature><duration>175.97288</duration><loudness>-13.485</loudness><audio_md5>4caad4451f3ac5deef98b9b967525f95</audio_md5><valence>0.677103</valence><danceability>0.601857</danceability></audio_summary><title>I'm Alone Again</title></song><song><artist_id>ARFMT4W1187FB42FA8</artist_id><artist_name>Alison Krauss</artist_name><id>SOJGAPR12A58A813FF</id><audio_summary><key>2</key><analysis_url>http://echonest-analysis.s3.amazonaws.com/TR/ayUsQAs34DCnnsr94q-sYIZGDK_lBua7_iJze5y5mpeUp_d-kzssF2Ry0RpUQJ4ns2YnwuanHJG9hXmYQ%3D/3/full.json?AWSAccessKeyId=AKIAJRDFEY23UEVW42BQ&amp;Expires=1415343267&amp;Signature=22LXsQxSKgD3p3ExllJnQ0UMORE%3D</analysis_url><energy>0.281753</energy><liveness>0.381549</liveness><tempo>151.968</tempo><speechiness>0.028941</speechiness><acousticness>0.672437</acousticness><instrumentalness>0.024813</instrumentalness><mode>1</mode><time_signature>4</time_signature><duration>231.50621</duration><loudness>-14.768</loudness><audio_md5>6ccd7aaff35f46fa0010a147c370c7e8</audio_md5><valence>0.792588</valence><danceability>0.579907</danceability></audio_summary><title>Here Comes Goodbye</title></song><song><artist_id>ARFMT4W1187FB42FA8</artist_id><artist_name>Alison Krauss</artist_name><id>SOTQMPL1374129266F</id><audio_summary><key>3</key><analysis_url>http://echonest-analysis.s3.amazonaws.com/TR/DbKoQwo30elNkNoE2HqDydmWDpLigRKFjXcm4oDicfXzWS_RuRT7NgzV1Z3tQNsgB1bFl2m8IRoGfoquc%3D/3/full.json?AWSAccessKeyId=AKIAJRDFEY23UEVW42BQ&amp;Expires=1415343267&amp;Signature=MJdbGTRSrXTJY/%2B3bsSZE%2Bj1BFk%3D</analysis_url><energy>0.352301</energy><liveness>0.144231</liveness><tempo>141.71</tempo><speechiness>0.028086</speechiness><acousticness>0.821284</acousticness><instrumentalness>3e-06</instrumentalness><mode>1</mode><time_signature>4</time_signature><duration>193.57288</duration><loudness>-10.879</loudness><audio_md5 /><valence>0.447375</valence><danceability>0.491546</danceability></audio_summary><title>These Days</title></song><song><artist_id>ARFMT4W1187FB42FA8</artist_id><artist_name>Alison Krauss</artist_name><id>SOEYCSM12AB0184161</id><audio_summary><key>3</key><analysis_url>http://echonest-analysis.s3.amazonaws.com/TR/YCSnzQT3bYXmmCXPFdQ4SAI3WsCmAucfkDFEGpWDw_UQNidZprC3f-MYKroPsvSHyLK9LU8SIlHmcS9Ug%3D/3/full.json?AWSAccessKeyId=AKIAJRDFEY23UEVW42BQ&amp;Expires=1415343267&amp;Signature=gKpQyePO6JEEvNkVRj58TN50o6c%3D</analysis_url><energy>0.268627</energy><liveness>0.114043</liveness><tempo>193.411</tempo><speechiness>0.044204</speechiness><acousticness>0.927603</acousticness><instrumentalness>7.2e-05</instrumentalness><mode>1</mode><time_signature>4</time_signature><duration>198.19955</duration><loudness>-16.176</loudness><audio_md5>ce4ff1babefb2a3a8e24021e19b7e2b0</audio_md5><valence>0.682227</valence><danceability>0.524041</danceability></audio_summary><title>Who Can Blame You</title></song><song><artist_id>ARFMT4W1187FB42FA8</artist_id><artist_name>Alison Krauss</artist_name><id>SOCTEZW13167711AE2</id><audio_summary><key>9</key><analysis_url>http://echonest-analysis.s3.amazonaws.com/TR/76vNqQKdNzZom0z_iIH8dpQM9c9CjAbyMIwFU_RbwqyRpVQ-QwznaFJOIsdmCDy21okrQT83Iq6ibNY8I%3D/3/full.json?AWSAccessKeyId=AKIAJRDFEY23UEVW42BQ&amp;Expires=1415343267&amp;Signature=w%2BwLs7VaXVKP9rU0DJO2KZCSa6U%3D</analysis_url><energy>0.533448</energy><liveness>0.070517</liveness><tempo>125.164</tempo><speechiness>0.035035</speechiness><acousticness>0.670041</acousticness><instrumentalness>0.931652</instrumentalness><mode>1</mode><time_signature>4</time_signature><duration>154.50621</duration><loudness>-12.938</loudness><audio_md5>41aa346702b4449be8716a5009ca9851</audio_md5><valence>0.962728</valence><danceability>0.620808</danceability></audio_summary><title>Cluck Old Hen</title></song><song><artist_id>ARFMT4W1187FB42FA8</artist_id><artist_name>Alison Krauss</artist_name><id>SOKGNHJ12AB0184195</id><audio_summary><key>4</key><analysis_url>http://echonest-analysis.s3.amazonaws.com/TR/En26LAZHy_hwVhvJz9Ybl0JkIEmsT4m9edU12X-6mvENv1HFeYQDjlkW9mvIDzD6xoK8Wpqm4hrwVurPI%3D/3/full.json?AWSAccessKeyId=AKIAJRDFEY23UEVW42BQ&amp;Expires=1415343267&amp;Signature=8XCgMrIuzjPRmCFlfTg40PvPXgE%3D</analysis_url><energy>0.222603</energy><liveness>0.145597</liveness><tempo>91.487</tempo><speechiness>0.033442</speechiness><acousticness>0.935604</acousticness><instrumentalness>0.017043</instrumentalness><mode>1</mode><time_signature>4</time_signature><duration>200.03955</duration><loudness>-17.688</loudness><audio_md5>f2fbf34cc0f80813b21d871cfca71551</audio_md5><valence>0.808906</valence><danceability>0.728599</danceability></audio_summary><title>Cloudy Days</title></song><song><artist_id>ARFMT4W1187FB42FA8</artist_id><artist_name>Alison Krauss</artist_name><id>SOBOGRJ13774C9F730</id><audio_summary><key>4</key><analysis_url>http://echonest-analysis.s3.amazonaws.com/TR/EUVcwwpDxKbZUQzx4yXJdlPuraApC9lRi731XotiF_RYkgkRT1602YztRx1i0rZopKoN87BIqRQMjNJVI%3D/3/full.json?AWSAccessKeyId=AKIAJRDFEY23UEVW42BQ&amp;Expires=1415343267&amp;Signature=mf3vZh9e2OjMWXl%2B3eGfcBXNAIk%3D</analysis_url><energy>0.765742</energy><liveness>0.711711</liveness><tempo>141.232</tempo><speechiness>0.036215</speechiness><acousticness>0.069477</acousticness><instrumentalness>0.039814</instrumentalness><mode>0</mode><time_signature>4</time_signature><duration>205.29288</duration><loudness>-9.884</loudness><audio_md5 /><valence>0.677212</valence><danceability>0.401361</danceability></audio_summary><title>Choctaw Hayride</title></song><song><artist_id>ARFMT4W1187FB42FA8</artist_id><artist_name>Alison Krauss</artist_name><id>SOGBEMI13774C9E3DF</id><audio_summary><key>4</key><analysis_url>http://echonest-analysis.s3.amazonaws.com/TR/UmIbWwcGsTKEQjZwE-c5s_5vB8i8bj8bJjRbrClFkDhZQ4IL_LlmHW2bk79oARMEdN2XLjK8M00zxAA9g%3D/3/full.json?AWSAccessKeyId=AKIAJRDFEY23UEVW42BQ&amp;Expires=1415343267&amp;Signature=DhONX2zuO/m15lSD6GjKFUPsAYU%3D</analysis_url><energy>0.711046</energy><liveness>0.356569</liveness><tempo>136.821</tempo><speechiness>0.027913</speechiness><acousticness>0.120924</acousticness><instrumentalness>0.963171</instrumentalness><mode>0</mode><time_signature>4</time_signature><duration>190.55955</duration><loudness>-9.012</loudness><audio_md5>1f4c63eabc44fd6c449812cc76f6cef1</audio_md5><valence>0.711883</valence><danceability>0.488906</danceability></audio_summary><title>Choctaw Hayride</title></song><song><artist_id>ARFMT4W1187FB42FA8</artist_id><artist_name>Alison Krauss</artist_name><id>SOIICVA131677123BF</id><audio_summary><key>7</key><analysis_url>http://echonest-analysis.s3.amazonaws.com/TR/L3uYQQUiK1NJeazdwcM0Mc54vGcPC5iBT5M9eD1s4wOMm5MMkY6Y0yN0Ki3ypmTMwTkzvv3p5X5Q78_5o%3D/3/full.json?AWSAccessKeyId=AKIAJRDFEY23UEVW42BQ&amp;Expires=1415343267&amp;Signature=v3BEVEhkfecAARLq6OKAgqcBBIk%3D</analysis_url><energy>0.125903</energy><liveness>0.125033</liveness><tempo>164.973</tempo><speechiness>0.032315</speechiness><acousticness>0.923501</acousticness><instrumentalness>0.008344</instrumentalness><mode>1</mode><time_signature>4</time_signature><duration>320.15955</duration><loudness>-14.557</loudness><audio_md5>199a7e4769edba3ac5a32b18032947dd</audio_md5><valence>0.330865</valence><danceability>0.333381</danceability></audio_summary><title>Dimming Of The Day</title></song><song><artist_id>ARFMT4W1187FB42FA8</artist_id><artist_name>Alison Krauss</artist_name><id>SOAWSBT1316771394A</id><audio_summary><key>7</key><analysis_url>http://echonest-analysis.s3.amazonaws.com/TR/YAkUJQRWnCkX1U5rP3nGZj2z6_mV-MEnXsO49BUCOiM5AO965OvjmrnCK2QLNstGdypVFFhlCoVpJftu8%3D/3/full.json?AWSAccessKeyId=AKIAJRDFEY23UEVW42BQ&amp;Expires=1415343267&amp;Signature=dNVppPROWQ1AFOfrwfunUvH0d4U%3D</analysis_url><energy>0.559167</energy><liveness>0.257196</liveness><tempo>190.183</tempo><speechiness>0.033597</speechiness><acousticness>0.502471</acousticness><instrumentalness>4.3e-05</instrumentalness><mode>1</mode><time_signature>4</time_signature><duration>173.59955</duration><loudness>-7.275</loudness><audio_md5>b6dbf5ec36d481f8256adc5e49079184</audio_md5><valence>0.501868</valence><danceability>0.520607</danceability></audio_summary><title>Pain Of A Troubled Life</title></song><song><artist_id>ARFMT4W1187FB42FA8</artist_id><artist_name>Alison Krauss</artist_name><id>SOCTBOP13F3F7A7371</id><audio_summary><key>1</key><analysis_url>http://echonest-analysis.s3.amazonaws.com/TR/1DqPJAtzMQ6AGvn1l6Mbg_x93Co7VMGxQje3RE2SF7UTJhctMPTheyvWuXvSn6BAoRsSDLR-SCSMYLsQw%3D/3/full.json?AWSAccessKeyId=AKIAJRDFEY23UEVW42BQ&amp;Expires=1415343267&amp;Signature=igFUUiNLVbRuv4thEjeao2lrb9s%3D</analysis_url><energy>0.267208</energy><liveness>0.124299</liveness><tempo>75.88</tempo><speechiness>0.033522</speechiness><acousticness>0.908397</acousticness><instrumentalness>1e-06</instrumentalness><mode>1</mode><time_signature>4</time_signature><duration>191.31955</duration><loudness>-12.333</loudness><audio_md5 /><valence>0.310916</valence><danceability>0.43324</danceability></audio_summary><title>Evermore</title></song><song><artist_id>ARFMT4W1187FB42FA8</artist_id><artist_name>Alison Krauss</artist_name><id>SORRDGM13F62A9867A</id><audio_summary><key>0</key><analysis_url>http://echonest-analysis.s3.amazonaws.com/TR/Kw5aSAyMxYVnevBEy_nhgo0HGBDgYqL8rnUAAA/3/full.json?AWSAccessKeyId=AKIAJRDFEY23UEVW42BQ&amp;Expires=1415343267&amp;Signature=2hh7gk3V6J08tVFRFUyE2fRfznc%3D</analysis_url><energy>0.267313</energy><liveness>0.103401</liveness><tempo>134.438</tempo><speechiness>0.028749</speechiness><acousticness>0.884171</acousticness><instrumentalness>4e-06</instrumentalness><mode>1</mode><time_signature>4</time_signature><duration>251.78231</duration><loudness>-11.006</loudness><audio_md5>f23ce6666497042150ee179c023de6cc</audio_md5><valence>0.313026</valence><danceability>0.490667</danceability></audio_summary><title>Help Me</title></song><song><artist_id>ARFMT4W1187FB42FA8</artist_id><artist_name>Alison Krauss</artist_name><id>SOCAFEY12AB018BD17</id><audio_summary><key>3</key><analysis_url>http://echonest-analysis.s3.amazonaws.com/TR/WDsijw66-Hs_w5uu8QX-VE4pbTnClo6-hEMLqe7y27ys0vjSQ0qLVBSiwI6uQusUT2yEtG569SiN2pYAc%3D/3/full.json?AWSAccessKeyId=AKIAJRDFEY23UEVW42BQ&amp;Expires=1415343267&amp;Signature=Teumbtskd3/KSQUPT7%2B3ODjadCI%3D</analysis_url><energy>0.302385</energy><liveness>0.1075</liveness><tempo>119.381</tempo><speechiness>0.033445</speechiness><acousticness>0.598552</acousticness><instrumentalness>0.001825</instrumentalness><mode>1</mode><time_signature>4</time_signature><duration>143.02621</duration><loudness>-14.427</loudness><audio_md5>2f5d23181135c2bffa4ee0f1c60be3be</audio_md5><valence>0.771851</valence><danceability>0.713342</danceability></audio_summary><title>Love You In Vain</title></song><song><artist_id>ARFMT4W1187FB42FA8</artist_id><artist_name>Alison Krauss</artist_name><id>SONTVWB14669DA7FF5</id><audio_summary><key>7</key><analysis_url>http://echonest-analysis.s3.amazonaws.com/TR/X8NSlg31_Drf3X9LHxLgUHC_tIfxilUaE7xBTw/3/full.json?AWSAccessKeyId=AKIAJRDFEY23UEVW42BQ&amp;Expires=1415343267&amp;Signature=ZDf99dxgvbXGla66kZMN3txf2qs%3D</analysis_url><energy>0.180841</energy><liveness>0.186</liveness><tempo>156.243</tempo><speechiness /><acousticness>0.949387</acousticness><instrumentalness>0.020864</instrumentalness><mode>1</mode><time_signature>4</time_signature><duration>336.66567</duration><loudness>-13.485</loudness><audio_md5 /><valence>0.163702</valence><danceability>0.212154</danceability></audio_summary><title>Dimming of the Day</title></song><song><artist_id>ARFMT4W1187FB42FA8</artist_id><artist_name>Alison Krauss</artist_name><id>SOXYZIU1311AFD74A6</id><audio_summary><key>9</key><analysis_url>http://echonest-analysis.s3.amazonaws.com/TR/NBVKFA_Hb-8FcQHKjCHqNi9uUbTOJWT2-Q025GtrU1Wdm_V2oAoAvK2cAcf9ePG8Ab-tkPwQzRvs7iGPg%3D/3/full.json?AWSAccessKeyId=AKIAJRDFEY23UEVW42BQ&amp;Expires=1415343267&amp;Signature=gsjOYgxYKVEl9V5d3B9TfNkNsCo%3D</analysis_url><energy>0.329407</energy><liveness>0.110758</liveness><tempo>116.867</tempo><speechiness>0.039716</speechiness><acousticness>0.767011</acousticness><instrumentalness>0.001695</instrumentalness><mode>1</mode><time_signature>4</time_signature><duration>226.03955</duration><loudness>-9.933</loudness><audio_md5>bfbd868444d3a1d0e8f69787ac4cf576</audio_md5><valence>0.52972</valence><danceability>0.762744</danceability></audio_summary><title>Any Old Time</title></song><song><artist_id>ARFMT4W1187FB42FA8</artist_id><artist_name>Alison Krauss</artist_name><id>SOZYCGI12AB0189CA4</id><audio_summary><key>0</key><analysis_url>http://echonest-analysis.s3.amazonaws.com/TR/z5EMCQIlRKr2eoP_M3tqXvKuAWF3gyYlq1Dza-1KnQyNz-uRkIgCr647jh9Vq9jK_Jj5C4ABQpsNp5C-E%3D/3/full.json?AWSAccessKeyId=AKIAJRDFEY23UEVW42BQ&amp;Expires=1415343267&amp;Signature=bqZK7GRX4ww8XM19Kdte4IlEhi0%3D</analysis_url><energy>0.373608</energy><liveness>0.15765</liveness><tempo>91.219</tempo><speechiness>0.030672</speechiness><acousticness>0.802931</acousticness><instrumentalness>5e-06</instrumentalness><mode>1</mode><time_signature>4</time_signature><duration>213.57288</duration><loudness>-9.885</loudness><audio_md5>34457435069d405b30d31242c87ac99c</audio_md5><valence>0.423842</valence><danceability>0.566392</danceability></audio_summary><title>Find My Way Back To My Heart</title></song><song><artist_id>ARFMT4W1187FB42FA8</artist_id><artist_name>Alison Krauss</artist_name><id>SOKMKPY12AC4687186</id><audio_summary><key>3</key><analysis_url>http://echonest-analysis.s3.amazonaws.com/TR/JnUPcww_RDz4FaV4RlLhaZHbFJW61ULGOZe3r9yPPcMLmkUGT-xMF4fd8giNqyI85_HITQpwqW6ipDR-0%3D/3/full.json?AWSAccessKeyId=AKIAJRDFEY23UEVW42BQ&amp;Expires=1415343267&amp;Signature=2lOlLJfKOwYzw6cv0UBVIbtAADg%3D</analysis_url><energy>0.150451</energy><liveness>0.10072</liveness><tempo>160.419</tempo><speechiness>0.038468</speechiness><acousticness>0.795497</acousticness><instrumentalness>0.0</instrumentalness><mode>1</mode><time_signature>3</time_signature><duration>184.79955</duration><loudness>-14.279</loudness><audio_md5>a3950217f5d3cbb88982ba63aea70afb</audio_md5><valence>0.40884</valence><danceability>0.492046</danceability></audio_summary><title>Heaven's Bright Shore</title></song><song><artist_id>ARFMT4W1187FB42FA8</artist_id><artist_name>Alison Krauss</artist_name><id>SONTADS12A58A7E7E5</id><audio_summary><key>2</key><analysis_url>http://echonest-analysis.s3.amazonaws.com/TR/OyOjxA4hFr1y4nzqe_6by6hZGwZHV6eUVR7NxI1e6yOL0iSHEswi4NUKEvFrOk5dMYQ9qY5twqFkt7yPw%3D/3/full.json?AWSAccessKeyId=AKIAJRDFEY23UEVW42BQ&amp;Expires=1415343267&amp;Signature=GtKKqJizzbQZYfdjOkk%2BrNql38c%3D</analysis_url><energy>0.18648</energy><liveness>0.312983</liveness><tempo>97.132</tempo><speechiness>0.042433</speechiness><acousticness>0.969794</acousticness><instrumentalness>0.651849</instrumentalness><mode>1</mode><time_signature>4</time_signature><duration>141.66621</duration><loudness>-15.417</loudness><audio_md5>44dcf41b685ec7872ef30e1ef80f72bc</audio_md5><valence>0.962515</valence><danceability>0.619107</danceability></audio_summary><title>Forgotten Pictures</title></song><song><artist_id>ARFMT4W1187FB42FA8</artist_id><artist_name>Alison Krauss</artist_name><id>SOULSTD12A58A79A94</id><audio_summary><key>2</key><analysis_url>http://echonest-analysis.s3.amazonaws.com/TR/lSuE-gGqfov36Dlc3zYlhOMxzglccyybLxEG4vv9GeGe1Rxq9jw4ZqxvgjOxNspL8_OUAZVzPrsgnAePM%3D/3/full.json?AWSAccessKeyId=AKIAJRDFEY23UEVW42BQ&amp;Expires=1415343267&amp;Signature=Tab32n//vz/oQBVAr7JonmVYNn8%3D</analysis_url><energy>0.594878</energy><liveness>0.131998</liveness><tempo>127.936</tempo><speechiness>0.034169</speechiness><acousticness>0.643709</acousticness><instrumentalness>0.952538</instrumentalness><mode>1</mode><time_signature>4</time_signature><duration>221.22621</duration><loudness>-12.748</loudness><audio_md5>315d88f598fdf7e30ba8ff15f69bd878</audio_md5><valence>0.974831</valence><danceability>0.637488</danceability></audio_summary><title>Dusty Miller</title></song><song><artist_id>ARFMT4W1187FB42FA8</artist_id><artist_name>Alison Krauss</artist_name><id>SOSJVFZ12AB018BD22</id><audio_summary><key>0</key><analysis_url>http://echonest-analysis.s3.amazonaws.com/TR/vigdpQj0IpYVZu9te3zJxYLim4k66qwMtqobvvScWL_1fydcBzByzNWFNcfTmD8X_7GTeq3n_yFZqGLVw%3D/3/full.json?AWSAccessKeyId=AKIAJRDFEY23UEVW42BQ&amp;Expires=1415343267&amp;Signature=Sa0/Ev%2BkZKOMrtYPMuQjLQ5vc/8%3D</analysis_url><energy>0.132849</energy><liveness>0.180018</liveness><tempo>131.627</tempo><speechiness>0.032629</speechiness><acousticness>0.866419</acousticness><instrumentalness>4.3e-05</instrumentalness><mode>0</mode><time_signature>4</time_signature><duration>247.73288</duration><loudness>-18.044</loudness><audio_md5>1baea30fec24420efd61cc0ec4bcd7f5</audio_md5><valence>0.577764</valence><danceability>0.573484</danceability></audio_summary><title>Lord Don't Forsake Me</title></song><song><artist_id>ARFMT4W1187FB42FA8</artist_id><artist_name>Alison Krauss</artist_name><id>SOSGHSR1376644D519</id><audio_summary><key>10</key><analysis_url>http://echonest-analysis.s3.amazonaws.com/TR/TqOYaAyfeQAzsJ_Ijsehv7Jblz_9XBzPdYn5KnvteGrch_x6CWKAp95t2vQblJmHWXFq3jV2X_roU1gDs%3D/3/full.json?AWSAccessKeyId=AKIAJRDFEY23UEVW42BQ&amp;Expires=1415343267&amp;Signature=LjkCnGWaoArOfwNMzb61KW%2BQ/AQ%3D</analysis_url><energy>0.290077</energy><liveness>0.849922</liveness><tempo>129.787</tempo><speechiness>0.03404</speechiness><acousticness>0.724127</acousticness><instrumentalness>0.0</instrumentalness><mode>1</mode><time_signature>4</time_signature><duration>269.83955</duration><loudness>-11.072</loudness><audio_md5 /><valence>0.275693</valence><danceability>0.413955</danceability></audio_summary><title>Ghost In This House (Live at Louisville Palace/2002)</title></song><song><artist_id>ARFMT4W1187FB42FA8</artist_id><artist_name>Alison Krauss</artist_name><id>SOTUTTP137412927F3</id><audio_summary><key>4</key><analysis_url>http://echonest-analysis.s3.amazonaws.com/TR/nJU-KAUYeSh6KxjNT8jTDWXJsCts_5NvnR6FWiFkEEEBpcEWGIgsP5IwByaQ4afJklpYS6TKOAbRx_q8c%3D/3/full.json?AWSAccessKeyId=AKIAJRDFEY23UEVW42BQ&amp;Expires=1415343267&amp;Signature=MMVWGJVYWHFrKywd1vELoVRvP8Q%3D</analysis_url><energy>0.20459</energy><liveness>0.124455</liveness><tempo>106.87</tempo><speechiness>0.028384</speechiness><acousticness>0.88376</acousticness><instrumentalness>4e-06</instrumentalness><mode>1</mode><time_signature>4</time_signature><duration>206.81288</duration><loudness>-14.182</loudness><audio_md5 /><valence>0.352887</valence><danceability>0.706683</danceability></audio_summary><title>A Place Outside</title></song><song><artist_id>ARFMT4W1187FB42FA8</artist_id><artist_name>Alison Krauss</artist_name><id>SOMYFHR12AB017B354</id><audio_summary><key>10</key><analysis_url>http://echonest-analysis.s3.amazonaws.com/TR/wMWSdwnPkHc7zcHXUiWTxdy6j-yWcuxNluevDbqcl1z5jTP9DVDFFnXycvZoEDv4D-MxcPbBKdnADiulY%3D/3/full.json?AWSAccessKeyId=AKIAJRDFEY23UEVW42BQ&amp;Expires=1415343267&amp;Signature=MKtl60B81KkPYBojrEHhox/%2BqNk%3D</analysis_url><energy>0.611016</energy><liveness>0.661446</liveness><tempo>118.796</tempo><speechiness>0.041489</speechiness><acousticness>0.745004</acousticness><instrumentalness>2e-06</instrumentalness><mode>1</mode><time_signature>4</time_signature><duration>200.25288</duration><loudness>-10.533</loudness><audio_md5 /><valence>0.508677</valence><danceability>0.475028</danceability></audio_summary><title>Faraway Land (Live at Louisville Palace/2002)</title></song><song><artist_id>ARFMT4W1187FB42FA8</artist_id><artist_name>Alison Krauss</artist_name><id>SONBHNJ12A6D4FD243</id><audio_summary><key>4</key><analysis_url>http://echonest-analysis.s3.amazonaws.com/TR/Lm6-5gvDzJDm34X9--t9SNxVusA0Ow4-NAcjm4Crfc4YhsmUwRbWX1aJH8nbyCIR0MjeefJTn1HVYQPdY%3D/3/full.json?AWSAccessKeyId=AKIAJRDFEY23UEVW42BQ&amp;Expires=1415343267&amp;Signature=ZLYdSkCOvy8WnO8uEzIGH/K3sH8%3D</analysis_url><energy>0.145309</energy><liveness>0.494059</liveness><tempo>91.025</tempo><speechiness>0.076444</speechiness><acousticness>0.885129</acousticness><instrumentalness>0.0</instrumentalness><mode>1</mode><time_signature>1</time_signature><duration>129.67955</duration><loudness>-16.079</loudness><audio_md5>aee920d5ed2fbf2bbaad303fa5a4ddfe</audio_md5><valence>0.125701</valence><danceability>0.437036</danceability></audio_summary><title>Down To The River To Pray (Live at Louisville Palace/2002)</title></song><song><artist_id>ARFMT4W1187FB42FA8</artist_id><artist_name>Alison Krauss</artist_name><id>SONLGGX1373384298F</id><audio_summary><key>10</key><analysis_url>http://echonest-analysis.s3.amazonaws.com/TR/TRTKVOR12BEA95D18C/3/full.json?AWSAccessKeyId=AKIAJRDFEY23UEVW42BQ&amp;Expires=1415343267&amp;Signature=VAjZas0GXqW9fIXoLYTXykccCCo%3D</analysis_url><energy>0.144784</energy><liveness>0.103487</liveness><tempo>169.068</tempo><speechiness>0.036645</speechiness><acousticness>0.875951</acousticness><instrumentalness>0.046788</instrumentalness><mode>1</mode><time_signature>4</time_signature><duration>189.98812</duration><loudness>-21.903</loudness><audio_md5 /><valence>0.782419</valence><danceability>0.37217</danceability></audio_summary><title>THE LUCKY ONE (Radio Single)</title></song><song><artist_id>ARFMT4W1187FB42FA8</artist_id><artist_name>Alison Krauss</artist_name><id>SOMPTVN12AF729E2F9</id><audio_summary><key>4</key><analysis_url>http://echonest-analysis.s3.amazonaws.com/TR/DgjdRQJUuhvxM_IXE7gpAELrNPlnDkKmV9vhnILZ9SGnXjPFA8zHhRTTygKf-rZe1vlK2w3zcX_PEFltw%3D/3/full.json?AWSAccessKeyId=AKIAJRDFEY23UEVW42BQ&amp;Expires=1415343267&amp;Signature=2oXp6criZ0P3E7zyS6SFPbfKd/0%3D</analysis_url><energy>0.267843</energy><liveness>0.102956</liveness><tempo>152.757</tempo><speechiness>0.029277</speechiness><acousticness>0.790467</acousticness><instrumentalness>0.006978</instrumentalness><mode>0</mode><time_signature>3</time_signature><duration>339.43955</duration><loudness>-10.823</loudness><audio_md5 /><valence>0.151643</valence><danceability>0.361406</danceability></audio_summary><title>Nights in White Satin</title></song><song><artist_id>ARFMT4W1187FB42FA8</artist_id><artist_name>Alison Krauss</artist_name><id>SOOBHTY13774C9E814</id><audio_summary><key>5</key><analysis_url>http://echonest-analysis.s3.amazonaws.com/TR/HX-u-wq6XW1O26w_Q36Un6M70koRvgc1FnfOqT21_pIET0zJB6XTbuevRktQvNnAxzPXTqzNfqI3ywlgw%3D/3/full.json?AWSAccessKeyId=AKIAJRDFEY23UEVW42BQ&amp;Expires=1415343267&amp;Signature=a7AuZCGC8R0niv9ptPTyT7%2B7AaI%3D</analysis_url><energy>0.768737</energy><liveness>0.676924</liveness><tempo>142.936</tempo><speechiness>0.150668</speechiness><acousticness>0.538975</acousticness><instrumentalness>7.7e-05</instrumentalness><mode>0</mode><time_signature>4</time_signature><duration>407.03955</duration><loudness>-8.824</loudness><audio_md5 /><valence>0.60074</valence><danceability>0.386851</danceability></audio_summary><title>Oh Atlanta (Live at Louisville Palace/2002)</title></song><song><artist_id>ARFMT4W1187FB42FA8</artist_id><artist_name>Alison Krauss</artist_name><id>SOOQBME1366E5B51D7</id><audio_summary><key>5</key><analysis_url>http://echonest-analysis.s3.amazonaws.com/TR/WG7TxA1yjbCWbfXnIZ0JJAIaO_FwN538wAHS2VxHY4sgy9FT4n-DFjJmPpEfhxf9D17oQ9zrtapwckfcw%3D/3/full.json?AWSAccessKeyId=AKIAJRDFEY23UEVW42BQ&amp;Expires=1415343267&amp;Signature=q81RPR0MTJDWfYhoF21nFrZs5BU%3D</analysis_url><energy>0.80577</energy><liveness>0.968893</liveness><tempo>97.972</tempo><speechiness>0.04549</speechiness><acousticness>0.339701</acousticness><instrumentalness>7e-06</instrumentalness><mode>1</mode><time_signature>3</time_signature><duration>252.03955</duration><loudness>-8.925</loudness><audio_md5 /><valence>0.912506</valence><danceability>0.43502</danceability></audio_summary><title>I Am A Man Of Constant Sorrow (Live at Louisville Palace/2002)</title></song><song><artist_id>ARFMT4W1187FB42FA8</artist_id><artist_name>Alison Krauss</artist_name><id>SOENTUQ12AF72A50EF</id><audio_summary><key>4</key><analysis_url>http://echonest-analysis.s3.amazonaws.com/TR/at2vBwNtGwEfVnWRTIdOR6maKYQ0cVgM_0tBz0Byr1aqy4EDP2Pnn-oMJYiX0DfpLh7jqxIXnIczaFEv8%3D/3/full.json?AWSAccessKeyId=AKIAJRDFEY23UEVW42BQ&amp;Expires=1415343267&amp;Signature=9KgK4q6VfhXPN%2BlDEae4JfWcmoU%3D</analysis_url><energy>0.462059</energy><liveness>0.729642</liveness><tempo>187.542</tempo><speechiness>0.044328</speechiness><acousticness>0.238102</acousticness><instrumentalness>1.8e-05</instrumentalness><mode>1</mode><time_signature>4</time_signature><duration>198.25288</duration><loudness>-12.464</loudness><audio_md5 /><valence>0.101039</valence><danceability>0.306154</danceability></audio_summary><title>Forget About It (Live at Louisville Palace/2002)</title></song><song><artist_id>ARFMT4W1187FB42FA8</artist_id><artist_name>Alison Krauss</artist_name><id>SOHYZHA13E9064D9D7</id><audio_summary><key>11</key><analysis_url>http://echonest-analysis.s3.amazonaws.com/TR/pxsxCQ9V73IyOvWzqX2qsNPKAoEh6aDIgCr9bd/3/full.json?AWSAccessKeyId=AKIAJRDFEY23UEVW42BQ&amp;Expires=1415343267&amp;Signature=XKOVPJowylAgvzDZaKjJbyYx34o%3D</analysis_url><energy>0.11933</energy><liveness>0.135462</liveness><tempo>83.931</tempo><speechiness>0.507904</speechiness><acousticness>0.873239</acousticness><instrumentalness>0.0</instrumentalness><mode>1</mode><time_signature>4</time_signature><duration>936.31955</duration><loudness>-26.592</loudness><audio_md5>67584799911e4c126a10742637a0af6a</audio_md5><valence>0.373783</valence><danceability>0.480724</danceability></audio_summary><title>Paper Airplane EPK</title></song><song><artist_id>ARFMT4W1187FB42FA8</artist_id><artist_name>Alison Krauss</artist_name><id>SOJWGZK1374129282E</id><audio_summary><key>7</key><analysis_url>http://echonest-analysis.s3.amazonaws.com/TR/SPfwdQVdiNJqHWLmNLmL5ehnwITitfqja9CiAt_u5WFd0rc1qLBW55J7Cg3WhVlTQA1rlvCv_QqGncaq4%3D/3/full.json?AWSAccessKeyId=AKIAJRDFEY23UEVW42BQ&amp;Expires=1415343267&amp;Signature=0BITv9QP%2BfSleJw0jT1j01%2BWYn8%3D</analysis_url><energy>0.610233</energy><liveness>0.697749</liveness><tempo>135.316</tempo><speechiness>0.031114</speechiness><acousticness>0.377516</acousticness><instrumentalness>0.408677</instrumentalness><mode>1</mode><time_signature>4</time_signature><duration>325.70621</duration><loudness>-9.643</loudness><audio_md5 /><valence>0.481979</valence><danceability>0.359409</danceability></audio_summary><title>We Hide &amp; Seek (Live at Louisville Palace/2002)</title></song><song><artist_id>ARFMT4W1187FB42FA8</artist_id><artist_name>Alison Krauss</artist_name><id>SOLFJHG12B0B80B3E4</id><audio_summary><key>6</key><analysis_url>http://echonest-analysis.s3.amazonaws.com/TR/FQPWWwKKOf91_1nEJpaJ6B3_JxyK6sHkOoXiks-wi5PxaI9w4l9mpVyMiT3k4UbB5nAa15mg43TLl4p7E%3D/3/full.json?AWSAccessKeyId=AKIAJRDFEY23UEVW42BQ&amp;Expires=1415343267&amp;Signature=m2HE5ALdc7Hih%2BjpEUD84pj7dQc%3D</analysis_url><energy>0.435861</energy><liveness>0.700791</liveness><tempo>95.166</tempo><speechiness>0.030579</speechiness><acousticness>0.538238</acousticness><instrumentalness>0.0</instrumentalness><mode>1</mode><time_signature>4</time_signature><duration>196.50621</duration><loudness>-11.149</loudness><audio_md5 /><valence>0.32638</valence><danceability>0.355135</danceability></audio_summary><title>Stay (Live at Louisville Palace/2002)</title></song><song><artist_id>ARFMT4W1187FB42FA8</artist_id><artist_name>Alison Krauss</artist_name><id>SOIKXZJ1373340AA93</id><audio_summary><key>6</key><analysis_url>http://echonest-analysis.s3.amazonaws.com/TR/TRHMAWB12BEA95D191/3/full.json?AWSAccessKeyId=AKIAJRDFEY23UEVW42BQ&amp;Expires=1415343267&amp;Signature=X1V1uXLUN2tiwuoUEbqqX/lyFHI%3D</analysis_url><energy>0.354368</energy><liveness>0.214137</liveness><tempo>103.267</tempo><speechiness>0.025747</speechiness><acousticness>0.023615</acousticness><instrumentalness>0.328219</instrumentalness><mode>1</mode><time_signature>4</time_signature><duration>240.32608</duration><loudness>-18.097</loudness><audio_md5 /><valence>0.426215</valence><danceability>0.629799</danceability></audio_summary><title>MISSING YOU (Radio Edit)</title></song><song><artist_id>ARFMT4W1187FB42FA8</artist_id><artist_name>Alison Krauss</artist_name><id>SOLYGMS12A58A7E50A</id><audio_summary><key>3</key><analysis_url>http://echonest-analysis.s3.amazonaws.com/TR/TRLOPWE1264E57560C/3/full.json?AWSAccessKeyId=AKIAJRDFEY23UEVW42BQ&amp;Expires=1415343267&amp;Signature=NAFh3pAZQLnRnZ1HARALGBv0sBo%3D</analysis_url><energy>0.136976</energy><liveness>0.104102</liveness><tempo>110.961</tempo><speechiness>0.039733</speechiness><acousticness>0.959756</acousticness><instrumentalness>0.001656</instrumentalness><mode>1</mode><time_signature>4</time_signature><duration>206.54975</duration><loudness>-17.278</loudness><audio_md5 /><valence>0.26169</valence><danceability>0.405336</danceability></audio_summary><title>Blessed Be</title></song><song><artist_id>ARFMT4W1187FB42FA8</artist_id><artist_name>Alison Krauss</artist_name><id>SOJDFCZ12AB017A293</id><audio_summary><key>7</key><analysis_url>http://echonest-analysis.s3.amazonaws.com/TR/rLVG2gyuFnrEewP95FaPi37cEZaNGY49lcquQzM6dDXaCWMBYDjclrLNB5Mbt6iy78izIahF8tWMD0YwM%3D/3/full.json?AWSAccessKeyId=AKIAJRDFEY23UEVW42BQ&amp;Expires=1415343267&amp;Signature=6mPfvWXO4FWx5m8dXfv2208wJNI%3D</analysis_url><energy>0.758382</energy><liveness>0.683195</liveness><tempo>135.292</tempo><speechiness>0.038069</speechiness><acousticness>0.374935</acousticness><instrumentalness>0.116187</instrumentalness><mode>1</mode><time_signature>4</time_signature><duration>341.05288</duration><loudness>-8.38</loudness><audio_md5 /><valence>0.411731</valence><danceability>0.362754</danceability></audio_summary><title>We Hide &amp; Seek (Live at Louisville Palace/2002)</title></song><song><artist_id>ARFMT4W1187FB42FA8</artist_id><artist_name>Alison Krauss</artist_name><id>SOKMKTT13167713944</id><audio_summary><key>10</key><analysis_url>http://echonest-analysis.s3.amazonaws.com/TR/m3nohwWEskaZ7x70hE821z7aZsH6qdIfC-KHps1kZn0yt7TwBj5LkUs3FxQSY4j96FKk5GnE6XOk541p8%3D/3/full.json?AWSAccessKeyId=AKIAJRDFEY23UEVW42BQ&amp;Expires=1415343267&amp;Signature=2zRqqKIphWoHEcaMMigJMUNYQMY%3D</analysis_url><energy>0.476775</energy><liveness>0.103698</liveness><tempo>111.556</tempo><speechiness>0.035936</speechiness><acousticness>0.618849</acousticness><instrumentalness>0.115223</instrumentalness><mode>0</mode><time_signature>4</time_signature><duration>178.59955</duration><loudness>-13.327</loudness><audio_md5 /><valence>0.953195</valence><danceability>0.70728</danceability></audio_summary><title>It Won't Work This Time</title></song><song><artist_id>ARFMT4W1187FB42FA8</artist_id><artist_name>Alison Krauss</artist_name><id>SOJDZLW12A58A7BCA4</id><audio_summary><key>11</key><analysis_url>http://echonest-analysis.s3.amazonaws.com/TR/ECCSdgic5FnSF0VYCGiQYw6pxCHWihyCwTFVkqZ6Xbtnr2WfEMO7zfyafQbC6-Qmq4eKt25f5U7NOxEg4%3D/3/full.json?AWSAccessKeyId=AKIAJRDFEY23UEVW42BQ&amp;Expires=1415343267&amp;Signature=kb01jmXJdsNItHH1LvxbMD%2Bv9Po%3D</analysis_url><energy>0.36135</energy><liveness>0.137306</liveness><tempo>96.341</tempo><speechiness>0.036767</speechiness><acousticness>0.738025</acousticness><instrumentalness>0.024066</instrumentalness><mode>1</mode><time_signature>4</time_signature><duration>154.13288</duration><loudness>-14.892</loudness><audio_md5>8f66e965bc82307ceefb7fa11fd01171</audio_md5><valence>0.80738</valence><danceability>0.677915</danceability></audio_summary><title>Shield Of Faith</title></song><song><artist_id>ARFMT4W1187FB42FA8</artist_id><artist_name>Alison Krauss</artist_name><id>SOBECDZ12C0DD02BF0</id><audio_summary><key>9</key><analysis_url>http://echonest-analysis.s3.amazonaws.com/TR/TRHWMLK12BEA95D161/3/full.json?AWSAccessKeyId=AKIAJRDFEY23UEVW42BQ&amp;Expires=1415343267&amp;Signature=257nayW2Hmb/fOiUnb3JxSSoZVk%3D</analysis_url><energy>0.179366</energy><liveness>0.116219</liveness><tempo>90.872</tempo><speechiness>0.025489</speechiness><acousticness>0.932908</acousticness><instrumentalness>0.81737</instrumentalness><mode>0</mode><time_signature>4</time_signature><duration>228.33587</duration><loudness>-21.576</loudness><audio_md5 /><valence>0.208592</valence><danceability>0.533147</danceability></audio_summary><title>It Wouldn't Have Made Any Difference</title></song><song><artist_id>ARFMT4W1187FB42FA8</artist_id><artist_name>Alison Krauss</artist_name><id>SOTSWZQ12AB0182151</id><audio_summary><key>0</key><analysis_url>http://echonest-analysis.s3.amazonaws.com/TR/elLx4w3j0WxfZn_Yh0OvwbDdwcCYjuVsGVJkpp-ZyMuwtWIWGXnmuru2pMexYkimBDC1-pRk4eo3NF2yA%3D/3/full.json?AWSAccessKeyId=AKIAJRDFEY23UEVW42BQ&amp;Expires=1415343267&amp;Signature=3gBsO2OHbICmDMc1MddxlpXZ1ls%3D</analysis_url><energy>0.361273</energy><liveness>0.171041</liveness><tempo>176.778</tempo><speechiness>0.030188</speechiness><acousticness>0.880189</acousticness><instrumentalness>0.017478</instrumentalness><mode>1</mode><time_signature>4</time_signature><duration>267.19955</duration><loudness>-12.444</loudness><audio_md5>675d46617c9c52a4432679fda098d95f</audio_md5><valence>0.251576</valence><danceability>0.317527</danceability></audio_summary><title>It Wouldn't Have Made Any Difference</title></song><song><artist_id>ARFMT4W1187FB42FA8</artist_id><artist_name>Alison Krauss</artist_name><id>SOSOBHX12AF72A5E15</id><audio_summary><key>0</key><analysis_url>http://echonest-analysis.s3.amazonaws.com/TR/vhnr2QaO2rdm2qTXSXbFl2RYsUUjmHUqHHdy6RmHp8PEkLqYwOcj3DfNUnAPiuRF8ko1Z4df1EsjgKJok%3D/3/full.json?AWSAccessKeyId=AKIAJRDFEY23UEVW42BQ&amp;Expires=1415343267&amp;Signature=Y1HZSndSGjyF0EfcBM/xKAAdgss%3D</analysis_url><energy>0.493063</energy><liveness>0.15638</liveness><tempo>97.733</tempo><speechiness>0.027231</speechiness><acousticness>0.405519</acousticness><instrumentalness>0.066619</instrumentalness><mode>1</mode><time_signature>4</time_signature><duration>188.79955</duration><loudness>-8.423</loudness><audio_md5 /><valence>0.652516</valence><danceability>0.585026</danceability></audio_summary><title>So Long, So Wrong</title></song><song><artist_id>ARFMT4W1187FB42FA8</artist_id><artist_name>Alison Krauss</artist_name><id>SOAZMYG12B0B80B3E2</id><audio_summary><key>11</key><analysis_url>http://echonest-analysis.s3.amazonaws.com/TR/Yp9tHQMK8eajm2LzZUMPobbAAizG_ZD4I3l5Fm3t_MSLEDvv2XeC_4i9-vRmLyHqV6F0FDpQ8I_BC3xcU%3D/3/full.json?AWSAccessKeyId=AKIAJRDFEY23UEVW42BQ&amp;Expires=1415343267&amp;Signature=0MqwORgDiJ8MC2r8gtC94iQCr28%3D</analysis_url><energy>0.3054</energy><liveness>0.09837</liveness><tempo>130.622</tempo><speechiness>0.029165</speechiness><acousticness>0.821182</acousticness><instrumentalness>5.2e-05</instrumentalness><mode>1</mode><time_signature>4</time_signature><duration>215.93288</duration><loudness>-11.498</loudness><audio_md5 /><valence>0.21145</valence><danceability>0.556644</danceability></audio_summary><title>Gravity</title></song><song><artist_id>ARFMT4W1187FB42FA8</artist_id><artist_name>Alison Krauss</artist_name><id>SOMNRMV12A58A79CA5</id><audio_summary><key>1</key><analysis_url>http://echonest-analysis.s3.amazonaws.com/TR/vd4KKAqVHz3KFJE5ATHHRJa1T47nE2KN0MIrZ2je4AtX3lm6qMhywNBSeTHnNbJQA80bxoD573kib_Lik%3D/3/full.json?AWSAccessKeyId=AKIAJRDFEY23UEVW42BQ&amp;Expires=1415343267&amp;Signature=K2P8IomDdfhyH5BP6k0AVBgr9/8%3D</analysis_url><energy>0.180077</energy><liveness>0.10977</liveness><tempo>89.663</tempo><speechiness>0.032956</speechiness><acousticness>0.884128</acousticness><instrumentalness>0.000477</instrumentalness><mode>1</mode><time_signature>3</time_signature><duration>342.11955</duration><loudness>-13.386</loudness><audio_md5>feddd75164ab5f55460b9d5c13f0809b</audio_md5><valence>0.071122</valence><danceability>0.486176</danceability></audio_summary><title>Away Down The River</title></song><song><artist_id>ARFMT4W1187FB42FA8</artist_id><artist_name>Alison Krauss</artist_name><id>SOBZQZO13167713D1F</id><audio_summary><key>5</key><analysis_url>http://echonest-analysis.s3.amazonaws.com/TR/sz9oEAX7aON7eRP3DjmHjfPeWP_hzQOCWR3EG1zEu8Q4rrXE801BqM62njJarq1k6Zwe7NKms7bD-BjEU%3D/3/full.json?AWSAccessKeyId=AKIAJRDFEY23UEVW42BQ&amp;Expires=1415343267&amp;Signature=3EIvHTbsab0IpFsY67tnD6kZPSk%3D</analysis_url><energy>0.360494</energy><liveness>0.157649</liveness><tempo>66.646</tempo><speechiness>0.02927</speechiness><acousticness>0.67418</acousticness><instrumentalness>0.0</instrumentalness><mode>1</mode><time_signature>3</time_signature><duration>284.14621</duration><loudness>-11.284</loudness><audio_md5 /><valence>0.255402</valence><danceability>0.375632</danceability></audio_summary><title>Molly Ban</title></song><song><artist_id>ARFMT4W1187FB42FA8</artist_id><artist_name>Alison Krauss</artist_name><id>SORYIAH1377186665B</id><audio_summary><key>11</key><analysis_url>http://echonest-analysis.s3.amazonaws.com/TR/gr6qRwNityJAI-LJnqnhkkp6vTZ39MxswagvraqdbFow9fXnw4IzITkE1M1jcP3LaY7ohYu9O3N8POrxY%3D/3/full.json?AWSAccessKeyId=AKIAJRDFEY23UEVW42BQ&amp;Expires=1415343267&amp;Signature=ssMqkmZFaSPAK91l6hdUJKHwowM%3D</analysis_url><energy>0.227045</energy><liveness>0.682315</liveness><tempo>79.96</tempo><speechiness>0.035985</speechiness><acousticness>0.593459</acousticness><instrumentalness>0.002213</instrumentalness><mode>0</mode><time_signature>4</time_signature><duration>240.65288</duration><loudness>-14.92</loudness><audio_md5 /><valence>0.202156</valence><danceability>0.566441</danceability></audio_summary><title>New Favorite</title></song><song><artist_id>ARFMT4W1187FB42FA8</artist_id><artist_name>Alison Krauss</artist_name><id>SOEYCNA13167713124</id><audio_summary><key>0</key><analysis_url>http://echonest-analysis.s3.amazonaws.com/TR/cLH2ZwpFJVeoUrilIMd60BEooAGsp1QUsBLx3Nm5GiTjddx_43RkuqNio8v12pkl2EIib1_0bMVp8FsCo%3D/3/full.json?AWSAccessKeyId=AKIAJRDFEY23UEVW42BQ&amp;Expires=1415343267&amp;Signature=SCQAqOB1K4NEocfqfcFl6cFQKag%3D</analysis_url><energy>0.752233</energy><liveness>0.276581</liveness><tempo>169.544</tempo><speechiness>0.034549</speechiness><acousticness>0.346771</acousticness><instrumentalness>0.004964</instrumentalness><mode>1</mode><time_signature>4</time_signature><duration>146.06621</duration><loudness>-5.9</loudness><audio_md5>5f4cbc59ef9dfae918c7d660f1c51250</audio_md5><valence>0.927557</valence><danceability>0.4728</danceability></audio_summary><title>Will You Be Leaving</title></song><song><artist_id>ARFMT4W1187FB42FA8</artist_id><artist_name>Alison Krauss</artist_name><id>SORWUFN13167711E63</id><audio_summary><key>3</key><analysis_url>http://echonest-analysis.s3.amazonaws.com/TR/hwuWGgAW2Sqhbtojkb9QjdXkPawKo4H-aVaKgtKGAsqMud4dJCSl6YpUhvK9CAr3NYeACBE6xZ66oFyBE%3D/3/full.json?AWSAccessKeyId=AKIAJRDFEY23UEVW42BQ&amp;Expires=1415343267&amp;Signature=0aqRymTLZdELBMRMFFfaQVHodB0%3D</analysis_url><energy>0.574156</energy><liveness>0.120891</liveness><tempo>112.282</tempo><speechiness>0.028987</speechiness><acousticness>0.596583</acousticness><instrumentalness>0.003409</instrumentalness><mode>1</mode><time_signature>4</time_signature><duration>141.63955</duration><loudness>-6.855</loudness><audio_md5>f8d3ad97740b0b3725335c5382cc0866</audio_md5><valence>0.82032</valence><danceability>0.675288</danceability></audio_summary><title>Endless Highway</title></song><song><artist_id>ARFMT4W1187FB42FA8</artist_id><artist_name>Alison Krauss</artist_name><id>SOPUQZL1316771295E</id><audio_summary><key>9</key><analysis_url>http://echonest-analysis.s3.amazonaws.com/TR/4-FuMwFfSWUg2YOqjIBnGthH351pUTeL8WX8vpHySfxxR-L2Hi7WFYSc6PGfd5pcs8-SQm4jUrqegAlSw%3D/3/full.json?AWSAccessKeyId=AKIAJRDFEY23UEVW42BQ&amp;Expires=1415343267&amp;Signature=WIZA7wgjMp2m/EiLUfCIMaTMS80%3D</analysis_url><energy>0.371127</energy><liveness>0.095858</liveness><tempo>92.186</tempo><speechiness>0.029717</speechiness><acousticness>0.649176</acousticness><instrumentalness>0.000101</instrumentalness><mode>0</mode><time_signature>4</time_signature><duration>226.53288</duration><loudness>-9.818</loudness><audio_md5>b9b7f3fae10d8b08229773004871b4b1</audio_md5><valence>0.450821</valence><danceability>0.489623</danceability></audio_summary><title>Crazy Faith</title></song><song><artist_id>ARFMT4W1187FB42FA8</artist_id><artist_name>Alison Krauss</artist_name><id>SOLPZFI1366D5C44EC</id><audio_summary><key>0</key><analysis_url>http://echonest-analysis.s3.amazonaws.com/TR/6Qj3NQVm7iwJysxRjJE42835jTPP8MQxr5ec5igxJixAdWGSzWyB_xq3k8vhazFcHV0N7Lixw0Ypm2UWE%3D/3/full.json?AWSAccessKeyId=AKIAJRDFEY23UEVW42BQ&amp;Expires=1415343267&amp;Signature=XZ4Ii/yfY2d%2BxH59f7AWMsPJLqI%3D</analysis_url><energy>0.515509</energy><liveness>0.080164</liveness><tempo>97.696</tempo><speechiness>0.027222</speechiness><acousticness>0.413988</acousticness><instrumentalness>0.069038</instrumentalness><mode>1</mode><time_signature>4</time_signature><duration>202.22621</duration><loudness>-7.856</loudness><audio_md5>53dedd9a58432105e810367a51cab2bf</audio_md5><valence>0.593669</valence><danceability>0.579543</danceability></audio_summary><title>So Long, So Wrong</title></song><song><artist_id>ARFMT4W1187FB42FA8</artist_id><artist_name>Alison Krauss</artist_name><id>SOTYOHP130516E1917</id><audio_summary><key>1</key><analysis_url>http://echonest-analysis.s3.amazonaws.com/TR/ih7TxQLesHc3RDIV83vOqn5bX5fv3TiJYHrZNO/3/full.json?AWSAccessKeyId=AKIAJRDFEY23UEVW42BQ&amp;Expires=1415343267&amp;Signature=EGtnTVZwteHBtVKjLA0WM/EaPRE%3D</analysis_url><energy>0.31095</energy><liveness>0.11724</liveness><tempo>160.472</tempo><speechiness>0.033592</speechiness><acousticness>0.761972</acousticness><instrumentalness>4.8e-05</instrumentalness><mode>0</mode><time_signature>4</time_signature><duration>216.64762</duration><loudness>-12.224</loudness><audio_md5>476a396a50e3a12729137d57462432b9</audio_md5><valence>0.244115</valence><danceability>0.444676</danceability></audio_summary><title>Paper Airplane</title></song><song><artist_id>ARFMT4W1187FB42FA8</artist_id><artist_name>Alison Krauss</artist_name><id>SOBSRUD13E905ECF10</id><audio_summary><key>1</key><analysis_url>http://echonest-analysis.s3.amazonaws.com/TR/FyA_RANTJS-UP1DvIFELwg4wNjqoFreG_fWb-p/3/full.json?AWSAccessKeyId=AKIAJRDFEY23UEVW42BQ&amp;Expires=1415343267&amp;Signature=HFbg5zltooWtfoXjSm%2B6jAnh5bc%3D</analysis_url><energy>0.240637</energy><liveness>0.364942</liveness><tempo>80.06</tempo><speechiness>0.040998</speechiness><acousticness>0.759014</acousticness><instrumentalness>0.000329</instrumentalness><mode>0</mode><time_signature>4</time_signature><duration>255.74354</duration><loudness>-20.126</loudness><audio_md5 /><valence>0.202092</valence><danceability>0.406092</danceability></audio_summary><title>Paper Airplane</title></song><song><artist_id>ARFMT4W1187FB42FA8</artist_id><artist_name>Alison Krauss</artist_name><id>SOBCPJX12AB017ED5E</id><audio_summary><key>6</key><analysis_url>http://echonest-analysis.s3.amazonaws.com/TR/X_gGQA4Lm58XjRswFIQmwV-mPTMU1bUOrJzmgwzgXVujnzqKgY6xGx-tHOvXLJe_H4TZqnaE90lqlzee4%3D/3/full.json?AWSAccessKeyId=AKIAJRDFEY23UEVW42BQ&amp;Expires=1415343267&amp;Signature=6n7NtDObJRxacXpD0VqWy%2BJFZ0M%3D</analysis_url><energy>0.252962</energy><liveness>0.109181</liveness><tempo>113.89</tempo><speechiness>0.033731</speechiness><acousticness>0.779858</acousticness><instrumentalness>0.0</instrumentalness><mode>1</mode><time_signature>4</time_signature><duration>173.86621</duration><loudness>-12.951</loudness><audio_md5 /><valence>0.105354</valence><danceability>0.486143</danceability></audio_summary><title>Stars</title></song><song><artist_id>ARFMT4W1187FB42FA8</artist_id><artist_name>Alison Krauss</artist_name><id>SODXXGN13771869284</id><audio_summary><key>11</key><analysis_url>http://echonest-analysis.s3.amazonaws.com/TR/Kb-eywkDAohnopRUgPmwwm9p2Vl741sBZTJvNeaQVf2gJYvG_znz11_WumS8BVr_fQVvBJeH4zgGxtYs8%3D/3/full.json?AWSAccessKeyId=AKIAJRDFEY23UEVW42BQ&amp;Expires=1415343267&amp;Signature=btud9cQ0e06mHVvKBD8pEnvPpOE%3D</analysis_url><energy>0.119947</energy><liveness>0.08417</liveness><tempo>169.651</tempo><speechiness>0.05136</speechiness><acousticness>0.543161</acousticness><instrumentalness>0.002571</instrumentalness><mode>0</mode><time_signature>4</time_signature><duration>274.19955</duration><loudness>-18.11</loudness><audio_md5 /><valence>0.104888</valence><danceability>0.466895</danceability></audio_summary><title>New Favorite</title></song><song><artist_id>ARFMT4W1187FB42FA8</artist_id><artist_name>Alison Krauss</artist_name><id>SOIPVGY1316771216E</id><audio_summary><key>5</key><analysis_url>http://echonest-analysis.s3.amazonaws.com/TR/pNIYuQ3z2F7Dl02I_NO7lERz9BX8qLCCZspHWONsgM5KOIuEiu8RZFG-yeAGjR2xG-58vMWe56A2ZUj74%3D/3/full.json?AWSAccessKeyId=AKIAJRDFEY23UEVW42BQ&amp;Expires=1415343267&amp;Signature=iW%2BHM/nohQGFssxH4RTPicIV0w8%3D</analysis_url><energy>0.23687</energy><liveness>0.355259</liveness><tempo>120.82</tempo><speechiness>0.030096</speechiness><acousticness>0.781258</acousticness><instrumentalness>4.2e-05</instrumentalness><mode>1</mode><time_signature>3</time_signature><duration>186.59955</duration><loudness>-9.415</loudness><audio_md5 /><valence>0.304287</valence><danceability>0.449948</danceability></audio_summary><title>It's Over</title></song><song><artist_id>ARFMT4W1187FB42FA8</artist_id><artist_name>Alison Krauss</artist_name><id>SOQDLFE12AB017C3B3</id><audio_summary><key>5</key><analysis_url>http://echonest-analysis.s3.amazonaws.com/TR/R3GkswSO8g-5VflnMNGlj-7Y8t4gujLfUJa2l758lAaYYcm70gVbpLW8-ZcjksIEtPRvRy6O-p-uEoc2A%3D/3/full.json?AWSAccessKeyId=AKIAJRDFEY23UEVW42BQ&amp;Expires=1415343267&amp;Signature=/wDMVYtUPqGYf42aJKcXlbzbAEM%3D</analysis_url><energy>0.26039</energy><liveness>0.087941</liveness><tempo>112.517</tempo><speechiness>0.029305</speechiness><acousticness>0.706678</acousticness><instrumentalness>0.000341</instrumentalness><mode>1</mode><time_signature>5</time_signature><duration>299.11955</duration><loudness>-12.352</loudness><audio_md5>46d072d1c1a7aa1b867e8f9c938c76e1</audio_md5><valence>0.240604</valence><danceability>0.431559</danceability></audio_summary><title>Lay Down Beside Me</title></song><song><artist_id>ARFMT4W1187FB42FA8</artist_id><artist_name>Alison Krauss</artist_name><id>SODYCPX1316771293B</id><audio_summary><key>2</key><analysis_url>http://echonest-analysis.s3.amazonaws.com/TR/3fsYGgXlOxBc3hlfx79UUH4OpxyO6zuqUR-nKC5TkGQ0P1HsAFlKoLpT19zfxDK5u0SLFqyX1aXTQ5EPY%3D/3/full.json?AWSAccessKeyId=AKIAJRDFEY23UEVW42BQ&amp;Expires=1415343267&amp;Signature=5VRDMwbxmgeKTdnk609oDSGF7u0%3D</analysis_url><energy>0.439351</energy><liveness>0.10797</liveness><tempo>103.075</tempo><speechiness>0.026598</speechiness><acousticness>0.732662</acousticness><instrumentalness>0.001422</instrumentalness><mode>1</mode><time_signature>4</time_signature><duration>189.17288</duration><loudness>-8.636</loudness><audio_md5 /><valence>0.351994</valence><danceability>0.595149</danceability></audio_summary><title>One Good Reason</title></song><song><artist_id>ARFMT4W1187FB42FA8</artist_id><artist_name>Alison Krauss</artist_name><id>SOONOUY1311AFEC604</id><audio_summary><key>2</key><analysis_url>http://echonest-analysis.s3.amazonaws.com/TR/wu7WyA-Vk8AcfKLGLium_VvZZSKHcSN6Z4m0pWtlckrXGxnXNwwJyrtqlzYXmOSVCxlz673-KiFmQRFQ4%3D/3/full.json?AWSAccessKeyId=AKIAJRDFEY23UEVW42BQ&amp;Expires=1415343267&amp;Signature=jLW3GRJUtOotTV2xAp%2BGjNeosWQ%3D</analysis_url><energy>0.103916</energy><liveness>0.145161</liveness><tempo>91.268</tempo><speechiness>0.030504</speechiness><acousticness>0.943905</acousticness><instrumentalness>0.001215</instrumentalness><mode>1</mode><time_signature>3</time_signature><duration>176.13288</duration><loudness>-18.283</loudness><audio_md5>d86523ac03e03239162c4380a613bf8a</audio_md5><valence>0.20349</valence><danceability>0.500208</danceability></audio_summary><title>Jewels</title></song><song><artist_id>ARFMT4W1187FB42FA8</artist_id><artist_name>Alison Krauss</artist_name><id>SODHRZZ12AF729C105</id><audio_summary><key>4</key><analysis_url>http://echonest-analysis.s3.amazonaws.com/TR/vwSp3QlerrV4wDlKSq8lpOLG1cWTZOGH57rGVrnaXOyXMLgKgInqHh2wUlLt9RWZMGzGGNjiEFjGqbFwg%3D/3/full.json?AWSAccessKeyId=AKIAJRDFEY23UEVW42BQ&amp;Expires=1415343267&amp;Signature=VePujr/kgaIzEq8ugMlzJZZXnEE%3D</analysis_url><energy>0.345729</energy><liveness>0.152213</liveness><tempo>103.363</tempo><speechiness>0.034464</speechiness><acousticness>0.679642</acousticness><instrumentalness>0.005795</instrumentalness><mode>1</mode><time_signature>4</time_signature><duration>206.15955</duration><loudness>-17.266</loudness><audio_md5 /><valence>0.932135</valence><danceability>0.652979</danceability></audio_summary><title>Foolish Heart</title></song><song><artist_id>ARFMT4W1187FB42FA8</artist_id><artist_name>Alison Krauss</artist_name><id>SOYRWXQ12AB0182B52</id><audio_summary><key>7</key><analysis_url>http://echonest-analysis.s3.amazonaws.com/TR/q2zADAHQ52Fdl3WR1yB4BgfW0VSKhSWVBS7ZaTasvFIanBs8RcVZqmVSDZxN3ZWvrUiAyZ3b7JyU4sMbU%3D/3/full.json?AWSAccessKeyId=AKIAJRDFEY23UEVW42BQ&amp;Expires=1415343267&amp;Signature=/oqidxZYwJU6sYjimg3unB1q150%3D</analysis_url><energy>0.323817</energy><liveness>0.191824</liveness><tempo>108.348</tempo><speechiness>0.027566</speechiness><acousticness>0.73089</acousticness><instrumentalness>0.004139</instrumentalness><mode>1</mode><time_signature>4</time_signature><duration>181.22621</duration><loudness>-8.562</loudness><audio_md5>7ac9002612910d3164e818faca287b99</audio_md5><valence>0.362117</valence><danceability>0.487108</danceability></audio_summary><title>Winter Of A Broken Heart</title></song><song><artist_id>ARFMT4W1187FB42FA8</artist_id><artist_name>Alison Krauss</artist_name><id>SOFUWEY12AB017D311</id><audio_summary><key>11</key><analysis_url>http://echonest-analysis.s3.amazonaws.com/TR/pnTkQQO6CvRnt6lzNeQ8G-c8COVm5QiZ99JjlkvXQNXOyHOp-rxPVySCgZtYxhKr9z8e_GvxKVUOfZxpI%3D/3/full.json?AWSAccessKeyId=AKIAJRDFEY23UEVW42BQ&amp;Expires=1415343267&amp;Signature=BcN5lDV902P7fMXRREkzzaEM4vs%3D</analysis_url><energy>0.726046</energy><liveness>0.203786</liveness><tempo>112.646</tempo><speechiness>0.031688</speechiness><acousticness>0.14449</acousticness><instrumentalness>0.012587</instrumentalness><mode>1</mode><time_signature>4</time_signature><duration>148.81288</duration><loudness>-6.882</loudness><audio_md5>ac2a443d98d31a15da05a1436e192ece</audio_md5><valence>0.775975</valence><danceability>0.587267</danceability></audio_summary><title>Rain Please Go Away</title></song><song><artist_id>ARFMT4W1187FB42FA8</artist_id><artist_name>Alison Krauss</artist_name><id>SOFIVPR12AB017ED63</id><audio_summary><key>7</key><analysis_url>http://echonest-analysis.s3.amazonaws.com/TR/WU2gzQEnIoghoKmF1auLU9o8N24L0FhYXF8d93j6o1aaAWEQyoL5nMG95Q0dmMVv-xXykfmwbM16s0ou0%3D/3/full.json?AWSAccessKeyId=AKIAJRDFEY23UEVW42BQ&amp;Expires=1415343267&amp;Signature=IJA5CA2DwnSFR2ur5zo3/F8lyz0%3D</analysis_url><energy>0.628694</energy><liveness>0.198236</liveness><tempo>106.97</tempo><speechiness>0.025756</speechiness><acousticness>0.341524</acousticness><instrumentalness>0.007887</instrumentalness><mode>1</mode><time_signature>4</time_signature><duration>170.77288</duration><loudness>-7.035</loudness><audio_md5>80316a321724cde03112b59677da991f</audio_md5><valence>0.712466</valence><danceability>0.581313</danceability></audio_summary><title>Take Me For Longing</title></song><song><artist_id>ARFMT4W1187FB42FA8</artist_id><artist_name>Alison Krauss</artist_name><id>SOHKBUP1316771267D</id><audio_summary><key>3</key><analysis_url>http://echonest-analysis.s3.amazonaws.com/TR/DMCYhAUgnPFETmzs-KWnz_pT_hDtdjJDLEBjDRoEDMejrGs3en2IWUqCSdTtiQjDX04ZsPv7OJpso9aj0%3D/3/full.json?AWSAccessKeyId=AKIAJRDFEY23UEVW42BQ&amp;Expires=1415343267&amp;Signature=qbyJGbcJSv2lqyDeVyn11/2CH1U%3D</analysis_url><energy>0.064776</energy><liveness>0.076705</liveness><tempo>136.416</tempo><speechiness>0.03474</speechiness><acousticness>0.96194</acousticness><instrumentalness>0.001158</instrumentalness><mode>1</mode><time_signature>3</time_signature><duration>230.19955</duration><loudness>-22.745</loudness><audio_md5>d2e07811a438132a4f728807b74d2f0a</audio_md5><valence>0.307749</valence><danceability>0.452678</danceability></audio_summary><title>Jesus Help Me To Stand</title></song><song><artist_id>ARFMT4W1187FB42FA8</artist_id><artist_name>Alison Krauss</artist_name><id>SOMGNLD12AB01807E2</id><audio_summary><key>2</key><analysis_url>http://echonest-analysis.s3.amazonaws.com/TR/moLDEgmdfcG7GgUMO9caOgDKLj4tkiFygNcjgnszKXVSocXFMeqkaagWrktFfHMmiPCzwZN0zk-ZNFi64%3D/3/full.json?AWSAccessKeyId=AKIAJRDFEY23UEVW42BQ&amp;Expires=1415343267&amp;Signature=%2BQFCzjEw5pF63v5cy02Fniig41E%3D</analysis_url><energy>0.326039</energy><liveness>0.084041</liveness><tempo>200.591</tempo><speechiness>0.033621</speechiness><acousticness>0.636862</acousticness><instrumentalness>9e-06</instrumentalness><mode>1</mode><time_signature>4</time_signature><duration>221.03955</duration><loudness>-15.298</loudness><audio_md5>f339ea4f20121db0e980a7b60730872d</audio_md5><valence>0.875825</valence><danceability>0.508889</danceability></audio_summary><title>On The Borderline</title></song><song><artist_id>ARFMT4W1187FB42FA8</artist_id><artist_name>Alison Krauss</artist_name><id>SOLCEOR12AB01807C0</id><audio_summary><key>2</key><analysis_url>http://echonest-analysis.s3.amazonaws.com/TR/EwnTzgWdMdO78N_wm6o5BS_aiqIXtktQpWHwtI052SdGaaew_TNArzCvMnmI86fqM8pfdbFGOYVO7CcxY%3D/3/full.json?AWSAccessKeyId=AKIAJRDFEY23UEVW42BQ&amp;Expires=1415343267&amp;Signature=nWTJm5203FX1P3k725AgIaUipQc%3D</analysis_url><energy>0.283037</energy><liveness>0.081962</liveness><tempo>109.893</tempo><speechiness>0.030918</speechiness><acousticness>0.60999</acousticness><instrumentalness>1.9e-05</instrumentalness><mode>1</mode><time_signature>4</time_signature><duration>195.86621</duration><loudness>-15.801</loudness><audio_md5>7c884814569f6ef4a4cf013fa70cf1b7</audio_md5><valence>0.722131</valence><danceability>0.627494</danceability></audio_summary><title>In Your Eyes</title></song><song><artist_id>ARFMT4W1187FB42FA8</artist_id><artist_name>Alison Krauss</artist_name><id>SOSPQPO13774C9E7B8</id><audio_summary><key>2</key><analysis_url>http://echonest-analysis.s3.amazonaws.com/TR/5d5adQ1WJ8-wTzzW3mlhGKmfxoQ18BDYroPO4Hdtb9tCgjj06_m_RzKXBXT-dn2dI97YFMoxHKcEqA_yI%3D/3/full.json?AWSAccessKeyId=AKIAJRDFEY23UEVW42BQ&amp;Expires=1415343267&amp;Signature=scaJz/Q%2B0mas%2BNTyIG9HtgBPpFI%3D</analysis_url><energy>0.535282</energy><liveness>0.102952</liveness><tempo>106.608</tempo><speechiness>0.032808</speechiness><acousticness>0.525903</acousticness><instrumentalness>0.000287</instrumentalness><mode>0</mode><time_signature>4</time_signature><duration>279.43955</duration><loudness>-9.042</loudness><audio_md5>1ea8f8513cee246ec774a5cd84922173</audio_md5><valence>0.238524</valence><danceability>0.482741</danceability></audio_summary><title>The Boy Who Wouldn't Hoe Corn</title></song></songs></response>