<response><status><version>4.2</version><code>0</code><message>Success</message></status><songs><song><artist_id>ARJV0U41187B9AB715</artist_id><artist_name>All Time Low</artist_name><id>SOYQXOF131343A398B</id><audio_summary><key>4</key><analysis_url>http://echonest-analysis.s3.amazonaws.com/TR/BLBvRghy1CSz-vWOYrSsmN74b3W9DNUg79sJmezRmyUPcLdhwDkkGCwuVrr5rh1KXuVJZtTuiLfMrT818%3D/3/full.json?AWSAccessKeyId=AKIAJRDFEY23UEVW42BQ&amp;Expires=1415343315&amp;Signature=JL2Usilxoc46ETyloneYTjL8mtg%3D</analysis_url><energy>0.864447</energy><liveness>0.105141</liveness><tempo>136.023</tempo><speechiness>0.095147</speechiness><acousticness>2.9e-05</acousticness><instrumentalness>0.0</instrumentalness><mode>1</mode><time_signature>4</time_signature><duration>256.76426</duration><loudness>-5.801</loudness><audio_md5>e165587ec2a22a854b4005d4beb146a4</audio_md5><valence>0.621218</valence><danceability>0.465199</danceability></audio_summary><title>Damned If I Do Ya (Damned If I Don't) [Blueskies Remix]</title></song><song><artist_id>ARJV0U41187B9AB715</artist_id><artist_name>All Time Low</artist_name><id>SONUPQH12AB01832BC</id><audio_summary><key>7</key><analysis_url>http://echonest-analysis.s3.amazonaws.com/TR/EjBSfgvS_IreGyBADPJPCJoTQiZI5WcViF8x_wIPJ1dpA5wZZLsDxTUE3iOx7i5wM_opgxzzTeeh99QCA%3D/3/full.json?AWSAccessKeyId=AKIAJRDFEY23UEVW42BQ&amp;Expires=1415343315&amp;Signature=SOXo5hMAFFjVGaz49lmZ00Pomyo%3D</analysis_url><energy>0.91408</energy><liveness>0.337215</liveness><tempo>123.008</tempo><speechiness>0.049316</speechiness><acousticness>0.000104</acousticness><instrumentalness>0.0</instrumentalness><mode>1</mode><time_signature>4</time_signature><duration>208.50621</duration><loudness>-6.986</loudness><audio_md5>eacfe0ccf028dcc0422349a216011745</audio_md5><valence>0.43272</valence><danceability>0.55227</danceability></audio_summary><title>Poppin' (Dance Remix)</title></song><song><artist_id>ARJV0U41187B9AB715</artist_id><artist_name>All Time Low</artist_name><id>SOBCQCE12AB018B346</id><audio_summary><key>1</key><analysis_url>http://echonest-analysis.s3.amazonaws.com/TR/Sj_GqAoj6YdIE7zAmtL08os8sEWYndBfzD-2zWaB3yq-rkIH9EQn4E5DrdNw3mm6K0DJ14tLgnIvGp7Q0%3D/3/full.json?AWSAccessKeyId=AKIAJRDFEY23UEVW42BQ&amp;Expires=1415343315&amp;Signature=7DH5QQzID9CHpg1B28qG1z04VAM%3D</analysis_url><energy>0.495373</energy><liveness>0.072016</liveness><tempo>126.021</tempo><speechiness>0.048942</speechiness><acousticness>0.001389</acousticness><instrumentalness>0.000146</instrumentalness><mode>0</mode><time_signature>4</time_signature><duration>224.9893</duration><loudness>-9.808</loudness><audio_md5 /><valence>0.656276</valence><danceability>0.787894</danceability></audio_summary><title>Damned If I Do Ya (Damned If I Don't) [P.V. Stump Remix]</title></song><song><artist_id>ARJV0U41187B9AB715</artist_id><artist_name>All Time Low</artist_name><id>SOFIBIK14569371252</id><audio_summary><key>11</key><analysis_url>http://echonest-analysis.s3.amazonaws.com/TR/gGmtTwQXk5kJJLqKKSpqpErENH5HfNwNOApA8DzT1Fzbf0v7ADDSnL6dLA7a9P6t_0yPB3gJCUbn_XN3Y%3D/3/full.json?AWSAccessKeyId=AKIAJRDFEY23UEVW42BQ&amp;Expires=1415343315&amp;Signature=aTQ1HkBQqAog/hXkBnnGODW/354%3D</analysis_url><energy>0.407163</energy><liveness>0.107801</liveness><tempo>77.024</tempo><speechiness>0.025882</speechiness><acousticness>0.562288</acousticness><instrumentalness>0.0</instrumentalness><mode>1</mode><time_signature>1</time_signature><duration>184.61288</duration><loudness>-6.211</loudness><audio_md5 /><valence>0.635043</valence><danceability>0.583005</danceability></audio_summary><title>Break Out! Break Out! (Acoustic Version)</title></song><song><artist_id>ARJV0U41187B9AB715</artist_id><artist_name>All Time Low</artist_name><id>SOYNGOH131677181A6</id><audio_summary><key>4</key><analysis_url>http://echonest-analysis.s3.amazonaws.com/TR/dd-WJQolchcl3hNKPGO9PM2wljHMivvCU1SjQ6OkNB2q6OaR9DvGib-rN__hQhEG8eLk9aC0sSkWFOVEs%3D/3/full.json?AWSAccessKeyId=AKIAJRDFEY23UEVW42BQ&amp;Expires=1415343315&amp;Signature=yyI7Ck4%2B8ayGzWFcpW5BrPuX9MU%3D</analysis_url><energy>0.727374</energy><liveness>0.234073</liveness><tempo>91.977</tempo><speechiness>0.040713</speechiness><acousticness>0.108371</acousticness><instrumentalness>0.0</instrumentalness><mode>1</mode><time_signature>4</time_signature><duration>175.61288</duration><loudness>-4.66</loudness><audio_md5>8c21d9cf29b4ad8f212c2847957ee3df</audio_md5><valence>0.703605</valence><danceability>0.622069</danceability></audio_summary><title>I Feel Like Dancin' (Acoustic)</title></song><song><artist_id>ARJV0U41187B9AB715</artist_id><artist_name>All Time Low</artist_name><id>SODMTZF12AF72A7AD3</id><audio_summary><key>4</key><analysis_url>http://echonest-analysis.s3.amazonaws.com/TR/t0mQSwVtHdSLMhzlyo9i-QIiP6Kda_MxnNh8kHdgynd2NHsg_Fq8xnchT3St1eb52YVojwTrva2bYTmSQ%3D/3/full.json?AWSAccessKeyId=AKIAJRDFEY23UEVW42BQ&amp;Expires=1415343316&amp;Signature=Qhu%2BKsXhMgkmQvXg0wRNsgDLEVI%3D</analysis_url><energy>0.960838</energy><liveness>0.565806</liveness><tempo>170.033</tempo><speechiness>0.087747</speechiness><acousticness>0.00085</acousticness><instrumentalness>0.0</instrumentalness><mode>1</mode><time_signature>4</time_signature><duration>178.23955</duration><loudness>-3.093</loudness><audio_md5 /><valence>0.392613</valence><danceability>0.391429</danceability></audio_summary><title>Stella (Live)</title></song><song><artist_id>ARJV0U41187B9AB715</artist_id><artist_name>All Time Low</artist_name><id>SORVUST1338A5EF924</id><audio_summary><key>1</key><analysis_url>http://echonest-analysis.s3.amazonaws.com/TR/HLSFnANzcSV6QM4u6eiyizjqJTIjmjy8ZP08PMUdGSqwZJ9jFE_kEHJaf3SKRBGcLmKmFY__UPNL-j9mg%3D/3/full.json?AWSAccessKeyId=AKIAJRDFEY23UEVW42BQ&amp;Expires=1415343316&amp;Signature=bzU0U/nOiQZRidW/AUfxS%2BZ4M%2B0%3D</analysis_url><energy>0.918579</energy><liveness>0.227441</liveness><tempo>99.993</tempo><speechiness>0.047144</speechiness><acousticness>0.057546</acousticness><instrumentalness>0.0</instrumentalness><mode>1</mode><time_signature>4</time_signature><duration>188.38621</duration><loudness>-4.294</loudness><audio_md5 /><valence>0.609658</valence><danceability>0.559013</danceability></audio_summary><title>All Time Low - Time to Break Up</title></song><song><artist_id>ARJV0U41187B9AB715</artist_id><artist_name>All Time Low</artist_name><id>SOULNSI136798E85EF</id><audio_summary><key>2</key><analysis_url>http://echonest-analysis.s3.amazonaws.com/TR/TRTFEXH12BEA95D1DA/3/full.json?AWSAccessKeyId=AKIAJRDFEY23UEVW42BQ&amp;Expires=1415343316&amp;Signature=B%2BDmg7K/RnpqCPVzcvKmUnnq8kY%3D</analysis_url><energy>0.556544</energy><liveness>0.257454</liveness><tempo>90.534</tempo><speechiness>0.047542</speechiness><acousticness>0.010117</acousticness><instrumentalness>0.000221</instrumentalness><mode>1</mode><time_signature>4</time_signature><duration>195.83955</duration><loudness>-16.863</loudness><audio_md5 /><valence>0.612689</valence><danceability>0.603478</danceability></audio_summary><title>WEIGHTLESS (CC Clean)</title></song><song><artist_id>ARJV0U41187B9AB715</artist_id><artist_name>All Time Low</artist_name><id>SORBWWO146BC66D1D0</id><audio_summary><key>4</key><analysis_url>http://echonest-analysis.s3.amazonaws.com/TR/KsBQ-AMym0NLnMuuXX2-8X9HHJmorQ-binWfihiV-TxEFUAyQov3fv2WIbLvv2UI1MPBZex7RMQMT7NnA%3D/3/full.json?AWSAccessKeyId=AKIAJRDFEY23UEVW42BQ&amp;Expires=1415343316&amp;Signature=1bP%2BcCWIaTqnRNpJYRAeyUj7iJY%3D</analysis_url><energy>0.854948</energy><liveness>0.148546</liveness><tempo>125.975</tempo><speechiness>0.045458</speechiness><acousticness>0.017124</acousticness><instrumentalness>0.000139</instrumentalness><mode>1</mode><time_signature>4</time_signature><duration>184.63955</duration><loudness>-4.949</loudness><audio_md5 /><valence>0.799068</valence><danceability>0.573923</danceability></audio_summary><title>Damned If I Do Ya - damned If I Don&amp;apos;t</title></song><song><artist_id>ARJV0U41187B9AB715</artist_id><artist_name>All Time Low</artist_name><id>SOGSQWI137458D5AD8</id><audio_summary><key>0</key><analysis_url>http://echonest-analysis.s3.amazonaws.com/TR/uLTZdwbZhUSxgh6IQk49YRu30Z-iyPCYu3Fubymbce8xQz6zg8Lhza1Nmd_RZA2GwkjGZejeS3p230bQY%3D/3/full.json?AWSAccessKeyId=AKIAJRDFEY23UEVW42BQ&amp;Expires=1415343316&amp;Signature=uoPy5wTnC%2BCu9FL6tO3Vm%2BlJIAM%3D</analysis_url><energy>0.699071</energy><liveness>0.106589</liveness><tempo>128.346</tempo><speechiness>0.03249</speechiness><acousticness>0.002223</acousticness><instrumentalness>2e-06</instrumentalness><mode>1</mode><time_signature>4</time_signature><duration>309.34621</duration><loudness>-7.405</loudness><audio_md5 /><valence>0.668367</valence><danceability>0.4078</danceability></audio_summary><title>I Agree</title></song><song><artist_id>ARJV0U41187B9AB715</artist_id><artist_name>All Time Low</artist_name><id>SOGCHBZ143FDDDB7B9</id><audio_summary><key>2</key><analysis_url>http://echonest-analysis.s3.amazonaws.com/TR/bpfs5gSHDRQ8y4Ya4pd4bZ1lKoOcsE2M3Ze2eJW_ztgyVEJlhqVlGzB-3FrxFfI-DoG96l4x3C0eY6bkU%3D/3/full.json?AWSAccessKeyId=AKIAJRDFEY23UEVW42BQ&amp;Expires=1415343316&amp;Signature=7CgW5dc92mSQQ6qJ50/K1W5Xlt8%3D</analysis_url><energy>0.392338</energy><liveness>0.573213</liveness><tempo>101.257</tempo><speechiness>0.035894</speechiness><acousticness>0.526069</acousticness><instrumentalness>0.0</instrumentalness><mode>1</mode><time_signature>4</time_signature><duration>203.35959</duration><loudness>-6.064</loudness><audio_md5 /><valence>0.496147</valence><danceability>0.572947</danceability></audio_summary><title>Alejandro - Live From BBC Radio 1's Live Lounge</title></song><song><artist_id>ARJV0U41187B9AB715</artist_id><artist_name>All Time Low</artist_name><id>SOZISWG144E603BAD2</id><audio_summary><key>9</key><analysis_url>http://echonest-analysis.s3.amazonaws.com/TR/voXqOAwzbKGIlLnbICAGrHdpP9i4lDna-rwAHYDJVNg9S7i1iTLvCyzid0yLjUs_r3Gp-y_lOUbJ9WeZ8%3D/3/full.json?AWSAccessKeyId=AKIAJRDFEY23UEVW42BQ&amp;Expires=1415343316&amp;Signature=RzMa9qaBQn%2Bw8vK33HDsyHK8WXA%3D</analysis_url><energy>0.96806</energy><liveness>0.065028</liveness><tempo>165.029</tempo><speechiness>0.313074</speechiness><acousticness>0.000714</acousticness><instrumentalness>0.0</instrumentalness><mode>0</mode><time_signature>4</time_signature><duration>199.73288</duration><loudness>-3.53</loudness><audio_md5>15672e6c8da73f81412b87c5193f48f5</audio_md5><valence>0.191404</valence><danceability>0.418924</danceability></audio_summary><title>Poison</title></song><song><artist_id>ARJV0U41187B9AB715</artist_id><artist_name>All Time Low</artist_name><id>SOWYPFH131677138EE</id><audio_summary><key>2</key><analysis_url>http://echonest-analysis.s3.amazonaws.com/TR/JtjZ3geH0pLTNdSntOJ_6bFj-C19-tpbZef_5vj91k_-dpYUTf85IkyK2d6-dVfFia0JJN7RdL_I8f07Q%3D/3/full.json?AWSAccessKeyId=AKIAJRDFEY23UEVW42BQ&amp;Expires=1415343316&amp;Signature=J4T18e4BUvgJd8a7iuTlBos%2B6vI%3D</analysis_url><energy>0.427888</energy><liveness>0.278531</liveness><tempo>100.786</tempo><speechiness>0.036051</speechiness><acousticness>0.42039</acousticness><instrumentalness>0.0</instrumentalness><mode>1</mode><time_signature>4</time_signature><duration>205.37288</duration><loudness>-4.518</loudness><audio_md5>b7c2d8e169e8a242d0ef2691c3f98444</audio_md5><valence>0.519214</valence><danceability>0.555742</danceability></audio_summary><title>Alejandro (Originally By Lady Gaga)</title></song><song><artist_id>ARJV0U41187B9AB715</artist_id><artist_name>All Time Low</artist_name><id>SOYOHAZ13E9082E8A0</id><audio_summary><key>9</key><analysis_url>http://echonest-analysis.s3.amazonaws.com/TR/Z1sGzgKYw4zhEReCxquoA7T_GDZ9ij05VSdpE_/3/full.json?AWSAccessKeyId=AKIAJRDFEY23UEVW42BQ&amp;Expires=1415343316&amp;Signature=FFLP8QacYaUbkEzi/fr9W1HkjLY%3D</analysis_url><energy>0.734553</energy><liveness>0.341345</liveness><tempo>92.461</tempo><speechiness>0.317765</speechiness><acousticness>0.572783</acousticness><instrumentalness>0.0</instrumentalness><mode>1</mode><time_signature>4</time_signature><duration>148.09556</duration><loudness>-14.79</loudness><audio_md5>6e500a0bc00d99b8cb4dd68f9f1bdfa1</audio_md5><valence>0.296788</valence><danceability>0.397423</danceability></audio_summary><title>San Diego: Album Release</title></song><song><artist_id>ARJV0U41187B9AB715</artist_id><artist_name>All Time Low</artist_name><id>SOAFEUM1312FDFDB94</id><audio_summary><key>2</key><analysis_url>http://echonest-analysis.s3.amazonaws.com/TR/XFDgOgbRiFWk3kEscT7bH7x06dpdwQBzZEnbpJKm87a87skovtTxujV609g4_yW8H6qbxKIHWF-_QZZ7s%3D/3/full.json?AWSAccessKeyId=AKIAJRDFEY23UEVW42BQ&amp;Expires=1415343316&amp;Signature=wBlv/N7elv0P42/lhmMYGvwg2GI%3D</analysis_url><energy>0.763262</energy><liveness>0.103886</liveness><tempo>90.524</tempo><speechiness>0.045434</speechiness><acousticness>0.157466</acousticness><instrumentalness>0.0</instrumentalness><mode>1</mode><time_signature>4</time_signature><duration>189.73288</duration><loudness>-6.369</loudness><audio_md5 /><valence>0.429188</valence><danceability>0.657112</danceability></audio_summary><title>Weightless (The Secret Handshake Remix)</title></song><song><artist_id>ARJV0U41187B9AB715</artist_id><artist_name>All Time Low</artist_name><id>SOUCCQA1376B33A0A4</id><audio_summary><key>2</key><analysis_url>http://echonest-analysis.s3.amazonaws.com/TR/7lCrRAz2LzH6gF681v5etoZu8JOd3Lcb8XCmyS/3/full.json?AWSAccessKeyId=AKIAJRDFEY23UEVW42BQ&amp;Expires=1415343316&amp;Signature=ryQrH6N9hQgoFjGW2lze7y/F7/Q%3D</analysis_url><energy>0.911045</energy><liveness>0.802142</liveness><tempo>131.239</tempo><speechiness>0.123482</speechiness><acousticness>0.00078</acousticness><instrumentalness>0.0</instrumentalness><mode>1</mode><time_signature>4</time_signature><duration>253.88653</duration><loudness>-4.606</loudness><audio_md5 /><valence>0.298051</valence><danceability>0.438812</danceability></audio_summary><title>Six Feet Under The Stars (Live)</title></song><song><artist_id>ARJV0U41187B9AB715</artist_id><artist_name>All Time Low</artist_name><id>SOASRRA1313439F6C6</id><audio_summary><key>3</key><analysis_url>http://echonest-analysis.s3.amazonaws.com/TR/BzV6RgA3iG-VVnuKVi-0BA94ix1eCQQbg9CLh-/3/full.json?AWSAccessKeyId=AKIAJRDFEY23UEVW42BQ&amp;Expires=1415343316&amp;Signature=4Vghw0DkkaU50g3NvvI0XanyDJQ%3D</analysis_url><energy>0.512882</energy><liveness>0.246722</liveness><tempo>78.424</tempo><speechiness>0.031812</speechiness><acousticness>0.228767</acousticness><instrumentalness>0.0</instrumentalness><mode>1</mode><time_signature>4</time_signature><duration>213.90476</duration><loudness>-6.29</loudness><audio_md5 /><valence>0.596792</valence><danceability>0.561729</danceability></audio_summary><title>Let It Roll (Hurley Studio Acoustic)</title></song><song><artist_id>ARJV0U41187B9AB715</artist_id><artist_name>All Time Low</artist_name><id>SODTTMA1486CC763CF</id><audio_summary><key>10</key><analysis_url>http://echonest-analysis.s3.amazonaws.com/TR/C3P98AVfI7BFkv0SeiNeloz2aElQo5WWNbED-b0xCbwJL8Z8s-YSX7IuT7B3V3iCSRfZd5y9vkO7fv4vk%3D/3/full.json?AWSAccessKeyId=AKIAJRDFEY23UEVW42BQ&amp;Expires=1415343316&amp;Signature=cnWwAmjX9Vt%2Bfhg60u2xMBZToA4%3D</analysis_url><energy>0.453656</energy><liveness>0.093742</liveness><tempo>159.403</tempo><speechiness>0.027628</speechiness><acousticness>0.52572</acousticness><instrumentalness>0.0</instrumentalness><mode>1</mode><time_signature>4</time_signature><duration>169.99955</duration><loudness>-7.447</loudness><audio_md5 /><valence>0.513498</valence><danceability>0.4166</danceability></audio_summary><title>Break Out! Break Out! (Acoustic)</title></song><song><artist_id>ARJV0U41187B9AB715</artist_id><artist_name>All Time Low</artist_name><id>SOLOXHU12AB01832C4</id><audio_summary><key>2</key><analysis_url>http://echonest-analysis.s3.amazonaws.com/TR/0mi2yAWZ3QrKeClW__si_YFhXCqzOyzKSiP8CaDn6BZ4jieDNzvu3nc24OMnazXk-3UPoQ8bmlEkWRWbQ%3D/3/full.json?AWSAccessKeyId=AKIAJRDFEY23UEVW42BQ&amp;Expires=1415343316&amp;Signature=FpSHJ3f2zA363rVJ7VGpu85EwZs%3D</analysis_url><energy>0.878316</energy><liveness>0.355277</liveness><tempo>122.962</tempo><speechiness>0.06007</speechiness><acousticness>0.001376</acousticness><instrumentalness>0.0</instrumentalness><mode>1</mode><time_signature>4</time_signature><duration>185.82621</duration><loudness>-3.602</loudness><audio_md5>51e948bfbe03769376fb6d7c0aa874ed</audio_md5><valence>0.527812</valence><danceability>0.538288</danceability></audio_summary><title>Poppin' (Video Mix)</title></song><song><artist_id>ARJV0U41187B9AB715</artist_id><artist_name>All Time Low</artist_name><id>SOULYUF1376B33C8F0</id><audio_summary><key>1</key><analysis_url>http://echonest-analysis.s3.amazonaws.com/TR/VSAAjQRfrQsjs0D49jVJCMLnb2p4Ab0cMDoyWj/3/full.json?AWSAccessKeyId=AKIAJRDFEY23UEVW42BQ&amp;Expires=1415343316&amp;Signature=VtGrv0aoCnZaUNYoPYh4QXRrbpg%3D</analysis_url><energy>0.953573</energy><liveness>0.462882</liveness><tempo>185.87</tempo><speechiness>0.106768</speechiness><acousticness>6.9e-05</acousticness><instrumentalness>1e-06</instrumentalness><mode>1</mode><time_signature>4</time_signature><duration>243.29823</duration><loudness>-4.522</loudness><audio_md5 /><valence>0.292141</valence><danceability>0.347662</danceability></audio_summary><title>Jasey Rae (Live)</title></song><song><artist_id>ARJV0U41187B9AB715</artist_id><artist_name>All Time Low</artist_name><id>SOTKDZI13E89885F9D</id><audio_summary><key>1</key><analysis_url>http://echonest-analysis.s3.amazonaws.com/TR/ozKOrA6R7LE0bD8m0Vt_Gxth5jN_7-5dESqBoQ/3/full.json?AWSAccessKeyId=AKIAJRDFEY23UEVW42BQ&amp;Expires=1415343316&amp;Signature=jB27h7R5a3oAMrvjAjJVs3Zx3EQ%3D</analysis_url><energy>0.454795</energy><liveness>0.106462</liveness><tempo>140.018</tempo><speechiness>0.027489</speechiness><acousticness>0.13548</acousticness><instrumentalness>0.0</instrumentalness><mode>1</mode><time_signature>4</time_signature><duration>217.5473</duration><loudness>-7.093</loudness><audio_md5>47928bd4ad5f430f471d2990ceaea831</audio_md5><valence>0.438025</valence><danceability>0.565893</danceability></audio_summary><title>The Reckless &amp; The Brave (Acoustic)</title></song><song><artist_id>ARJV0U41187B9AB715</artist_id><artist_name>All Time Low</artist_name><id>SOBNDBW12AF72A7AD1</id><audio_summary><key>6</key><analysis_url>http://echonest-analysis.s3.amazonaws.com/TR/t-5NXQBGEGx8mxsR1nuexfnwKFuNGw3dpnXOncs2vZ3SOwlj58pfPXymL6jMQvXSgooqOUphHk3iQtgoU%3D/3/full.json?AWSAccessKeyId=AKIAJRDFEY23UEVW42BQ&amp;Expires=1415343316&amp;Signature=d4SYGJIEtA0wOq1ELd%2Bo4AXbqMs%3D</analysis_url><energy>0.915614</energy><liveness>0.908542</liveness><tempo>159.986</tempo><speechiness>0.090979</speechiness><acousticness>0.006916</acousticness><instrumentalness>0.926977</instrumentalness><mode>0</mode><time_signature>4</time_signature><duration>89.47955</duration><loudness>-6.069</loudness><audio_md5 /><valence>0.128374</valence><danceability>0.175493</danceability></audio_summary><title>Intro</title></song><song><artist_id>ARJV0U41187B9AB715</artist_id><artist_name>All Time Low</artist_name><id>SOQFKGW131343A2552</id><audio_summary><key>3</key><analysis_url>http://echonest-analysis.s3.amazonaws.com/TR/y8bHKwiedfYI-vQ0GGfWbeOvAu_M1lkTmtTfFKcFWXb9skJNdiD3isbhPlfZDfbRQnFRmbVwRoKXFx6YM%3D/3/full.json?AWSAccessKeyId=AKIAJRDFEY23UEVW42BQ&amp;Expires=1415343316&amp;Signature=j4XP8QcqaNNPjS/UGGTfplzYkMo%3D</analysis_url><energy>0.398579</energy><liveness>0.070468</liveness><tempo>154.864</tempo><speechiness>0.028775</speechiness><acousticness>0.102908</acousticness><instrumentalness>0.0</instrumentalness><mode>1</mode><time_signature>4</time_signature><duration>216.49288</duration><loudness>-8.946</loudness><audio_md5>83f12287628e24e91b74ac3aa8735a73</audio_md5><valence>0.611081</valence><danceability>0.446801</danceability></audio_summary><title>Stay Awake (Dreams Only Last For A Night) (Acoustic)</title></song><song><artist_id>ARJV0U41187B9AB715</artist_id><artist_name>All Time Low</artist_name><id>SOCFOVO13E9082DA6B</id><audio_summary><key>1</key><analysis_url>http://echonest-analysis.s3.amazonaws.com/TR/0EREsQeL85Po23RZZRgT5rwhDXKyxjcL6zf8oy/3/full.json?AWSAccessKeyId=AKIAJRDFEY23UEVW42BQ&amp;Expires=1415343316&amp;Signature=KLmdpLumHIvB9kBBbnAxqNsHU0U%3D</analysis_url><energy>0.331478</energy><liveness>0.243945</liveness><tempo>89.684</tempo><speechiness>0.600493</speechiness><acousticness>0.732082</acousticness><instrumentalness>0.0</instrumentalness><mode>0</mode><time_signature>4</time_signature><duration>372.63955</duration><loudness>-19.887</loudness><audio_md5 /><valence>0.555913</valence><danceability>0.5393</danceability></audio_summary><title>I Feel Like Dancin' (Behind The Scenes)</title></song><song><artist_id>ARJV0U41187B9AB715</artist_id><artist_name>All Time Low</artist_name><id>SODYJIZ1326FBF3130</id><audio_summary><key>7</key><analysis_url>http://echonest-analysis.s3.amazonaws.com/TR/kV1CLAWaTp4V-mFZXa3UoPu6GaXEY0Zz3gCYRu2xeZ4XsA6rOAXrMcDGobFC49bbe9QisozWLcxTXy6Bg%3D/3/full.json?AWSAccessKeyId=AKIAJRDFEY23UEVW42BQ&amp;Expires=1415343316&amp;Signature=8UPYncG22W6lSpd842GOqZKfYEI%3D</analysis_url><energy>0.777196</energy><liveness>0.08127</liveness><tempo>138.964</tempo><speechiness>0.027497</speechiness><acousticness>0.073461</acousticness><instrumentalness>0.0</instrumentalness><mode>1</mode><time_signature>4</time_signature><duration>208.93288</duration><loudness>-5.899</loudness><audio_md5 /><valence>0.627785</valence><danceability>0.524649</danceability></audio_summary><title>Time-Bomb (Acoustic Version)</title></song><song><artist_id>ARJV0U41187B9AB715</artist_id><artist_name>All Time Low</artist_name><id>SODYZYH13E9082EBC7</id><audio_summary><key>3</key><analysis_url>http://echonest-analysis.s3.amazonaws.com/TR/bSZgEQkx0U5ao96PeUYgJGewsmGx2MyhDRhyuA/3/full.json?AWSAccessKeyId=AKIAJRDFEY23UEVW42BQ&amp;Expires=1415343316&amp;Signature=mnnUpfVTIW4v2DNaJTJtZR/oXrs%3D</analysis_url><energy>0.271571</energy><liveness>0.089671</liveness><tempo>89.941</tempo><speechiness>0.052885</speechiness><acousticness>0.214125</acousticness><instrumentalness>0.0</instrumentalness><mode>1</mode><time_signature>4</time_signature><duration>195.23156</duration><loudness>-19.886</loudness><audio_md5 /><valence>0.64569</valence><danceability>0.695542</danceability></audio_summary><title>I Feel Like Dancin' (Down the Front Session)</title></song><song><artist_id>ARJV0U41187B9AB715</artist_id><artist_name>All Time Low</artist_name><id>SOCXLJE147E97841DE</id><audio_summary><key>9</key><analysis_url>http://echonest-analysis.s3.amazonaws.com/TR/99iVcQWlgNN8NLYTs2zm38HlEXGf9_-WRB9DAPHer1207y41LQ8ocR1-CSpkvbmOxPT2mUaPF07QECdyQ%3D/3/full.json?AWSAccessKeyId=AKIAJRDFEY23UEVW42BQ&amp;Expires=1415343316&amp;Signature=atYjp5r%2BST0mCgosh6Ze8wmjnXA%3D</analysis_url><energy>0.98238</energy><liveness>0.485702</liveness><tempo>164.389</tempo><speechiness>0.221576</speechiness><acousticness>0.000331</acousticness><instrumentalness>2.4e-05</instrumentalness><mode>0</mode><time_signature>4</time_signature><duration>28.23456</duration><loudness>-2.568</loudness><audio_md5 /><valence>0.142522</valence><danceability>0.290865</danceability></audio_summary><title>Poison</title></song><song><artist_id>ARJV0U41187B9AB715</artist_id><artist_name>All Time Low</artist_name><id>SOKOXOI1315CD4B0EE</id><audio_summary><key>4</key><analysis_url>http://echonest-analysis.s3.amazonaws.com/TR/lqca8wTMZiFGwVmbjIEZQ1aCR7NOEDR-cAN7mBi9kIh4jjL-ms3lY7b5LWZekgE2r_qdJbVoxsL_-7Me8%3D/3/full.json?AWSAccessKeyId=AKIAJRDFEY23UEVW42BQ&amp;Expires=1415343316&amp;Signature=diuAi%2BatkzACkZKMBk9AuBQ3Kvc%3D</analysis_url><energy>0.778249</energy><liveness>0.113743</liveness><tempo>140.02</tempo><speechiness>0.044161</speechiness><acousticness>0.23341</acousticness><instrumentalness>0.0</instrumentalness><mode>1</mode><time_signature>4</time_signature><duration>235.69288</duration><loudness>-8.452</loudness><audio_md5>cab78aad1dc1c50610f328155bd0d568</audio_md5><valence>0.817778</valence><danceability>0.566746</danceability></audio_summary><title>Coffee Shop Soundtrack (Acoustic Remix)</title></song><song><artist_id>ARJV0U41187B9AB715</artist_id><artist_name>All Time Low</artist_name><id>SONMUNS1312A8A4E1A</id><audio_summary><key>3</key><analysis_url>http://echonest-analysis.s3.amazonaws.com/TR/QFqXegLn18HAEQEEdOFWdgPkWV3JIVVyOTLXcS3wql2jxHRtly8zyvJe3lGj7dzGcxECdMXoOMhRS9sjo%3D/3/full.json?AWSAccessKeyId=AKIAJRDFEY23UEVW42BQ&amp;Expires=1415343316&amp;Signature=AKpV44Cn3yJCy1PHewB60nEYEYU%3D</analysis_url><energy>0.383921</energy><liveness>0.071953</liveness><tempo>80.056</tempo><speechiness>0.030527</speechiness><acousticness>0.542337</acousticness><instrumentalness>0.0</instrumentalness><mode>1</mode><time_signature>4</time_signature><duration>205.85288</duration><loudness>-7.272</loudness><audio_md5>28f0b344b28e694cfe16877eec1cd4e5</audio_md5><valence>0.587765</valence><danceability>0.468527</danceability></audio_summary><title>Let It Roll (Connect Sets Acoustic)</title></song><song><artist_id>ARJV0U41187B9AB715</artist_id><artist_name>All Time Low</artist_name><id>SOJGLMG1311AFD8B2C</id><audio_summary><key>1</key><analysis_url>http://echonest-analysis.s3.amazonaws.com/TR/jOroIwazvVNOY28goQB3vjPEP3oGLN9Ue_FSe_RPtarGHaeAuj3lYM6DxPT48-4GF0Giuq0InEIMrAKa0%3D/3/full.json?AWSAccessKeyId=AKIAJRDFEY23UEVW42BQ&amp;Expires=1415343316&amp;Signature=fhi8jDN9aYni759z0F0ARSEvywI%3D</analysis_url><energy>0.447957</energy><liveness>0.114565</liveness><tempo>81.608</tempo><speechiness>0.029144</speechiness><acousticness>0.514197</acousticness><instrumentalness>0.0</instrumentalness><mode>1</mode><time_signature>4</time_signature><duration>208.05288</duration><loudness>-6.909</loudness><audio_md5>1f9d5aace70a2bbca31be29de05d1e4d</audio_md5><valence>0.615614</valence><danceability>0.49458</danceability></audio_summary><title>Dear Maria, Count Me In (Connect Sets Acoustic)</title></song><song><artist_id>ARJV0U41187B9AB715</artist_id><artist_name>All Time Low</artist_name><id>SOFCISW1312FDFDC79</id><audio_summary><key>9</key><analysis_url>http://echonest-analysis.s3.amazonaws.com/TR/oi71Igc5v9W59H6ioAi_MqxFo0Q3nazllyyhTmKMqrZJXzFqZIWI6BtoBRKIG68WUGlKqR_xGSYzplx3I%3D/3/full.json?AWSAccessKeyId=AKIAJRDFEY23UEVW42BQ&amp;Expires=1415343316&amp;Signature=I%2BIIP6mbENKGaO87scNJR0UYr9U%3D</analysis_url><energy>0.913319</energy><liveness>0.133714</liveness><tempo>116.023</tempo><speechiness>0.054174</speechiness><acousticness>0.018708</acousticness><instrumentalness>0.0</instrumentalness><mode>0</mode><time_signature>4</time_signature><duration>172.26621</duration><loudness>-3.942</loudness><audio_md5>a92ac111e6522a96ccb39320dc582e75</audio_md5><valence>0.63745</valence><danceability>0.553783</danceability></audio_summary><title>Toxic Valentine</title></song><song><artist_id>ARJV0U41187B9AB715</artist_id><artist_name>All Time Low</artist_name><id>SOAEHAO1312A8ACA5B</id><audio_summary><key>11</key><analysis_url>http://echonest-analysis.s3.amazonaws.com/TR/UDgqdwQlQPwo_FYyHy7G1lVrtNTlx1Ov2Vy56FR2Su03_w_6NaOXND9c0XyHs9n-3IPK89gBOJxomQybA%3D/3/full.json?AWSAccessKeyId=AKIAJRDFEY23UEVW42BQ&amp;Expires=1415343316&amp;Signature=JqPGiXkbyP04WtKao9BfSRKsKFs%3D</analysis_url><energy>0.917773</energy><liveness>0.342417</liveness><tempo>139.011</tempo><speechiness>0.058622</speechiness><acousticness>0.003853</acousticness><instrumentalness>3e-06</instrumentalness><mode>0</mode><time_signature>4</time_signature><duration>209.93288</duration><loudness>-3.918</loudness><audio_md5>9a36a2410938f13ca768293ebce143c7</audio_md5><valence>0.630315</valence><danceability>0.52215</danceability></audio_summary><title>Time-Bomb</title></song><song><artist_id>ARJV0U41187B9AB715</artist_id><artist_name>All Time Low</artist_name><id>SODTNCF12AF72A7AD9</id><audio_summary><key>8</key><analysis_url>http://echonest-analysis.s3.amazonaws.com/TR/GdFqyQzSsYa4sNdSSBw1AtHf677-cDDclqSx9SZ3jks4pKeMSjpt2gV368ZyHtCTkBIjpFD8SuzdK90Xs%3D/3/full.json?AWSAccessKeyId=AKIAJRDFEY23UEVW42BQ&amp;Expires=1415343316&amp;Signature=L0xpoxOIVwhKKibY3YHb/U6uvVY%3D</analysis_url><energy>0.549436</energy><liveness>0.546014</liveness><tempo>106.891</tempo><speechiness>0.031073</speechiness><acousticness>0.80307</acousticness><instrumentalness>0.0</instrumentalness><mode>1</mode><time_signature>4</time_signature><duration>309.78621</duration><loudness>-6.54</loudness><audio_md5>b35208f930c471bfc0dc8e664f4fa954</audio_md5><valence>0.486263</valence><danceability>0.395413</danceability></audio_summary><title>Remembering Sunday</title></song><song><artist_id>ARJV0U41187B9AB715</artist_id><artist_name>All Time Low</artist_name><id>SOWEPUB13B1C8805D9</id><audio_summary><key>6</key><analysis_url>http://echonest-analysis.s3.amazonaws.com/TR/8wi3aA3r9sVzI7bqgHEqiAOPr8P6JVC6VRtddpuzQKeiqmdUEi4j5Ij526GB_rPkj5_8om/3/full.json?AWSAccessKeyId=AKIAJRDFEY23UEVW42BQ&amp;Expires=1415343316&amp;Signature=%2B6a4u4F/4FY9BO9PFwuaYrQZGJs%3D</analysis_url><energy>0.600437</energy><liveness>0.080248</liveness><tempo>93.728</tempo><speechiness>0.039433</speechiness><acousticness>0.003024</acousticness><instrumentalness>0.0</instrumentalness><mode>0</mode><time_signature>4</time_signature><duration>176.53506</duration><loudness>-17.299</loudness><audio_md5>61e04d52e1d64714da4eb761ce362f7d</audio_md5><valence>0.641529</valence><danceability>0.616841</danceability></audio_summary><title>I Feel Like Dancin'</title></song><song><artist_id>ARJV0U41187B9AB715</artist_id><artist_name>All Time Low</artist_name><id>SOUJEUP13CF6CA9D4E</id><audio_summary><key>1</key><analysis_url>http://echonest-analysis.s3.amazonaws.com/TR/ludYfADVXFHBC3oDPHENvH-BYdiq5gDQZhNFQ_/3/full.json?AWSAccessKeyId=AKIAJRDFEY23UEVW42BQ&amp;Expires=1415343316&amp;Signature=9enkxNwj4MVheq/Ih5WpEKks550%3D</analysis_url><energy>0.991778</energy><liveness>0.215519</liveness><tempo>160.447</tempo><speechiness>0.143164</speechiness><acousticness>0.000187</acousticness><instrumentalness>0.0</instrumentalness><mode>1</mode><time_signature>4</time_signature><duration>199.69116</duration><loudness>-3.366</loudness><audio_md5 /><valence>0.566399</valence><danceability>0.42251</danceability></audio_summary><title>The Reckless and the Brave</title></song><song><artist_id>ARJV0U41187B9AB715</artist_id><artist_name>All Time Low</artist_name><id>SOFVQJH13D665555F9</id><audio_summary><key>7</key><analysis_url>http://echonest-analysis.s3.amazonaws.com/TR/KV82wwasyHe8b4AlHPkAJza1l2ifDb71XHrW-6/3/full.json?AWSAccessKeyId=AKIAJRDFEY23UEVW42BQ&amp;Expires=1415343316&amp;Signature=CGV8CFbNc7ZNVjF56ANJZp/6FyA%3D</analysis_url><energy>0.979497</energy><liveness>0.275122</liveness><tempo>175.138</tempo><speechiness>0.070002</speechiness><acousticness>0.000109</acousticness><instrumentalness>0.0</instrumentalness><mode>1</mode><time_signature>4</time_signature><duration>199.44444</duration><loudness>-3.549</loudness><audio_md5>9a038c0d4f3dd7a8b94e006336b5e6cd</audio_md5><valence>0.591858</valence><danceability>0.426883</danceability></audio_summary><title>If These Sheets Were States</title></song><song><artist_id>ARJV0U41187B9AB715</artist_id><artist_name>All Time Low</artist_name><id>SOFNBXX13E907B0AF4</id><audio_summary><key>1</key><analysis_url>http://echonest-analysis.s3.amazonaws.com/TR/DbH1GQxHalEKh3ZfT3hG6mtQ7_tA%3D%3D/3/full.json?AWSAccessKeyId=AKIAJRDFEY23UEVW42BQ&amp;Expires=1415343316&amp;Signature=sWmXd0owSJjCI9hZTKzgZMvrp4M%3D</analysis_url><energy>0.746188</energy><liveness>0.24924</liveness><tempo>91.988</tempo><speechiness>0.244617</speechiness><acousticness>0.044895</acousticness><instrumentalness>0.0</instrumentalness><mode>0</mode><time_signature>4</time_signature><duration>283.39202</duration><loudness>-11.401</loudness><audio_md5>91ec436ea32adda11d6bb1901c5f8a2f</audio_md5><valence>0.402326</valence><danceability>0.560968</danceability></audio_summary><title>I Feel Like Dancin'</title></song><song><artist_id>ARJV0U41187B9AB715</artist_id><artist_name>All Time Low</artist_name><id>SOZOHHH1376B33BDD4</id><audio_summary><key>1</key><analysis_url>http://echonest-analysis.s3.amazonaws.com/TR/abjpmQw2f5cMwK4gtLnXpFP9ASqJMyl6I6t_Kus0I0ga3__No0YlR9ZoCQa4nadHPAT4ZXlKWJy-WeRFc%3D/3/full.json?AWSAccessKeyId=AKIAJRDFEY23UEVW42BQ&amp;Expires=1415343316&amp;Signature=dOJfdw/Xb56pYQ3GpwJbH07jOIw%3D</analysis_url><energy>0.978102</energy><liveness>0.479981</liveness><tempo>93.017</tempo><speechiness>0.093549</speechiness><acousticness>7.9e-05</acousticness><instrumentalness>0.0</instrumentalness><mode>1</mode><time_signature>4</time_signature><duration>243.10621</duration><loudness>-3.455</loudness><audio_md5 /><valence>0.232151</valence><danceability>0.490182</danceability></audio_summary><title>Jasey Rae</title></song><song><artist_id>ARJV0U41187B9AB715</artist_id><artist_name>All Time Low</artist_name><id>SOBWKCB12AB01878E4</id><audio_summary><key>1</key><analysis_url>http://echonest-analysis.s3.amazonaws.com/TR/EBrJpA8WtadqUz2zaMVuYHu59FDj66W67FaUMvTKY9OoywutHwykE1OMea5VxGvBRKvKiVkMZsF5ioxzs%3D/3/full.json?AWSAccessKeyId=AKIAJRDFEY23UEVW42BQ&amp;Expires=1415343316&amp;Signature=2jPSTMbM7812NbEiZVvAnH%2B7oWw%3D</analysis_url><energy>0.526103</energy><liveness>0.863767</liveness><tempo>82.266</tempo><speechiness>0.032097</speechiness><acousticness>0.147207</acousticness><instrumentalness>0.0</instrumentalness><mode>1</mode><time_signature>4</time_signature><duration>219.81288</duration><loudness>-7.758</loudness><audio_md5 /><valence>0.419197</valence><danceability>0.394876</danceability></audio_summary><title>Jasey Rae</title></song><song><artist_id>ARJV0U41187B9AB715</artist_id><artist_name>All Time Low</artist_name><id>SOJPIYB1315CD49536</id><audio_summary><key>11</key><analysis_url>http://echonest-analysis.s3.amazonaws.com/TR/erW64AZd2Lqk87jiuffgkfrKAVG3l3xb60A5uE1tsRPnsT0w7WcRYbzf99r63TOqsgbbf9iXIkNP2x5So%3D/3/full.json?AWSAccessKeyId=AKIAJRDFEY23UEVW42BQ&amp;Expires=1415343316&amp;Signature=ep%2BtJV4eErgxVy4ZcoLQzy1J9sI%3D</analysis_url><energy>0.785924</energy><liveness>0.317567</liveness><tempo>96.96</tempo><speechiness>0.033081</speechiness><acousticness>0.002366</acousticness><instrumentalness>0.0</instrumentalness><mode>0</mode><time_signature>4</time_signature><duration>216.01288</duration><loudness>-4.43</loudness><audio_md5>53cf991f70e3d6979f1349cb34f28b8e</audio_md5><valence>0.410372</valence><danceability>0.482467</danceability></audio_summary><title>Sick Little Games</title></song><song><artist_id>ARJV0U41187B9AB715</artist_id><artist_name>All Time Low</artist_name><id>SOOWBMD13B11932588</id><audio_summary><key>1</key><analysis_url>http://echonest-analysis.s3.amazonaws.com/TR/8jQtAQoA5BZscXFnnLjrazXA-yslhNaAAJ5zuO/3/full.json?AWSAccessKeyId=AKIAJRDFEY23UEVW42BQ&amp;Expires=1415343316&amp;Signature=yMJTrpuGliEEGLwvVtgFFBlWJGw%3D</analysis_url><energy>0.955968</energy><liveness>0.440882</liveness><tempo>93.052</tempo><speechiness>0.065204</speechiness><acousticness>7.5e-05</acousticness><instrumentalness>8e-06</instrumentalness><mode>1</mode><time_signature>4</time_signature><duration>243.29823</duration><loudness>-4.493</loudness><audio_md5 /><valence>0.292672</valence><danceability>0.458282</danceability></audio_summary><title>Jasey Rae</title></song><song><artist_id>ARJV0U41187B9AB715</artist_id><artist_name>All Time Low</artist_name><id>SOVNVYY13C1BCC510A</id><audio_summary><key>1</key><analysis_url>http://echonest-analysis.s3.amazonaws.com/TR/UiS6WgAqmQn7v_i2vu3XBz1P0YNR0UyN5N7QI4/3/full.json?AWSAccessKeyId=AKIAJRDFEY23UEVW42BQ&amp;Expires=1415343316&amp;Signature=u73yAjfM1jjT%2BBieAAnQluw4tYY%3D</analysis_url><energy>0.947839</energy><liveness>0.162646</liveness><tempo>83.448</tempo><speechiness>0.048477</speechiness><acousticness>4.7e-05</acousticness><instrumentalness>6e-06</instrumentalness><mode>0</mode><time_signature>4</time_signature><duration>189.19574</duration><loudness>-5.129</loudness><audio_md5 /><valence>0.378693</valence><danceability>0.452178</danceability></audio_summary><title>For Baltimore</title></song><song><artist_id>ARJV0U41187B9AB715</artist_id><artist_name>All Time Low</artist_name><id>SOFPNMM12A8C134A71</id><audio_summary><key>4</key><analysis_url>http://echonest-analysis.s3.amazonaws.com/TR/m3IyfADucIpFtC56cKBaaI07Hi56aEEZ8di86g5_HebRWIIi83Dv3tVSJWgB_txxcOhfiF-uEs01O2r_Y%3D/3/full.json?AWSAccessKeyId=AKIAJRDFEY23UEVW42BQ&amp;Expires=1415343316&amp;Signature=tc%2Bm6XtrA5gdmNavkHW/zNLFS/M%3D</analysis_url><energy>0.951234</energy><liveness>0.333202</liveness><tempo>164.971</tempo><speechiness>0.111014</speechiness><acousticness>0.003354</acousticness><instrumentalness>0.0</instrumentalness><mode>1</mode><time_signature>4</time_signature><duration>212.55955</duration><loudness>-2.638</loudness><audio_md5>96c77e6d477eb1b624ab055ad8799351</audio_md5><valence>0.655991</valence><danceability>0.409037</danceability></audio_summary><title>Come One, Come All</title></song><song><artist_id>ARJV0U41187B9AB715</artist_id><artist_name>All Time Low</artist_name><id>SOKKUWL141A2F9DE2F</id><audio_summary><key>3</key><analysis_url>http://echonest-analysis.s3.amazonaws.com/TR/tZHrMw_lF5dMTNaMbPtDPNCY3tTy9iD3zVE5aY/3/full.json?AWSAccessKeyId=AKIAJRDFEY23UEVW42BQ&amp;Expires=1415343316&amp;Signature=uDN4HtN7BLIQM5WmkVyRXlhaVAU%3D</analysis_url><energy>0.472417</energy><liveness>0.044831</liveness><tempo>150.01</tempo><speechiness>0.028311</speechiness><acousticness>0.112055</acousticness><instrumentalness>0.0</instrumentalness><mode>0</mode><time_signature>4</time_signature><duration>209.3971</duration><loudness>-7.831</loudness><audio_md5>1c00b2190de0e397041fe7b248be8b07</audio_md5><valence>0.516748</valence><danceability>0.538709</danceability></audio_summary><title>For Baltimore (Acoustic)</title></song><song><artist_id>ARJV0U41187B9AB715</artist_id><artist_name>All Time Low</artist_name><id>SOQWIOB1311AFE1DF9</id><audio_summary><key>7</key><analysis_url>http://echonest-analysis.s3.amazonaws.com/TR/A4goYAKKpJdYFPpdRPhOdZhWnuBmooiEWa5yfx50AU-nlPjnZKUAynNHUHAG9lQZndTDdLoikSKajZp50%3D/3/full.json?AWSAccessKeyId=AKIAJRDFEY23UEVW42BQ&amp;Expires=1415343316&amp;Signature=LOGAght6ASpWf5pYJfCdz7UDtfA%3D</analysis_url><energy>0.876963</energy><liveness>0.941921</liveness><tempo>120.095</tempo><speechiness>0.122363</speechiness><acousticness>0.014414</acousticness><instrumentalness>7e-06</instrumentalness><mode>1</mode><time_signature>4</time_signature><duration>439.70621</duration><loudness>-4.323</loudness><audio_md5 /><valence>0.190745</valence><danceability>0.472826</danceability></audio_summary><title>Too Much</title></song><song><artist_id>ARJV0U41187B9AB715</artist_id><artist_name>All Time Low</artist_name><id>SOFLTDI13E3551AB1A</id><audio_summary><key>9</key><analysis_url>http://echonest-analysis.s3.amazonaws.com/TR/b-OWQgauFnNL8cK1_YyBsgWdfRMDGmRRxaT2J2PpHsO9jq1q4Q3Z-92oYTkotdYeSIptTnLkQOrVByCxQ%3D/3/full.json?AWSAccessKeyId=AKIAJRDFEY23UEVW42BQ&amp;Expires=1415343316&amp;Signature=IR3HDaUinzXcw4uA5IhVPInwQs0%3D</analysis_url><energy>0.960829</energy><liveness>0.118716</liveness><tempo>95.05</tempo><speechiness>0.072502</speechiness><acousticness>0.000279</acousticness><instrumentalness>8.2e-05</instrumentalness><mode>1</mode><time_signature>4</time_signature><duration>191.85029</duration><loudness>-2.792</loudness><audio_md5>9743b8024d0263ea06860a496d06b9eb</audio_md5><valence>0.355828</valence><danceability>0.488096</danceability></audio_summary><title>True Colors (Cyndi Lauper cover)</title></song><song><artist_id>ARJV0U41187B9AB715</artist_id><artist_name>All Time Low</artist_name><id>SOLPBNQ1423A4FF17D</id><audio_summary><key>8</key><analysis_url>http://echonest-analysis.s3.amazonaws.com/TR/_gtwSAUhep-JjXdMLQyId5N37uuFZR17gq3XHtt6RgDzdqjJ3Ptuv0YLi561oxCwdAzPx25Z9MsaeOVgQ%3D/3/full.json?AWSAccessKeyId=AKIAJRDFEY23UEVW42BQ&amp;Expires=1415343316&amp;Signature=Kf8BcAl8yQWXpZGIkeJWAfbZ7MQ%3D</analysis_url><energy>0.89633</energy><liveness>0.164466</liveness><tempo>103.988</tempo><speechiness>0.046277</speechiness><acousticness>0.000156</acousticness><instrumentalness>2e-06</instrumentalness><mode>1</mode><time_signature>3</time_signature><duration>223.93288</duration><loudness>-5.503</loudness><audio_md5 /><valence>0.599192</valence><danceability>0.521967</danceability></audio_summary><title>Fool's Holiday</title></song><song><artist_id>ARJV0U41187B9AB715</artist_id><artist_name>All Time Low</artist_name><id>SOBNGBR1312A8ABDDB</id><audio_summary><key>5</key><analysis_url>http://echonest-analysis.s3.amazonaws.com/TR/czVWrwzBp7FPyRcHKjr0EDcnP6weSRrkSoH1DdzzMLhjfIyZwqlPjGhcUv2TJRH9cG1AF6Vu74ZvbOLpo%3D/3/full.json?AWSAccessKeyId=AKIAJRDFEY23UEVW42BQ&amp;Expires=1415343316&amp;Signature=e3Ws6aTBu9XeZQL7v0AGhZAorUs%3D</analysis_url><energy>0.958099</energy><liveness>0.02823</liveness><tempo>178.015</tempo><speechiness>0.099303</speechiness><acousticness>0.06313</acousticness><instrumentalness>0.0</instrumentalness><mode>0</mode><time_signature>4</time_signature><duration>179.86621</duration><loudness>-2.911</loudness><audio_md5 /><valence>0.789852</valence><danceability>0.429089</danceability></audio_summary><title>Get Down On Your Knees And Tell Me You Love Me</title></song><song><artist_id>ARJV0U41187B9AB715</artist_id><artist_name>All Time Low</artist_name><id>SOBAFEM12A58A783A0</id><audio_summary><key>4</key><analysis_url>http://echonest-analysis.s3.amazonaws.com/TR/S-CwSwg31UIFEbYv69fv6_D5o0SpEK9yUtBCJRPHMWmAir6L9MRvdBrkfzZCIDsE2uHfdCdlyX4l0xJjA%3D/3/full.json?AWSAccessKeyId=AKIAJRDFEY23UEVW42BQ&amp;Expires=1415343316&amp;Signature=OiEiVOOcvfxt4PMXtyxdIuD2xIM%3D</analysis_url><energy>0.898159</energy><liveness>0.108055</liveness><tempo>105.377</tempo><speechiness>0.096147</speechiness><acousticness>0.001285</acousticness><instrumentalness>0.0</instrumentalness><mode>1</mode><time_signature>3</time_signature><duration>242.97288</duration><loudness>-6.403</loudness><audio_md5 /><valence>0.102606</valence><danceability>0.290536</danceability></audio_summary><title>Lullabies</title></song><song><artist_id>ARJV0U41187B9AB715</artist_id><artist_name>All Time Low</artist_name><id>SODNYGC12AB018E997</id><audio_summary><key>1</key><analysis_url>http://echonest-analysis.s3.amazonaws.com/TR/L91TUQb5kGHrV9OT49kflrObNAkQ0mG9kMYCOckqJc2hSGJIzjzqBk31qSddlsElgH90xVMvKtGsBfMiw%3D/3/full.json?AWSAccessKeyId=AKIAJRDFEY23UEVW42BQ&amp;Expires=1415343316&amp;Signature=YqOGOWW0b1vZBeSYyAlthH7oNkw%3D</analysis_url><energy>0.923637</energy><liveness>0.760322</liveness><tempo>181.692</tempo><speechiness>0.216882</speechiness><acousticness>0.004012</acousticness><instrumentalness>0.0</instrumentalness><mode>1</mode><time_signature>4</time_signature><duration>406.59955</duration><loudness>-4.225</loudness><audio_md5 /><valence>0.152569</valence><danceability>0.216966</danceability></audio_summary><title>Dear Maria, Count Me In (Live)</title></song><song><artist_id>ARJV0U41187B9AB715</artist_id><artist_name>All Time Low</artist_name><id>SOSFNWX12AB0188B19</id><audio_summary><key>6</key><analysis_url>http://echonest-analysis.s3.amazonaws.com/TR/bD1kngmnpD3gqhPAiz38t7QkW4HayybnEOu67uiXDc_jU59cB7qotKJSSTRmr6bvJjJYJOKPzc-aO5AY8%3D/3/full.json?AWSAccessKeyId=AKIAJRDFEY23UEVW42BQ&amp;Expires=1415343316&amp;Signature=rBJy82/gv8nFE2ztahBBlVWZFQs%3D</analysis_url><energy>0.922103</energy><liveness>0.122163</liveness><tempo>147.977</tempo><speechiness>0.048622</speechiness><acousticness>0.002556</acousticness><instrumentalness>0.0</instrumentalness><mode>1</mode><time_signature>4</time_signature><duration>205.75955</duration><loudness>-4.242</loudness><audio_md5>5ac23255af05fc7d9741b7090b48e189</audio_md5><valence>0.376699</valence><danceability>0.352381</danceability></audio_summary><title>Painting Flowers</title></song><song><artist_id>ARJV0U41187B9AB715</artist_id><artist_name>All Time Low</artist_name><id>SOPERRO1376B33AC94</id><audio_summary><key>2</key><analysis_url>http://echonest-analysis.s3.amazonaws.com/TR/ESqTYw2nEQLEbUVODhflKAj9Sizoj4EOYuWcIxGUfT18skBjIPT3Nr127NCslzLRmwt_O47v5d83rCd4o%3D/3/full.json?AWSAccessKeyId=AKIAJRDFEY23UEVW42BQ&amp;Expires=1415343316&amp;Signature=2I0twBzvtF2OZbtmTLq1qZjBUNU%3D</analysis_url><energy>0.92737</energy><liveness>0.786995</liveness><tempo>131.171</tempo><speechiness>0.112927</speechiness><acousticness>0.000661</acousticness><instrumentalness>0.0</instrumentalness><mode>1</mode><time_signature>4</time_signature><duration>253.70621</duration><loudness>-3.54</loudness><audio_md5 /><valence>0.305202</valence><danceability>0.481707</danceability></audio_summary><title>Six Feet Under The Stars</title></song><song><artist_id>ARJV0U41187B9AB715</artist_id><artist_name>All Time Low</artist_name><id>SODELOI1315CD4894D</id><audio_summary><key>9</key><analysis_url>http://echonest-analysis.s3.amazonaws.com/TR/Y2F4aAlMiQ16G4t5g-QSfs4K4qqTDXN_UWM5bnnD5l184CFFnSxn2WznjYPqXFt6926zBORn7TV2uKBW4%3D/3/full.json?AWSAccessKeyId=AKIAJRDFEY23UEVW42BQ&amp;Expires=1415343316&amp;Signature=p8AOGMY7FiARZvOZIz2bV//%2Bj2Q%3D</analysis_url><energy>0.894969</energy><liveness>0.064395</liveness><tempo>148.017</tempo><speechiness>0.07163</speechiness><acousticness>0.066827</acousticness><instrumentalness>0.0</instrumentalness><mode>1</mode><time_signature>4</time_signature><duration>209.81288</duration><loudness>-3.212</loudness><audio_md5 /><valence>0.70715</valence><danceability>0.497594</danceability></audio_summary><title>Hello, Brooklyn</title></song><song><artist_id>ARJV0U41187B9AB715</artist_id><artist_name>All Time Low</artist_name><id>SOADOIB141A2FB0879</id><audio_summary><key>1</key><analysis_url>http://echonest-analysis.s3.amazonaws.com/TR/Lpucjg3mQYfUvUBCO7AVQbWfe-S89qf-6lgXEU/3/full.json?AWSAccessKeyId=AKIAJRDFEY23UEVW42BQ&amp;Expires=1415343316&amp;Signature=7cZxg6ieNM7TNzlCJwA%2BnXFTv1I%3D</analysis_url><energy>0.482236</energy><liveness>0.075834</liveness><tempo>123.032</tempo><speechiness>0.027748</speechiness><acousticness>0.132312</acousticness><instrumentalness>0.0</instrumentalness><mode>1</mode><time_signature>4</time_signature><duration>220.62975</duration><loudness>-7.265</loudness><audio_md5 /><valence>0.411797</valence><danceability>0.607476</danceability></audio_summary><title>Somewhere In Neverland (Acoustic)</title></song><song><artist_id>ARJV0U41187B9AB715</artist_id><artist_name>All Time Low</artist_name><id>SOFWXNI145B4728B31</id><audio_summary><key>9</key><analysis_url>http://echonest-analysis.s3.amazonaws.com/TR/i-qtrwYK4evD8LQrvFG9c63OCWjT9UioALhM8ZU-hV9rEJ-yNHCc7wv0bSpgnsBM5YKn6N8SXtROLEfrM%3D/3/full.json?AWSAccessKeyId=AKIAJRDFEY23UEVW42BQ&amp;Expires=1415343316&amp;Signature=yZxrq6xxUJxLZYxKdRe7qh9i9yE%3D</analysis_url><energy>0.857348</energy><liveness>0.112076</liveness><tempo>184.922</tempo><speechiness>0.134087</speechiness><acousticness>0.003758</acousticness><instrumentalness>0.0</instrumentalness><mode>1</mode><time_signature>4</time_signature><duration>180.39955</duration><loudness>-4.998</loudness><audio_md5>7d12204b502a2bce925a6915fa7c8a11</audio_md5><valence>0.375366</valence><danceability>0.374328</danceability></audio_summary><title>Coffee Shop Soundtrack</title></song><song><artist_id>ARJV0U41187B9AB715</artist_id><artist_name>All Time Low</artist_name><id>SOYJHYT144F4D58380</id><audio_summary><key>9</key><analysis_url>http://echonest-analysis.s3.amazonaws.com/TR/d6BeFAkAy_Zm95-zvNrQN3aetgvW1KWAABxVBIbxd3iUehsmtK87DuJNSp5CLwSEZhZmo0ULCqJxwtVP0%3D/3/full.json?AWSAccessKeyId=AKIAJRDFEY23UEVW42BQ&amp;Expires=1415343316&amp;Signature=PtMMtyi4gO%2B8PJ2yjFL7AlAh/sE%3D</analysis_url><energy>0.86628</energy><liveness>0.148467</liveness><tempo>84.953</tempo><speechiness>0.035954</speechiness><acousticness>0.002416</acousticness><instrumentalness>0.0</instrumentalness><mode>1</mode><time_signature>4</time_signature><duration>185.47955</duration><loudness>-4.018</loudness><audio_md5>6978fceb37011a60d612cc4079cf91b0</audio_md5><valence>0.505055</valence><danceability>0.55749</danceability></audio_summary><title>Stella</title></song><song><artist_id>ARJV0U41187B9AB715</artist_id><artist_name>All Time Low</artist_name><id>SOENCHU1311AFE50FA</id><audio_summary><key>3</key><analysis_url>http://echonest-analysis.s3.amazonaws.com/TR/kggZDQzUdtjimzfx4D0HJCiqSGj-RNtZZDA0EMeoknGDdKA5p64-GvyTYX03YJ9QyI-5FIdqfDigKILwM%3D/3/full.json?AWSAccessKeyId=AKIAJRDFEY23UEVW42BQ&amp;Expires=1415343316&amp;Signature=jHZcCkvn%2BcG9BLGeZ2ujwj09Dl8%3D</analysis_url><energy>0.967521</energy><liveness>0.105915</liveness><tempo>130.927</tempo><speechiness>0.076073</speechiness><acousticness>0.01772</acousticness><instrumentalness>0.0</instrumentalness><mode>1</mode><time_signature>4</time_signature><duration>216.54621</duration><loudness>-2.725</loudness><audio_md5>d800c56f3dc3b33306532157019b8326</audio_md5><valence>0.339669</valence><danceability>0.492986</danceability></audio_summary><title>Six Feet Under The Stars</title></song><song><artist_id>ARJV0U41187B9AB715</artist_id><artist_name>All Time Low</artist_name><id>SONCDKA144F4D5CC6C</id><audio_summary><key>5</key><analysis_url>http://echonest-analysis.s3.amazonaws.com/TR/minxNQQM8oBZQ0Za1EA5mysWqKFsklWthiN320rYnif_xoQVYRxbP4Tm1IRXdFV2ZrF4YrGm-j7u28ULQ%3D/3/full.json?AWSAccessKeyId=AKIAJRDFEY23UEVW42BQ&amp;Expires=1415343316&amp;Signature=mGTNTeVkRnQetBPAUmok5U2%2BNWQ%3D</analysis_url><energy>0.949106</energy><liveness>0.283576</liveness><tempo>163.005</tempo><speechiness>0.045525</speechiness><acousticness>0.025412</acousticness><instrumentalness>0.0</instrumentalness><mode>1</mode><time_signature>4</time_signature><duration>204.30621</duration><loudness>-3.57</loudness><audio_md5>5a578ef1698415e672f5256783458bae</audio_md5><valence>0.556929</valence><danceability>0.452872</danceability></audio_summary><title>Stella</title></song><song><artist_id>ARJV0U41187B9AB715</artist_id><artist_name>All Time Low</artist_name><id>SOJCJWS141A2F9EBD2</id><audio_summary><key>7</key><analysis_url>http://echonest-analysis.s3.amazonaws.com/TR/S6gWaAeddLviKK8w55UkwBhkWNDdvkxe3FmGuP/3/full.json?AWSAccessKeyId=AKIAJRDFEY23UEVW42BQ&amp;Expires=1415343316&amp;Signature=MWo4Sfc8BCsp0xYrXnnaKF%2BLITs%3D</analysis_url><energy>0.900789</energy><liveness>0.083498</liveness><tempo>157.028</tempo><speechiness>0.043456</speechiness><acousticness>0.008864</acousticness><instrumentalness>0.0</instrumentalness><mode>0</mode><time_signature>4</time_signature><duration>226.37669</duration><loudness>-4.657</loudness><audio_md5>f6c99c2c06c7eb041e3eb4042df3bfb4</audio_md5><valence>0.546093</valence><danceability>0.525717</danceability></audio_summary><title>Oh, Calamity!</title></song><song><artist_id>ARJV0U41187B9AB715</artist_id><artist_name>All Time Low</artist_name><id>SOBOEJS13AA5079A0A</id><audio_summary><key>1</key><analysis_url>http://echonest-analysis.s3.amazonaws.com/TR/8TYWhQ6dyO0EoNU0S3mUDLZ6jkx6rwotYSTOl_/3/full.json?AWSAccessKeyId=AKIAJRDFEY23UEVW42BQ&amp;Expires=1415343316&amp;Signature=iKeHNF%2B7m9gNRkNeWyM3u1%2B8khY%3D</analysis_url><energy>0.979704</energy><liveness>0.207667</liveness><tempo>160.005</tempo><speechiness>0.087117</speechiness><acousticness>4.3e-05</acousticness><instrumentalness>1.8e-05</instrumentalness><mode>0</mode><time_signature>4</time_signature><duration>220.08118</duration><loudness>-4.052</loudness><audio_md5 /><valence>0.538835</valence><danceability>0.415941</danceability></audio_summary><title>Paint You Wings</title></song><song><artist_id>ARJV0U41187B9AB715</artist_id><artist_name>All Time Low</artist_name><id>SOLUDVF1312FDFD156</id><audio_summary><key>3</key><analysis_url>http://echonest-analysis.s3.amazonaws.com/TR/2mRInAwy7nKf-v5Wrq9GOzOUAC3IqYdzYKZfegeIRFq3rSIC8PGI3gzimglhaHBuPVQrO0GzQKYim0KXs%3D/3/full.json?AWSAccessKeyId=AKIAJRDFEY23UEVW42BQ&amp;Expires=1415343316&amp;Signature=mtaumNNsd0wDmgFiMFQ6mGMWrfc%3D</analysis_url><energy>0.784203</energy><liveness>0.971309</liveness><tempo>156.421</tempo><speechiness>0.048088</speechiness><acousticness>0.039475</acousticness><instrumentalness>0.0</instrumentalness><mode>1</mode><time_signature>4</time_signature><duration>214.14621</duration><loudness>-5.42</loudness><audio_md5 /><valence>0.609157</valence><danceability>0.320834</danceability></audio_summary><title>Coffee Shop Soundtrack</title></song><song><artist_id>ARJV0U41187B9AB715</artist_id><artist_name>All Time Low</artist_name><id>SORATFA141A2FBA9E8</id><audio_summary><key>2</key><analysis_url>http://echonest-analysis.s3.amazonaws.com/TR/gf24QQ9IirOrAaipGk5CAVF_7CY7X1OJP1MS7g/3/full.json?AWSAccessKeyId=AKIAJRDFEY23UEVW42BQ&amp;Expires=1415343316&amp;Signature=yRInZyCOiq16hzPYMaQszPrt3xE%3D</analysis_url><energy>0.973187</energy><liveness>0.316115</liveness><tempo>165.931</tempo><speechiness>0.110852</speechiness><acousticness>7.7e-05</acousticness><instrumentalness>9.5e-05</instrumentalness><mode>1</mode><time_signature>4</time_signature><duration>213.13261</duration><loudness>-4.126</loudness><audio_md5>06bb07d132a354ef196df1b95cbf2425</audio_md5><valence>0.580552</valence><danceability>0.439665</danceability></audio_summary><title>Me Without You (All I Ever Wanted)</title></song><song><artist_id>ARJV0U41187B9AB715</artist_id><artist_name>All Time Low</artist_name><id>SOHDPPP1313439C690</id><audio_summary><key>2</key><analysis_url>http://echonest-analysis.s3.amazonaws.com/TR/hsTr2QivN2gt-CgThHNcjLtlv_cwhfxTXnv2-oAzdEKYbNhcyybcwIpDmukOYxJgHDT2j7lbhiJNb_H7g%3D/3/full.json?AWSAccessKeyId=AKIAJRDFEY23UEVW42BQ&amp;Expires=1415343316&amp;Signature=9XJJHO%2BApXN%2BsGE68BF2MGgD0JE%3D</analysis_url><energy>0.882843</energy><liveness>0.387792</liveness><tempo>123.022</tempo><speechiness>0.060716</speechiness><acousticness>0.020971</acousticness><instrumentalness>0.0</instrumentalness><mode>1</mode><time_signature>4</time_signature><duration>199.98621</duration><loudness>-3.24</loudness><audio_md5>e37ee9f3b4630fa87a04810625fcc906</audio_md5><valence>0.551155</valence><danceability>0.578772</danceability></audio_summary><title>Poppin' Champagne</title></song><song><artist_id>ARJV0U41187B9AB715</artist_id><artist_name>All Time Low</artist_name><id>SOBFCAD131343935CB</id><audio_summary><key>1</key><analysis_url>http://echonest-analysis.s3.amazonaws.com/TR/HD-cWwhlzaINpheL6SDyDWMKHbFK3apN1Xp5uGx9QGXmDSQzqJSp5Ffw0fDUOBR8k7peUjc3tmGt9pxEY%3D/3/full.json?AWSAccessKeyId=AKIAJRDFEY23UEVW42BQ&amp;Expires=1415343316&amp;Signature=T5dwDapEC9XaFGxndB2DGFnTVhA%3D</analysis_url><energy>0.89555</energy><liveness>0.234875</liveness><tempo>126.645</tempo><speechiness>0.118688</speechiness><acousticness>0.003189</acousticness><instrumentalness>1e-06</instrumentalness><mode>1</mode><time_signature>4</time_signature><duration>295.75955</duration><loudness>-4.196</loudness><audio_md5 /><valence>0.372238</valence><danceability>0.406827</danceability></audio_summary><title>Poppin' Champagne</title></song><song><artist_id>ARJV0U41187B9AB715</artist_id><artist_name>All Time Low</artist_name><id>SOVRKEA13CF6CADDB2</id><audio_summary><key>1</key><analysis_url>http://echonest-analysis.s3.amazonaws.com/TR/2afBWACXXff-XtpinpNgcU2AMHJHdY3CemV-Xi/3/full.json?AWSAccessKeyId=AKIAJRDFEY23UEVW42BQ&amp;Expires=1415343316&amp;Signature=AfF2jkKxG5wNPwZzuDg0trLu/jg%3D</analysis_url><energy>0.983545</energy><liveness>0.250781</liveness><tempo>174.991</tempo><speechiness>0.084074</speechiness><acousticness>3.5e-05</acousticness><instrumentalness>0.00015</instrumentalness><mode>1</mode><time_signature>4</time_signature><duration>189.6224</duration><loudness>-3.822</loudness><audio_md5>3c7120995d7b80af04bacd746481beed</audio_md5><valence>0.57634</valence><danceability>0.414349</danceability></audio_summary><title>So Long, and Thanks for All the Booze</title></song><song><artist_id>ARJV0U41187B9AB715</artist_id><artist_name>All Time Low</artist_name><id>SOUHUQZ144E68C88A9</id><audio_summary><key>4</key><analysis_url>http://echonest-analysis.s3.amazonaws.com/TR/t3tNzgkPmBxcKkuWdQwwpuzN9FBuI6xoJfKjHs/3/full.json?AWSAccessKeyId=AKIAJRDFEY23UEVW42BQ&amp;Expires=1415343316&amp;Signature=tDzv48hjE1rbXmGe3tEZBXaIPVo%3D</analysis_url><energy>0.985987</energy><liveness>0.578178</liveness><tempo>165.952</tempo><speechiness>0.117927</speechiness><acousticness>0.002281</acousticness><instrumentalness>0.0</instrumentalness><mode>1</mode><time_signature>4</time_signature><duration>200.12363</duration><loudness>-3.391</loudness><audio_md5 /><valence>0.437026</valence><danceability>0.387707</danceability></audio_summary><title>Keep The Change You Filthy Animal</title></song><song><artist_id>ARJV0U41187B9AB715</artist_id><artist_name>All Time Low</artist_name><id>SOTTGBP141A2FBA9C7</id><audio_summary><key>5</key><analysis_url>http://echonest-analysis.s3.amazonaws.com/TR/osJG1w0DSq4hV5_6uOqELclF07RcgSkvpweTlB/3/full.json?AWSAccessKeyId=AKIAJRDFEY23UEVW42BQ&amp;Expires=1415343316&amp;Signature=mth%2BW7hlCGQZNc8BXgyEGKV0qXg%3D</analysis_url><energy>0.47351</energy><liveness>0.110123</liveness><tempo>130.045</tempo><speechiness>0.027301</speechiness><acousticness>0.196895</acousticness><instrumentalness>0.0</instrumentalness><mode>1</mode><time_signature>4</time_signature><duration>194.84689</duration><loudness>-6.368</loudness><audio_md5>5cb383cc854f61eaa62b88db75004cb9</audio_md5><valence>0.485052</valence><danceability>0.637362</danceability></audio_summary><title>Backseat Serenade (Acoustic)</title></song><song><artist_id>ARJV0U41187B9AB715</artist_id><artist_name>All Time Low</artist_name><id>SOCGQWH1312A8AC73A</id><audio_summary><key>5</key><analysis_url>http://echonest-analysis.s3.amazonaws.com/TR/wKD13gqJdN72yp8sJ4dXOcAYTkOTQwlbhhAl7f0ay8sJGqAL_IdGWvjSiMlhtOWocQ-1ouTfrl2i9CNS8%3D/3/full.json?AWSAccessKeyId=AKIAJRDFEY23UEVW42BQ&amp;Expires=1415343316&amp;Signature=bLo3wmXhQUc0EFv8WYaeEhnSTtw%3D</analysis_url><energy>0.971165</energy><liveness>0.218553</liveness><tempo>133.09</tempo><speechiness>0.063795</speechiness><acousticness>0.000877</acousticness><instrumentalness>0.0</instrumentalness><mode>1</mode><time_signature>4</time_signature><duration>164.94621</duration><loudness>-2.354</loudness><audio_md5 /><valence>0.523798</valence><danceability>0.555558</danceability></audio_summary><title>Do You Want Me (Dead?)</title></song><song><artist_id>ARJV0U41187B9AB715</artist_id><artist_name>All Time Low</artist_name><id>SOHCWNJ1312FE00555</id><audio_summary><key>1</key><analysis_url>http://echonest-analysis.s3.amazonaws.com/TR/iSL3owsowlHNjOn9gqp_6ldAMsihQ_uHiySrnK0J5E5lVr797sdp-vAFOF-Sp5vB-p_OzdPQB7LFYdihQ%3D/3/full.json?AWSAccessKeyId=AKIAJRDFEY23UEVW42BQ&amp;Expires=1415343316&amp;Signature=%2BjpDzJFWu4zaVpitKJxZ9jDaFD8%3D</analysis_url><energy>0.630934</energy><liveness>0.133766</liveness><tempo>175.944</tempo><speechiness>0.033249</speechiness><acousticness>0.0029</acousticness><instrumentalness>0.0</instrumentalness><mode>1</mode><time_signature>4</time_signature><duration>229.75955</duration><loudness>-9.39</loudness><audio_md5>d4a1eabf413c8ac996b37b8c1c32f9d0</audio_md5><valence>0.733364</valence><danceability>0.475472</danceability></audio_summary><title>Umbrella</title></song><song><artist_id>ARJV0U41187B9AB715</artist_id><artist_name>All Time Low</artist_name><id>SOKIRYA13AA513DF2E</id><audio_summary><key>1</key><analysis_url>http://echonest-analysis.s3.amazonaws.com/TR/_sRXWQna6DfYyISu6OxRGiG1lKsZwO_dTZSJI1/3/full.json?AWSAccessKeyId=AKIAJRDFEY23UEVW42BQ&amp;Expires=1415343316&amp;Signature=dKLsSPJJl4TO4dX9EYOWNP5EwXE%3D</analysis_url><energy>0.993392</energy><liveness>0.226028</liveness><tempo>160.111</tempo><speechiness>0.121609</speechiness><acousticness>0.000311</acousticness><instrumentalness>0.0</instrumentalness><mode>1</mode><time_signature>4</time_signature><duration>198.97424</duration><loudness>-2.422</loudness><audio_md5>115b523994b65bf1f8276885c03f40f4</audio_md5><valence>0.652276</valence><danceability>0.45748</danceability></audio_summary><title>The Reckless and the Brave</title></song><song><artist_id>ARJV0U41187B9AB715</artist_id><artist_name>All Time Low</artist_name><id>SOJNWGI144F4E7DCCE</id><audio_summary><key>0</key><analysis_url>http://echonest-analysis.s3.amazonaws.com/TR/uYMl2A6Z9IBb1v7cP1z_8l3yycGnPNUzueV1TYYxCfIq86FNtxdAZuzIdR9xr4JiMI7sejW3gdM4C8Q9w%3D/3/full.json?AWSAccessKeyId=AKIAJRDFEY23UEVW42BQ&amp;Expires=1415343316&amp;Signature=LWxaYORqGMDTGJm4um3TyGShxLk%3D</analysis_url><energy>0.944606</energy><liveness>0.950184</liveness><tempo>153.343</tempo><speechiness>0.312783</speechiness><acousticness>0.014378</acousticness><instrumentalness>0.0</instrumentalness><mode>1</mode><time_signature>4</time_signature><duration>278.29288</duration><loudness>-4.25</loudness><audio_md5>969435205846cabd95da7bbd043f7531</audio_md5><valence>0.304941</valence><danceability>0.373641</danceability></audio_summary><title>Break Your Little Heart</title></song><song><artist_id>ARJV0U41187B9AB715</artist_id><artist_name>All Time Low</artist_name><id>SOOYSOX13152A73ADD</id><audio_summary><key>0</key><analysis_url>http://echonest-analysis.s3.amazonaws.com/TR/r-_9vAi_PqQjUM5_ComcxQYgNY4snGTyuzNcjNW9dSKs3w8Mu_CYDwyPYgFUg4oxz_mZ-eue3ZCd3n4mc%3D/3/full.json?AWSAccessKeyId=AKIAJRDFEY23UEVW42BQ&amp;Expires=1415343316&amp;Signature=60BhntaTjEd2o%2BKhY8Uk9VafKSY%3D</analysis_url><energy>0.910295</energy><liveness>0.329117</liveness><tempo>153.902</tempo><speechiness>0.062235</speechiness><acousticness>0.000188</acousticness><instrumentalness>0.0</instrumentalness><mode>1</mode><time_signature>4</time_signature><duration>167.74621</duration><loudness>-4.582</loudness><audio_md5>353efc3207abaac8b1de53c49bd32be2</audio_md5><valence>0.656458</valence><danceability>0.423905</danceability></audio_summary><title>Break Your Little Heart</title></song><song><artist_id>ARJV0U41187B9AB715</artist_id><artist_name>All Time Low</artist_name><id>SOMXIJH12AB01878C8</id><audio_summary><key>3</key><analysis_url>http://echonest-analysis.s3.amazonaws.com/TR/1DyRcwlZwovlHc1hfDd8tVtrNHAsoReMfNWzvuJv0LF3Y4qCTv3kqUNDQaTbD7xhot5QIbvsi6D6wohro%3D/3/full.json?AWSAccessKeyId=AKIAJRDFEY23UEVW42BQ&amp;Expires=1415343316&amp;Signature=DPebxGbA0FL6wSPo0X6iFWEm3dU%3D</analysis_url><energy>0.794377</energy><liveness>0.864658</liveness><tempo>122.919</tempo><speechiness>0.035359</speechiness><acousticness>0.034632</acousticness><instrumentalness>0.0</instrumentalness><mode>1</mode><time_signature>4</time_signature><duration>207.51955</duration><loudness>-5.456</loudness><audio_md5 /><valence>0.759456</valence><danceability>0.555935</danceability></audio_summary><title>Damned If I Do Ya (Damned If I Don't)</title></song><song><artist_id>ARJV0U41187B9AB715</artist_id><artist_name>All Time Low</artist_name><id>SOLEFTQ13B1C879D8F</id><audio_summary><key>4</key><analysis_url>http://echonest-analysis.s3.amazonaws.com/TR/Aez-mQC3t8Gk6_mEvNtg_lXE5bUjYJNPoDB5CDDqLz4uxRyJOwTf_EmuPqTNbx4KRmkJTF/3/full.json?AWSAccessKeyId=AKIAJRDFEY23UEVW42BQ&amp;Expires=1415343316&amp;Signature=X/Y8CfIJG77cfX2wBRLtxnSFI14%3D</analysis_url><energy>0.677965</energy><liveness>0.340225</liveness><tempo>129.955</tempo><speechiness>0.049636</speechiness><acousticness>0.00294</acousticness><instrumentalness>0.0</instrumentalness><mode>1</mode><time_signature>4</time_signature><duration>177.81506</duration><loudness>-15.066</loudness><audio_md5>bdc93fa51eee2d0e26e418830081b954</audio_md5><valence>0.727218</valence><danceability>0.539474</danceability></audio_summary><title>Damned If I Do Ya (Damned If I Don't)</title></song><song><artist_id>ARJV0U41187B9AB715</artist_id><artist_name>All Time Low</artist_name><id>SOPOONC1311AFE4782</id><audio_summary><key>8</key><analysis_url>http://echonest-analysis.s3.amazonaws.com/TR/b6o9fANJLyMzusxWaABsCC0D7RjhvmxMRk5yVAXHd_RyjClA3VKLjcENgoh_1J-7n6Pthecv3JD9dUEyM%3D/3/full.json?AWSAccessKeyId=AKIAJRDFEY23UEVW42BQ&amp;Expires=1415343316&amp;Signature=2hrsFaj4sEB2ozt912oSXYdAkXA%3D</analysis_url><energy>0.945713</energy><liveness>0.510424</liveness><tempo>133.046</tempo><speechiness>0.085505</speechiness><acousticness>0.000745</acousticness><instrumentalness>2e-06</instrumentalness><mode>1</mode><time_signature>4</time_signature><duration>256.33288</duration><loudness>-3.392</loudness><audio_md5 /><valence>0.320687</valence><danceability>0.491738</danceability></audio_summary><title>Damned If I Do Ya (Damned If I Don't)</title></song><song><artist_id>ARJV0U41187B9AB715</artist_id><artist_name>All Time Low</artist_name><id>SOACRCJ1312A8AB113</id><audio_summary><key>6</key><analysis_url>http://echonest-analysis.s3.amazonaws.com/TR/FSiVKgIHd-ocWqrlTjocoucsYVVW56lpixjVNmJyG8mIHHRfKcI_nTgTR95kl4fqGPpoyZuqkS3U-d4qE%3D/3/full.json?AWSAccessKeyId=AKIAJRDFEY23UEVW42BQ&amp;Expires=1415343316&amp;Signature=5UK4bdLnatHCGXUl1brRVY13OdQ%3D</analysis_url><energy>0.597962</energy><liveness>0.145929</liveness><tempo>170.133</tempo><speechiness>0.026651</speechiness><acousticness>0.157666</acousticness><instrumentalness>0.0</instrumentalness><mode>0</mode><time_signature>3</time_signature><duration>256.77288</duration><loudness>-4.942</loudness><audio_md5>44aebd487d696d83ee4c842bec31ab1f</audio_md5><valence>0.306336</valence><danceability>0.443508</danceability></audio_summary><title>Remembering Sunday</title></song><song><artist_id>ARJV0U41187B9AB715</artist_id><artist_name>All Time Low</artist_name><id>SOEPHNM1312FE013F0</id><audio_summary><key>9</key><analysis_url>http://echonest-analysis.s3.amazonaws.com/TR/9s5H8ApzOO3d-wa6cDwhW6GHCe7vZJbLMmLM-9xNRPVjgMXR4hwPDJJ9vjpTFeAowS2ABlEoroacidGio%3D/3/full.json?AWSAccessKeyId=AKIAJRDFEY23UEVW42BQ&amp;Expires=1415343316&amp;Signature=0JuxXbnhv3p/Bxi6AIGGilaidX0%3D</analysis_url><energy>0.713948</energy><liveness>0.15245</liveness><tempo>169.988</tempo><speechiness>0.03239</speechiness><acousticness>0.024603</acousticness><instrumentalness>0.0</instrumentalness><mode>1</mode><time_signature>4</time_signature><duration>224.19955</duration><loudness>-4.532</loudness><audio_md5>d6df3a13dd6de9632bc009e5995dc679</audio_md5><valence>0.204611</valence><danceability>0.310337</danceability></audio_summary><title>Therapy</title></song><song><artist_id>ARJV0U41187B9AB715</artist_id><artist_name>All Time Low</artist_name><id>SOKJZNR12AF72A7ADA</id><audio_summary><key>8</key><analysis_url>http://echonest-analysis.s3.amazonaws.com/TR/0ArmAwxxwzZsPWyWvYJvjhAkn_3LC8tZ4hPKpx_yvdBW6HOwteh4w5oxwXyUDCGRYhc2UDhJg7J69LE80%3D/3/full.json?AWSAccessKeyId=AKIAJRDFEY23UEVW42BQ&amp;Expires=1415343316&amp;Signature=KyfR8RP7fkUIRZ/aGvpYJ5iDe4s%3D</analysis_url><energy>0.649973</energy><liveness>0.945213</liveness><tempo>78.975</tempo><speechiness>0.046468</speechiness><acousticness>0.777881</acousticness><instrumentalness>0.0</instrumentalness><mode>1</mode><time_signature>4</time_signature><duration>361.26621</duration><loudness>-6.411</loudness><audio_md5>55e44bd3584ea887ad5259096beeee89</audio_md5><valence>0.531438</valence><danceability>0.460208</danceability></audio_summary><title>Therapy</title></song><song><artist_id>ARJV0U41187B9AB715</artist_id><artist_name>All Time Low</artist_name><id>SODNKWI1376B273566</id><audio_summary><key>5</key><analysis_url>http://echonest-analysis.s3.amazonaws.com/TR/rppnIAA17ByCLJaYjsDABTUzwGVdojxf0Syqlyr7B8WEu7PjC6zFjBNvv9Iq116UHx21U29Q3pcgDwogc%3D/3/full.json?AWSAccessKeyId=AKIAJRDFEY23UEVW42BQ&amp;Expires=1415343316&amp;Signature=B12aBYzO0ZngkUOixmS9X7JVRLM%3D</analysis_url><energy>0.470186</energy><liveness>0.834899</liveness><tempo>171.082</tempo><speechiness>0.035359</speechiness><acousticness>0.262064</acousticness><instrumentalness>0.0</instrumentalness><mode>0</mode><time_signature>3</time_signature><duration>274.42621</duration><loudness>-7.175</loudness><audio_md5>91ecce45850597a7eff153a0fba9cde0</audio_md5><valence>0.329631</valence><danceability>0.325959</danceability></audio_summary><title>Remembering Sunday</title></song><song><artist_id>ARJV0U41187B9AB715</artist_id><artist_name>All Time Low</artist_name><id>SOILMGU13AA5161CA1</id><audio_summary><key>8</key><analysis_url>http://echonest-analysis.s3.amazonaws.com/TR/2mtAzgh0xMqonB0UPDAwcuDzZHbcl3Pnvzf90V/3/full.json?AWSAccessKeyId=AKIAJRDFEY23UEVW42BQ&amp;Expires=1415343316&amp;Signature=Qs%2BkGWlnOsMKPm9KVeUAbp2tiGU%3D</analysis_url><energy>0.981072</energy><liveness>0.314953</liveness><tempo>127.974</tempo><speechiness>0.078658</speechiness><acousticness>0.000122</acousticness><instrumentalness>1.1e-05</instrumentalness><mode>1</mode><time_signature>4</time_signature><duration>225.33179</duration><loudness>-2.884</loudness><audio_md5>62f25df291ba93bc7d1147e9ceabbd7d</audio_md5><valence>0.574896</valence><danceability>0.566431</danceability></audio_summary><title>Somewhere in Neverland</title></song><song><artist_id>ARJV0U41187B9AB715</artist_id><artist_name>All Time Low</artist_name><id>SOMHPKD14119F16321</id><audio_summary><key>5</key><analysis_url>http://echonest-analysis.s3.amazonaws.com/TR/YXlyPADKbFeijaJ7SSvpjy80BCp3ov1ggg3LdT/3/full.json?AWSAccessKeyId=AKIAJRDFEY23UEVW42BQ&amp;Expires=1415343316&amp;Signature=9DXQJI3GlBJKOPJIRSjFRIqS0fc%3D</analysis_url><energy>0.986737</energy><liveness>0.314228</liveness><tempo>162.016</tempo><speechiness>0.106113</speechiness><acousticness>0.000318</acousticness><instrumentalness>2e-06</instrumentalness><mode>0</mode><time_signature>4</time_signature><duration>213.78567</duration><loudness>-3.568</loudness><audio_md5>07158745b184982c57a740d6cb9560a2</audio_md5><valence>0.591082</valence><danceability>0.472747</danceability></audio_summary><title>A Love Like War (feat. Vic Fuentes)</title></song><song><artist_id>ARJV0U41187B9AB715</artist_id><artist_name>All Time Low</artist_name><id>SOLZXXT12AF72A7ADC</id><audio_summary><key>1</key><analysis_url>http://echonest-analysis.s3.amazonaws.com/TR/1YelpA7HE0UmJFwhVPLhXWoAdrZDoZWMD-9c5Y/3/full.json?AWSAccessKeyId=AKIAJRDFEY23UEVW42BQ&amp;Expires=1415343316&amp;Signature=j1S34Qg491PxTsNYHtwgXrHxuh0%3D</analysis_url><energy>0.958106</energy><liveness>0.960345</liveness><tempo>180.982</tempo><speechiness>0.250847</speechiness><acousticness>0.002997</acousticness><instrumentalness>0.0</instrumentalness><mode>1</mode><time_signature>4</time_signature><duration>246.84517</duration><loudness>-4.286</loudness><audio_md5>390576d3c715a21c01ec06fc7a6437a3</audio_md5><valence>0.342379</valence><danceability>0.348128</danceability></audio_summary><title>Weightless</title></song><song><artist_id>ARJV0U41187B9AB715</artist_id><artist_name>All Time Low</artist_name><id>SOCRRFP13AA51505C5</id><audio_summary><key>6</key><analysis_url>http://echonest-analysis.s3.amazonaws.com/TR/WjG1eQVgOLS3-VLH82eDDPuE7NxGTLuA7aHgDy/3/full.json?AWSAccessKeyId=AKIAJRDFEY23UEVW42BQ&amp;Expires=1415343316&amp;Signature=OkHjXOHmZ1J5LVPMhnF9vXgY2UA%3D</analysis_url><energy>0.963216</energy><liveness>0.206319</liveness><tempo>140.063</tempo><speechiness>0.045394</speechiness><acousticness>5.9e-05</acousticness><instrumentalness>5.8e-05</instrumentalness><mode>1</mode><time_signature>4</time_signature><duration>200.54159</duration><loudness>-3.737</loudness><audio_md5>433dbe304968a4a77af3f8df9fbfb445</audio_md5><valence>0.549699</valence><danceability>0.512465</danceability></audio_summary><title>Backseat Serenade</title></song><song><artist_id>ARJV0U41187B9AB715</artist_id><artist_name>All Time Low</artist_name><id>SOAOLRX144F4E8D5A6</id><audio_summary><key>9</key><analysis_url>http://echonest-analysis.s3.amazonaws.com/TR/SsN5gg34BnmubjQovS3JSWB7xPjMLfHLPVM_8y9283B7EsGnaCL4i21FtuJkURKx00fnnTQt_gRgNnotc%3D/3/full.json?AWSAccessKeyId=AKIAJRDFEY23UEVW42BQ&amp;Expires=1415343316&amp;Signature=mHDmD%2BPDrNEKo0KcPZK2Z9nsqgI%3D</analysis_url><energy>0.88731</energy><liveness>0.277605</liveness><tempo>80.001</tempo><speechiness>0.031679</speechiness><acousticness>0.000315</acousticness><instrumentalness>0.0</instrumentalness><mode>1</mode><time_signature>4</time_signature><duration>206.77288</duration><loudness>-4.323</loudness><audio_md5 /><valence>0.817492</valence><danceability>0.52751</danceability></audio_summary><title>Lost In Stereo</title></song><song><artist_id>ARJV0U41187B9AB715</artist_id><artist_name>All Time Low</artist_name><id>SOTFDFI1376B330A1B</id><audio_summary><key>4</key><analysis_url>http://echonest-analysis.s3.amazonaws.com/TR/HODxTAhT9VRoRAkDmeLh9dc37MbchOF6ToP7hNEkjt5bOs6jZVW7-QWlIyboQG1vobvowCldIaWkhndiU%3D/3/full.json?AWSAccessKeyId=AKIAJRDFEY23UEVW42BQ&amp;Expires=1415343316&amp;Signature=hph9e%2BL0Jj3dfdQLokdW2J6T37k%3D</analysis_url><energy>0.903143</energy><liveness>0.328443</liveness><tempo>126.008</tempo><speechiness>0.057492</speechiness><acousticness>0.006251</acousticness><instrumentalness>0.0</instrumentalness><mode>1</mode><time_signature>4</time_signature><duration>186.99955</duration><loudness>-4.014</loudness><audio_md5>a1f0c84638de8c6f7665b2d92ebe4a3e</audio_md5><valence>0.652744</valence><danceability>0.553233</danceability></audio_summary><title>Damned If I Do Ya (Damned If I Don't)</title></song><song><artist_id>ARJV0U41187B9AB715</artist_id><artist_name>All Time Low</artist_name><id>SOLHXUP144F4E1BF34</id><audio_summary><key>4</key><analysis_url>http://echonest-analysis.s3.amazonaws.com/TR/wgWjTAlXR9sKAI8OPRC0dFgdJEtbw4VQJ1QP82BzUV7ONpgEquDMEorXrNZ5eSlgs8Zvsogi1AYk5xD1c%3D/3/full.json?AWSAccessKeyId=AKIAJRDFEY23UEVW42BQ&amp;Expires=1415343316&amp;Signature=yW7c2AsZWtqB4aXOHxcGFgI7EaA%3D</analysis_url><energy>0.91186</energy><liveness>0.265149</liveness><tempo>126.009</tempo><speechiness>0.050267</speechiness><acousticness>0.005974</acousticness><instrumentalness>0.0</instrumentalness><mode>1</mode><time_signature>4</time_signature><duration>187.02621</duration><loudness>-3.0</loudness><audio_md5>7b2d9d85ccdff7163b15ce052cb9c665</audio_md5><valence>0.84738</valence><danceability>0.594502</danceability></audio_summary><title>Damned If I Do Ya (Damned If I Don't)</title></song><song><artist_id>ARJV0U41187B9AB715</artist_id><artist_name>All Time Low</artist_name><id>SOXVNFO1376B3381D7</id><audio_summary><key>0</key><analysis_url>http://echonest-analysis.s3.amazonaws.com/TR/RpuGCQZg9Mw0lZG0qKtNES4NwDJdwEBgrcCx4f/3/full.json?AWSAccessKeyId=AKIAJRDFEY23UEVW42BQ&amp;Expires=1415343316&amp;Signature=xdUP2mfGfEdRxsMc2i4awA89Kp4%3D</analysis_url><energy>0.85363</energy><liveness>0.302812</liveness><tempo>153.849</tempo><speechiness>0.056279</speechiness><acousticness>8.6e-05</acousticness><instrumentalness>0.0</instrumentalness><mode>1</mode><time_signature>4</time_signature><duration>167.92626</duration><loudness>-5.347</loudness><audio_md5>55f97798e63eec248fe4b7578e954329</audio_md5><valence>0.614349</valence><danceability>0.388916</danceability></audio_summary><title>Break Your Little Heart</title></song><song><artist_id>ARJV0U41187B9AB715</artist_id><artist_name>All Time Low</artist_name><id>SOSGKWU144F4E8738C</id><audio_summary><key>1</key><analysis_url>http://echonest-analysis.s3.amazonaws.com/TR/EQFjJAVGCyipNPUrIRMBrQ-Src67zeFICzi1lJuLXtb8kRmXJWMoYdsGXCvD0bIOpaMxrW5-DdiU7MSHg%3D/3/full.json?AWSAccessKeyId=AKIAJRDFEY23UEVW42BQ&amp;Expires=1415343316&amp;Signature=DEf8R4vy6Lp13Y4x6GnCo5AZSmY%3D</analysis_url><energy>0.94703</energy><liveness>0.334577</liveness><tempo>147.948</tempo><speechiness>0.053093</speechiness><acousticness>0.003035</acousticness><instrumentalness>0.0</instrumentalness><mode>1</mode><time_signature>4</time_signature><duration>171.70621</duration><loudness>-3.03</loudness><audio_md5>e878849471cf644bfba424f2cbc0c15d</audio_md5><valence>0.619371</valence><danceability>0.418976</danceability></audio_summary><title>Break Your Little Heart</title></song><song><artist_id>ARJV0U41187B9AB715</artist_id><artist_name>All Time Low</artist_name><id>SOGFJGM144F4E84086</id><audio_summary><key>10</key><analysis_url>http://echonest-analysis.s3.amazonaws.com/TR/ywB4mw8NRYXys1yLAzMdJUmncs86pqbg01Q_tdJEHdtt53wuAta8Xx7FpL8v7XRzUZz2znD48vtlUyKLg%3D/3/full.json?AWSAccessKeyId=AKIAJRDFEY23UEVW42BQ&amp;Expires=1415343316&amp;Signature=qiP3JBmTGAZwaPjy5TxtMkyGVTU%3D</analysis_url><energy>0.961787</energy><liveness>0.243932</liveness><tempo>150.05</tempo><speechiness>0.056341</speechiness><acousticness>0.003242</acousticness><instrumentalness>0.0</instrumentalness><mode>1</mode><time_signature>4</time_signature><duration>227.46621</duration><loudness>-3.81</loudness><audio_md5>bc8509380bb383fafa73e85ad3ba655d</audio_md5><valence>0.59524</valence><danceability>0.471605</danceability></audio_summary><title>Lost In Stereo</title></song><song><artist_id>ARJV0U41187B9AB715</artist_id><artist_name>All Time Low</artist_name><id>SOJCCLB144F4E2C7E6</id><audio_summary><key>8</key><analysis_url>http://echonest-analysis.s3.amazonaws.com/TR/mqSiMAUiDvvRNukv2WNaPl7DZ7u87UQPMYc8q6suLcNMslpT2OQaokri89RbR10zsztJVpzb_ZzkO-rKI%3D/3/full.json?AWSAccessKeyId=AKIAJRDFEY23UEVW42BQ&amp;Expires=1415343316&amp;Signature=HCvZrfUFrMWKrQX4LKOqBFLlusc%3D</analysis_url><energy>0.77681</energy><liveness>0.279993</liveness><tempo>132.946</tempo><speechiness>0.048061</speechiness><acousticness>0.000489</acousticness><instrumentalness>0.0</instrumentalness><mode>1</mode><time_signature>4</time_signature><duration>181.61288</duration><loudness>-5.068</loudness><audio_md5 /><valence>0.785193</valence><danceability>0.597056</danceability></audio_summary><title>Damned If I Do Ya (Damned If I Don't)</title></song><song><artist_id>ARJV0U41187B9AB715</artist_id><artist_name>All Time Low</artist_name><id>SOCSPYX1376B339F96</id><audio_summary><key>9</key><analysis_url>http://echonest-analysis.s3.amazonaws.com/TR/GR-aOwHQhOkPokrBzjaTEIRrnx74JPd6d74r0_/3/full.json?AWSAccessKeyId=AKIAJRDFEY23UEVW42BQ&amp;Expires=1415343316&amp;Signature=Vwj38jyMoBaPBB1yptVy1PTSbJo%3D</analysis_url><energy>0.977721</energy><liveness>0.417567</liveness><tempo>160.116</tempo><speechiness>0.095444</speechiness><acousticness>0.000298</acousticness><instrumentalness>0.0</instrumentalness><mode>1</mode><time_signature>4</time_signature><duration>209.04599</duration><loudness>-2.923</loudness><audio_md5 /><valence>0.361632</valence><danceability>0.398891</danceability></audio_summary><title>Lost In Stereo</title></song><song><artist_id>ARJV0U41187B9AB715</artist_id><artist_name>All Time Low</artist_name><id>SOIYWBP1375A9FE674</id><audio_summary><key>9</key><analysis_url>http://echonest-analysis.s3.amazonaws.com/TR/0n0Ccw3ucL89L3WbI8bPAVzuIMCe6W6i54WaYo/3/full.json?AWSAccessKeyId=AKIAJRDFEY23UEVW42BQ&amp;Expires=1415343316&amp;Signature=j0ddLUJjdzdm6tK6uSG8JUMAAXU%3D</analysis_url><energy>0.857926</energy><liveness>0.203467</liveness><tempo>159.998</tempo><speechiness>0.032929</speechiness><acousticness>0.000141</acousticness><instrumentalness>0.0</instrumentalness><mode>1</mode><time_signature>4</time_signature><duration>206.93578</duration><loudness>-5.046</loudness><audio_md5 /><valence>0.689761</valence><danceability>0.444319</danceability></audio_summary><title>Lost In Stereo</title></song><song><artist_id>ARJV0U41187B9AB715</artist_id><artist_name>All Time Low</artist_name><id>SOERNSS131343940E0</id><audio_summary><key>3</key><analysis_url>http://echonest-analysis.s3.amazonaws.com/TR/N-SE9APnXNby5AbUQdcZcTI0-pgc-URCY-_k19zDYp5neNUqKveyAHwxVMKMogJHsEtJ6q7Xkw7WneLcI%3D/3/full.json?AWSAccessKeyId=AKIAJRDFEY23UEVW42BQ&amp;Expires=1415343316&amp;Signature=6pPEMDdfbO5ggnCOulHi%2Bk%2BiNbA%3D</analysis_url><energy>0.905043</energy><liveness>0.055743</liveness><tempo>163.961</tempo><speechiness>0.063562</speechiness><acousticness>0.010153</acousticness><instrumentalness>0.0</instrumentalness><mode>1</mode><time_signature>4</time_signature><duration>214.34621</duration><loudness>-2.337</loudness><audio_md5>de7a96e920315abd5da9c58c0e62091f</audio_md5><valence>0.446653</valence><danceability>0.313908</danceability></audio_summary><title>Stay Awake (Dreams Only Last For A Night)</title></song><song><artist_id>ARJV0U41187B9AB715</artist_id><artist_name>All Time Low</artist_name><id>SOEMBJA1311AFEB2CE</id><audio_summary><key>7</key><analysis_url>http://echonest-analysis.s3.amazonaws.com/TR/vyQJBAYPEqvNN7h6fU-5mlERhV72e7GZ4kFqZGLZnz8I_vv-Q2qimrYF4dp-mExul0KeT6N5qP7eaC-2M%3D/3/full.json?AWSAccessKeyId=AKIAJRDFEY23UEVW42BQ&amp;Expires=1415343316&amp;Signature=SxMZTK5UCkV9N5DZEiwb3yWGS6k%3D</analysis_url><energy>0.908338</energy><liveness>0.180695</liveness><tempo>175.105</tempo><speechiness>0.066903</speechiness><acousticness>0.00311</acousticness><instrumentalness>0.0</instrumentalness><mode>1</mode><time_signature>4</time_signature><duration>169.67955</duration><loudness>-3.79</loudness><audio_md5>d4ceb39e737ef515db3c9b7b7615b119</audio_md5><valence>0.496415</valence><danceability>0.457537</danceability></audio_summary><title>Vegas</title></song><song><artist_id>ARJV0U41187B9AB715</artist_id><artist_name>All Time Low</artist_name><id>SOZOZEL13AA4FB743B</id><audio_summary><key>6</key><analysis_url>http://echonest-analysis.s3.amazonaws.com/TR/-dW-5w78Xy9eC_jIgkEYA2kUZSV3aJuj0pV3qs/3/full.json?AWSAccessKeyId=AKIAJRDFEY23UEVW42BQ&amp;Expires=1415343316&amp;Signature=/JVxritRHTK%2BzZgkJ1Ue8blu8GA%3D</analysis_url><energy>0.98646</energy><liveness>0.187758</liveness><tempo>174.96</tempo><speechiness>0.064739</speechiness><acousticness>0.000151</acousticness><instrumentalness>1e-06</instrumentalness><mode>1</mode><time_signature>3</time_signature><duration>223.34649</duration><loudness>-3.002</loudness><audio_md5>e7ebbdfbe347dcb3f1ca4a1f1a70258b</audio_md5><valence>0.681113</valence><danceability>0.400968</danceability></audio_summary><title>To Live and Let Go</title></song><song><artist_id>ARJV0U41187B9AB715</artist_id><artist_name>All Time Low</artist_name><id>SORRCAA13AA5168835</id><audio_summary><key>9</key><analysis_url>http://echonest-analysis.s3.amazonaws.com/TR/FnhCPw7S7VY_r9rGjP9Lvm5lVC80YP0y8_6R1E/3/full.json?AWSAccessKeyId=AKIAJRDFEY23UEVW42BQ&amp;Expires=1415343316&amp;Signature=cLT7%2BFSE7Y6lMzXcH8VXadn8wAI%3D</analysis_url><energy>0.975946</energy><liveness>0.078912</liveness><tempo>95.004</tempo><speechiness>0.120184</speechiness><acousticness>0.000143</acousticness><instrumentalness>1e-06</instrumentalness><mode>1</mode><time_signature>4</time_signature><duration>169.06404</duration><loudness>-3.18</loudness><audio_md5>d573d842a824c702263773765473f06a</audio_md5><valence>0.356852</valence><danceability>0.530603</danceability></audio_summary><title>So Long Soldier</title></song><song><artist_id>ARJV0U41187B9AB715</artist_id><artist_name>All Time Low</artist_name><id>SOBWLGR13AA502717B</id><audio_summary><key>11</key><analysis_url>http://echonest-analysis.s3.amazonaws.com/TR/UkJq0weWgocIMKdYZfhKbrXwRx79MoHCDWGXe0/3/full.json?AWSAccessKeyId=AKIAJRDFEY23UEVW42BQ&amp;Expires=1415343316&amp;Signature=QA6NertOE2BpvcReNt31UGRCF%2Bg%3D</analysis_url><energy>0.980965</energy><liveness>0.279787</liveness><tempo>185.994</tempo><speechiness>0.101261</speechiness><acousticness>0.000112</acousticness><instrumentalness>0.0</instrumentalness><mode>0</mode><time_signature>4</time_signature><duration>214.80444</duration><loudness>-3.902</loudness><audio_md5 /><valence>0.469853</valence><danceability>0.36849</danceability></audio_summary><title>Thanks to You</title></song><song><artist_id>ARJV0U41187B9AB715</artist_id><artist_name>All Time Low</artist_name><id>SOERYDN1311AFE4CB0</id><audio_summary><key>7</key><analysis_url>http://echonest-analysis.s3.amazonaws.com/TR/9M2kYQZG3afLeSRbZsInNVTO7HQkVCUkWeW-CnbmkS08tTiVm20xvKRC0JV9gn5y-aqGm82K-GpWDygrM%3D/3/full.json?AWSAccessKeyId=AKIAJRDFEY23UEVW42BQ&amp;Expires=1415343316&amp;Signature=WQYbWZt9z1ovaNctTrB74VE9V1A%3D</analysis_url><energy>0.966325</energy><liveness>0.063222</liveness><tempo>153.034</tempo><speechiness>0.145199</speechiness><acousticness>0.007293</acousticness><instrumentalness>0.0</instrumentalness><mode>1</mode><time_signature>4</time_signature><duration>191.17288</duration><loudness>-3.19</loudness><audio_md5>c720995cde8fcf65ebfbc41b8d0aca47</audio_md5><valence>0.397878</valence><danceability>0.484419</danceability></audio_summary><title>Walls</title></song><song><artist_id>ARJV0U41187B9AB715</artist_id><artist_name>All Time Low</artist_name><id>SOBEQVH144E68C16F8</id><audio_summary><key>4</key><analysis_url>http://echonest-analysis.s3.amazonaws.com/TR/LRtPKAePVTU31u3aTXjbcHVEvCpe9g5DPq0G1qwF0hpKqpSYDwvglbh-y5_ecumjmLd3G1-qV7ldA9X2Y%3D/3/full.json?AWSAccessKeyId=AKIAJRDFEY23UEVW42BQ&amp;Expires=1415343316&amp;Signature=43hQBgT%2BHYuvayHTRlv7OlTSVbI%3D</analysis_url><energy>0.984542</energy><liveness>0.469615</liveness><tempo>166.034</tempo><speechiness>0.131984</speechiness><acousticness>0.003536</acousticness><instrumentalness>0.0</instrumentalness><mode>1</mode><time_signature>4</time_signature><duration>200.13288</duration><loudness>-2.814</loudness><audio_md5 /><valence>0.506858</valence><danceability>0.39752</danceability></audio_summary><title>Keep The Change, You Filthy Animal</title></song><song><artist_id>ARJV0U41187B9AB715</artist_id><artist_name>All Time Low</artist_name><id>SOIKYMH12AB0186452</id><audio_summary><key>2</key><analysis_url>http://echonest-analysis.s3.amazonaws.com/TR/T9PpwA1ee6XZEvAES9cUWZBfR4GON5JECE8wHZP7r2qVvZwpCzoZCSxxe1pZgAYg3qX3kjFyEBsOvrDrk%3D/3/full.json?AWSAccessKeyId=AKIAJRDFEY23UEVW42BQ&amp;Expires=1415343316&amp;Signature=pw77MstzluYvO7D3m3DhpHRk1HU%3D</analysis_url><energy>0.930799</energy><liveness>0.111707</liveness><tempo>183.072</tempo><speechiness>0.056681</speechiness><acousticness>0.00227</acousticness><instrumentalness>0.0</instrumentalness><mode>1</mode><time_signature>4</time_signature><duration>221.73288</duration><loudness>-2.612</loudness><audio_md5>ec53708f86e20c61ca2e6da43aff36f9</audio_md5><valence>0.560975</valence><danceability>0.317309</danceability></audio_summary><title>Shameless</title></song></songs></response>