<response><status><version>4.2</version><code>0</code><message>Success</message></status><songs><song><artist_id>ARDVYTB13ADEA816EA</artist_id><artist_name>Alycia</artist_name><id>SOIJKAY13CF6AA98C8</id><audio_summary><key>0</key><analysis_url>http://echonest-analysis.s3.amazonaws.com/TR/6tVVNw55cHAP768q82F_8Qu-dURvHIWkRXql1p8kt2hCH4WLmK0V_FikxQaVCH15FNH9hSf67wWnZRC4s%3D/3/full.json?AWSAccessKeyId=AKIAJRDFEY23UEVW42BQ&amp;Expires=1415343384&amp;Signature=oELC73VQyMqLK9087uAtapXVwYQ%3D</analysis_url><energy>0.172056</energy><liveness>0.104404</liveness><tempo>77.418</tempo><speechiness>0.028394</speechiness><acousticness>0.000373</acousticness><instrumentalness>0.892746</instrumentalness><mode>0</mode><time_signature>4</time_signature><duration>290.0371</duration><loudness>-17.406</loudness><audio_md5 /><valence>0.06237</valence><danceability>0.27713</danceability></audio_summary><title>Skyfall (Karaoke Version Originally Perfomed By Adele - From "James Bond 007")</title></song><song><artist_id>ARDVYTB13ADEA816EA</artist_id><artist_name>Alycia</artist_name><id>SOSPURJ13CF6AABEB0</id><audio_summary><key>5</key><analysis_url>http://echonest-analysis.s3.amazonaws.com/TR/HlitoQ_lFerGMLwfV4htN6yaiaP-4HDY0UscQj3hTPuMSILZjVxDNmrKKoXLQuuOiHGDdNn-kmeFRx5sQ%3D/3/full.json?AWSAccessKeyId=AKIAJRDFEY23UEVW42BQ&amp;Expires=1415343384&amp;Signature=D/3dqvDqROtGPQ%2B7BV0H/iSAhbg%3D</analysis_url><energy>0.619599</energy><liveness>0.458799</liveness><tempo>127.991</tempo><speechiness>0.030857</speechiness><acousticness>0.171999</acousticness><instrumentalness>0.933637</instrumentalness><mode>1</mode><time_signature>4</time_signature><duration>229.38077</duration><loudness>-9.983</loudness><audio_md5 /><valence>0.577574</valence><danceability>0.735382</danceability></audio_summary><title>Do You Think of Me (Karaoke Version) (Originally Perfomed By Misha B)</title></song><song><artist_id>ARDVYTB13ADEA816EA</artist_id><artist_name>Alycia</artist_name><id>SOVEKMR13E32D323BC</id><audio_summary><key>7</key><analysis_url>http://echonest-analysis.s3.amazonaws.com/TR/A30CQQQM91GAT854-CJZM9jPvjcG-4fUBgZLZiXK8WODj1VkpZ362c8y0j_y4i0ClDtH40EPVJBToA3zA%3D/3/full.json?AWSAccessKeyId=AKIAJRDFEY23UEVW42BQ&amp;Expires=1415343384&amp;Signature=x46XltafNbJt4mDuJcD%2BRyB753w%3D</analysis_url><energy>0.656572</energy><liveness>0.062179</liveness><tempo>120.02</tempo><speechiness>0.080046</speechiness><acousticness>0.002459</acousticness><instrumentalness>0.022273</instrumentalness><mode>0</mode><time_signature>4</time_signature><duration>235.15492</duration><loudness>-6.984</loudness><audio_md5 /><valence>0.820685</valence><danceability>0.664244</danceability></audio_summary><title>Free to Find Myself</title></song><song><artist_id>ARDVYTB13ADEA816EA</artist_id><artist_name>Alycia</artist_name><id>SOXXCZE13CF6AA93ED</id><audio_summary><key>1</key><analysis_url>http://echonest-analysis.s3.amazonaws.com/TR/IST6ogkt85136gZYLDdLNl2cYbdpyyWsUM2UnrcC4yLIyM73fdrAVgWW8JFfvKkuZk1a5k9oa5mU4Z9GA%3D/3/full.json?AWSAccessKeyId=AKIAJRDFEY23UEVW42BQ&amp;Expires=1415343384&amp;Signature=4gg2KZO%2BoykdpqJwmhiQ60Cod6I%3D</analysis_url><energy>0.510917</energy><liveness>0.061908</liveness><tempo>128.012</tempo><speechiness>0.056645</speechiness><acousticness>0.070791</acousticness><instrumentalness>0.940293</instrumentalness><mode>0</mode><time_signature>4</time_signature><duration>213.49832</duration><loudness>-11.642</loudness><audio_md5 /><valence>0.752952</valence><danceability>0.782654</danceability></audio_summary><title>Die Young (Karaoke Version) (Originally Perfomed By Kesha)</title></song><song><artist_id>AROE5YL1187B9AA7E4</artist_id><artist_name>Alycia Stefano</artist_name><id>SOPUDOV13C1B57F959</id><audio_summary><key>1</key><analysis_url>http://echonest-analysis.s3.amazonaws.com/TR/jIk3Cwp_KrFCl5_aXVfu8WUGIqeJzs0zaOYq3WzR1vi85MYM_cag47LXlGtYa92HwCeAwt438Y0uRU450%3D/3/full.json?AWSAccessKeyId=AKIAJRDFEY23UEVW42BQ&amp;Expires=1415343384&amp;Signature=hBg2bfFOWV4dcD2su2/XMuVmJOM%3D</analysis_url><energy>0.872359</energy><liveness>0.197085</liveness><tempo>128.004</tempo><speechiness>0.075959</speechiness><acousticness>0.006475</acousticness><instrumentalness>0.000592</instrumentalness><mode>0</mode><time_signature>4</time_signature><duration>249.78163</duration><loudness>-4.846</loudness><audio_md5 /><valence>0.972785</valence><danceability>0.806568</danceability></audio_summary><title>Loca Loca (Latino Club)</title></song><song><artist_id>AROE5YL1187B9AA7E4</artist_id><artist_name>Alycia Stefano</artist_name><id>SOBRTOM13C69AD8419</id><audio_summary><key>11</key><analysis_url>http://echonest-analysis.s3.amazonaws.com/TR/2-fI7g-SjQLavorapZfesPxt5SyC3J4wDZQzOiFSIu0FaVG-vkC9ZjUQx9Ms_wItNgk87tt0rkYUwrlIU%3D/3/full.json?AWSAccessKeyId=AKIAJRDFEY23UEVW42BQ&amp;Expires=1415343384&amp;Signature=/8qGVxVk0Ku/AlxCagNzp0NqP5w%3D</analysis_url><energy>0.878969</energy><liveness>0.353748</liveness><tempo>127.875</tempo><speechiness>0.080761</speechiness><acousticness>0.091971</acousticness><instrumentalness>0.002051</instrumentalness><mode>0</mode><time_signature>4</time_signature><duration>192.1424</duration><loudness>-3.264</loudness><audio_md5 /><valence>0.817276</valence><danceability>0.641673</danceability></audio_summary><title>Loca Loca (Re-Edit Remix)</title></song><song><artist_id>AROE5YL1187B9AA7E4</artist_id><artist_name>Alycia Stefano</artist_name><id>SOWJJHZ13DC3637730</id><audio_summary><key>9</key><analysis_url>http://echonest-analysis.s3.amazonaws.com/TR/-HVomwZvSK8htSKW_ozC7yhZfJs3RwUud9nBY8qUHXf5Y26PqfOesnxWdAZ0UzETHWErWnkyceihD_n_4%3D/3/full.json?AWSAccessKeyId=AKIAJRDFEY23UEVW42BQ&amp;Expires=1415343385&amp;Signature=p6pamnemAxv7SmKE%2BAIqQMC1MNs%3D</analysis_url><energy>0.792686</energy><liveness>0.039389</liveness><tempo>128.025</tempo><speechiness>0.036086</speechiness><acousticness>0.008902</acousticness><instrumentalness>0.045967</instrumentalness><mode>1</mode><time_signature>4</time_signature><duration>274.38186</duration><loudness>-4.68</loudness><audio_md5 /><valence>0.398642</valence><danceability>0.801833</danceability></audio_summary><title>Loca Loca (R4ph&amp; Eston's Remix)</title></song><song><artist_id>ARGDTSC11EB9C81425</artist_id><artist_name>Alycia Cooper</artist_name><id>SOACUVH130516E065A</id><audio_summary><key>11</key><analysis_url>http://echonest-analysis.s3.amazonaws.com/TR/73ra5gFTNQxSJgt_m5BfhF6E_0c4AawV7xaMGDEyeoj6Rk8YTrBSWZTdSPTsmez4tmGAUZW3Nvt4Md7u4%3D/3/full.json?AWSAccessKeyId=AKIAJRDFEY23UEVW42BQ&amp;Expires=1415343385&amp;Signature=CHJ5820d4ZCoHxsGnCeLPXIvi0g%3D</analysis_url><energy>0.627288</energy><liveness>0.605662</liveness><tempo>114.272</tempo><speechiness>0.939988</speechiness><acousticness>0.807464</acousticness><instrumentalness>0.0</instrumentalness><mode>1</mode><time_signature>1</time_signature><duration>52.61887</duration><loudness>-15.014</loudness><audio_md5 /><valence>0.701389</valence><danceability>0.532072</danceability></audio_summary><title>Vibrator</title></song><song><artist_id>ARGDTSC11EB9C81425</artist_id><artist_name>Alycia Cooper</artist_name><id>SOABZLD13EE5F52C05</id><audio_summary><key>11</key><analysis_url>http://echonest-analysis.s3.amazonaws.com/TR/tCJjQAZ1Ludg8qUM1iahW8MzQpOYrZ3z-LEagL/3/full.json?AWSAccessKeyId=AKIAJRDFEY23UEVW42BQ&amp;Expires=1415343385&amp;Signature=Wr8wWXFksgJ1qjmnzpEQ9ZJUNTU%3D</analysis_url><energy>0.434066</energy><liveness>0.640625</liveness><tempo>83.876</tempo><speechiness>0.8981</speechiness><acousticness>0.929546</acousticness><instrumentalness>0.0</instrumentalness><mode>1</mode><time_signature>3</time_signature><duration>115.00517</duration><loudness>-16.522</loudness><audio_md5 /><valence>0.669251</valence><danceability>0.627021</danceability></audio_summary><title>My Body Betrayed Me</title></song><song><artist_id>ARVTCZN12454A5266B</artist_id><artist_name>Véronique Alycia</artist_name><id>SOAFAYL1315CD44FC3</id><audio_summary><key>0</key><analysis_url>http://echonest-analysis.s3.amazonaws.com/TR/gAnVrARDSUeVG4Wp_TRS7kVbp7gvAq5SI7382NQPex3U-mq6vIvhqWvjT78_FNIP3iKXs9tHchLRaaX1A%3D/3/full.json?AWSAccessKeyId=AKIAJRDFEY23UEVW42BQ&amp;Expires=1415343385&amp;Signature=ZOAWY31N5G/hwUqn6cUOgwM5IE8%3D</analysis_url><energy>0.470225</energy><liveness>0.109711</liveness><tempo>205.958</tempo><speechiness>0.09415</speechiness><acousticness>0.746063</acousticness><instrumentalness>0.0</instrumentalness><mode>1</mode><time_signature>4</time_signature><duration>156.54621</duration><loudness>-5.459</loudness><audio_md5 /><valence>0.81251</valence><danceability>0.635961</danceability></audio_summary><title>Quand On Sera Grand</title></song><song><artist_id>AROPUFZ12B644B6DC2</artist_id><artist_name>Alycia Vince</artist_name><id>SOAFQOD13E8A64D23C</id><audio_summary><key>2</key><analysis_url>http://echonest-analysis.s3.amazonaws.com/TR/oQX2uQV4wDLJZU5tOBX5-hB6PQ5wGl3sucLV8YqCVfLdnC4QhSh24zIAobvRbo4l-IzloT1wzz1OltzSk%3D/3/full.json?AWSAccessKeyId=AKIAJRDFEY23UEVW42BQ&amp;Expires=1415343385&amp;Signature=OqDK%2BNctUKqF1Jjglwn66zYwl1A%3D</analysis_url><energy>0.108593</energy><liveness>0.645883</liveness><tempo>113.514</tempo><speechiness>0.045681</speechiness><acousticness>0.871667</acousticness><instrumentalness>2.1e-05</instrumentalness><mode>0</mode><time_signature>4</time_signature><duration>358.95819</duration><loudness>-21.831</loudness><audio_md5 /><valence>0.074063</valence><danceability>0.440659</danceability></audio_summary><title>In a Sentimental Mood (Live) [feat. Logan Evan Thomas, Zach Lane, Bryan Blowers, Hayden Hawkins &amp; Thomas Barker]</title></song><song><artist_id>ARGDTSC11EB9C81425</artist_id><artist_name>Alycia Cooper</artist_name><id>SOAJODY1373224BEC7</id><audio_summary><key>0</key><analysis_url>http://echonest-analysis.s3.amazonaws.com/TR/R6TWpggc9We6kaBqHLlRY4WAIMBEJWWFSFu6wlF03U_EQfwA28tRKBQ6tQusV5IvZT0uIyI8v9EI_--Eo%3D/3/full.json?AWSAccessKeyId=AKIAJRDFEY23UEVW42BQ&amp;Expires=1415343385&amp;Signature=EltSgR7xZVh1Q3bTh759XtLpYhs%3D</analysis_url><energy>0.771652</energy><liveness>0.787412</liveness><tempo>84.553</tempo><speechiness>0.732978</speechiness><acousticness>0.917278</acousticness><instrumentalness>0.0</instrumentalness><mode>1</mode><time_signature>3</time_signature><duration>225.63955</duration><loudness>-6.293</loudness><audio_md5 /><valence>0.411672</valence><danceability>0.50082</danceability></audio_summary><title>Differences in Black People and White People</title></song><song><artist_id>ARGDTSC11EB9C81425</artist_id><artist_name>Alycia Cooper</artist_name><id>SOAAJOX13134388A46</id><audio_summary><key>0</key><analysis_url>http://echonest-analysis.s3.amazonaws.com/TR/8KNorAzSiEw7UVrtE5eCz3OTJ1mLOgxMauTWJ1ihTBa1p5AU_KojLDZNqaGvQwHVCo_BrrrED5Y_Twi24%3D/3/full.json?AWSAccessKeyId=AKIAJRDFEY23UEVW42BQ&amp;Expires=1415343385&amp;Signature=3SNf9KOl/bCHecGbiOXaBfWCe1I%3D</analysis_url><energy>0.369786</energy><liveness>0.525104</liveness><tempo>110.898</tempo><speechiness>0.829997</speechiness><acousticness>0.790526</acousticness><instrumentalness>0.0</instrumentalness><mode>0</mode><time_signature>4</time_signature><duration>75.94218</duration><loudness>-15.711</loudness><audio_md5 /><valence>0.519239</valence><danceability>0.589987</danceability></audio_summary><title>Lost A Friend</title></song><song><artist_id>AROE5YL1187B9AA7E4</artist_id><artist_name>Alycia Stefano</artist_name><id>SODYZNA133EB869C61</id><audio_summary><key>1</key><analysis_url>http://echonest-analysis.s3.amazonaws.com/TR/t6M5kwxXB0XZpDASZ-mv7_PGs8J9dBqBpi8mnRoxXBpQUE35akfqfYN9z7NYoPWnTKT47aPS885By1Wd8%3D/3/full.json?AWSAccessKeyId=AKIAJRDFEY23UEVW42BQ&amp;Expires=1415343385&amp;Signature=3Azf0KVjsShYd9dxNJUIRBE9Mks%3D</analysis_url><energy>0.835336</energy><liveness>0.325411</liveness><tempo>130.01</tempo><speechiness>0.042877</speechiness><acousticness>0.045021</acousticness><instrumentalness>0.067274</instrumentalness><mode>1</mode><time_signature>4</time_signature><duration>183.53882</duration><loudness>-3.196</loudness><audio_md5 /><valence>0.624235</valence><danceability>0.659087</danceability></audio_summary><title>Vamos a la Fiesta (Radio Edit)</title></song><song><artist_id>AROE5YL1187B9AA7E4</artist_id><artist_name>Alycia Stefano</artist_name><id>SOYIAQG13B176E276F</id><audio_summary><key>1</key><analysis_url>http://echonest-analysis.s3.amazonaws.com/TR/dHZhlgKCNMjjEjFTCaP2Ec9JG69uDoZwWp3TCdU6uScIy1JndUjzCIYAp_0lEw4m91wHiiHM-Kwodlpc0%3D/3/full.json?AWSAccessKeyId=AKIAJRDFEY23UEVW42BQ&amp;Expires=1415343385&amp;Signature=Qw5tjOh6CLCFkfl35jBVN1mxTZk%3D</analysis_url><energy>0.815952</energy><liveness>0.361433</liveness><tempo>129.982</tempo><speechiness>0.031537</speechiness><acousticness>0.043209</acousticness><instrumentalness>0.08785</instrumentalness><mode>1</mode><time_signature>4</time_signature><duration>193.21261</duration><loudness>-3.46</loudness><audio_md5 /><valence>0.600109</valence><danceability>0.658979</danceability></audio_summary><title>Vamos a la Fiesta (Radio Edit)</title></song><song><artist_id>AROE5YL1187B9AA7E4</artist_id><artist_name>Alycia Stefano</artist_name><id>SOGXWRC1366562C225</id><audio_summary><key>1</key><analysis_url>http://echonest-analysis.s3.amazonaws.com/TR/aYA1rg5dQRCO0UWJUejpZCQ0FrbbOvJr1gJK5QWTCf2fczyDKD5JRTzwgdv1vPjd3Os_WN9eaApkWQw_s%3D/3/full.json?AWSAccessKeyId=AKIAJRDFEY23UEVW42BQ&amp;Expires=1415343385&amp;Signature=W%2BHpLhSxjP25u0uTR424uMF/kok%3D</analysis_url><energy>0.990515</energy><liveness>0.475827</liveness><tempo>130.011</tempo><speechiness>0.148178</speechiness><acousticness>0.000557</acousticness><instrumentalness>0.934846</instrumentalness><mode>1</mode><time_signature>4</time_signature><duration>190.16408</duration><loudness>-3.205</loudness><audio_md5 /><valence>0.277563</valence><danceability>0.673138</danceability></audio_summary><title>Vamos a la Fiesta (Laurent H Extra Remix Edit)</title></song><song><artist_id>AROE5YL1187B9AA7E4</artist_id><artist_name>Alycia Stefano</artist_name><id>SOOEIMC13729519573</id><audio_summary><key>1</key><analysis_url>http://echonest-analysis.s3.amazonaws.com/TR/qfJfWAJ72-s-Ne0aTmATSrYbNvG_hI6dUnz5yKRXYpHTENbQfHzQU56Aniy_vIYZrOYbprMa9ARiv2Hw4%3D/3/full.json?AWSAccessKeyId=AKIAJRDFEY23UEVW42BQ&amp;Expires=1415343385&amp;Signature=c%2Bqvhe2vwwJe17fZG50CHPqoGyQ%3D</analysis_url><energy>0.866226</energy><liveness>0.269941</liveness><tempo>130.007</tempo><speechiness>0.121856</speechiness><acousticness>0.000621</acousticness><instrumentalness>0.889984</instrumentalness><mode>1</mode><time_signature>4</time_signature><duration>278.7688</duration><loudness>-4.69</loudness><audio_md5 /><valence>0.421187</valence><danceability>0.778643</danceability></audio_summary><title>Vamos a la Fiesta 2 (Laurent H Extra Remix)</title></song><song><artist_id>AROE5YL1187B9AA7E4</artist_id><artist_name>Alycia Stefano</artist_name><id>SOJLRXH13C1B55F1E9</id><audio_summary><key>11</key><analysis_url>http://echonest-analysis.s3.amazonaws.com/TR/kHx9cAILV0h2jJjAPIDeNfIn7_cZK5FEh6c4IHMGX6iJWnVLa_MIF5zd4quoRLq-PB1AuOXcI4SyQweQc%3D/3/full.json?AWSAccessKeyId=AKIAJRDFEY23UEVW42BQ&amp;Expires=1415343385&amp;Signature=HKB/7GnhaDLXG76d4YpNBO7en1w%3D</analysis_url><energy>0.833021</energy><liveness>0.069457</liveness><tempo>128.011</tempo><speechiness>0.108227</speechiness><acousticness>0.05675</acousticness><instrumentalness>0.001357</instrumentalness><mode>0</mode><time_signature>4</time_signature><duration>251.25664</duration><loudness>-3.933</loudness><audio_md5 /><valence>0.937265</valence><danceability>0.869707</danceability></audio_summary><title>Loca Loca (Latino Radio Extended)</title></song><song><artist_id>AROE5YL1187B9AA7E4</artist_id><artist_name>Alycia Stefano</artist_name><id>SOOIDNO13C1B5886CC</id><audio_summary><key>11</key><analysis_url>http://echonest-analysis.s3.amazonaws.com/TR/zEfdMQGG6uFxxlVbDfo1pEDUcqV1nZXa_4otdnrRZq7yYxO97A8ySl8Ki5h2zVZkcBaoxaH6yunZKvqZg%3D/3/full.json?AWSAccessKeyId=AKIAJRDFEY23UEVW42BQ&amp;Expires=1415343385&amp;Signature=DiCgB1%2BK8Y7yrGNHH1VJVtcXcIw%3D</analysis_url><energy>0.922725</energy><liveness>0.301534</liveness><tempo>128.019</tempo><speechiness>0.067319</speechiness><acousticness>0.054797</acousticness><instrumentalness>3e-06</instrumentalness><mode>1</mode><time_signature>4</time_signature><duration>187.82621</duration><loudness>-5.189</loudness><audio_md5 /><valence>0.934085</valence><danceability>0.766008</danceability></audio_summary><title>Loca Loca (Latino Club Edit)</title></song><song><artist_id>ARGDTSC11EB9C81425</artist_id><artist_name>Alycia Cooper</artist_name><id>SOAYUBH13EE611C073</id><audio_summary><key>7</key><analysis_url>http://echonest-analysis.s3.amazonaws.com/TR/Cv2mmwlqPlHq34EdkaAPpC0EyR5PzWyDHaa4ZK/3/full.json?AWSAccessKeyId=AKIAJRDFEY23UEVW42BQ&amp;Expires=1415343385&amp;Signature=gVrawDRdfa0sIPAVpTezycW8sL8%3D</analysis_url><energy>0.618288</energy><liveness>0.919417</liveness><tempo>78.739</tempo><speechiness>0.937087</speechiness><acousticness>0.939406</acousticness><instrumentalness>0.0</instrumentalness><mode>1</mode><time_signature>5</time_signature><duration>52.80762</duration><loudness>-10.874</loudness><audio_md5 /><valence>0.696762</valence><danceability>0.619474</danceability></audio_summary><title>Sweet Brown</title></song><song><artist_id>ARGDTSC11EB9C81425</artist_id><artist_name>Alycia Cooper</artist_name><id>SOAXCBH13EE5F66E88</id><audio_summary><key>11</key><analysis_url>http://echonest-analysis.s3.amazonaws.com/TR/ptBSXQ_fL5hhFBzprUzwsoBMFr0Ixd1tsA9UOi/3/full.json?AWSAccessKeyId=AKIAJRDFEY23UEVW42BQ&amp;Expires=1415343385&amp;Signature=TQ/Ym8Ay8hiQ8diNWLaP9Usy%2BFk%3D</analysis_url><energy>0.414149</energy><liveness>0.76742</liveness><tempo>84.555</tempo><speechiness>0.915518</speechiness><acousticness>0.896734</acousticness><instrumentalness>0.0</instrumentalness><mode>1</mode><time_signature>3</time_signature><duration>147.34476</duration><loudness>-13.127</loudness><audio_md5 /><valence>0.573504</valence><danceability>0.538869</danceability></audio_summary><title>Music Today</title></song><song><artist_id>ARCSMWG12BEF24F8BF</artist_id><artist_name>Alycia Levels</artist_name><id>SOAWNYH1315CD40AA8</id><audio_summary><key>11</key><analysis_url>http://echonest-analysis.s3.amazonaws.com/TR/6vlMKwM5FgcwrwxEZHuRhG-Gb7t9EkCVHWmI90R5D4v-ii5sQl-JOamJp850DGELf78NPqapbGFJA50gI%3D/3/full.json?AWSAccessKeyId=AKIAJRDFEY23UEVW42BQ&amp;Expires=1415343385&amp;Signature=8BgGJ6DKULONvstPOS7y9L9oLww%3D</analysis_url><energy>0.704313</energy><liveness>0.526576</liveness><tempo>117.988</tempo><speechiness>0.064453</speechiness><acousticness>0.284783</acousticness><instrumentalness>0.0</instrumentalness><mode>0</mode><time_signature>4</time_signature><duration>172.89288</duration><loudness>-5.211</loudness><audio_md5 /><valence>0.834744</valence><danceability>0.794388</danceability></audio_summary><title>Joy</title></song><song><artist_id>ARGDTSC11EB9C81425</artist_id><artist_name>Alycia Cooper</artist_name><id>SOAOCXA130516E1F7A</id><audio_summary><key>3</key><analysis_url>http://echonest-analysis.s3.amazonaws.com/TR/9USlPwRDJ6IkeDuOyzpnqjvQU2Nn9Cw1atPk3xAndvKa977nwIoty6TkJfbuwpFVuI0sAD_T_ySsvPSnA%3D/3/full.json?AWSAccessKeyId=AKIAJRDFEY23UEVW42BQ&amp;Expires=1415343385&amp;Signature=ZIffImVpNrh36CxiHcLcCfZx4EQ%3D</analysis_url><energy>0.524516</energy><liveness>0.582214</liveness><tempo>86.76</tempo><speechiness>0.925325</speechiness><acousticness>0.814203</acousticness><instrumentalness>0.0</instrumentalness><mode>0</mode><time_signature>3</time_signature><duration>127.79397</duration><loudness>-14.617</loudness><audio_md5 /><valence>0.422274</valence><danceability>0.578749</danceability></audio_summary><title>No More New Jokes</title></song><song><artist_id>ARGDTSC11EB9C81425</artist_id><artist_name>Alycia Cooper</artist_name><id>SOANPIK13EE63B0595</id><audio_summary><key>6</key><analysis_url>http://echonest-analysis.s3.amazonaws.com/TR/KI36hA1whR03A25Ymw90BWGqYOCGfARAPaNbND/3/full.json?AWSAccessKeyId=AKIAJRDFEY23UEVW42BQ&amp;Expires=1415343385&amp;Signature=OLKPkmGemEASR9FJQZPh8qzBM08%3D</analysis_url><energy>0.553258</energy><liveness>0.710345</liveness><tempo>172.943</tempo><speechiness>0.892241</speechiness><acousticness>0.902484</acousticness><instrumentalness>0.0</instrumentalness><mode>1</mode><time_signature>4</time_signature><duration>59.23374</duration><loudness>-10.284</loudness><audio_md5 /><valence>0.736619</valence><danceability>0.529487</danceability></audio_summary><title>Fat Friends</title></song><song><artist_id>AROPUFZ12B644B6DC2</artist_id><artist_name>Alycia Vince</artist_name><id>SOASXPD13E95B1F2CF</id><audio_summary><key>7</key><analysis_url>http://echonest-analysis.s3.amazonaws.com/TR/buR9VQuZXzHS-1xs6P1JiHyCIjFRYRDlYEFnTZkHoaQrEtuT2NrYmaK1UDPnkavlmEsNTEMyd3J89S7kE%3D/3/full.json?AWSAccessKeyId=AKIAJRDFEY23UEVW42BQ&amp;Expires=1415343385&amp;Signature=8tOSOtcXrPj5Yla3zFE5N2gAiVM%3D</analysis_url><energy>0.309864</energy><liveness>0.655489</liveness><tempo>97.065</tempo><speechiness>0.033888</speechiness><acousticness>0.675143</acousticness><instrumentalness>0.0</instrumentalness><mode>1</mode><time_signature>3</time_signature><duration>175.31551</duration><loudness>-17.258</loudness><audio_md5 /><valence>0.271564</valence><danceability>0.584117</danceability></audio_summary><title>My Romance (Live) [feat. Bryan Blowers, Hayden Hawkins, Logan Evan Thomas &amp; Zach Lane]</title></song><song><artist_id>ARGDTSC11EB9C81425</artist_id><artist_name>Alycia Cooper</artist_name><id>SOAPDYY13EE6347EAA</id><audio_summary><key>10</key><analysis_url>http://echonest-analysis.s3.amazonaws.com/TR/hYZ-8QFFWdH9QHvt4zKTR-FPMWahPOzQv_Zhu3/3/full.json?AWSAccessKeyId=AKIAJRDFEY23UEVW42BQ&amp;Expires=1415343385&amp;Signature=VEJ4w7vMv4QgbkzNplkANooaqac%3D</analysis_url><energy>0.496294</energy><liveness>0.839051</liveness><tempo>80.53</tempo><speechiness>0.908078</speechiness><acousticness>0.897614</acousticness><instrumentalness>1e-06</instrumentalness><mode>0</mode><time_signature>3</time_signature><duration>148.52027</duration><loudness>-13.714</loudness><audio_md5 /><valence>0.659877</valence><danceability>0.610845</danceability></audio_summary><title>Lapband Surgery</title></song><song><artist_id>ARVTCZN12454A5266B</artist_id><artist_name>Véronique Alycia</artist_name><id>SOJJXRU1315CD45DAB</id><audio_summary><key>2</key><analysis_url>http://echonest-analysis.s3.amazonaws.com/TR/9hr8zAgg-AIbr5cXtRKO8VTJ7dfbh44yMpUQ6k8ZWZoDbRQhCwlNgjUvZKydNfvSfToyrbiOreQ62L-FA%3D/3/full.json?AWSAccessKeyId=AKIAJRDFEY23UEVW42BQ&amp;Expires=1415343385&amp;Signature=HCkYFIiCjdpsjJVOoGUm6JHj6ek%3D</analysis_url><energy>0.444265</energy><liveness>0.077267</liveness><tempo>137.016</tempo><speechiness>0.137765</speechiness><acousticness>0.397314</acousticness><instrumentalness>0.0</instrumentalness><mode>1</mode><time_signature>4</time_signature><duration>155.22621</duration><loudness>-5.792</loudness><audio_md5 /><valence>0.774201</valence><danceability>0.819059</danceability></audio_summary><title>Le Prénom Qu'On A</title></song><song><artist_id>ARVTCZN12454A5266B</artist_id><artist_name>Véronique Alycia</artist_name><id>SOVQHQF12AB017F142</id><audio_summary><key>2</key><analysis_url>http://echonest-analysis.s3.amazonaws.com/TR/xC1zYA1oWcb2vZP_8pWFLLmpGwF1xJBu_OjVpOveT5k9Dqd_FxPa_-s295WjObjozcs_vw5gd77j4gds8%3D/3/full.json?AWSAccessKeyId=AKIAJRDFEY23UEVW42BQ&amp;Expires=1415343385&amp;Signature=lsn9SjqjWiAxS7k0QRhuj5mTea0%3D</analysis_url><energy>0.160943</energy><liveness>0.067542</liveness><tempo>72.054</tempo><speechiness>0.960741</speechiness><acousticness>0.710178</acousticness><instrumentalness>0.0</instrumentalness><mode>0</mode><time_signature>3</time_signature><duration>32.29288</duration><loudness>-12.899</loudness><audio_md5 /><valence>0.745187</valence><danceability>0.787279</danceability></audio_summary><title>Le Cadeau D'Anniversaire</title></song><song><artist_id>ARULBWZ13E218095FE</artist_id><artist_name>Alycia Putnam</artist_name><id>SOVXVTY140D1B58E4A</id><audio_summary><key>7</key><analysis_url>http://echonest-analysis.s3.amazonaws.com/TR/-aE3OQbdwK0vlrVaQR7dxuE2pIZA0x4-fo6tu8D25dArw97Cx_GNkwmggQ0yq-CFZ7Wlqq8x8LXllvL_4%3D/3/full.json?AWSAccessKeyId=AKIAJRDFEY23UEVW42BQ&amp;Expires=1415343385&amp;Signature=jDpZ%2BCBJf5O5bEIS1z4v7JkaB0Q%3D</analysis_url><energy>0.361601</energy><liveness>0.095991</liveness><tempo>108.012</tempo><speechiness>0.027056</speechiness><acousticness>0.235709</acousticness><instrumentalness>0.811616</instrumentalness><mode>0</mode><time_signature>3</time_signature><duration>293.35955</duration><loudness>-13.974</loudness><audio_md5 /><valence>0.64403</valence><danceability>0.534856</danceability></audio_summary><title>New Beginnings (feat. Darren McMullen, Zach Smith &amp; Kimberley Holmes)</title></song><song><artist_id>ARULBWZ13E218095FE</artist_id><artist_name>Alycia Putnam</artist_name><id>SOSEENE140D1B4ED55</id><audio_summary><key>2</key><analysis_url>http://echonest-analysis.s3.amazonaws.com/TR/lPjaJQzZLcsWga8KNCcWeUY5RQy5acYbxDO5YqgOSQqipwCZD-dt_FgPdX8WjD_zASaTLQnYvbHVN8VXc%3D/3/full.json?AWSAccessKeyId=AKIAJRDFEY23UEVW42BQ&amp;Expires=1415343385&amp;Signature=iXGAiUnah0Bx2ERa4K9bVs4vbWU%3D</analysis_url><energy>0.394451</energy><liveness>0.173921</liveness><tempo>73.86</tempo><speechiness>0.031023</speechiness><acousticness>0.768142</acousticness><instrumentalness>0.0008</instrumentalness><mode>1</mode><time_signature>4</time_signature><duration>166.37288</duration><loudness>-10.054</loudness><audio_md5 /><valence>0.717659</valence><danceability>0.573979</danceability></audio_summary><title>Pat's Country (feat. Gordon Tucker &amp; Dave Gunning)</title></song><song><artist_id>ARULBWZ13E218095FE</artist_id><artist_name>Alycia Putnam</artist_name><id>SOBMYWU140DD0CF9AC</id><audio_summary><key>7</key><analysis_url>http://echonest-analysis.s3.amazonaws.com/TR/v2YUjgTlz-dkH7dOdde4LYR0p87mtdSVdx6wheYbyLJtk-D5Vye-e4681DRAU1MZSl2xN6hiWgPyGWGi4%3D/3/full.json?AWSAccessKeyId=AKIAJRDFEY23UEVW42BQ&amp;Expires=1415343385&amp;Signature=IQLW8CER3MT/8ZIZBLZz0epv9dk%3D</analysis_url><energy>0.751124</energy><liveness>0.192633</liveness><tempo>119.774</tempo><speechiness>0.041683</speechiness><acousticness>0.620407</acousticness><instrumentalness>0.006821</instrumentalness><mode>1</mode><time_signature>4</time_signature><duration>203.90621</duration><loudness>-8.236</loudness><audio_md5 /><valence>0.598833</valence><danceability>0.495501</danceability></audio_summary><title>Banshee On the Harbour: Banshee / Cooley’s / Breton Batherson Dancers</title></song><song><artist_id>ARULBWZ13E218095FE</artist_id><artist_name>Alycia Putnam</artist_name><id>SOJATZG140D1BCCBF5</id><audio_summary><key>7</key><analysis_url>http://echonest-analysis.s3.amazonaws.com/TR/44x9Sw3wZ5rVA7vRcbWx3od2UMhyZrOiZdaDsgTqcFmQhnR5mK5F0FyjEnPfCf9vVwjCSjrFdMHDZX4bE%3D/3/full.json?AWSAccessKeyId=AKIAJRDFEY23UEVW42BQ&amp;Expires=1415343385&amp;Signature=5yATLAgVHtFjXWOgAaUWiWJ/nLQ%3D</analysis_url><energy>0.303563</energy><liveness>0.109942</liveness><tempo>132.187</tempo><speechiness>0.030858</speechiness><acousticness>0.54285</acousticness><instrumentalness>9e-06</instrumentalness><mode>1</mode><time_signature>4</time_signature><duration>206.98621</duration><loudness>-11.031</loudness><audio_md5 /><valence>0.391004</valence><danceability>0.372528</danceability></audio_summary><title>Johsefin's Waltz (feat. Jennifer Wyatt, Robert Putnam &amp; Ardyth Robinson)</title></song><song><artist_id>AROE5YL1187B9AA7E4</artist_id><artist_name>Alycia Stefano</artist_name><id>SOSNXVQ13E361B20D0</id><audio_summary><key>11</key><analysis_url>http://echonest-analysis.s3.amazonaws.com/TR/biMN4Q-BElYl4GNmBLAcqgq9G_vlU1BukkUjJ-XCO4UdcUpIxzaKrniHK9Sy1hLa0Gc4kgos-YdEDMk7U%3D/3/full.json?AWSAccessKeyId=AKIAJRDFEY23UEVW42BQ&amp;Expires=1415343385&amp;Signature=xcVdQANIvXhpH2QBZ6DTWAGEH5g%3D</analysis_url><energy>0.848875</energy><liveness>0.088571</liveness><tempo>128.055</tempo><speechiness>0.042818</speechiness><acousticness>0.167097</acousticness><instrumentalness>3.9e-05</instrumentalness><mode>1</mode><time_signature>4</time_signature><duration>167.99955</duration><loudness>-3.683</loudness><audio_md5 /><valence>0.812662</valence><danceability>0.806421</danceability></audio_summary><title>Loca Loca</title></song><song><artist_id>ARULBWZ13E218095FE</artist_id><artist_name>Alycia Putnam</artist_name><id>SOJHKTL140DD0B576C</id><audio_summary><key>6</key><analysis_url>http://echonest-analysis.s3.amazonaws.com/TR/LCDTEAeaAlwbKcru4YMqdGNLEkbg6kdM51mji3BHKA_QN2pD0KryF7QrcCLhIMinH9jcaUdMn1FQCV3d8%3D/3/full.json?AWSAccessKeyId=AKIAJRDFEY23UEVW42BQ&amp;Expires=1415343385&amp;Signature=1ewDQcjIn9lCqncnh9lrK2JVpDA%3D</analysis_url><energy>0.634904</energy><liveness>0.374691</liveness><tempo>117.92</tempo><speechiness>0.036075</speechiness><acousticness>0.467368</acousticness><instrumentalness>0.024559</instrumentalness><mode>0</mode><time_signature>4</time_signature><duration>323.91955</duration><loudness>-8.752</loudness><audio_md5 /><valence>0.89086</valence><danceability>0.388028</danceability></audio_summary><title>Colin’s Fiddle: Trolley’s Reel / Dunmore Lasses / Balmoral Castle / Edinburgh Rock (feat. Robert Putnam, Dave Gunning &amp; Zach Smith)</title></song><song><artist_id>AROGDYD11F4C841B77</artist_id><artist_name>Alycia Lang</artist_name><id>SOAEQNT1313438BD2F</id><audio_summary><key>2</key><analysis_url>http://echonest-analysis.s3.amazonaws.com/TR/l-t5qgcDE8YVIIIAy23829gnlT5E3oFY0zbhU1Y78540jQis2gct7VA317ADEIYOn_gbMI_RicYY5biTQ%3D/3/full.json?AWSAccessKeyId=AKIAJRDFEY23UEVW42BQ&amp;Expires=1415343385&amp;Signature=zFz%2BdQLvSFtbnmpPEZj8RVIHZeE%3D</analysis_url><energy>0.460357</energy><liveness>0.074467</liveness><tempo>86.98</tempo><speechiness>0.026761</speechiness><acousticness>0.655972</acousticness><instrumentalness>0.0</instrumentalness><mode>0</mode><time_signature>4</time_signature><duration>227.94621</duration><loudness>-8.372</loudness><audio_md5 /><valence>0.428894</valence><danceability>0.596952</danceability></audio_summary><title>A Moment In Your Heart</title></song><song><artist_id>ARGDTSC11EB9C81425</artist_id><artist_name>Alycia Cooper</artist_name><id>SOBAUFG13EE609067E</id><audio_summary><key>4</key><analysis_url>http://echonest-analysis.s3.amazonaws.com/TR/ANjTUwJUsISHKoLZLWEzIg6txdhP9kbZ3aDVuH/3/full.json?AWSAccessKeyId=AKIAJRDFEY23UEVW42BQ&amp;Expires=1415343385&amp;Signature=KG13runWYUBalUE7jcT4/qAOcXg%3D</analysis_url><energy>0.545554</energy><liveness>0.705339</liveness><tempo>98.973</tempo><speechiness>0.921754</speechiness><acousticness>0.897214</acousticness><instrumentalness>0.0</instrumentalness><mode>1</mode><time_signature>4</time_signature><duration>77.51946</duration><loudness>-13.659</loudness><audio_md5 /><valence>0.597178</valence><danceability>0.659945</danceability></audio_summary><title>Kim Kardashian</title></song><song><artist_id>AROE5YL1187B9AA7E4</artist_id><artist_name>Alycia Stefano</artist_name><id>SOOHVJV1374110C8DD</id><audio_summary><key>10</key><analysis_url>http://echonest-analysis.s3.amazonaws.com/TR/78B_wQrh2wUx3c1JN38p4wjeafkpEmbCnkUEqOtSO1_BgpejgPJAP-GmixIayO7SblyqbO4OmkjFAWfCQ%3D/3/full.json?AWSAccessKeyId=AKIAJRDFEY23UEVW42BQ&amp;Expires=1415343385&amp;Signature=GZgth/769x99k5bq13zh7rPoNQ0%3D</analysis_url><energy>0.576044</energy><liveness>0.055263</liveness><tempo>131.987</tempo><speechiness>0.049804</speechiness><acousticness>0.004001</acousticness><instrumentalness>0.105159</instrumentalness><mode>0</mode><time_signature>4</time_signature><duration>267.91138</duration><loudness>-7.475</loudness><audio_md5 /><valence>0.856549</valence><danceability>0.730573</danceability></audio_summary><title>Obsesion (Trancy Bikini Club)</title></song><song><artist_id>AROE5YL1187B9AA7E4</artist_id><artist_name>Alycia Stefano</artist_name><id>SOQJZJS13749E4D8AE</id><audio_summary><key>10</key><analysis_url>http://echonest-analysis.s3.amazonaws.com/TR/6OYYHw2tTGUmoQGlMZJZaGd0NYzFauOnpx2_Nl/3/full.json?AWSAccessKeyId=AKIAJRDFEY23UEVW42BQ&amp;Expires=1415343385&amp;Signature=tT1G9HccEHqKD8mbLnJhaCZdsKM%3D</analysis_url><energy>0.580118</energy><liveness>0.034997</liveness><tempo>131.973</tempo><speechiness>0.050784</speechiness><acousticness>0.00496</acousticness><instrumentalness>0.06978</instrumentalness><mode>0</mode><time_signature>4</time_signature><duration>268.09714</duration><loudness>-8.34</loudness><audio_md5 /><valence>0.890923</valence><danceability>0.789167</danceability></audio_summary><title>Obsesion (Trancy Bikini Club)</title></song><song><artist_id>AROE5YL1187B9AA7E4</artist_id><artist_name>Alycia Stefano</artist_name><id>SOQUCVX142BF2A5656</id><audio_summary><key>11</key><analysis_url>http://echonest-analysis.s3.amazonaws.com/TR/aDNwYQPRA2kfgqRsroGl8r65kgBMRNOcWBYu22sFWwXJBGHnldqYMuM02bUO4wDDMVoQbEJNpufLGtrjE%3D/3/full.json?AWSAccessKeyId=AKIAJRDFEY23UEVW42BQ&amp;Expires=1415343385&amp;Signature=XHKaXokCb2O2O6XkY3/z/Pblc9k%3D</analysis_url><energy>0.824946</energy><liveness>0.06992</liveness><tempo>128.002</tempo><speechiness>0.117029</speechiness><acousticness>0.057222</acousticness><instrumentalness>0.00123</instrumentalness><mode>0</mode><time_signature>4</time_signature><duration>251.25664</duration><loudness>-3.985</loudness><audio_md5 /><valence>0.926233</valence><danceability>0.874415</danceability></audio_summary><title>Loca Loca</title></song><song><artist_id>AROE5YL1187B9AA7E4</artist_id><artist_name>Alycia Stefano</artist_name><id>SOGQFFY136C5D1B0BF</id><audio_summary><key>6</key><analysis_url>http://echonest-analysis.s3.amazonaws.com/TR/Vro03wj9NvbJyaSPXmQcC0zywW5i7kkjZmu7PsypyMdAc-iM8ctT3ilC68rldRq97uneWSgGtmD-LglQA%3D/3/full.json?AWSAccessKeyId=AKIAJRDFEY23UEVW42BQ&amp;Expires=1415343385&amp;Signature=WV%2BUKoS5I4XJkn/iiW2oHNCWD4M%3D</analysis_url><energy>0.979092</energy><liveness>0.685733</liveness><tempo>130.04</tempo><speechiness>0.116286</speechiness><acousticness>0.00568</acousticness><instrumentalness>0.003228</instrumentalness><mode>0</mode><time_signature>4</time_signature><duration>207.29288</duration><loudness>-7.047</loudness><audio_md5 /><valence>0.611512</valence><danceability>0.631513</danceability></audio_summary><title>Que Calor (Enzo Mori &amp; Stephan Clark Radio Edit)</title></song><song><artist_id>AROE5YL1187B9AA7E4</artist_id><artist_name>Alycia Stefano</artist_name><id>SOCTNQD1419C1A4675</id><audio_summary><key>8</key><analysis_url>http://echonest-analysis.s3.amazonaws.com/TR/x4vm5g41v2NxF7zEd7ddNds0HmsSctpNXHMxsQ5gl3gRKRBZZ6jjbd_PjgqoRl4jbMkCxdYfBPODVZFHM%3D/3/full.json?AWSAccessKeyId=AKIAJRDFEY23UEVW42BQ&amp;Expires=1415343385&amp;Signature=TbdTHfvwxo%2BoCEwxULtah6YIr8Q%3D</analysis_url><energy>0.858447</energy><liveness>0.055137</liveness><tempo>132.014</tempo><speechiness>0.055431</speechiness><acousticness>0.015897</acousticness><instrumentalness>0.274877</instrumentalness><mode>1</mode><time_signature>4</time_signature><duration>272.57415</duration><loudness>-1.734</loudness><audio_md5 /><valence>0.517198</valence><danceability>0.789175</danceability></audio_summary><title>Para Ti (Superclass Remix)</title></song><song><artist_id>AROE5YL1187B9AA7E4</artist_id><artist_name>Alycia Stefano</artist_name><id>SONBAGC1419BDFEA0F</id><audio_summary><key>7</key><analysis_url>http://echonest-analysis.s3.amazonaws.com/TR/0YipNA2THAipg61T7PeIbr_TcwRTjBoYdpNCjABqO85uX1huFDBkh7PU7rGfSNEow1k3uVJTZsvb_kYik%3D/3/full.json?AWSAccessKeyId=AKIAJRDFEY23UEVW42BQ&amp;Expires=1415343385&amp;Signature=31dyDHKAZv9lgs72iw8lFamWlMY%3D</analysis_url><energy>0.709783</energy><liveness>0.092789</liveness><tempo>129.989</tempo><speechiness>0.152734</speechiness><acousticness>0.015809</acousticness><instrumentalness>0.001995</instrumentalness><mode>1</mode><time_signature>4</time_signature><duration>270.62145</duration><loudness>-3.922</loudness><audio_md5 /><valence>0.631812</valence><danceability>0.853291</danceability></audio_summary><title>Para Ti (Extended)</title></song><song><artist_id>ARULBWZ13E218095FE</artist_id><artist_name>Alycia Putnam</artist_name><id>SOCVESF140DD0DA686</id><audio_summary><key>2</key><analysis_url>http://echonest-analysis.s3.amazonaws.com/TR/NGy6hwYnoIC5-wlb55U79WHykETIcsieAcGH-GjJP-6X4V45b3X0K_3OwIWYfPN1aQdqdpJo8rgvpxI84%3D/3/full.json?AWSAccessKeyId=AKIAJRDFEY23UEVW42BQ&amp;Expires=1415343385&amp;Signature=1UXcVTNuvym6RZL3xxi2IC3CZjo%3D</analysis_url><energy>0.732227</energy><liveness>0.294104</liveness><tempo>118.214</tempo><speechiness>0.039955</speechiness><acousticness>0.692892</acousticness><instrumentalness>0.016084</instrumentalness><mode>0</mode><time_signature>4</time_signature><duration>202.98621</duration><loudness>-8.505</loudness><audio_md5 /><valence>0.963551</valence><danceability>0.39293</danceability></audio_summary><title>The Gremlin: Gremlin / Drunken Landlady / Tamlin (feat. Darren McMullen &amp; Zach Smith)</title></song><song><artist_id>ARULBWZ13E218095FE</artist_id><artist_name>Alycia Putnam</artist_name><id>SOXUVGZ140D1B44313</id><audio_summary><key>2</key><analysis_url>http://echonest-analysis.s3.amazonaws.com/TR/_KnBVAYCERN590fQ2cqOgefLtEw5Lm0dDHYoFWqxmLAbGTFtskO-mcxsZ5ggM-k3eFlyxAkxn7Cm6HaSA%3D/3/full.json?AWSAccessKeyId=AKIAJRDFEY23UEVW42BQ&amp;Expires=1415343385&amp;Signature=V7MhFcJ6NY6g6G/GDvuZO6fnV3c%3D</analysis_url><energy>0.525249</energy><liveness>0.090744</liveness><tempo>124.4</tempo><speechiness>0.032163</speechiness><acousticness>0.882027</acousticness><instrumentalness>0.188423</instrumentalness><mode>1</mode><time_signature>4</time_signature><duration>164.18621</duration><loudness>-9.862</loudness><audio_md5 /><valence>0.775395</valence><danceability>0.402021</danceability></audio_summary><title>The Mad Bulgar</title></song><song><artist_id>ARMKLUN122988F2C0E</artist_id><artist_name>Alycia Ercums</artist_name><id>SOLKNHS130516DF3DD</id><audio_summary><key>3</key><analysis_url>http://echonest-analysis.s3.amazonaws.com/TR/r4OS4wrI-uxv085t7tmIVEl84GESUIQgJ5rLVnGWo8ayIGGhXlcLNoPbH4SbE8q87nvsXQUr1hgerQIrs%3D/3/full.json?AWSAccessKeyId=AKIAJRDFEY23UEVW42BQ&amp;Expires=1415343385&amp;Signature=4q9yb9QjTyhBGdlKKvaJTRMIYgY%3D</analysis_url><energy>0.266963</energy><liveness>0.164663</liveness><tempo>121.324</tempo><speechiness>0.033486</speechiness><acousticness>0.98044</acousticness><instrumentalness>0.059121</instrumentalness><mode>0</mode><time_signature>4</time_signature><duration>229.13288</duration><loudness>-10.655</loudness><audio_md5 /><valence>0.337199</valence><danceability>0.435219</danceability></audio_summary><title>Now and Then</title></song><song><artist_id>AROE5YL1187B9AA7E4</artist_id><artist_name>Alycia Stefano</artist_name><id>SOSBELJ1419BFD0F8C</id><audio_summary><key>7</key><analysis_url>http://echonest-analysis.s3.amazonaws.com/TR/U_G0zwNfQ3C-aV2ODr-RkbsGCamOZz-dP4mgDg9yyY8fbbXg9uOGHuEPA9KWHB8pIM8hcnfhv6eZCa4bE%3D/3/full.json?AWSAccessKeyId=AKIAJRDFEY23UEVW42BQ&amp;Expires=1415343385&amp;Signature=DXuIR81/Ny0X0B0jZXKaspj53X8%3D</analysis_url><energy>0.897258</energy><liveness>0.053027</liveness><tempo>130.016</tempo><speechiness>0.193469</speechiness><acousticness>0.075421</acousticness><instrumentalness>0.000915</instrumentalness><mode>1</mode><time_signature>4</time_signature><duration>194.03342</duration><loudness>-3.004</loudness><audio_md5 /><valence>0.405992</valence><danceability>0.81166</danceability></audio_summary><title>Para Ti - Radio Edit</title></song><song><artist_id>AROE5YL1187B9AA7E4</artist_id><artist_name>Alycia Stefano</artist_name><id>SOIMBWR1372951733E</id><audio_summary><key>1</key><analysis_url>http://echonest-analysis.s3.amazonaws.com/TR/9244EwpJQiHzpXb3rkkaFyzpnFtp6IESDRWl92RGKdoSiyS3d6oTLpffOJWveNzWp3F6S7Uz5xW1a5zwg%3D/3/full.json?AWSAccessKeyId=AKIAJRDFEY23UEVW42BQ&amp;Expires=1415343385&amp;Signature=C8KXO4GYatOS4THfpPlq%2BxnSlDk%3D</analysis_url><energy>0.415604</energy><liveness>0.108199</liveness><tempo>129.958</tempo><speechiness>0.063388</speechiness><acousticness>0.011787</acousticness><instrumentalness>0.0987</instrumentalness><mode>1</mode><time_signature>4</time_signature><duration>284.42263</duration><loudness>-3.386</loudness><audio_md5 /><valence>0.82865</valence><danceability>0.795219</danceability></audio_summary><title>Vamos a la Fiesta (Extended)</title></song><song><artist_id>AROGDYD11F4C841B77</artist_id><artist_name>Alycia Lang</artist_name><id>SOCMFBW1311AFE4D3E</id><audio_summary><key>11</key><analysis_url>http://echonest-analysis.s3.amazonaws.com/TR/0ySjXgt5FGfUG1j0Pde3UgVgsWhhn44KNRUWWAYylxoxhW-wY5CC-3KG_r0QjGshr3GAmKdp2atJw0N84%3D/3/full.json?AWSAccessKeyId=AKIAJRDFEY23UEVW42BQ&amp;Expires=1415343385&amp;Signature=REX60jdnI9M4ikpU5SHtaiQP5JY%3D</analysis_url><energy>0.191996</energy><liveness>0.083148</liveness><tempo>91.942</tempo><speechiness>0.037758</speechiness><acousticness>0.977865</acousticness><instrumentalness>3.6e-05</instrumentalness><mode>0</mode><time_signature>4</time_signature><duration>248.95955</duration><loudness>-11.782</loudness><audio_md5 /><valence>0.225365</valence><danceability>0.344299</danceability></audio_summary><title>While My Guitar Gently Weeps</title></song><song><artist_id>AROE5YL1187B9AA7E4</artist_id><artist_name>Alycia Stefano</artist_name><id>SOHSWGJ13C699F8A3B</id><audio_summary><key>11</key><analysis_url>http://echonest-analysis.s3.amazonaws.com/TR/94V50wUViZzGwGjuKik8TkwBgfBFrEzZgnJf9G9dRjSJZgP8Q5WxyAst6fGWGyLm125IbeB5dJVpCRy3A%3D/3/full.json?AWSAccessKeyId=AKIAJRDFEY23UEVW42BQ&amp;Expires=1415343385&amp;Signature=xFdigXqjWNs6MO2j8/h99sbBGLk%3D</analysis_url><energy>0.878969</energy><liveness>0.353748</liveness><tempo>127.875</tempo><speechiness>0.080761</speechiness><acousticness>0.091971</acousticness><instrumentalness>0.002051</instrumentalness><mode>0</mode><time_signature>4</time_signature><duration>192.1424</duration><loudness>-3.264</loudness><audio_md5 /><valence>0.817276</valence><danceability>0.641673</danceability></audio_summary><title>Loca Loca (Latino Radio)</title></song><song><artist_id>AROGDYD11F4C841B77</artist_id><artist_name>Alycia Lang</artist_name><id>SOBAJIV12AB017BC6F</id><audio_summary><key>9</key><analysis_url>http://echonest-analysis.s3.amazonaws.com/TR/KAv93Ahf3g_vFIXHzegrzF66-H_LhKvKvGNtBJ2g3c-ca7MDbCzpYGScvHShDLbkEqr1Q_K6tOLhJ1UDM%3D/3/full.json?AWSAccessKeyId=AKIAJRDFEY23UEVW42BQ&amp;Expires=1415343385&amp;Signature=UTCtHvcABqrv7SKNRAmlYPDu9To%3D</analysis_url><energy>0.524339</energy><liveness>0.32744</liveness><tempo>72.318</tempo><speechiness>0.032402</speechiness><acousticness>0.496345</acousticness><instrumentalness>1e-06</instrumentalness><mode>1</mode><time_signature>4</time_signature><duration>234.25288</duration><loudness>-7.397</loudness><audio_md5 /><valence>0.69453</valence><danceability>0.716185</danceability></audio_summary><title>Concrete And Clay</title></song><song><artist_id>AROE5YL1187B9AA7E4</artist_id><artist_name>Alycia Stefano</artist_name><id>SOWCSIO13C1B550DB8</id><audio_summary><key>8</key><analysis_url>http://echonest-analysis.s3.amazonaws.com/TR/u010lgQfWMm9GzPFOP5w4xPYW0ZBUCi-S4l9ve/3/full.json?AWSAccessKeyId=AKIAJRDFEY23UEVW42BQ&amp;Expires=1415343385&amp;Signature=PyPBg0L8psemdc28UL3%2BCI3NhAQ%3D</analysis_url><energy>0.887547</energy><liveness>0.059465</liveness><tempo>128.049</tempo><speechiness>0.050765</speechiness><acousticness>0.132789</acousticness><instrumentalness>1.2e-05</instrumentalness><mode>0</mode><time_signature>4</time_signature><duration>172.0566</duration><loudness>-2.641</loudness><audio_md5 /><valence>0.810346</valence><danceability>0.796621</danceability></audio_summary><title>Loca Loca (Latino Radio)</title></song><song><artist_id>AROE5YL1187B9AA7E4</artist_id><artist_name>Alycia Stefano</artist_name><id>SOQEINQ1419BA0CBB4</id><audio_summary><key>8</key><analysis_url>http://echonest-analysis.s3.amazonaws.com/TR/wtoItA9tsNyKrgsjH0r91sHEU9hu8YaZPWnwqFl35zxM7HkUkw5TfMyKl4K5iLNm62H0FcuXrhV49_5AU%3D/3/full.json?AWSAccessKeyId=AKIAJRDFEY23UEVW42BQ&amp;Expires=1415343385&amp;Signature=8DU4nQN4NNODw/2rDDT4VWrUTHg%3D</analysis_url><energy>0.891101</energy><liveness>0.054472</liveness><tempo>131.993</tempo><speechiness>0.054969</speechiness><acousticness>0.005459</acousticness><instrumentalness>0.842905</instrumentalness><mode>1</mode><time_signature>4</time_signature><duration>271.44562</duration><loudness>-1.898</loudness><audio_md5 /><valence>0.48003</valence><danceability>0.774882</danceability></audio_summary><title>Para Ti (Superclass Dub)</title></song><song><artist_id>ARVTCZN12454A5266B</artist_id><artist_name>Véronique Alycia</artist_name><id>SOVXZOY1315CD4637B</id><audio_summary><key>0</key><analysis_url>http://echonest-analysis.s3.amazonaws.com/TR/fpWt5AJl2JKhgFYVPVJs1L2OSehGWX7G3_sDWglOoZ9ngKOqR9KNCbHpb23x8Cbb2CK5ZNiHW-0KUKmGM%3D/3/full.json?AWSAccessKeyId=AKIAJRDFEY23UEVW42BQ&amp;Expires=1415343385&amp;Signature=vwO6BSjdGkxXdhLR/LLJXH0d8TA%3D</analysis_url><energy>0.415821</energy><liveness>0.089338</liveness><tempo>188.001</tempo><speechiness>0.570422</speechiness><acousticness>0.168093</acousticness><instrumentalness>0.002005</instrumentalness><mode>1</mode><time_signature>4</time_signature><duration>141.77288</duration><loudness>-15.185</loudness><audio_md5 /><valence>0.961566</valence><danceability>0.81312</danceability></audio_summary><title>La Chanson Du Pourquoi</title></song><song><artist_id>ARVTCZN12454A5266B</artist_id><artist_name>Véronique Alycia</artist_name><id>SOCCBJY1315CD465BB</id><audio_summary><key>5</key><analysis_url>http://echonest-analysis.s3.amazonaws.com/TR/jBtk1gFYlUcsf_08hTy7GUpITB_LwRxdEIxTkXI8kKBXD9cR6SqPAAM9rpcWSBoENJ8NTJ8Ts8zbQPPSU%3D/3/full.json?AWSAccessKeyId=AKIAJRDFEY23UEVW42BQ&amp;Expires=1415343385&amp;Signature=iWAjwyWLozZPbFU3SJgQNTadKoA%3D</analysis_url><energy>0.499809</energy><liveness>0.31097</liveness><tempo>92.975</tempo><speechiness>0.107609</speechiness><acousticness>0.557259</acousticness><instrumentalness>0.0</instrumentalness><mode>1</mode><time_signature>4</time_signature><duration>152.50621</duration><loudness>-12.434</loudness><audio_md5 /><valence>0.886395</valence><danceability>0.86352</danceability></audio_summary><title>Chez Moi</title></song><song><artist_id>ARYBAFZ13B0169D3ED</artist_id><artist_name>Alycia, JL</artist_name><id>SOKWIPQ13B1F8564DE</id><audio_summary><key>2</key><analysis_url>http://echonest-analysis.s3.amazonaws.com/TR/wbUbmgbzjZ4LVOZxxERjL6ArihkvaY5xxtKM7h/3/full.json?AWSAccessKeyId=AKIAJRDFEY23UEVW42BQ&amp;Expires=1415343385&amp;Signature=BTJubaYsck7tvzv90sN7ja7sIXM%3D</analysis_url><energy>0.496275</energy><liveness>0.42316</liveness><tempo>97.107</tempo><speechiness>0.116381</speechiness><acousticness>0.571797</acousticness><instrumentalness>6e-06</instrumentalness><mode>0</mode><time_signature>4</time_signature><duration>178.40435</duration><loudness>-9.319</loudness><audio_md5 /><valence>0.639306</valence><danceability>0.623418</danceability></audio_summary><title>Hard to Love Somebody</title></song><song><artist_id>ARVTCZN12454A5266B</artist_id><artist_name>Véronique Alycia</artist_name><id>SOPQGFE1315CD467B7</id><audio_summary><key>3</key><analysis_url>http://echonest-analysis.s3.amazonaws.com/TR/konBXgk4MqI2wpD6DBAtVkOY_qG8P2UFyq8J0AL4sqCspRBJZxX9Ni52nHArIjoLDKhPJAIFkAT8gJ0yw%3D/3/full.json?AWSAccessKeyId=AKIAJRDFEY23UEVW42BQ&amp;Expires=1415343385&amp;Signature=uDXCcNgysTD4OSxmHzwm73KHYq4%3D</analysis_url><energy>0.386062</energy><liveness>0.052526</liveness><tempo>82.973</tempo><speechiness>0.061179</speechiness><acousticness>0.650419</acousticness><instrumentalness>0.0</instrumentalness><mode>1</mode><time_signature>4</time_signature><duration>151.20789</duration><loudness>-14.629</loudness><audio_md5 /><valence>0.956655</valence><danceability>0.828955</danceability></audio_summary><title>La Chanson De La Zezette</title></song><song><artist_id>AREYFBF12FA3237CA5</artist_id><artist_name>Alycia LaShae</artist_name><id>SOYNMVM13F649BD1E4</id><audio_summary><key>11</key><analysis_url>http://echonest-analysis.s3.amazonaws.com/TR/og4XYwixEyiILw3BYqlWQD35qcGQ5NZzCTVh94/3/full.json?AWSAccessKeyId=AKIAJRDFEY23UEVW42BQ&amp;Expires=1415343385&amp;Signature=h7vwLIVaguUqwgKNmnrVjZdq/a8%3D</analysis_url><energy>0.706991</energy><liveness>0.076178</liveness><tempo>82.019</tempo><speechiness>0.059216</speechiness><acousticness>0.152746</acousticness><instrumentalness>0.0</instrumentalness><mode>1</mode><time_signature>4</time_signature><duration>215.15864</duration><loudness>-9.415</loudness><audio_md5 /><valence>0.732121</valence><danceability>0.579063</danceability></audio_summary><title>Count It All Joy</title></song><song><artist_id>ARBOPUI12CF58F94BF</artist_id><artist_name>Alycia Nichole</artist_name><id>SOSHOEC1393C9B11DF</id><audio_summary><key>7</key><analysis_url>http://echonest-analysis.s3.amazonaws.com/TR/OVM8BgBpCcOqavEkt6iuZ8UL08bij-LYysqHwuYDvTdq3FD1BuMRuhOSwqjIhWtR3HSwRHQWuT5f02EP0%3D/3/full.json?AWSAccessKeyId=AKIAJRDFEY23UEVW42BQ&amp;Expires=1415343385&amp;Signature=Hpdh878Z28qEq1Ug6UJLbxXwkMU%3D</analysis_url><energy>0.661206</energy><liveness>0.365381</liveness><tempo>75.009</tempo><speechiness>0.039073</speechiness><acousticness>0.139076</acousticness><instrumentalness>2e-06</instrumentalness><mode>1</mode><time_signature>4</time_signature><duration>184.62109</duration><loudness>-8.309</loudness><audio_md5 /><valence>0.391469</valence><danceability>0.531951</danceability></audio_summary><title>Touchin' You</title></song><song><artist_id>AROE5YL1187B9AA7E4</artist_id><artist_name>Alycia Stefano</artist_name><id>SORRDTC13DB871895A</id><audio_summary><key>8</key><analysis_url>http://echonest-analysis.s3.amazonaws.com/TR/XeQWVg-JkEzN9VvrlnTslJzj0WhKCArIFJVPu8liUxS_8IYr_ci8JMX8utTpfDTMtI_4xbJ_tYmwTxNnI%3D/3/full.json?AWSAccessKeyId=AKIAJRDFEY23UEVW42BQ&amp;Expires=1415343385&amp;Signature=qdocOJzRhNOab0J8nCzIYBzHFA8%3D</analysis_url><energy>0.938959</energy><liveness>0.487223</liveness><tempo>128.017</tempo><speechiness>0.036819</speechiness><acousticness>0.004245</acousticness><instrumentalness>0.791687</instrumentalness><mode>0</mode><time_signature>4</time_signature><duration>218.55955</duration><loudness>-5.721</loudness><audio_md5 /><valence>0.962129</valence><danceability>0.669321</danceability></audio_summary><title>Que Calor (Electroluv Radio)</title></song><song><artist_id>ARCYFIG144E2ADE9A7</artist_id><artist_name>Alycia Marie</artist_name><id>SOSBJDW144D6714114</id><audio_summary><key>10</key><analysis_url>http://echonest-analysis.s3.amazonaws.com/TR/rqvM6w5kNO84XtqhN7co1CGd-1yzja8F5_UprwoePen7gfI_wpPtQxQMO8pBQjLpZlvK7-pXCqY_kSRqU%3D/3/full.json?AWSAccessKeyId=AKIAJRDFEY23UEVW42BQ&amp;Expires=1415343385&amp;Signature=Et9ZpxCUejxUiuHQ4nOhnhc4uq8%3D</analysis_url><energy>0.212191</energy><liveness>0.131024</liveness><tempo>76.119</tempo><speechiness>0.036438</speechiness><acousticness>0.329931</acousticness><instrumentalness>0.0</instrumentalness><mode>0</mode><time_signature>4</time_signature><duration>301.57841</duration><loudness>-14.635</loudness><audio_md5 /><valence>0.357278</valence><danceability>0.356714</danceability></audio_summary><title>I See Fire</title></song><song><artist_id>AROE5YL1187B9AA7E4</artist_id><artist_name>Alycia Stefano</artist_name><id>SORXXZT14272F3A809</id><audio_summary><key>8</key><analysis_url>http://echonest-analysis.s3.amazonaws.com/TR/c4gMVQNiKf4Uzt2PFBkO_PhW8DryAkI9O6fVArTYuE7eOMhn3-suqM_7hcQfwaV7bWdGJKoZPZMQ493LU%3D/3/full.json?AWSAccessKeyId=AKIAJRDFEY23UEVW42BQ&amp;Expires=1415343385&amp;Signature=hBB5UAnedviRbzDejrFeJjY6S6E%3D</analysis_url><energy>0.939151</energy><liveness>0.49662</liveness><tempo>128.007</tempo><speechiness>0.037018</speechiness><acousticness>0.004071</acousticness><instrumentalness>0.801328</instrumentalness><mode>0</mode><time_signature>4</time_signature><duration>218.55955</duration><loudness>-5.738</loudness><audio_md5 /><valence>0.962791</valence><danceability>0.665219</danceability></audio_summary><title>Que Calor</title></song><song><artist_id>ARGDTSC11EB9C81425</artist_id><artist_name>Alycia Cooper</artist_name><id>SOSDRGB1313438B160</id><audio_summary><key>9</key><analysis_url>http://echonest-analysis.s3.amazonaws.com/TR/9HrjeAF3Nrl_CpAG8M_YQEils3eaB19D_qnT8z_X1QSylEWwFCdyMVncjHGNQjQEPuVGCVtwVksXrhybk%3D/3/full.json?AWSAccessKeyId=AKIAJRDFEY23UEVW42BQ&amp;Expires=1415343385&amp;Signature=ydjfrm5Dcy0SGtrrPpj8q891qYM%3D</analysis_url><energy>0.384189</energy><liveness>0.179216</liveness><tempo>119.969</tempo><speechiness>0.885087</speechiness><acousticness>0.800808</acousticness><instrumentalness>0.0</instrumentalness><mode>0</mode><time_signature>1</time_signature><duration>64.93116</duration><loudness>-14.45</loudness><audio_md5 /><valence>0.64219</valence><danceability>0.561165</danceability></audio_summary><title>Only Child</title></song><song><artist_id>AROGDYD11F4C841B77</artist_id><artist_name>Alycia Lang</artist_name><id>SORXNRP13134398B81</id><audio_summary><key>0</key><analysis_url>http://echonest-analysis.s3.amazonaws.com/TR/kpMRxQtKzq5K3lFespcmFOSGyag4YYUQet74AR6AD5E8kCzjvSCpfQUDzxQoA0bYz1ucSSpJPGs2v8vc0%3D/3/full.json?AWSAccessKeyId=AKIAJRDFEY23UEVW42BQ&amp;Expires=1415343385&amp;Signature=LWaoPs6p17kiBwS5hD8iDk2ay%2BE%3D</analysis_url><energy>0.408808</energy><liveness>0.1111</liveness><tempo>112.797</tempo><speechiness>0.026908</speechiness><acousticness>0.889989</acousticness><instrumentalness>0.000106</instrumentalness><mode>1</mode><time_signature>4</time_signature><duration>302.42621</duration><loudness>-8.224</loudness><audio_md5 /><valence>0.22279</valence><danceability>0.532734</danceability></audio_summary><title>When We Search For Beauty</title></song><song><artist_id>AROE5YL1187B9AA7E4</artist_id><artist_name>Alycia Stefano</artist_name><id>SOSLMCN1475A9F934E</id><audio_summary><key>1</key><analysis_url>http://echonest-analysis.s3.amazonaws.com/TR/B8KjJg3HK4tXPy7-Sp3SzJsIpE2AhvKPLdVRlM-qy1AY3v8vGHa4BJW0Aj5VgmvdQx1D_rrAhGAjVN43w%3D/3/full.json?AWSAccessKeyId=AKIAJRDFEY23UEVW42BQ&amp;Expires=1415343385&amp;Signature=BA6tl8/dgL49wjXeFGMGfVJrUoo%3D</analysis_url><energy>0.905007</energy><liveness>0.141064</liveness><tempo>129.965</tempo><speechiness>0.040846</speechiness><acousticness>0.202373</acousticness><instrumentalness>1e-06</instrumentalness><mode>1</mode><time_signature>4</time_signature><duration>206.45288</duration><loudness>-4.231</loudness><audio_md5 /><valence>0.799885</valence><danceability>0.638778</danceability></audio_summary><title>Quiero…</title></song><song><artist_id>ARLTZNB13DAF3E94F7</artist_id><artist_name>Alycia Chambers</artist_name><id>SOTTFRX14244B5C023</id><audio_summary><key>2</key><analysis_url>http://echonest-analysis.s3.amazonaws.com/TR/umgSBAvFTBqTCIUitBlLGVP85e9tR3jr32UyTY2J2j7CfrXtRGECOtiQk2FErTkCSuilSfu-etcAxiAmc%3D/3/full.json?AWSAccessKeyId=AKIAJRDFEY23UEVW42BQ&amp;Expires=1415343385&amp;Signature=gS3fKzpGzylZBkC8U/U%2BOWLOV/A%3D</analysis_url><energy>0.316872</energy><liveness>0.121738</liveness><tempo>92.192</tempo><speechiness>0.138382</speechiness><acousticness>0.612958</acousticness><instrumentalness>0.004449</instrumentalness><mode>0</mode><time_signature>4</time_signature><duration>143.99955</duration><loudness>-9.189</loudness><audio_md5 /><valence>0.55608</valence><danceability>0.86051</danceability></audio_summary><title>Power of Diversity</title></song><song><artist_id>ARCSMWG12BEF24F8BF</artist_id><artist_name>Alycia Levels</artist_name><id>SOTRGLQ1315CD41DD7</id><audio_summary><key>9</key><analysis_url>http://echonest-analysis.s3.amazonaws.com/TR/uD4JCwhB4KWPR6hOZO93WOoFTmWH5cqELtEQA3r0knHmHRbwCG_iQfD1UPYT5egqa6W5983U4mr4fqCns%3D/3/full.json?AWSAccessKeyId=AKIAJRDFEY23UEVW42BQ&amp;Expires=1415343385&amp;Signature=Kod5jZz/aD4JCw/7C40c71nIRuA%3D</analysis_url><energy>0.787842</energy><liveness>0.08004</liveness><tempo>91.924</tempo><speechiness>0.039062</speechiness><acousticness>0.116396</acousticness><instrumentalness>0.0</instrumentalness><mode>1</mode><time_signature>4</time_signature><duration>180.38621</duration><loudness>-4.992</loudness><audio_md5 /><valence>0.297559</valence><danceability>0.769489</danceability></audio_summary><title>Home</title></song><song><artist_id>ARULBWZ13E218095FE</artist_id><artist_name>Alycia Putnam</artist_name><id>SOTKVSR140D1B4F198</id><audio_summary><key>2</key><analysis_url>http://echonest-analysis.s3.amazonaws.com/TR/R3iiAAdw7kdMYTdRnaPns7RVnUsGepA0tQImEHybnM5AHwQJgo09m5VkjSV4AQEepBqaxYatIW-80F3Dk%3D/3/full.json?AWSAccessKeyId=AKIAJRDFEY23UEVW42BQ&amp;Expires=1415343385&amp;Signature=NDvilBk82MrSIae8P%2BDLZjh/PxQ%3D</analysis_url><energy>0.570044</energy><liveness>0.234949</liveness><tempo>121.375</tempo><speechiness>0.044554</speechiness><acousticness>0.594626</acousticness><instrumentalness>1.5e-05</instrumentalness><mode>1</mode><time_signature>4</time_signature><duration>340.39955</duration><loudness>-10.106</loudness><audio_md5 /><valence>0.638447</valence><danceability>0.434086</danceability></audio_summary><title>The One With the Strathspeys: The Sweetness of Mary / Captain Campbell / Miss Lyall Strathspey / Dinkie Dorrian’s / Julia Delaney’s / MacArthur Road (feat. Robert Putnam)</title></song><song><artist_id>AROPUFZ12B644B6DC2</artist_id><artist_name>Alycia Vince</artist_name><id>SOTNFPR13E8A79C748</id><audio_summary><key>8</key><analysis_url>http://echonest-analysis.s3.amazonaws.com/TR/-f_POQGMB2BeTj-waKvg9ybm_jLSemQ5IqRVH2Bqe7a2zE_bwS7lBTyGPWcJGSp65hYPDI2_bEr98MMGA%3D/3/full.json?AWSAccessKeyId=AKIAJRDFEY23UEVW42BQ&amp;Expires=1415343385&amp;Signature=HTurwUnRjJLYQ4C5qeES5J3eq8s%3D</analysis_url><energy>0.346858</energy><liveness>0.673022</liveness><tempo>96.458</tempo><speechiness>0.040874</speechiness><acousticness>0.718841</acousticness><instrumentalness>0.0031</instrumentalness><mode>1</mode><time_signature>4</time_signature><duration>322.76898</duration><loudness>-17.066</loudness><audio_md5 /><valence>0.49091</valence><danceability>0.553683</danceability></audio_summary><title>My Funny Valentine (Live) [feat. Logan Evan Thomas, Zach Lane, Bryan Blowers, Hayden Hawkins &amp; Thomas Barker]</title></song><song><artist_id>ARGDTSC11EB9C81425</artist_id><artist_name>Alycia Cooper</artist_name><id>SOTNOFD130516DEDE0</id><audio_summary><key>5</key><analysis_url>http://echonest-analysis.s3.amazonaws.com/TR/dARPVwHJj_7dPmnur3MmABAtAPfbVUt4XGEiFHstBDLqLk9ARRpLymLmz76G6UEWgE02i25y1qi5zlQv0%3D/3/full.json?AWSAccessKeyId=AKIAJRDFEY23UEVW42BQ&amp;Expires=1415343385&amp;Signature=kDQsQVCoMfv2HroMOIvsFOxYKxg%3D</analysis_url><energy>0.803825</energy><liveness>0.80999</liveness><tempo>83.141</tempo><speechiness>0.637806</speechiness><acousticness>0.882859</acousticness><instrumentalness>0.0</instrumentalness><mode>1</mode><time_signature>4</time_signature><duration>139.63955</duration><loudness>-11.223</loudness><audio_md5 /><valence>0.762634</valence><danceability>0.528163</danceability></audio_summary><title>Pressure From Mom to Find a Man</title></song><song><artist_id>ARCSMWG12BEF24F8BF</artist_id><artist_name>Alycia Levels</artist_name><id>SOSZFNU1315CD40BF1</id><audio_summary><key>1</key><analysis_url>http://echonest-analysis.s3.amazonaws.com/TR/nLZdWQAJBXKxz9hkUZ1VWj9duImZXqJyYtaqDa6TgiTbUxe0fT0FwOgh98h2d4RqEk-nc3XfB09xXDPW4%3D/3/full.json?AWSAccessKeyId=AKIAJRDFEY23UEVW42BQ&amp;Expires=1415343385&amp;Signature=H3c1YwRRjOJt6oyO9duIKLaL7UQ%3D</analysis_url><energy>0.600917</energy><liveness>0.108896</liveness><tempo>140.088</tempo><speechiness>0.045854</speechiness><acousticness>0.514704</acousticness><instrumentalness>0.0</instrumentalness><mode>1</mode><time_signature>4</time_signature><duration>212.46621</duration><loudness>-7.916</loudness><audio_md5 /><valence>0.696642</valence><danceability>0.713633</danceability></audio_summary><title>Go</title></song><song><artist_id>ARGDTSC11EB9C81425</artist_id><artist_name>Alycia Cooper</artist_name><id>SOTEYQE13EE6455295</id><audio_summary><key>6</key><analysis_url>http://echonest-analysis.s3.amazonaws.com/TR/gl-PcQAAbySYyq1IsjQqdem7HMI-S_6k73i7-J/3/full.json?AWSAccessKeyId=AKIAJRDFEY23UEVW42BQ&amp;Expires=1415343385&amp;Signature=cJ%2BFSiZ3adbLxQMn3f4ZkM8yHCk%3D</analysis_url><energy>0.513389</energy><liveness>0.92677</liveness><tempo>124.458</tempo><speechiness>0.907649</speechiness><acousticness>0.89461</acousticness><instrumentalness>0.0</instrumentalness><mode>1</mode><time_signature>4</time_signature><duration>137.94068</duration><loudness>-14.678</loudness><audio_md5 /><valence>0.562879</valence><danceability>0.619412</danceability></audio_summary><title>Life After 40</title></song><song><artist_id>ARGDTSC11EB9C81425</artist_id><artist_name>Alycia Cooper</artist_name><id>SOWAYDA130516DB69E</id><audio_summary><key>0</key><analysis_url>http://echonest-analysis.s3.amazonaws.com/TR/wXM7-wrWkUCZSDDkYpsh5UpvddxyF_v6GLbHC4zmeM0grnpRknqQZWpBm_vNGgQ_uWfSPtjBkZQoog6kw%3D/3/full.json?AWSAccessKeyId=AKIAJRDFEY23UEVW42BQ&amp;Expires=1415343385&amp;Signature=bbLOTsWKrHSzgB2RieBNstE7vUk%3D</analysis_url><energy>0.932042</energy><liveness>0.972716</liveness><tempo>113.988</tempo><speechiness>0.485396</speechiness><acousticness>0.853186</acousticness><instrumentalness>0.000129</instrumentalness><mode>1</mode><time_signature>3</time_signature><duration>74.63955</duration><loudness>-9.346</loudness><audio_md5 /><valence>0.624231</valence><danceability>0.483228</danceability></audio_summary><title>Welcome Reno</title></song><song><artist_id>ARBOPUI12CF58F94BF</artist_id><artist_name>Alycia Nichole</artist_name><id>SOWETYV1393C9B22CA</id><audio_summary><key>10</key><analysis_url>http://echonest-analysis.s3.amazonaws.com/TR/-ziPVQjrOoVrszOAED11AT8_iX-V09YU3LQ7KET24ccnI-Ftadqcm2CtYEFD12e9_ikuRdpwv5f7fAbYI%3D/3/full.json?AWSAccessKeyId=AKIAJRDFEY23UEVW42BQ&amp;Expires=1415343385&amp;Signature=W/4v2NKOlMHxFWzyXm/Jb%2B25twg%3D</analysis_url><energy>0.479367</energy><liveness>0.115132</liveness><tempo>74.44</tempo><speechiness>0.115264</speechiness><acousticness>0.223328</acousticness><instrumentalness>0.0</instrumentalness><mode>1</mode><time_signature>4</time_signature><duration>181.76825</duration><loudness>-10.189</loudness><audio_md5 /><valence>0.42412</valence><danceability>0.541978</danceability></audio_summary><title>Do You Believe</title></song><song><artist_id>ARGDTSC11EB9C81425</artist_id><artist_name>Alycia Cooper</artist_name><id>SOWAEKA130516DB757</id><audio_summary><key>5</key><analysis_url>http://echonest-analysis.s3.amazonaws.com/TR/1iQ9iAllgdGcS7UVKsdLw5a37O8w-B-OSRgxH5uJO3XqCYAwCJ7wL4doKFivO8E0pm8nj4QjsfrxwfLnE%3D/3/full.json?AWSAccessKeyId=AKIAJRDFEY23UEVW42BQ&amp;Expires=1415343385&amp;Signature=4BlIHip/0WusN3NUMxzdZE0C0Mw%3D</analysis_url><energy>0.780909</energy><liveness>0.782237</liveness><tempo>89.371</tempo><speechiness>0.739797</speechiness><acousticness>0.910897</acousticness><instrumentalness>1e-06</instrumentalness><mode>0</mode><time_signature>3</time_signature><duration>108.63955</duration><loudness>-11.838</loudness><audio_md5 /><valence>0.655896</valence><danceability>0.632434</danceability></audio_summary><title>Cubicles</title></song><song><artist_id>ARGDTSC11EB9C81425</artist_id><artist_name>Alycia Cooper</artist_name><id>SOTWDBZ131343972D7</id><audio_summary><key>3</key><analysis_url>http://echonest-analysis.s3.amazonaws.com/TR/LqQPjAH_i3KsoI22NQG1TToPsufyPUuNOsamdN0GGBNEZ1Ee05Lklkx8eZijlNOi8fA_MIebx6LwYn4nc%3D/3/full.json?AWSAccessKeyId=AKIAJRDFEY23UEVW42BQ&amp;Expires=1415343385&amp;Signature=wi72/UFYO%2B5ZdWcc4sXWvHREqiU%3D</analysis_url><energy>0.509238</energy><liveness>0.489376</liveness><tempo>133.492</tempo><speechiness>0.936933</speechiness><acousticness>0.766081</acousticness><instrumentalness>0.0</instrumentalness><mode>0</mode><time_signature>3</time_signature><duration>210.04281</duration><loudness>-15.697</loudness><audio_md5 /><valence>0.416738</valence><danceability>0.571214</danceability></audio_summary><title>I'm Single</title></song><song><artist_id>ARGDTSC11EB9C81425</artist_id><artist_name>Alycia Cooper</artist_name><id>SOUFREZ13EE5F5E46F</id><audio_summary><key>6</key><analysis_url>http://echonest-analysis.s3.amazonaws.com/TR/yZMTpwfjUmwweQTJ4bo8_479P1C2sRz-rzQnbe/3/full.json?AWSAccessKeyId=AKIAJRDFEY23UEVW42BQ&amp;Expires=1415343385&amp;Signature=g%2BkpAFeznjUcfXoYOlIB0K0KY7U%3D</analysis_url><energy>0.529854</energy><liveness>0.787801</liveness><tempo>95.533</tempo><speechiness>0.890177</speechiness><acousticness>0.90419</acousticness><instrumentalness>1.7e-05</instrumentalness><mode>0</mode><time_signature>4</time_signature><duration>50.19537</duration><loudness>-15.606</loudness><audio_md5 /><valence>0.805782</valence><danceability>0.612305</danceability></audio_summary><title>Oprah</title></song><song><artist_id>AROE5YL1187B9AA7E4</artist_id><artist_name>Alycia Stefano</artist_name><id>SOVTKHH1374110CA10</id><audio_summary><key>9</key><analysis_url>http://echonest-analysis.s3.amazonaws.com/TR/6muw8QW8XnaNMcPBLr3YOJVtZB40qEFlJs0bQSZ80TgvU9eHLtmRrKe5x5sU3dassC0wcMtIYrnm4JZyQ%3D/3/full.json?AWSAccessKeyId=AKIAJRDFEY23UEVW42BQ&amp;Expires=1415343385&amp;Signature=P4WmOgcClA1rzOX9QbPXCI6uyQc%3D</analysis_url><energy>0.290277</energy><liveness>0.1063</liveness><tempo>120.006</tempo><speechiness>0.145325</speechiness><acousticness>0.000433</acousticness><instrumentalness>8.4e-05</instrumentalness><mode>0</mode><time_signature>4</time_signature><duration>283.87955</duration><loudness>-10.474</loudness><audio_md5 /><valence>0.306602</valence><danceability>0.957693</danceability></audio_summary><title>Obsesion (El Bikini Reggaeton Mix)</title></song><song><artist_id>ARCSMWG12BEF24F8BF</artist_id><artist_name>Alycia Levels</artist_name><id>SOSRYUC1315CD404F2</id><audio_summary><key>8</key><analysis_url>http://echonest-analysis.s3.amazonaws.com/TR/tOJPfgoXX0A8KMD3UspOJEuAb8NHqbdEFW5OTGWAmy0cmaDwQQh1JeoTcD_4fxwqAV9BaidmliLYNJGpY%3D/3/full.json?AWSAccessKeyId=AKIAJRDFEY23UEVW42BQ&amp;Expires=1415343385&amp;Signature=ROi7ENIrWKA0JBtM6q5J9YqmZuQ%3D</analysis_url><energy>0.750051</energy><liveness>0.532031</liveness><tempo>118.046</tempo><speechiness>0.048972</speechiness><acousticness>0.021965</acousticness><instrumentalness>0.0</instrumentalness><mode>1</mode><time_signature>4</time_signature><duration>221.70621</duration><loudness>-6.339</loudness><audio_md5 /><valence>0.401654</valence><danceability>0.638611</danceability></audio_summary><title>Bonus Track - PUSH</title></song><song><artist_id>AROE5YL1187B9AA7E4</artist_id><artist_name>Alycia Stefano</artist_name><id>SORRRYA1475AC6A98C</id><audio_summary><key>10</key><analysis_url>http://echonest-analysis.s3.amazonaws.com/TR/cfAuFgnbbv-dwEDo0i5he8uSVzh3JVDbvT2fMAUO8oaBlj4rGvSKb7Lr7tgzo6zd4yEeFgQDhAIrAh8Wo%3D/3/full.json?AWSAccessKeyId=AKIAJRDFEY23UEVW42BQ&amp;Expires=1415343385&amp;Signature=pYzX41376RyZfcVZvYIm1XbwO6g%3D</analysis_url><energy>0.889522</energy><liveness>0.416684</liveness><tempo>130.008</tempo><speechiness>0.047458</speechiness><acousticness>0.122887</acousticness><instrumentalness>0.0</instrumentalness><mode>0</mode><time_signature>4</time_signature><duration>193.42621</duration><loudness>-3.213</loudness><audio_md5 /><valence>0.633614</valence><danceability>0.684191</danceability></audio_summary><title>Quiero… - Latino Edit</title></song><song><artist_id>ARLTZNB13DAF3E94F7</artist_id><artist_name>Alycia Chambers</artist_name><id>SOQRFRN14244796698</id><audio_summary><key>11</key><analysis_url>http://echonest-analysis.s3.amazonaws.com/TR/1hOwXw37sZvXyN9ZLuh9arvBV6_8euzTchxUcXCjK-HtO0gGW_0ozj9X3WInaE7fwLXpwEC3LbwfN30bg%3D/3/full.json?AWSAccessKeyId=AKIAJRDFEY23UEVW42BQ&amp;Expires=1415343385&amp;Signature=hQoFCyJjtQyLqA3hhs8SON541O4%3D</analysis_url><energy>0.55822</energy><liveness>0.136232</liveness><tempo>174.226</tempo><speechiness>0.234187</speechiness><acousticness>0.642849</acousticness><instrumentalness>2.2e-05</instrumentalness><mode>0</mode><time_signature>4</time_signature><duration>278.99955</duration><loudness>-8.778</loudness><audio_md5 /><valence>0.69947</valence><danceability>0.606133</danceability></audio_summary><title>Feel It in the Heart</title></song><song><artist_id>ARGDTSC11EB9C81425</artist_id><artist_name>Alycia Cooper</artist_name><id>SOQYESY13EE62E6EEB</id><audio_summary><key>7</key><analysis_url>http://echonest-analysis.s3.amazonaws.com/TR/roqkcAdv9T8mCR7eF3Fulj0c-3kmAOspaT4GxA/3/full.json?AWSAccessKeyId=AKIAJRDFEY23UEVW42BQ&amp;Expires=1415343385&amp;Signature=9kcXEE5f2IWELCaoSzD3IgANicA%3D</analysis_url><energy>0.405565</energy><liveness>0.461983</liveness><tempo>118.024</tempo><speechiness>0.923998</speechiness><acousticness>0.901418</acousticness><instrumentalness>0.0</instrumentalness><mode>1</mode><time_signature>3</time_signature><duration>231.35456</duration><loudness>-13.674</loudness><audio_md5 /><valence>0.550947</valence><danceability>0.677262</danceability></audio_summary><title>Women Fighting Men</title></song><song><artist_id>ARGDTSC11EB9C81425</artist_id><artist_name>Alycia Cooper</artist_name><id>SOQVZCC13EE5F5E8F4</id><audio_summary><key>5</key><analysis_url>http://echonest-analysis.s3.amazonaws.com/TR/CJwcHQXWv3EwvpGOStkSZ6BTG7mIrPvqMdNZJM/3/full.json?AWSAccessKeyId=AKIAJRDFEY23UEVW42BQ&amp;Expires=1415343385&amp;Signature=FvEFr98QnAEqDRE0x2oprwdDtmM%3D</analysis_url><energy>0.399585</energy><liveness>0.874994</liveness><tempo>102.94</tempo><speechiness>0.878262</speechiness><acousticness>0.904812</acousticness><instrumentalness>0.0</instrumentalness><mode>1</mode><time_signature>3</time_signature><duration>291.3317</duration><loudness>-12.858</loudness><audio_md5 /><valence>0.411601</valence><danceability>0.599672</danceability></audio_summary><title>Beyonce'</title></song><song><artist_id>ARVTCZN12454A5266B</artist_id><artist_name>Véronique Alycia</artist_name><id>SORDUOS1315CD45519</id><audio_summary><key>7</key><analysis_url>http://echonest-analysis.s3.amazonaws.com/TR/XXIdjwWH4qpjAkAwRIF6oi2p9EyzPOjCXIa0zD14v-7SXvwyZNJxsVpYhU1Jgl3kzkhh7Dacn7uV_fR6o%3D/3/full.json?AWSAccessKeyId=AKIAJRDFEY23UEVW42BQ&amp;Expires=1415343385&amp;Signature=SR5rVxQCDGjG2r0f/OdK/gUvkoE%3D</analysis_url><energy>0.326819</energy><liveness>0.565273</liveness><tempo>87.987</tempo><speechiness>0.946343</speechiness><acousticness>0.684499</acousticness><instrumentalness>0.0</instrumentalness><mode>1</mode><time_signature>4</time_signature><duration>26.14522</duration><loudness>-10.733</loudness><audio_md5 /><valence>0.613961</valence><danceability>0.679612</danceability></audio_summary><title>Les Haricots Verts</title></song><song><artist_id>AROE5YL1187B9AA7E4</artist_id><artist_name>Alycia Stefano</artist_name><id>SORNUQH1424A8F40F7</id><audio_summary><key>8</key><analysis_url>http://echonest-analysis.s3.amazonaws.com/TR/BJbIgwVGGSzu0z_BDI64Kzg_Ii0A19t4kmFXnVNKULGtyMTW8xnwoNgkv9v0J6_n5fPoET5DJ1vkOMMlM%3D/3/full.json?AWSAccessKeyId=AKIAJRDFEY23UEVW42BQ&amp;Expires=1415343385&amp;Signature=IGK9B/awnDupubTpM0fYaWqJp6Y%3D</analysis_url><energy>0.75008</energy><liveness>0.37619</liveness><tempo>125.007</tempo><speechiness>0.052653</speechiness><acousticness>0.000235</acousticness><instrumentalness>0.054016</instrumentalness><mode>1</mode><time_signature>4</time_signature><duration>168.07955</duration><loudness>-8.791</loudness><audio_md5 /><valence>0.714692</valence><danceability>0.669547</danceability></audio_summary><title>Sin Ti</title></song><song><artist_id>ARGDTSC11EB9C81425</artist_id><artist_name>Alycia Cooper</artist_name><id>SOQNXCJ13EE5DE98B2</id><audio_summary><key>10</key><analysis_url>http://echonest-analysis.s3.amazonaws.com/TR/u1cOCg1vAJsZpu2DSQaN_1hMgeMhSDCgJW-9_O/3/full.json?AWSAccessKeyId=AKIAJRDFEY23UEVW42BQ&amp;Expires=1415343385&amp;Signature=0VStB61OkTrVNYykEydQv9TgSKw%3D</analysis_url><energy>0.404622</energy><liveness>0.513024</liveness><tempo>169.421</tempo><speechiness>0.947277</speechiness><acousticness>0.92369</acousticness><instrumentalness>0.0</instrumentalness><mode>1</mode><time_signature>5</time_signature><duration>95.54395</duration><loudness>-16.53</loudness><audio_md5 /><valence>0.547217</valence><danceability>0.528316</danceability></audio_summary><title>Kids Today</title></song><song><artist_id>AROGDYD11F4C841B77</artist_id><artist_name>Alycia Lang</artist_name><id>SOQSMNS12B55274045</id><audio_summary><key>7</key><analysis_url>http://echonest-analysis.s3.amazonaws.com/TR/6sPFdQI2LuSgfMA3nWit59o8mC04bO2t-bd5whBgakmJ9vd2VDzlkU9AhP4JTqMtxwI2q8k0GAYvyN0PY%3D/3/full.json?AWSAccessKeyId=AKIAJRDFEY23UEVW42BQ&amp;Expires=1415343385&amp;Signature=i%2Bd9QOD2K8PPh%2BeWRLEyhRanlPI%3D</analysis_url><energy>0.260952</energy><liveness>0.09285</liveness><tempo>113.729</tempo><speechiness>0.084665</speechiness><acousticness>0.57506</acousticness><instrumentalness>0.0</instrumentalness><mode>1</mode><time_signature>4</time_signature><duration>204.09288</duration><loudness>-13.089</loudness><audio_md5 /><valence>0.244309</valence><danceability>0.610684</danceability></audio_summary><title>Jealousy's Song</title></song><song><artist_id>ARMKLUN122988F2C0E</artist_id><artist_name>Alycia Ercums</artist_name><id>SOQSKGB130516DDFC7</id><audio_summary><key>0</key><analysis_url>http://echonest-analysis.s3.amazonaws.com/TR/4Rd5vwIjMnpd3NhFiaJwkHYl9NNhgupCSiUgUn/3/full.json?AWSAccessKeyId=AKIAJRDFEY23UEVW42BQ&amp;Expires=1415343385&amp;Signature=0xpWtY5MScbahFxahxPa/1P/70I%3D</analysis_url><energy>0.103176</energy><liveness>0.091028</liveness><tempo>77.536</tempo><speechiness>0.033748</speechiness><acousticness>0.989795</acousticness><instrumentalness>0.036741</instrumentalness><mode>1</mode><time_signature>4</time_signature><duration>195.38395</duration><loudness>-16.051</loudness><audio_md5 /><valence>0.238037</valence><danceability>0.558967</danceability></audio_summary><title>Your Eyes</title></song><song><artist_id>ARERLJC13F2EC8D5B2</artist_id><artist_name>Alycia Miles</artist_name><id>SOQTPXV1455E07EE29</id><audio_summary><key>9</key><analysis_url>http://echonest-analysis.s3.amazonaws.com/TR/qAHq5Qnp7SQKdKJDPUwQtFOMFYPyJSJq_gPVuG/3/full.json?AWSAccessKeyId=AKIAJRDFEY23UEVW42BQ&amp;Expires=1415343385&amp;Signature=H4LDjfhJOuZmtxykBqsCyGi0KBM%3D</analysis_url><energy>0.523326</energy><liveness>0.202372</liveness><tempo>141.453</tempo><speechiness>0.102538</speechiness><acousticness>0.941362</acousticness><instrumentalness>0.79727</instrumentalness><mode>0</mode><time_signature>3</time_signature><duration>255.37306</duration><loudness>-8.876</loudness><audio_md5 /><valence>0.200937</valence><danceability>0.368415</danceability></audio_summary><title>Closed for Renovations</title></song><song><artist_id>ARGDTSC11EB9C81425</artist_id><artist_name>Alycia Cooper</artist_name><id>SOPLHYN131343A668A</id><audio_summary><key>11</key><analysis_url>http://echonest-analysis.s3.amazonaws.com/TR/_zIDHgj8VE83-VJtikRHWmGREQ9MEntntw57pm2BfnvF9W2yVc347VcphGtI4RDGy_MqG8UNsw60Jeegk%3D/3/full.json?AWSAccessKeyId=AKIAJRDFEY23UEVW42BQ&amp;Expires=1415343385&amp;Signature=wT7xebkRXEa4Flpv%2B/u2k4kIEDo%3D</analysis_url><energy>0.355043</energy><liveness>0.307555</liveness><tempo>137.049</tempo><speechiness>0.895352</speechiness><acousticness>0.748113</acousticness><instrumentalness>0.0</instrumentalness><mode>1</mode><time_signature>3</time_signature><duration>54.15374</duration><loudness>-17.678</loudness><audio_md5 /><valence>0.364164</valence><danceability>0.537379</danceability></audio_summary><title>Black Card Revoked</title></song><song><artist_id>ARLTZNB13DAF3E94F7</artist_id><artist_name>Alycia Chambers</artist_name><id>SOKSEFW1424470CE59</id><audio_summary><key>2</key><analysis_url>http://echonest-analysis.s3.amazonaws.com/TR/YePGFgzq1BYmuykTEuSeKo3Npn3RNzlJ046bWkGnaHfScUDJf3eCxDM6P3G0X0qcpgrmK5pLv2AEMUqp8%3D/3/full.json?AWSAccessKeyId=AKIAJRDFEY23UEVW42BQ&amp;Expires=1415343385&amp;Signature=ojxzdKeqsKXzSHPPXow4DCl1M9I%3D</analysis_url><energy>0.52523</energy><liveness>0.051245</liveness><tempo>127.156</tempo><speechiness>0.063926</speechiness><acousticness>0.634375</acousticness><instrumentalness>0.0</instrumentalness><mode>0</mode><time_signature>4</time_signature><duration>225.49955</duration><loudness>-7.686</loudness><audio_md5 /><valence>0.667325</valence><danceability>0.706637</danceability></audio_summary><title>Burning Ember</title></song><song><artist_id>ARGDTSC11EB9C81425</artist_id><artist_name>Alycia Cooper</artist_name><id>SOVARYT13EE5F5325D</id><audio_summary><key>7</key><analysis_url>http://echonest-analysis.s3.amazonaws.com/TR/EVUJyA7OBvfix3Jb66B1O7pkLRmHazqLPRnhmV/3/full.json?AWSAccessKeyId=AKIAJRDFEY23UEVW42BQ&amp;Expires=1415343385&amp;Signature=Nw2fsv4Nz2GaiooklgLaylqwhLQ%3D</analysis_url><energy>0.530602</energy><liveness>0.733863</liveness><tempo>88.395</tempo><speechiness>0.826079</speechiness><acousticness>0.893394</acousticness><instrumentalness>2e-06</instrumentalness><mode>0</mode><time_signature>4</time_signature><duration>76.65741</duration><loudness>-12.415</loudness><audio_md5 /><valence>0.643515</valence><danceability>0.603562</danceability></audio_summary><title>Cee-Lo Green</title></song><song><artist_id>AROGDYD11F4C841B77</artist_id><artist_name>Alycia Lang</artist_name><id>SONVKXR1366714BDCF</id><audio_summary><key>0</key><analysis_url>http://echonest-analysis.s3.amazonaws.com/TR/KAiKPQoPv7lCFbXx8AhR-n2NQbk8KH5wpxEr4g0FR6FSI5q5XPp40XxqBe9IkNP7m-NERLskHKu4wrbpY%3D/3/full.json?AWSAccessKeyId=AKIAJRDFEY23UEVW42BQ&amp;Expires=1415343385&amp;Signature=l9%2BCsdBTv%2BZUKepcJaH0IIQqgMM%3D</analysis_url><energy>0.419172</energy><liveness>0.083687</liveness><tempo>79.993</tempo><speechiness>0.042663</speechiness><acousticness>0.290078</acousticness><instrumentalness>0.0</instrumentalness><mode>1</mode><time_signature>4</time_signature><duration>217.69288</duration><loudness>-9.815</loudness><audio_md5 /><valence>0.457818</valence><danceability>0.731168</danceability></audio_summary><title>Magazine Pages</title></song><song><artist_id>ARLTZNB13DAF3E94F7</artist_id><artist_name>Alycia Chambers</artist_name><id>SOMTAGR1424450BA1D</id><audio_summary><key>11</key><analysis_url>http://echonest-analysis.s3.amazonaws.com/TR/ZL9gDAdTMe4Ih0QkSW8jKrRnE0ZGDUQCxHo8w3y_TtThjbIuif9MNvOOWr93v3xFaww4MzW8Z7BBwA3Mw%3D/3/full.json?AWSAccessKeyId=AKIAJRDFEY23UEVW42BQ&amp;Expires=1415343385&amp;Signature=nULLgm5pdaV26Afw%2ByuapHIbdrA%3D</analysis_url><energy>0.397958</energy><liveness>0.170077</liveness><tempo>131.759</tempo><speechiness>0.030409</speechiness><acousticness>0.701333</acousticness><instrumentalness>8e-05</instrumentalness><mode>0</mode><time_signature>3</time_signature><duration>226.99955</duration><loudness>-5.865</loudness><audio_md5 /><valence>0.560498</valence><danceability>0.658679</danceability></audio_summary><title>Life On the Farm</title></song><song><artist_id>AROE5YL1187B9AA7E4</artist_id><artist_name>Alycia Stefano</artist_name><id>SOMYVUN136EAB0A97B</id><audio_summary><key>5</key><analysis_url>http://echonest-analysis.s3.amazonaws.com/TR/MEnhuAxYz1FdWsGCFM4RybIr6SN4t6ZSWZWY6UJPAQoZ20LZMsbq8medqUggR7Wkzv2vDcQ8gIZvQlkKk%3D/3/full.json?AWSAccessKeyId=AKIAJRDFEY23UEVW42BQ&amp;Expires=1415343385&amp;Signature=v9OD2ueE0qJqEn4u2zNxijHuK98%3D</analysis_url><energy>0.844104</energy><liveness>0.062605</liveness><tempo>129.995</tempo><speechiness>0.084445</speechiness><acousticness>0.006901</acousticness><instrumentalness>0.010225</instrumentalness><mode>0</mode><time_signature>4</time_signature><duration>269.53288</duration><loudness>-5.587</loudness><audio_md5 /><valence>0.614346</valence><danceability>0.74013</danceability></audio_summary><title>Obsesion (Dance Mix)</title></song><song><artist_id>ARBOPUI12CF58F94BF</artist_id><artist_name>Alycia Nichole</artist_name><id>SOMVIUK1393C9B3987</id><audio_summary><key>0</key><analysis_url>http://echonest-analysis.s3.amazonaws.com/TR/oUM9EgweZBeBwoQcVFaCavcEMsF06D5VfU-5sGfUffMyW9c2I5yEZ-9hqNHa5xZzWnTjgEjNl9nthdLpk%3D/3/full.json?AWSAccessKeyId=AKIAJRDFEY23UEVW42BQ&amp;Expires=1415343385&amp;Signature=T88Cd%2BlEn9IosAlbDG0gKu2uy%2Bk%3D</analysis_url><energy>0.703796</energy><liveness>0.15471</liveness><tempo>122.061</tempo><speechiness>0.070607</speechiness><acousticness>0.129454</acousticness><instrumentalness>0.0</instrumentalness><mode>0</mode><time_signature>4</time_signature><duration>167.74172</duration><loudness>-6.927</loudness><audio_md5 /><valence>0.771122</valence><danceability>0.754772</danceability></audio_summary><title>Dreamcatcha</title></song><song><artist_id>ARLTZNB13DAF3E94F7</artist_id><artist_name>Alycia Chambers</artist_name><id>SOMPNBF14243F66202</id><audio_summary><key>9</key><analysis_url>http://echonest-analysis.s3.amazonaws.com/TR/Ncn3yAtQnCvYiML8AgpONuEGzaVPJuHzKvxuNWQFILSnnZL1GyqbVnzSGeXxmeJuMnct2IUGYqBDP53BM%3D/3/full.json?AWSAccessKeyId=AKIAJRDFEY23UEVW42BQ&amp;Expires=1415343385&amp;Signature=BLpNTQlkAYzMd9omTqBccKzys7A%3D</analysis_url><energy>0.395232</energy><liveness>0.107201</liveness><tempo>125.019</tempo><speechiness>0.028694</speechiness><acousticness>0.624894</acousticness><instrumentalness>0.013118</instrumentalness><mode>0</mode><time_signature>3</time_signature><duration>248.99955</duration><loudness>-7.668</loudness><audio_md5 /><valence>0.341839</valence><danceability>0.6566</danceability></audio_summary><title>Black Bird</title></song><song><artist_id>ARGDTSC11EB9C81425</artist_id><artist_name>Alycia Cooper</artist_name><id>SOMNBGO13EE605333A</id><audio_summary><key>3</key><analysis_url>http://echonest-analysis.s3.amazonaws.com/TR/0ld7WAWV0-CPtD2qoeBzmI8IxOg43sxPVoPhsN/3/full.json?AWSAccessKeyId=AKIAJRDFEY23UEVW42BQ&amp;Expires=1415343385&amp;Signature=X06iPbRowv5uB1497Kk53Wsq%2BH4%3D</analysis_url><energy>0.475503</energy><liveness>0.682375</liveness><tempo>170.483</tempo><speechiness>0.92514</speechiness><acousticness>0.915903</acousticness><instrumentalness>0.0</instrumentalness><mode>0</mode><time_signature>4</time_signature><duration>80.31456</duration><loudness>-14.838</loudness><audio_md5 /><valence>0.668961</valence><danceability>0.533979</danceability></audio_summary><title>Reality Television</title></song><song><artist_id>ARGDTSC11EB9C81425</artist_id><artist_name>Alycia Cooper</artist_name><id>SOMKOYX130516DE147</id><audio_summary><key>6</key><analysis_url>http://echonest-analysis.s3.amazonaws.com/TR/EApA4gPIjUDwjp97N-TPU8I292YzZiJHmNFwDHGCY4TgAFN6yKoBXNgVYxh2YkdxkWxAGa3nuY_Cc6uAM%3D/3/full.json?AWSAccessKeyId=AKIAJRDFEY23UEVW42BQ&amp;Expires=1415343385&amp;Signature=KRjnCNeZ5emviYznydMspu4mekg%3D</analysis_url><energy>0.648317</energy><liveness>0.628413</liveness><tempo>179.223</tempo><speechiness>0.380189</speechiness><acousticness>0.962107</acousticness><instrumentalness>0.0</instrumentalness><mode>1</mode><time_signature>3</time_signature><duration>27.63955</duration><loudness>-6.889</loudness><audio_md5 /><valence>0.60729</valence><danceability>0.388265</danceability></audio_summary><title>Sexuality in Question</title></song><song><artist_id>AROGDYD11F4C841B77</artist_id><artist_name>Alycia Lang</artist_name><id>SOOLSUF1312FDFC33F</id><audio_summary><key>3</key><analysis_url>http://echonest-analysis.s3.amazonaws.com/TR/az_76w8R7a_PS5L5yGbx194qp_V5PrKX8nlaBOTVjBeGEVBGg6qyS-vDjbrw7zw-bNhPPNiXLVj0riliU%3D/3/full.json?AWSAccessKeyId=AKIAJRDFEY23UEVW42BQ&amp;Expires=1415343385&amp;Signature=Gb22olMQUbsif5pIso/RlwLWCiA%3D</analysis_url><energy>0.073623</energy><liveness>0.101437</liveness><tempo>112.873</tempo><speechiness>0.041095</speechiness><acousticness>0.970223</acousticness><instrumentalness>0.0</instrumentalness><mode>0</mode><time_signature>4</time_signature><duration>202.89288</duration><loudness>-11.219</loudness><audio_md5 /><valence>0.196609</valence><danceability>0.459361</danceability></audio_summary><title>There's A Book</title></song><song><artist_id>AREYFBF12FA3237CA5</artist_id><artist_name>Alycia LaShae</artist_name><id>SOOGYZK13167711ED0</id><audio_summary><key>0</key><analysis_url>http://echonest-analysis.s3.amazonaws.com/TR/08Q5ogf2_ggxZxvaP6Gbr_lDmlYgi1OjTTGxp8GE9HgPHRoePZhVDMgBpMK6AdY1x6hBi6UJiaVDaXCnc%3D/3/full.json?AWSAccessKeyId=AKIAJRDFEY23UEVW42BQ&amp;Expires=1415343385&amp;Signature=5bgmFvDeEfgWvQeWjGQTPMho7RE%3D</analysis_url><energy>0.651883</energy><liveness>0.13271</liveness><tempo>115.097</tempo><speechiness>0.04109</speechiness><acousticness>0.221682</acousticness><instrumentalness>0.0</instrumentalness><mode>1</mode><time_signature>4</time_signature><duration>218.62621</duration><loudness>-6.274</loudness><audio_md5 /><valence>0.576317</valence><danceability>0.788647</danceability></audio_summary><title>Praise Beat Street</title></song></songs></response>