<response><status><version>4.2</version><code>0</code><message>Success</message></status><songs><song><artist_id>ARMCDWF1269FB2EE5B</artist_id><artist_name>Amber Melody</artist_name><id>SOTIMSA1393CB2B719</id><audio_summary><key>8</key><analysis_url>http://echonest-analysis.s3.amazonaws.com/TR/7fURUAsMMaDIHUMSpo2MMw-_2bdUqDAawLPW-9B1omootXouWj8-1W1X58EaY9Zp0WjuRP8abz705aDlI%3D/3/full.json?AWSAccessKeyId=AKIAJRDFEY23UEVW42BQ&amp;Expires=1415343443&amp;Signature=k0jQuweMeBLiRXuz8/5bqeR5T2g%3D</analysis_url><energy>0.623747</energy><liveness>0.107886</liveness><tempo>127.046</tempo><speechiness>0.089644</speechiness><acousticness>0.01349</acousticness><instrumentalness>0.00067</instrumentalness><mode>1</mode><time_signature>4</time_signature><duration>268.98304</duration><loudness>-6.787</loudness><audio_md5 /><valence>0.707092</valence><danceability>0.858832</danceability></audio_summary><title>The Bass Radio Single Extended</title></song><song><artist_id>ARMCDWF1269FB2EE5B</artist_id><artist_name>Amber Melody</artist_name><id>SOKRVLL1393CB22543</id><audio_summary><key>8</key><analysis_url>http://echonest-analysis.s3.amazonaws.com/TR/6YQCwgcl7l7VG3RVGE3FhMZ4tsHDKFZkWxIbt0MehGTf_IO3k3Fl_NhN6S2g7TdBSdMdYA_ajH87vSWvE%3D/3/full.json?AWSAccessKeyId=AKIAJRDFEY23UEVW42BQ&amp;Expires=1415343443&amp;Signature=ZpovuQd5AQPO2ekk9DI8q4qvyMU%3D</analysis_url><energy>0.676457</energy><liveness>0.12881</liveness><tempo>127.012</tempo><speechiness>0.087691</speechiness><acousticness>0.002646</acousticness><instrumentalness>0.23939</instrumentalness><mode>1</mode><time_signature>4</time_signature><duration>202.15678</duration><loudness>-6.014</loudness><audio_md5 /><valence>0.75906</valence><danceability>0.87152</danceability></audio_summary><title>The Bass from the Movie Spork</title></song><song><artist_id>ARMCDWF1269FB2EE5B</artist_id><artist_name>Amber Melody</artist_name><id>SOQUHCJ1393CB2C831</id><audio_summary><key>7</key><analysis_url>http://echonest-analysis.s3.amazonaws.com/TR/StvAyQ4rphFaryUjdBoNm0W_RNoVfZJMDRAG4j0D0U7wgRZJ1QItRaIONSwzU8_6ZSFfrhdrGybQBCyF4%3D/3/full.json?AWSAccessKeyId=AKIAJRDFEY23UEVW42BQ&amp;Expires=1415343443&amp;Signature=xYYm5aRgVpRhZ101V9xW5qUCKow%3D</analysis_url><energy>0.572136</energy><liveness>0.027505</liveness><tempo>81.983</tempo><speechiness>0.05909</speechiness><acousticness>0.343751</acousticness><instrumentalness>0.0</instrumentalness><mode>1</mode><time_signature>4</time_signature><duration>233.62912</duration><loudness>-6.692</loudness><audio_md5 /><valence>0.851089</valence><danceability>0.760618</danceability></audio_summary><title>Magic (Spork Movie Version) (feat. Alexis Hadjopulos)</title></song><song><artist_id>ARMCDWF1269FB2EE5B</artist_id><artist_name>Amber Melody</artist_name><id>SOMHAGF1393CB267C2</id><audio_summary><key>8</key><analysis_url>http://echonest-analysis.s3.amazonaws.com/TR/ffsNZwCbKOsk9JyTx1ufkVCib7iaLdYd_fab77x_m8OjhsaWuRQ6PLmkp6SlsvD3ZAyk5n0S5DrjApgjY%3D/3/full.json?AWSAccessKeyId=AKIAJRDFEY23UEVW42BQ&amp;Expires=1415343443&amp;Signature=07oiALzWK3EgTGCSRCewBFrnLQs%3D</analysis_url><energy>0.623747</energy><liveness>0.107886</liveness><tempo>127.046</tempo><speechiness>0.089644</speechiness><acousticness>0.01349</acousticness><instrumentalness>0.00067</instrumentalness><mode>1</mode><time_signature>4</time_signature><duration>268.98304</duration><loudness>-6.787</loudness><audio_md5 /><valence>0.707092</valence><danceability>0.858832</danceability></audio_summary><title>The Bass</title></song><song><artist_id>ARMCDWF1269FB2EE5B</artist_id><artist_name>Amber Melody</artist_name><id>SOFTEQT13D1181BBDF</id><audio_summary><key>8</key><analysis_url>http://echonest-analysis.s3.amazonaws.com/TR/8Ps3CQFJuDDueUMGgNPrcQo3eIOdXPRWmV77rOW8V7RdZR1toa5rFeiplkZGLN305eyHV5QygoDBc_Gns%3D/3/full.json?AWSAccessKeyId=AKIAJRDFEY23UEVW42BQ&amp;Expires=1415343443&amp;Signature=hoBrvwRtWoZ5e%2BNxfZPpDAfIBi0%3D</analysis_url><energy>0.536149</energy><liveness>0.116965</liveness><tempo>127.02</tempo><speechiness>0.076854</speechiness><acousticness>0.003599</acousticness><instrumentalness>0.355373</instrumentalness><mode>1</mode><time_signature>4</time_signature><duration>216.07955</duration><loudness>-11.438</loudness><audio_md5 /><valence>0.790944</valence><danceability>0.891344</danceability></audio_summary><title>The Bass</title></song><song><artist_id>ARMCDWF1269FB2EE5B</artist_id><artist_name>Amber Melody</artist_name><id>SORHYFQ1393CB30F67</id><audio_summary><key>5</key><analysis_url>http://echonest-analysis.s3.amazonaws.com/TR/U8ThXgkMrbYyK1yzPJh1SDXcukqiJpeOQIbb_7cFv5Ge0mCKiHRGdBSoA1YXmVDyzyTGIQp65mUL_CgS4%3D/3/full.json?AWSAccessKeyId=AKIAJRDFEY23UEVW42BQ&amp;Expires=1415343443&amp;Signature=gpMml5W1Z0a/RYuuVFcF7cnga90%3D</analysis_url><energy>0.696132</energy><liveness>0.108624</liveness><tempo>127.051</tempo><speechiness>0.084937</speechiness><acousticness>0.00452</acousticness><instrumentalness>0.011621</instrumentalness><mode>0</mode><time_signature>4</time_signature><duration>202.73379</duration><loudness>-5.972</loudness><audio_md5 /><valence>0.8334</valence><danceability>0.843253</danceability></audio_summary><title>The Bass Radio Single</title></song></songs></response>