<response><status><version>4.2</version><code>0</code><message>Success</message></status><songs><song><artist_id>ARRQQQN13E850BC973</artist_id><artist_name>Amelia Profaci</artist_name><id>SOXJCFX13F43191430</id><audio_summary><key>7</key><analysis_url>http://echonest-analysis.s3.amazonaws.com/TR/0apfIAnev2yQl0l4R-u2X2Pimgo2-Eib0BnWqrNTYW4Y02ysMoe4n0EM7Po-bCR3So5vfp-ltfGos0YxA%3D/3/full.json?AWSAccessKeyId=AKIAJRDFEY23UEVW42BQ&amp;Expires=1415343464&amp;Signature=Vg3vsa8GSRUbPmUIKfAxJXZCEfQ%3D</analysis_url><energy>0.7093</energy><liveness>0.065817</liveness><tempo>100.023</tempo><speechiness>0.074853</speechiness><acousticness>0.034172</acousticness><instrumentalness>1.3e-05</instrumentalness><mode>1</mode><time_signature>4</time_signature><duration>230.15955</duration><loudness>-5.776</loudness><audio_md5 /><valence>0.580391</valence><danceability>0.653425</danceability></audio_summary><title>Stuck WIth You</title></song></songs></response>