<response><status><version>4.2</version><code>0</code><message>Success</message></status><songs><song><artist_id>ARKT6J61187FB4D324</artist_id><artist_name>...And You Will Know Us by the Trail of Dead</artist_name><id>SOALKTC131F71D6492</id><audio_summary><key>2</key><analysis_url>http://echonest-analysis.s3.amazonaws.com/TR/TRIWMWM131BAB753B9/3/full.json?AWSAccessKeyId=AKIAJRDFEY23UEVW42BQ&amp;Expires=1415343579&amp;Signature=VNTOWfgZgZJaOTLYoUMsHA%2BUia4%3D</analysis_url><energy>0.257735</energy><liveness>0.099863</liveness><tempo>101.509</tempo><speechiness>0.032348</speechiness><acousticness>0.991164</acousticness><instrumentalness>0.945476</instrumentalness><mode>1</mode><time_signature>4</time_signature><duration>209.95156</duration><loudness>-13.348</loudness><audio_md5 /><valence>0.171509</valence><danceability>0.491442</danceability></audio_summary><title>Crowning Of A Heart (Live @ KEXP)</title></song><song><artist_id>ARKT6J61187FB4D324</artist_id><artist_name>...And You Will Know Us by the Trail of Dead</artist_name><id>SONUZDX1418131B15C</id><audio_summary><key>0</key><analysis_url>http://echonest-analysis.s3.amazonaws.com/TR/BfFB2w9vE2Gr2wMIfuA6fzT-327rcZSg8D_sUaCu6Dfo7Sh4E%3D/3/full.json?AWSAccessKeyId=AKIAJRDFEY23UEVW42BQ&amp;Expires=1415343579&amp;Signature=K%2BIE4y6elvtsaoNQvqK9UPl6A/Q%3D</analysis_url><energy>0.861544</energy><liveness>0.43874</liveness><tempo>96.281</tempo><speechiness>0.051575</speechiness><acousticness>0.00017</acousticness><instrumentalness>0.026166</instrumentalness><mode>1</mode><time_signature>4</time_signature><duration>389.41288</duration><loudness>-6.915</loudness><audio_md5 /><valence>0.166361</valence><danceability>0.225018</danceability></audio_summary><title>The Giants Causeway/The Far Pavilions</title></song><song><artist_id>ARKT6J61187FB4D324</artist_id><artist_name>...And You Will Know Us by the Trail of Dead</artist_name><id>SORSFRX13D9E67C4D0</id><audio_summary><key>7</key><analysis_url>http://echonest-analysis.s3.amazonaws.com/TR/lzPGUwMVjQCYxDnQWGVDJpBInL1kxzpWZcvkqxXoZ1sRFlsz20EEh0qzkxo-Vv86S-YfBvkpw5IRG7bRA%3D/3/full.json?AWSAccessKeyId=AKIAJRDFEY23UEVW42BQ&amp;Expires=1415343579&amp;Signature=OFQ5sgxEKfCPxr3kPt4a%2BkthZrU%3D</analysis_url><energy>0.914459</energy><liveness>0.969948</liveness><tempo>169.745</tempo><speechiness>0.230691</speechiness><acousticness>0.00049</acousticness><instrumentalness>8e-05</instrumentalness><mode>1</mode><time_signature>4</time_signature><duration>264.99955</duration><loudness>-6.791</loudness><audio_md5 /><valence>0.195124</valence><danceability>0.25115</danceability></audio_summary><title>Richter Scale Madness (Live (Explicit))</title></song><song><artist_id>ARKT6J61187FB4D324</artist_id><artist_name>...And You Will Know Us by the Trail of Dead</artist_name><id>SOXLNAC13E9067BF83</id><audio_summary><key>9</key><analysis_url>http://echonest-analysis.s3.amazonaws.com/TR/AefQlgA9KJ5n1P5QKizedQJ3UR_FmMYMMSu5GN/3/full.json?AWSAccessKeyId=AKIAJRDFEY23UEVW42BQ&amp;Expires=1415343579&amp;Signature=zcBjezVoPSzcCerK86jy7Z0g6Rk%3D</analysis_url><energy>0.41912</energy><liveness>0.09239</liveness><tempo>80.015</tempo><speechiness>0.030628</speechiness><acousticness>0.000223</acousticness><instrumentalness>0.727259</instrumentalness><mode>0</mode><time_signature>4</time_signature><duration>199.58354</duration><loudness>-17.681</loudness><audio_md5>328e11d6b90aaf36507f5f16c176c673</audio_md5><valence>0.509373</valence><danceability>0.315794</danceability></audio_summary><title>All Saints Day (Live From Emo's)</title></song><song><artist_id>ARKT6J61187FB4D324</artist_id><artist_name>...And You Will Know Us by the Trail of Dead</artist_name><id>SOWCMEU12A8C13A180</id><audio_summary><key>11</key><analysis_url>http://echonest-analysis.s3.amazonaws.com/TR/zWbmzwcxFbj8Zs6S0lfEi3RQ7TZuDmuairsrAb5l6cGmuNtIH7vxXvKN1dFoeZDgBHG0-3ZtCW0evf1aE%3D/3/full.json?AWSAccessKeyId=AKIAJRDFEY23UEVW42BQ&amp;Expires=1415343579&amp;Signature=/Fa/iFmzWBRfuC6J865PHPHAnSc%3D</analysis_url><energy>0.868333</energy><liveness>0.100474</liveness><tempo>140.118</tempo><speechiness>0.051666</speechiness><acousticness>0.063958</acousticness><instrumentalness>0.000739</instrumentalness><mode>0</mode><time_signature>4</time_signature><duration>287.74621</duration><loudness>-4.632</loudness><audio_md5 /><valence>0.376995</valence><danceability>0.422987</danceability></audio_summary><title>Witch's Web (Original Version)</title></song><song><artist_id>ARKT6J61187FB4D324</artist_id><artist_name>...And You Will Know Us by the Trail of Dead</artist_name><id>SOSLZXC13510EA158C</id><audio_summary><key>7</key><analysis_url>http://echonest-analysis.s3.amazonaws.com/TR/gmY4sQPBE_0Fb8vaLgpf0kqUjKWnGgdkMXwg4ENjvqOL8QTudDLiRbDGwN4sKTaub77gvxJbEfLZOYktY%3D/3/full.json?AWSAccessKeyId=AKIAJRDFEY23UEVW42BQ&amp;Expires=1415343579&amp;Signature=lszwyxTX7GVZxBX4mqad64EcnWc%3D</analysis_url><energy>0.928064</energy><liveness>0.148917</liveness><tempo>84.759</tempo><speechiness>0.144733</speechiness><acousticness>0.000668</acousticness><instrumentalness>0.006969</instrumentalness><mode>1</mode><time_signature>4</time_signature><duration>356.51955</duration><loudness>-5.41</loudness><audio_md5 /><valence>0.119341</valence><danceability>0.249068</danceability></audio_summary><title>Richter Scale Madness (Live Version (2004))</title></song><song><artist_id>ARKT6J61187FB4D324</artist_id><artist_name>...And You Will Know Us by the Trail of Dead</artist_name><id>SOBNCVW12AB0180B38</id><audio_summary><key>2</key><analysis_url>http://echonest-analysis.s3.amazonaws.com/TR/yb_m5Ardc0YzkoEHf5W9YcHjiLNmN0kiZHsQRFbmt5t20ETh-BOlI_ZslNMwV0jHVJ2XqRg2EiH3pil9s%3D/3/full.json?AWSAccessKeyId=AKIAJRDFEY23UEVW42BQ&amp;Expires=1415343579&amp;Signature=/vBlPcD7Liz%2BG2Td941dEBYgvXI%3D</analysis_url><energy>0.800433</energy><liveness>0.084123</liveness><tempo>140.873</tempo><speechiness>0.053196</speechiness><acousticness>0.100964</acousticness><instrumentalness>0.010095</instrumentalness><mode>1</mode><time_signature>4</time_signature><duration>332.79955</duration><loudness>-5.047</loudness><audio_md5 /><valence>0.330491</valence><danceability>0.171575</danceability></audio_summary><title>The Bells Of Creation (machetemix)</title></song><song><artist_id>ARKT6J61187FB4D324</artist_id><artist_name>...And You Will Know Us by the Trail of Dead</artist_name><id>SOCYSRT12A8C1414E4</id><audio_summary><key>0</key><analysis_url>http://echonest-analysis.s3.amazonaws.com/TR/95D8rgTQhyst_S0_r0Sx-94OS78fC79FXT_siBACbm4s8FZ-sJkQqrHziGTumLCngVXPaAhdQLSJHskkc%3D/3/full.json?AWSAccessKeyId=AKIAJRDFEY23UEVW42BQ&amp;Expires=1415343579&amp;Signature=CCUCIX%2BjLAgaHHA8IuwZBqVfcPI%3D</analysis_url><energy>0.813329</energy><liveness>0.239331</liveness><tempo>135.907</tempo><speechiness>0.068008</speechiness><acousticness>0.0292</acousticness><instrumentalness>0.0</instrumentalness><mode>1</mode><time_signature>4</time_signature><duration>324.99955</duration><loudness>-4.056</loudness><audio_md5 /><valence>0.667225</valence><danceability>0.312552</danceability></audio_summary><title>Back In New York City</title></song><song><artist_id>ARKT6J61187FB4D324</artist_id><artist_name>...And You Will Know Us by the Trail of Dead</artist_name><id>SONALMC13E90655CDF</id><audio_summary><key>2</key><analysis_url>http://echonest-analysis.s3.amazonaws.com/TR/j_pgkwGt2wgLRUE4uhDrwIEEqN0kPBe3ojcMIQ/3/full.json?AWSAccessKeyId=AKIAJRDFEY23UEVW42BQ&amp;Expires=1415343579&amp;Signature=iqggiR2kVSlV6TglG9005Yfzh8U%3D</analysis_url><energy>0.857515</energy><liveness>0.970748</liveness><tempo>82.971</tempo><speechiness>0.100102</speechiness><acousticness>0.028476</acousticness><instrumentalness>0.008202</instrumentalness><mode>1</mode><time_signature>4</time_signature><duration>374.14354</duration><loudness>-8.384</loudness><audio_md5>26504e75324195d7553b94817c063474</audio_md5><valence>0.130047</valence><danceability>0.219669</danceability></audio_summary><title>Isis Unveiled (Live)</title></song><song><artist_id>ARKT6J61187FB4D324</artist_id><artist_name>...And You Will Know Us by the Trail of Dead</artist_name><id>SOCTVKL12AAF3B3D27</id><audio_summary><key>7</key><analysis_url>http://echonest-analysis.s3.amazonaws.com/TR/Kkjd5AeMDTVUIDbvD_Mtro5kp4G7yc45fEXqgzZUsRT6fZavG2V75ZLbcDXcztnKIY4DYe51tp04aO3MM%3D/3/full.json?AWSAccessKeyId=AKIAJRDFEY23UEVW42BQ&amp;Expires=1415343579&amp;Signature=Hy6kWCl3D0TFhInn0PY4evtSWDQ%3D</analysis_url><energy>0.797885</energy><liveness>0.111535</liveness><tempo>115.268</tempo><speechiness>0.030632</speechiness><acousticness>0.078398</acousticness><instrumentalness>0.0</instrumentalness><mode>1</mode><time_signature>4</time_signature><duration>129.46621</duration><loudness>-4.347</loudness><audio_md5 /><valence>0.46814</valence><danceability>0.563864</danceability></audio_summary><title>Eight Days Of Hell</title></song><song><artist_id>ARKT6J61187FB4D324</artist_id><artist_name>...And You Will Know Us by the Trail of Dead</artist_name><id>SORNSIS12A6701F092</id><audio_summary><key>0</key><analysis_url>http://echonest-analysis.s3.amazonaws.com/TR/hQnEsgRMP9CfvAYR3mdpNbCAo6rW8SDMnQFJAojJqwuHCO5gQBpxEELjLtnqMuoxYOWzUv0IwtNpH_evE%3D/3/full.json?AWSAccessKeyId=AKIAJRDFEY23UEVW42BQ&amp;Expires=1415343579&amp;Signature=jgvg7FvtBVwG7XRixAGFSpzwWKU%3D</analysis_url><energy>0.902506</energy><liveness>0.202558</liveness><tempo>143.608</tempo><speechiness>0.048037</speechiness><acousticness>0.003297</acousticness><instrumentalness>6e-06</instrumentalness><mode>1</mode><time_signature>3</time_signature><duration>347.18621</duration><loudness>-6.066</loudness><audio_md5 /><valence>0.186451</valence><danceability>0.24047</danceability></audio_summary><title>A Classic Art Showcase</title></song><song><artist_id>ARKT6J61187FB4D324</artist_id><artist_name>...And You Will Know Us by the Trail of Dead</artist_name><id>SONLSKQ12A6701F1D7</id><audio_summary><key>2</key><analysis_url>http://echonest-analysis.s3.amazonaws.com/TR/BPK4eg_olP1cmDxkhgbzzdhxbRBYlrBeCQrDhRMEv5iFfBqOwJZYRcYbmjr3XWk4dQJOl8Xulyhdax19Q%3D/3/full.json?AWSAccessKeyId=AKIAJRDFEY23UEVW42BQ&amp;Expires=1415343579&amp;Signature=JW/H5qnDKh8M773En6BLZcnOT7o%3D</analysis_url><energy>0.762031</energy><liveness>0.505716</liveness><tempo>145.651</tempo><speechiness>0.098591</speechiness><acousticness>0.00032</acousticness><instrumentalness>0.240881</instrumentalness><mode>1</mode><time_signature>4</time_signature><duration>475.24957</duration><loudness>-6.816</loudness><audio_md5 /><valence>0.069905</valence><danceability>0.1765</danceability></audio_summary><title>Aged Dolls (Live Version)</title></song><song><artist_id>ARKT6J61187FB4D324</artist_id><artist_name>...And You Will Know Us by the Trail of Dead</artist_name><id>SOTMCAE12A8C1414EA</id><audio_summary><key>2</key><analysis_url>http://echonest-analysis.s3.amazonaws.com/TR/gtYMpQbnQghYz4G1TsforDEOB4oiZ8j10QcrV9oT6XPCUC9WXr8o0srPONwgbI5Eirvj_7pZC4GvMOqHY%3D/3/full.json?AWSAccessKeyId=AKIAJRDFEY23UEVW42BQ&amp;Expires=1415343579&amp;Signature=q5FCV1VBEcE4H5BosMjcB0NEyyQ%3D</analysis_url><energy>0.76682</energy><liveness>0.455714</liveness><tempo>148.336</tempo><speechiness>0.037243</speechiness><acousticness>0.201718</acousticness><instrumentalness>0.0</instrumentalness><mode>1</mode><time_signature>4</time_signature><duration>186.31955</duration><loudness>-5.059</loudness><audio_md5 /><valence>0.229837</valence><danceability>0.251738</danceability></audio_summary><title>The Porpoise Song</title></song><song><artist_id>ARKT6J61187FB4D324</artist_id><artist_name>...And You Will Know Us by the Trail of Dead</artist_name><id>SODHXZY12A8C137230</id><audio_summary><key>1</key><analysis_url>http://echonest-analysis.s3.amazonaws.com/TR/fWmeMA39tUGDgRuUcWNLq0kHJ7WZy7UML9SFEejwt7xOy88nBOnxz0VW6YyGtqjGzxGVYU8RupWHbUykw%3D/3/full.json?AWSAccessKeyId=AKIAJRDFEY23UEVW42BQ&amp;Expires=1415343579&amp;Signature=4El514pK0psnTj%2BMKbXh/MsmgyQ%3D</analysis_url><energy>0.924506</energy><liveness>0.930334</liveness><tempo>80.851</tempo><speechiness>0.238734</speechiness><acousticness>0.017029</acousticness><instrumentalness>0.116181</instrumentalness><mode>1</mode><time_signature>4</time_signature><duration>22.75955</duration><loudness>-12.386</loudness><audio_md5 /><valence>0.309327</valence><danceability>0.471577</danceability></audio_summary><title>Up From Redemption</title></song><song><artist_id>ARKT6J61187FB4D324</artist_id><artist_name>...And You Will Know Us by the Trail of Dead</artist_name><id>SORREOR12AB018948F</id><audio_summary><key>2</key><analysis_url>http://echonest-analysis.s3.amazonaws.com/TR/lkPF3wMuHE_DrherupG_dFPEeTyvLZJBgc4rB3qwJoSZevOdzUf6NLeWHarXbymOcSBZbvw7EyJ5SsgNA%3D/3/full.json?AWSAccessKeyId=AKIAJRDFEY23UEVW42BQ&amp;Expires=1415343579&amp;Signature=yVxuhxgC7bdqbSQVzbUBxLW4hjo%3D</analysis_url><energy>0.787092</energy><liveness>0.065159</liveness><tempo>141.766</tempo><speechiness>0.053105</speechiness><acousticness>0.126508</acousticness><instrumentalness>0.012132</instrumentalness><mode>1</mode><time_signature>4</time_signature><duration>339.45288</duration><loudness>-5.151</loudness><audio_md5 /><valence>0.315069</valence><danceability>0.169033</danceability></audio_summary><title>Bells Of Creation (Machete Mix)</title></song><song><artist_id>ARKT6J61187FB4D324</artist_id><artist_name>...And You Will Know Us by the Trail of Dead</artist_name><id>SOSHZJB13776F6C456</id><audio_summary><key>7</key><analysis_url>http://echonest-analysis.s3.amazonaws.com/TR/1Sl9egDTz4tzEf5oTj1L-wUWXHkCrKfjiL_jUHvKcM8AjC66YyGWRamg3VV9LGf8hzbTD9WeJ5TSUJa6Q%3D/3/full.json?AWSAccessKeyId=AKIAJRDFEY23UEVW42BQ&amp;Expires=1415343579&amp;Signature=OMQyw9mxo2BhwKZtLPFFnpDfETc%3D</analysis_url><energy>0.960582</energy><liveness>0.965829</liveness><tempo>153.122</tempo><speechiness>0.187928</speechiness><acousticness>0.000123</acousticness><instrumentalness>0.009208</instrumentalness><mode>1</mode><time_signature>4</time_signature><duration>257.21288</duration><loudness>-5.185</loudness><audio_md5 /><valence>0.060142</valence><danceability>0.181949</danceability></audio_summary><title>Another Morning Stoner (Live Version)</title></song><song><artist_id>ARKT6J61187FB4D324</artist_id><artist_name>...And You Will Know Us by the Trail of Dead</artist_name><id>SOSBNDK13765F54C3B</id><audio_summary><key>7</key><analysis_url>http://echonest-analysis.s3.amazonaws.com/TR/l3BTJQDZnkpaL0cG--g6eX_rhQCHOJ248avT-G/3/full.json?AWSAccessKeyId=AKIAJRDFEY23UEVW42BQ&amp;Expires=1415343579&amp;Signature=w2axCLrs3NZl%2Bw3iIVQdt1At5gE%3D</analysis_url><energy>0.906015</energy><liveness>0.566581</liveness><tempo>150.605</tempo><speechiness>0.289512</speechiness><acousticness>0.00203</acousticness><instrumentalness>0.289621</instrumentalness><mode>1</mode><time_signature>3</time_signature><duration>433.2839</duration><loudness>-8.136</loudness><audio_md5 /><valence>0.138949</valence><danceability>0.213568</danceability></audio_summary><title>Richter Scale Madness (Live VPRO Radio Europe)</title></song><song><artist_id>ARKT6J61187FB4D324</artist_id><artist_name>...And You Will Know Us by the Trail of Dead</artist_name><id>SOSVSXQ13769CCA84F</id><audio_summary><key>2</key><analysis_url>http://echonest-analysis.s3.amazonaws.com/TR/0rSYWAeSU25RowPco4rYdx7q64zYqoSAXPyG_NrjmIv7WaZueAxCbF2Hb23Djo5jV0DT2b8D5KMLHIptI%3D/3/full.json?AWSAccessKeyId=AKIAJRDFEY23UEVW42BQ&amp;Expires=1415343579&amp;Signature=YnVLIWRSx5wMMQW2SZNtXnI8XVo%3D</analysis_url><energy>0.927333</energy><liveness>0.209905</liveness><tempo>167.146</tempo><speechiness>0.081912</speechiness><acousticness>1e-06</acousticness><instrumentalness>0.841588</instrumentalness><mode>1</mode><time_signature>4</time_signature><duration>198.71592</duration><loudness>-5.128</loudness><audio_md5 /><valence>0.268684</valence><danceability>0.143221</danceability></audio_summary><title>Baudelaire (Peel Sessions Live Version)</title></song><song><artist_id>ARKT6J61187FB4D324</artist_id><artist_name>...And You Will Know Us by the Trail of Dead</artist_name><id>SOTDERK1373FFBB212</id><audio_summary><key>11</key><analysis_url>http://echonest-analysis.s3.amazonaws.com/TR/xxnoFAdiUJfQ637yf1luEv8hC0ZpE4qbwDjm5TKWoYjdYzJouBHyog_J3NgSnB9ldvAzlBdgDBaiRJQAo%3D/3/full.json?AWSAccessKeyId=AKIAJRDFEY23UEVW42BQ&amp;Expires=1415343579&amp;Signature=ZULVEnwF3yutSe6owUC3UMI4434%3D</analysis_url><energy>0.888594</energy><liveness>0.833931</liveness><tempo>109.466</tempo><speechiness>0.068512</speechiness><acousticness>0.003622</acousticness><instrumentalness>0.843312</instrumentalness><mode>0</mode><time_signature>4</time_signature><duration>178.26621</duration><loudness>-6.023</loudness><audio_md5 /><valence>0.232567</valence><danceability>0.286317</danceability></audio_summary><title>Homage (Live VPRO Radio Europe)</title></song><song><artist_id>ARKT6J61187FB4D324</artist_id><artist_name>...And You Will Know Us by the Trail of Dead</artist_name><id>SONSCAQ12AB0183CA1</id><audio_summary><key>0</key><analysis_url>http://echonest-analysis.s3.amazonaws.com/TR/MPHvkgJfCMNcY0DF9GDQO2s7mAMfDPHhczMp0z3NQ8-58lhNvkLUACZ9AdwN3ZLY_ljhQf4Dn8OjXCd-Q%3D/3/full.json?AWSAccessKeyId=AKIAJRDFEY23UEVW42BQ&amp;Expires=1415343579&amp;Signature=dvVT/mieLSSz7XmntTKp/b6PUmI%3D</analysis_url><energy>0.576937</energy><liveness>0.702057</liveness><tempo>77.157</tempo><speechiness>0.030552</speechiness><acousticness>0.000433</acousticness><instrumentalness>0.6497</instrumentalness><mode>1</mode><time_signature>4</time_signature><duration>265.09288</duration><loudness>-10.244</loudness><audio_md5 /><valence>0.200257</valence><danceability>0.290635</danceability></audio_summary><title>Gargoyle Waiting (Live Version)</title></song><song><artist_id>ARKT6J61187FB4D324</artist_id><artist_name>...And You Will Know Us by the Trail of Dead</artist_name><id>SOGQOPB12A6D4F97D6</id><audio_summary><key>5</key><analysis_url>http://echonest-analysis.s3.amazonaws.com/TR/o_-52w7obd7xGZJjwwUoYb57q0Kq-eijSSuZXJNJK1NU3rOuZgOx8qzUC_dqEJSXe7TIlVpyZPrhyJmWM%3D/3/full.json?AWSAccessKeyId=AKIAJRDFEY23UEVW42BQ&amp;Expires=1415343579&amp;Signature=JyHVeJppxTM5ApYEaSBz8YhgtMU%3D</analysis_url><energy>0.950717</energy><liveness>0.337511</liveness><tempo>157.281</tempo><speechiness>0.112278</speechiness><acousticness>2e-06</acousticness><instrumentalness>0.390658</instrumentalness><mode>0</mode><time_signature>4</time_signature><duration>199.59828</duration><loudness>-5.467</loudness><audio_md5 /><valence>0.203673</valence><danceability>0.167576</danceability></audio_summary><title>Richter Scale Madness (Peel Sessions Live Version)</title></song><song><artist_id>ARKT6J61187FB4D324</artist_id><artist_name>...And You Will Know Us by the Trail of Dead</artist_name><id>SOIMBKP13765F53E8D</id><audio_summary><key>7</key><analysis_url>http://echonest-analysis.s3.amazonaws.com/TR/aBL4nASquGSgl_fatamocjZ1qYd_pOmujSymgSwGIrxuDrgqazyef943SmFRuynjG48PJS4xVYVifUFzw%3D/3/full.json?AWSAccessKeyId=AKIAJRDFEY23UEVW42BQ&amp;Expires=1415343579&amp;Signature=qyqtvzcTn2wA9lCjHtL%2BVxXKqkM%3D</analysis_url><energy>0.922951</energy><liveness>0.612606</liveness><tempo>79.927</tempo><speechiness>0.385411</speechiness><acousticness>0.002031</acousticness><instrumentalness>0.22964</instrumentalness><mode>1</mode><time_signature>4</time_signature><duration>433.10621</duration><loudness>-7.388</loudness><audio_md5 /><valence>0.166086</valence><danceability>0.184622</danceability></audio_summary><title>Richter Scale Madness (Live VPRO Radio Europe)</title></song><song><artist_id>ARKT6J61187FB4D324</artist_id><artist_name>...And You Will Know Us by the Trail of Dead</artist_name><id>SODSBRV13674F0BD1E</id><audio_summary><key>0</key><analysis_url>http://echonest-analysis.s3.amazonaws.com/TR/wgRejQkhaWccc5jaOoEtIi0VWC5qcPoIZlX0fFS0RItATw6fFuvKC9yibMoOTBkgluGJ1BZZxcEiiffiU%3D/3/full.json?AWSAccessKeyId=AKIAJRDFEY23UEVW42BQ&amp;Expires=1415343579&amp;Signature=zArh6/C7J5ucUhulySXIIcawSl4%3D</analysis_url><energy>0.926443</energy><liveness>0.899224</liveness><tempo>150.005</tempo><speechiness>0.056498</speechiness><acousticness>8.7e-05</acousticness><instrumentalness>0.708556</instrumentalness><mode>1</mode><time_signature>4</time_signature><duration>235.17125</duration><loudness>-4.252</loudness><audio_md5 /><valence>0.205172</valence><danceability>0.324044</danceability></audio_summary><title>Heart In The Hand Of The Matter</title></song><song><artist_id>ARKT6J61187FB4D324</artist_id><artist_name>...And You Will Know Us by the Trail of Dead</artist_name><id>SOJTNWW13719157A45</id><audio_summary><key>5</key><analysis_url>http://echonest-analysis.s3.amazonaws.com/TR/wogsVAg8Y3vGw9YeJ0lh_U6qRrPdKVKyM_uxghRpVk3dA0rO2yz_U3EJaNAKkrMo9e2y4F17JZT7V6AXg%3D/3/full.json?AWSAccessKeyId=AKIAJRDFEY23UEVW42BQ&amp;Expires=1415343579&amp;Signature=9OMWopm7MZwuM9VKDpXESU6/%2BoM%3D</analysis_url><energy>0.187812</energy><liveness>0.097177</liveness><tempo>121.284</tempo><speechiness>0.034047</speechiness><acousticness>0.162305</acousticness><instrumentalness>0.890705</instrumentalness><mode>1</mode><time_signature>4</time_signature><duration>82.87955</duration><loudness>-21.978</loudness><audio_md5>6040d5a1096f526a7c0fb991f29cc0af</audio_md5><valence>0.036754</valence><danceability>0.361142</danceability></audio_summary><title>Children of the Hydra's Teeth</title></song><song><artist_id>ARKT6J61187FB4D324</artist_id><artist_name>...And You Will Know Us by the Trail of Dead</artist_name><id>SOHJDYX14561A3366E</id><audio_summary><key>4</key><analysis_url>http://echonest-analysis.s3.amazonaws.com/TR/-PTchANwEVf55hqVZTx2gccmWSmRyKVQPvbBO2OMQIr5sazGK-ERQfeV66MUYvaKOtRjQ87FZL3GOE2TU%3D/3/full.json?AWSAccessKeyId=AKIAJRDFEY23UEVW42BQ&amp;Expires=1415343579&amp;Signature=nWtewr2ZhVbtX7ZfZcpTvb58iwY%3D</analysis_url><energy>0.954252</energy><liveness>0.133083</liveness><tempo>105.987</tempo><speechiness>0.244997</speechiness><acousticness>0.240246</acousticness><instrumentalness>0.419566</instrumentalness><mode>0</mode><time_signature>4</time_signature><duration>756.79955</duration><loudness>-6.521</loudness><audio_md5 /><valence>0.09473</valence><danceability>0.296783</danceability></audio_summary><title>Totally Natural - Live in Cologne 14. 05. 2009</title></song><song><artist_id>ARKT6J61187FB4D324</artist_id><artist_name>...And You Will Know Us by the Trail of Dead</artist_name><id>SOOSZKF1312FE00D93</id><audio_summary><key>0</key><analysis_url>http://echonest-analysis.s3.amazonaws.com/TR/ARj33wlovlCVEhk6kXEED4nUlR_NST_I_Ia_y_lHkICAUiOCEHLWKuldhTcajSjXIyXld1WuJg7JLjLwo%3D/3/full.json?AWSAccessKeyId=AKIAJRDFEY23UEVW42BQ&amp;Expires=1415343579&amp;Signature=F8MF/xhqlbLO8Wi3FkraxXLbxfU%3D</analysis_url><energy>0.768221</energy><liveness>0.098227</liveness><tempo>120.738</tempo><speechiness>0.037385</speechiness><acousticness>0.233552</acousticness><instrumentalness>0.058857</instrumentalness><mode>1</mode><time_signature>4</time_signature><duration>137.41288</duration><loudness>-5.178</loudness><audio_md5 /><valence>0.736102</valence><danceability>0.43007</danceability></audio_summary><title>Festival Thyme</title></song><song><artist_id>ARKT6J61187FB4D324</artist_id><artist_name>...And You Will Know Us by the Trail of Dead</artist_name><id>SOJJCZW13FB37395DF</id><audio_summary><key>4</key><analysis_url>http://echonest-analysis.s3.amazonaws.com/TR/_aXswwdPipo8OhViqQSa9TAu1f1aJxe40HN5N3/3/full.json?AWSAccessKeyId=AKIAJRDFEY23UEVW42BQ&amp;Expires=1415343579&amp;Signature=v0vB8oPE2GNIjddTS3o8pVpK1RY%3D</analysis_url><energy>0.541258</energy><liveness>0.092282</liveness><tempo>122.289</tempo><speechiness>0.055656</speechiness><acousticness>0.078445</acousticness><instrumentalness>0.807224</instrumentalness><mode>0</mode><time_signature>4</time_signature><duration>346.98404</duration><loudness>-6.99</loudness><audio_md5 /><valence>0.082586</valence><danceability>0.170249</danceability></audio_summary><title>The Betrayal of Roger Casement and the Irish Brigade</title></song><song><artist_id>ARKT6J61187FB4D324</artist_id><artist_name>...And You Will Know Us by the Trail of Dead</artist_name><id>SOPNFKD1311AFDAFD5</id><audio_summary><key>2</key><analysis_url>http://echonest-analysis.s3.amazonaws.com/TR/6Gk3jAUGqSH-dNRwIdjzUbP61-2940qW28yiCABpm4kTJ66-7h8JWeG011CjJs1m2UGRPexzTBSR4p2x8%3D/3/full.json?AWSAccessKeyId=AKIAJRDFEY23UEVW42BQ&amp;Expires=1415343579&amp;Signature=cllB9BtHMA%2BbxKHETWzvfyczvQM%3D</analysis_url><energy>0.510393</energy><liveness>0.228032</liveness><tempo>154.967</tempo><speechiness>0.046973</speechiness><acousticness>0.000992</acousticness><instrumentalness>0.477254</instrumentalness><mode>1</mode><time_signature>4</time_signature><duration>162.71955</duration><loudness>-14.142</loudness><audio_md5 /><valence>0.111235</valence><danceability>0.202692</danceability></audio_summary><title>Fake Fake Eyes</title></song><song><artist_id>ARKT6J61187FB4D324</artist_id><artist_name>...And You Will Know Us by the Trail of Dead</artist_name><id>SOVQIKD13E940009E2</id><audio_summary><key>7</key><analysis_url>http://echonest-analysis.s3.amazonaws.com/TR/89eEuAI8J4u_thsNZYB_NYuQKo8P4tfyGRoid91mltWi3dsMFxZnr1UxzX1ToOAKgX2JEtXEE_SzWQ05w%3D/3/full.json?AWSAccessKeyId=AKIAJRDFEY23UEVW42BQ&amp;Expires=1415343579&amp;Signature=j8CBAFfEotAuvk6Ku6Q%2Be/A2jCI%3D</analysis_url><energy>0.962796</energy><liveness>0.391667</liveness><tempo>167.325</tempo><speechiness>0.181329</speechiness><acousticness>2e-05</acousticness><instrumentalness>0.084021</instrumentalness><mode>1</mode><time_signature>4</time_signature><duration>225.11955</duration><loudness>-7.211</loudness><audio_md5 /><valence>0.063477</valence><danceability>0.119011</danceability></audio_summary><title>Richter Scale Madness</title></song><song><artist_id>ARKT6J61187FB4D324</artist_id><artist_name>...And You Will Know Us by the Trail of Dead</artist_name><id>SOWTNNT13EDB244E01</id><audio_summary><key>7</key><analysis_url>http://echonest-analysis.s3.amazonaws.com/TR/osgMdQP-trcMzXqlMWJhiFhWfym_SwEDN5o_YilbXFe3pqjMwKiQRCcj3t3V80xHWkF89eEDJR4zFAVgw%3D/3/full.json?AWSAccessKeyId=AKIAJRDFEY23UEVW42BQ&amp;Expires=1415343579&amp;Signature=imtj177e2JLE1//y/dljxR64/0o%3D</analysis_url><energy>0.924887</energy><liveness>0.605354</liveness><tempo>80.486</tempo><speechiness>0.337358</speechiness><acousticness>0.002099</acousticness><instrumentalness>0.179661</instrumentalness><mode>1</mode><time_signature>4</time_signature><duration>433.10621</duration><loudness>-7.425</loudness><audio_md5 /><valence>0.157923</valence><danceability>0.245152</danceability></audio_summary><title>Richter Scale Madness</title></song><song><artist_id>ARKT6J61187FB4D324</artist_id><artist_name>...And You Will Know Us by the Trail of Dead</artist_name><id>SOHSKPV1313438620F</id><audio_summary><key>4</key><analysis_url>http://echonest-analysis.s3.amazonaws.com/TR/0GvWaAL8U0tWvU4KwS69DKvceQ9RQMTMk1Gw1m9P9S5-IygkgWw6SRfPdFClhXk9ahLGfTvN5ZRFKOO64%3D/3/full.json?AWSAccessKeyId=AKIAJRDFEY23UEVW42BQ&amp;Expires=1415343579&amp;Signature=T8EAWSh4LFQ5FCuMaBVzwwYPbsg%3D</analysis_url><energy>0.426323</energy><liveness>0.074872</liveness><tempo>121.946</tempo><speechiness>0.052972</speechiness><acousticness>0.025205</acousticness><instrumentalness>0.914938</instrumentalness><mode>0</mode><time_signature>4</time_signature><duration>346.90621</duration><loudness>-6.404</loudness><audio_md5 /><valence>0.098634</valence><danceability>0.169106</danceability></audio_summary><title>The Betrayal Of Roger Casementand The Irish Brigade</title></song><song><artist_id>ARKT6J61187FB4D324</artist_id><artist_name>...And You Will Know Us by the Trail of Dead</artist_name><id>SODKFUT1315CD4B623</id><audio_summary><key>2</key><analysis_url>http://echonest-analysis.s3.amazonaws.com/TR/3iIfsgpBLgwpXHSfk1qN6U8LmqWSpggiaZ74Q5eVpAvDoPbLURQypinzdJcXkEIF1gcUTZJz_nZWpOdd0%3D/3/full.json?AWSAccessKeyId=AKIAJRDFEY23UEVW42BQ&amp;Expires=1415343579&amp;Signature=8GnUeftAA2AD2DV4JrnPKnjQo9E%3D</analysis_url><energy>0.576422</energy><liveness>0.162033</liveness><tempo>105.252</tempo><speechiness>0.029691</speechiness><acousticness>0.00322</acousticness><instrumentalness>0.021262</instrumentalness><mode>1</mode><time_signature>4</time_signature><duration>209.42621</duration><loudness>-6.475</loudness><audio_md5 /><valence>0.160831</valence><danceability>0.25316</danceability></audio_summary><title>Crowning Of A Heart</title></song><song><artist_id>ARKT6J61187FB4D324</artist_id><artist_name>...And You Will Know Us by the Trail of Dead</artist_name><id>SOCWTLU12B35049083</id><audio_summary><key>7</key><analysis_url>http://echonest-analysis.s3.amazonaws.com/TR/AhHEMwTnSwwy2rAQYXoW8LreKtNvgAiPtpJsXsS3_yoGGdk2EavYYOaUH9kVI17NIsB0Fm_jb4rDeDOTA%3D/3/full.json?AWSAccessKeyId=AKIAJRDFEY23UEVW42BQ&amp;Expires=1415343579&amp;Signature=XG1p5C9y4lXbaOuBZFcdvH2%2Bals%3D</analysis_url><energy>0.264771</energy><liveness>0.111888</liveness><tempo>146.921</tempo><speechiness>0.034583</speechiness><acousticness>0.004132</acousticness><instrumentalness>0.82851</instrumentalness><mode>1</mode><time_signature>4</time_signature><duration>410.86621</duration><loudness>-16.486</loudness><audio_md5 /><valence>0.039519</valence><danceability>0.314683</danceability></audio_summary><title>Gargoyle Waiting</title></song><song><artist_id>ARKT6J61187FB4D324</artist_id><artist_name>...And You Will Know Us by the Trail of Dead</artist_name><id>SORJIGU12A58A7D717</id><audio_summary><key>2</key><analysis_url>http://echonest-analysis.s3.amazonaws.com/TR/7llgDg95FUFBj2BVCtnSKkeTP0IvG2GTkNcO58y2Imz88jaRExUORE-sHDQZEkBYoHV-AKFN2LRSi_KYw%3D/3/full.json?AWSAccessKeyId=AKIAJRDFEY23UEVW42BQ&amp;Expires=1415343579&amp;Signature=cvnfeI%2BcFEsZIIlWU8%2BXHl7ZmNk%3D</analysis_url><energy>0.459151</energy><liveness>0.213647</liveness><tempo>128.542</tempo><speechiness>0.036019</speechiness><acousticness>0.003079</acousticness><instrumentalness>0.803169</instrumentalness><mode>1</mode><time_signature>4</time_signature><duration>437.42621</duration><loudness>-9.47</loudness><audio_md5 /><valence>0.057237</valence><danceability>0.240726</danceability></audio_summary><title>Aged Dolls</title></song><song><artist_id>ARKT6J61187FB4D324</artist_id><artist_name>...And You Will Know Us by the Trail of Dead</artist_name><id>SOMIGEC1315CD46BDF</id><audio_summary><key>0</key><analysis_url>http://echonest-analysis.s3.amazonaws.com/TR/a7kSEwH9VKh0NnwT4oSfZ_qB1F564YfZN3aGIcpTGmrb2UoWd9U1-zYkLt9rAk3a2YG6Q4PZC5ARZyXhc%3D/3/full.json?AWSAccessKeyId=AKIAJRDFEY23UEVW42BQ&amp;Expires=1415343579&amp;Signature=lfmRcWk7HkAzQTEORxu8msiVf/g%3D</analysis_url><energy>0.766455</energy><liveness>0.077724</liveness><tempo>89.073</tempo><speechiness>0.103008</speechiness><acousticness>0.000487</acousticness><instrumentalness>0.033292</instrumentalness><mode>1</mode><time_signature>4</time_signature><duration>118.66621</duration><loudness>-9.402</loudness><audio_md5 /><valence>0.550932</valence><danceability>0.269703</danceability></audio_summary><title>Blood Rites</title></song><song><artist_id>ARKT6J61187FB4D324</artist_id><artist_name>...And You Will Know Us by the Trail of Dead</artist_name><id>SOCAGGE1311AFD8EEA</id><audio_summary><key>9</key><analysis_url>http://echonest-analysis.s3.amazonaws.com/TR/nUCjyQr7YUZZDKQj7-Fira0z_iybQQsDcIpyq6/3/full.json?AWSAccessKeyId=AKIAJRDFEY23UEVW42BQ&amp;Expires=1415343579&amp;Signature=pxGL5bWOam79WVfKhxnzPAgKZDY%3D</analysis_url><energy>0.665167</energy><liveness>0.093334</liveness><tempo>132.424</tempo><speechiness>0.033282</speechiness><acousticness>0.00294</acousticness><instrumentalness>0.005754</instrumentalness><mode>0</mode><time_signature>3</time_signature><duration>206.12027</duration><loudness>-6.941</loudness><audio_md5 /><valence>0.125867</valence><danceability>0.266395</danceability></audio_summary><title>Claire De Lune</title></song><song><artist_id>ARKT6J61187FB4D324</artist_id><artist_name>...And You Will Know Us by the Trail of Dead</artist_name><id>SOVXEUW13129A914B3</id><audio_summary><key>2</key><analysis_url>http://echonest-analysis.s3.amazonaws.com/TR/N1HwKg8ZN8RjbOV0pdOpEe7Cnm-OK5AsfJ5eqAQxnlPT0xdMJx8eDl864Ix_fmd3A5t-fMw93Y0o8lzlY%3D/3/full.json?AWSAccessKeyId=AKIAJRDFEY23UEVW42BQ&amp;Expires=1415343579&amp;Signature=900z0hrI0ORaIgZMiOuPqwbGpSg%3D</analysis_url><energy>0.849433</energy><liveness>0.333262</liveness><tempo>67.867</tempo><speechiness>0.065359</speechiness><acousticness>0.001312</acousticness><instrumentalness>0.001638</instrumentalness><mode>1</mode><time_signature>4</time_signature><duration>269.90621</duration><loudness>-3.827</loudness><audio_md5 /><valence>0.197588</valence><danceability>0.134105</danceability></audio_summary><title>Isis Unveiled (Radio Edit)</title></song><song><artist_id>ARKT6J61187FB4D324</artist_id><artist_name>...And You Will Know Us by the Trail of Dead</artist_name><id>SOBLQRT13167715763</id><audio_summary><key>11</key><analysis_url>http://echonest-analysis.s3.amazonaws.com/TR/YEnKlgjyrwB0kMTjqJTG4uKGrFOZChjBgTwFpuJlAv4z_cMUwFrB6Te98UVMrR4DOYUQaj8sNVMiTyxuA%3D/3/full.json?AWSAccessKeyId=AKIAJRDFEY23UEVW42BQ&amp;Expires=1415343579&amp;Signature=7ZvcF73GNRQvlRl6//7SgNp/zoY%3D</analysis_url><energy>0.894584</energy><liveness>0.118614</liveness><tempo>129.597</tempo><speechiness>0.062547</speechiness><acousticness>0.001907</acousticness><instrumentalness>0.54281</instrumentalness><mode>1</mode><time_signature>3</time_signature><duration>326.03034</duration><loudness>-6.526</loudness><audio_md5 /><valence>0.094891</valence><danceability>0.229975</danceability></audio_summary><title>Pure Radio Cosplay</title></song><song><artist_id>ARKT6J61187FB4D324</artist_id><artist_name>...And You Will Know Us by the Trail of Dead</artist_name><id>SOIZTPS1315CD4738A</id><audio_summary><key>2</key><analysis_url>http://echonest-analysis.s3.amazonaws.com/TR/zLxe8AkrUu0PJQjRPYqLnmCrUSUTiL-wZ6-w5ibppHilERBlosphwKc2twWvdY155AaaBEh04uwYf2Org%3D/3/full.json?AWSAccessKeyId=AKIAJRDFEY23UEVW42BQ&amp;Expires=1415343579&amp;Signature=Ye%2BApSQvaYRE/UsiATC2IZ1KXV0%3D</analysis_url><energy>0.594256</energy><liveness>0.319343</liveness><tempo>159.607</tempo><speechiness>0.037987</speechiness><acousticness>0.478727</acousticness><instrumentalness>0.94605</instrumentalness><mode>0</mode><time_signature>3</time_signature><duration>76.90621</duration><loudness>-13.21</loudness><audio_md5>406e0a1d0f9fcf1e47c0f1458b450b18</audio_md5><valence>0.451257</valence><danceability>0.362496</danceability></audio_summary><title>Ode To Isis</title></song><song><artist_id>ARKT6J61187FB4D324</artist_id><artist_name>...And You Will Know Us by the Trail of Dead</artist_name><id>SOAGQRP13ACD95E24E</id><audio_summary><key>2</key><analysis_url>http://echonest-analysis.s3.amazonaws.com/TR/QGej7QWO0gL0kXB82yLWMAtNT50Tt070fmHqz4ubL9ZevjBfwcVxKi7u1tdpkLXN_FMQcpQ3oq-i5aO_s%3D/3/full.json?AWSAccessKeyId=AKIAJRDFEY23UEVW42BQ&amp;Expires=1415343579&amp;Signature=bjLhkLsNMJpANAV9tFIPNJdiKGw%3D</analysis_url><energy>0.823448</energy><liveness>0.135992</liveness><tempo>149.934</tempo><speechiness>0.039577</speechiness><acousticness>0.038328</acousticness><instrumentalness>0.388268</instrumentalness><mode>1</mode><time_signature>4</time_signature><duration>124.13288</duration><loudness>-5.125</loudness><audio_md5>858333febc42f0f49c27484b84f48116</audio_md5><valence>0.739152</valence><danceability>0.504941</danceability></audio_summary><title>Lost Songs</title></song><song><artist_id>ARKT6J61187FB4D324</artist_id><artist_name>...And You Will Know Us by the Trail of Dead</artist_name><id>SOLIVUX131677161C1</id><audio_summary><key>7</key><analysis_url>http://echonest-analysis.s3.amazonaws.com/TR/_tKzgAqKqgDicchVxBu72Qh3w7CedWDosafNtN1Ae_sg_mwmInbTB0K63Z4LLN4oCCNlW7DH5W1GGovks%3D/3/full.json?AWSAccessKeyId=AKIAJRDFEY23UEVW42BQ&amp;Expires=1415343579&amp;Signature=3YHYsWQ4BMU3fzIBCnQgoEYOPcA%3D</analysis_url><energy>0.797055</energy><liveness>0.101575</liveness><tempo>137.031</tempo><speechiness>0.039274</speechiness><acousticness>0.007808</acousticness><instrumentalness>0.782977</instrumentalness><mode>0</mode><time_signature>3</time_signature><duration>991.60816</duration><loudness>-6.61</loudness><audio_md5 /><valence>0.154172</valence><danceability>0.197666</danceability></audio_summary><title>Tao Of The Dead Part Two: Strange News From Another Planet</title></song><song><artist_id>ARKT6J61187FB4D324</artist_id><artist_name>...And You Will Know Us by the Trail of Dead</artist_name><id>SOCVSJP1315CD472C3</id><audio_summary><key>9</key><analysis_url>http://echonest-analysis.s3.amazonaws.com/TR/VM_nJwe9sqduvj_qRXG94x0P2A539M_pL0xU8r-qj5bXpF-aWnRHE0TI9Qh57HiaN7XgV95o5bRYtP9N8%3D/3/full.json?AWSAccessKeyId=AKIAJRDFEY23UEVW42BQ&amp;Expires=1415343579&amp;Signature=m0G%2ByYdAN82BTbq4kwqvFHjgkac%3D</analysis_url><energy>0.394555</energy><liveness>0.103686</liveness><tempo>91.947</tempo><speechiness>0.029469</speechiness><acousticness>0.3927</acousticness><instrumentalness>0.0</instrumentalness><mode>1</mode><time_signature>4</time_signature><duration>192.29288</duration><loudness>-7.145</loudness><audio_md5 /><valence>0.137256</valence><danceability>0.56191</danceability></audio_summary><title>The Summer Of '91</title></song><song><artist_id>ARKT6J61187FB4D324</artist_id><artist_name>...And You Will Know Us by the Trail of Dead</artist_name><id>SOXUCZH131343A42E6</id><audio_summary><key>9</key><analysis_url>http://echonest-analysis.s3.amazonaws.com/TR/TOsr-QmSRe1cmU4r9e1HQNQ1snvpWhPK1el2l5mJSApJC4jmPC73qC7KaJIhISHp7KlopVWfv2VmF_d7M%3D/3/full.json?AWSAccessKeyId=AKIAJRDFEY23UEVW42BQ&amp;Expires=1415343579&amp;Signature=1TaYDH6M/Pom9YsgE7wEVULRtDE%3D</analysis_url><energy>0.92417</energy><liveness>0.117442</liveness><tempo>125.309</tempo><speechiness>0.10712</speechiness><acousticness>0.001373</acousticness><instrumentalness>0.008092</instrumentalness><mode>1</mode><time_signature>4</time_signature><duration>256.25288</duration><loudness>-6.115</loudness><audio_md5>b7a6051a33415066711c080051463fe8</audio_md5><valence>0.038737</valence><danceability>0.238944</danceability></audio_summary><title>Totally Natural</title></song><song><artist_id>ARKT6J61187FB4D324</artist_id><artist_name>...And You Will Know Us by the Trail of Dead</artist_name><id>SOTNDOQ13676190736</id><audio_summary><key>7</key><analysis_url>http://echonest-analysis.s3.amazonaws.com/TR/B9ij7wgZeNoKKJrWIp9BNZS5Y9BVL3KU0jeYKc-JYLM9WFR2QF-wUwpw9yjo8qggfgwQoT2hQc38w6OX8%3D/3/full.json?AWSAccessKeyId=AKIAJRDFEY23UEVW42BQ&amp;Expires=1415343579&amp;Signature=mF1k2UVCwupfMHAv3t8BjdcN%2Blw%3D</analysis_url><energy>0.766204</energy><liveness>0.111244</liveness><tempo>121.167</tempo><speechiness>0.086065</speechiness><acousticness>0.161168</acousticness><instrumentalness>0.586501</instrumentalness><mode>1</mode><time_signature>5</time_signature><duration>322.63955</duration><loudness>-8.628</loudness><audio_md5 /><valence>0.111583</valence><danceability>0.278458</danceability></audio_summary><title>Sigh Your Children</title></song><song><artist_id>ARKT6J61187FB4D324</artist_id><artist_name>...And You Will Know Us by the Trail of Dead</artist_name><id>SOFKVZR13E96D53F34</id><audio_summary><key>11</key><analysis_url>http://echonest-analysis.s3.amazonaws.com/TR/EtP8NgSk6x56X14vpAdlXivrkYqZOfyIb285_5sajOWmJWdcp174NfB5biUQ7sE-Iy8XWBQVkKVvJ-n80%3D/3/full.json?AWSAccessKeyId=AKIAJRDFEY23UEVW42BQ&amp;Expires=1415343579&amp;Signature=OsRvlYVeJL9kt2d4SwoGQOCvIm8%3D</analysis_url><energy>0.89565</energy><liveness>0.329494</liveness><tempo>148.271</tempo><speechiness>0.067141</speechiness><acousticness>3e-06</acousticness><instrumentalness>0.892688</instrumentalness><mode>0</mode><time_signature>4</time_signature><duration>187.05288</duration><loudness>-7.167</loudness><audio_md5 /><valence>0.098172</valence><danceability>0.18362</danceability></audio_summary><title>Half of What</title></song><song><artist_id>ARKT6J61187FB4D324</artist_id><artist_name>...And You Will Know Us by the Trail of Dead</artist_name><id>SOSJYQM13ACD95E35F</id><audio_summary><key>2</key><analysis_url>http://echonest-analysis.s3.amazonaws.com/TR/g_YtjQvTDWx_vm8k5QM62KCXUQNhT5JmAhir6R9lna94alRR2xpn190VRZ_b7XzrqPxBEShdLk8ym3jdU%3D/3/full.json?AWSAccessKeyId=AKIAJRDFEY23UEVW42BQ&amp;Expires=1415343579&amp;Signature=oR4hqGxZOyTvC/CaVWMyBchs93g%3D</analysis_url><energy>0.680465</energy><liveness>0.106615</liveness><tempo>118.347</tempo><speechiness>0.046118</speechiness><acousticness>0.044325</acousticness><instrumentalness>0.04565</instrumentalness><mode>1</mode><time_signature>4</time_signature><duration>250.26621</duration><loudness>-4.375</loudness><audio_md5 /><valence>0.077998</valence><danceability>0.262931</danceability></audio_summary><title>Awestruck</title></song><song><artist_id>ARKT6J61187FB4D324</artist_id><artist_name>...And You Will Know Us by the Trail of Dead</artist_name><id>SOFJNCX1313438872F</id><audio_summary><key>4</key><analysis_url>http://echonest-analysis.s3.amazonaws.com/TR/ZQqiqQKnWdVcMm4vw7jm0vrO4vHGRPro-8zvz-qnHPpUCA6KlvlanmYWWVbwQ48jZ2W88qXfybSzqm-Gg%3D/3/full.json?AWSAccessKeyId=AKIAJRDFEY23UEVW42BQ&amp;Expires=1415343579&amp;Signature=0jtpyYXq4PVFut7aZ/0ayj%2BGjjU%3D</analysis_url><energy>0.664245</energy><liveness>0.115932</liveness><tempo>148.446</tempo><speechiness>0.038165</speechiness><acousticness>8e-06</acousticness><instrumentalness>0.002752</instrumentalness><mode>0</mode><time_signature>1</time_signature><duration>186.69288</duration><loudness>-12.939</loudness><audio_md5>92eebe6b3978513b2ee1611496efa217</audio_md5><valence>0.094713</valence><danceability>0.256261</danceability></audio_summary><title>Half Of What</title></song><song><artist_id>ARKT6J61187FB4D324</artist_id><artist_name>...And You Will Know Us by the Trail of Dead</artist_name><id>SOHHHUU14717E8F957</id><audio_summary><key>9</key><analysis_url>http://echonest-analysis.s3.amazonaws.com/TR/sa8czA2b8OCho4Rbr8zaEk33t0xMDyNQXYYqIv/3/full.json?AWSAccessKeyId=AKIAJRDFEY23UEVW42BQ&amp;Expires=1415343579&amp;Signature=W5eqcxaxthmykA6eAQAPd%2BfXdKE%3D</analysis_url><energy>0.640698</energy><liveness>0.120689</liveness><tempo>65.418</tempo><speechiness>0.03467</speechiness><acousticness>0.000705</acousticness><instrumentalness>0.620715</instrumentalness><mode>0</mode><time_signature>4</time_signature><duration>233.54585</duration><loudness>-6.147</loudness><audio_md5 /><valence>0.3559</valence><danceability>0.182462</danceability></audio_summary><title>All St. Day</title></song><song><artist_id>ARKT6J61187FB4D324</artist_id><artist_name>...And You Will Know Us by the Trail of Dead</artist_name><id>SOJEPOT13167715A36</id><audio_summary><key>11</key><analysis_url>http://echonest-analysis.s3.amazonaws.com/TR/HUqzmAPi0nM3f_s-SRrEPHrsI2gkFikKozN7xy322JkHQU1zF0aJXqc1URVhL-xUfr_Y0nMAbjOVg_0w0%3D/3/full.json?AWSAccessKeyId=AKIAJRDFEY23UEVW42BQ&amp;Expires=1415343579&amp;Signature=jKxugH818yQI63y7VlP/WUI/BTg%3D</analysis_url><energy>0.809777</energy><liveness>0.202398</liveness><tempo>119.708</tempo><speechiness>0.053315</speechiness><acousticness>0.000876</acousticness><instrumentalness>0.194753</instrumentalness><mode>1</mode><time_signature>1</time_signature><duration>197.95166</duration><loudness>-5.446</loudness><audio_md5 /><valence>0.158922</valence><danceability>0.171859</danceability></audio_summary><title>Pure Radio Cosplay (Reprise)</title></song><song><artist_id>ARKT6J61187FB4D324</artist_id><artist_name>...And You Will Know Us by the Trail of Dead</artist_name><id>SOTMQSC13674F0C588</id><audio_summary><key>0</key><analysis_url>http://echonest-analysis.s3.amazonaws.com/TR/whlRYgBHHTHtdXxlak_74FbM0pbv0vDLTQwQT0F4vXeGFCDLmJqTg_HQJEYMSZ0DJucg74_S2tpYnzV6k%3D/3/full.json?AWSAccessKeyId=AKIAJRDFEY23UEVW42BQ&amp;Expires=1415343579&amp;Signature=/iBvBdZ2b3wlP63lcHtabVknYAY%3D</analysis_url><energy>0.921966</energy><liveness>0.409598</liveness><tempo>75.044</tempo><speechiness>0.12316</speechiness><acousticness>0.000217</acousticness><instrumentalness>0.711517</instrumentalness><mode>1</mode><time_signature>4</time_signature><duration>288.30621</duration><loudness>-5.014</loudness><audio_md5>e7247e4511a735a8c14807ed7ea42b0c</audio_md5><valence>0.198413</valence><danceability>0.17107</danceability></audio_summary><title>Heart In The Hand Of The Matter</title></song><song><artist_id>ARKT6J61187FB4D324</artist_id><artist_name>...And You Will Know Us by the Trail of Dead</artist_name><id>SOEBRBA1315CD482B5</id><audio_summary><key>11</key><analysis_url>http://echonest-analysis.s3.amazonaws.com/TR/nT648QJgh00f1L-XPKnXjkfxkFI6nR8nDBuBBOFA7rww8R5_n9vA-dIyc77kS-g3wXfyoMmH_GqpUca9w%3D/3/full.json?AWSAccessKeyId=AKIAJRDFEY23UEVW42BQ&amp;Expires=1415343579&amp;Signature=4fWphMIM41n1jR1pxvpbGpy39ug%3D</analysis_url><energy>0.588187</energy><liveness>0.117378</liveness><tempo>131.139</tempo><speechiness>0.030304</speechiness><acousticness>0.217204</acousticness><instrumentalness>2.6e-05</instrumentalness><mode>0</mode><time_signature>4</time_signature><duration>251.06621</duration><loudness>-6.553</loudness><audio_md5 /><valence>0.547192</valence><danceability>0.515812</danceability></audio_summary><title>Witch's Web</title></song><song><artist_id>ARKT6J61187FB4D324</artist_id><artist_name>...And You Will Know Us by the Trail of Dead</artist_name><id>SOWOXUF13F363531A4</id><audio_summary><key>7</key><analysis_url>http://echonest-analysis.s3.amazonaws.com/TR/HhvI0wXiRFdMPzWJKMJFCdcLaYLRsdrt8vFLyF/3/full.json?AWSAccessKeyId=AKIAJRDFEY23UEVW42BQ&amp;Expires=1415343579&amp;Signature=r/T0G8r6Wb4mgToeqwH1LI4MrZ4%3D</analysis_url><energy>0.587462</energy><liveness>0.172527</liveness><tempo>147.646</tempo><speechiness>0.04599</speechiness><acousticness>0.003654</acousticness><instrumentalness>0.491266</instrumentalness><mode>1</mode><time_signature>4</time_signature><duration>410.6068</duration><loudness>-9.428</loudness><audio_md5 /><valence>0.067245</valence><danceability>0.291405</danceability></audio_summary><title>A Gargoyle Waiting</title></song><song><artist_id>ARKT6J61187FB4D324</artist_id><artist_name>...And You Will Know Us by the Trail of Dead</artist_name><id>SOCKKPL13E9067B3A9</id><audio_summary><key>9</key><analysis_url>http://echonest-analysis.s3.amazonaws.com/TR/3S3CQQ0pZVQ69PKZZVpdQx2jL4sif7ghAa9H7Q/3/full.json?AWSAccessKeyId=AKIAJRDFEY23UEVW42BQ&amp;Expires=1415343579&amp;Signature=1HxB9TmuJw4jAnju%2BOysqamX5sU%3D</analysis_url><energy>0.558736</energy><liveness>0.125757</liveness><tempo>76.201</tempo><speechiness>0.035827</speechiness><acousticness>0.000931</acousticness><instrumentalness>0.687507</instrumentalness><mode>1</mode><time_signature>4</time_signature><duration>244.89556</duration><loudness>-12.485</loudness><audio_md5 /><valence>0.338779</valence><danceability>0.30615</danceability></audio_summary><title>All Saints Day</title></song><song><artist_id>ARKT6J61187FB4D324</artist_id><artist_name>...And You Will Know Us by the Trail of Dead</artist_name><id>SOJXQOW12A8C13A163</id><audio_summary><key>8</key><analysis_url>http://echonest-analysis.s3.amazonaws.com/TR/CXNbaQDXNA7ctkprz8OQ_32ijC3RlypQ8Iq36XXq0B2Zm8W3xzeUOd3M-pjkipyimloPkTv47a6o6Q2HI%3D/3/full.json?AWSAccessKeyId=AKIAJRDFEY23UEVW42BQ&amp;Expires=1415343579&amp;Signature=jMH8VYp%2B9rBxTQ4CdlV9qKFRYSo%3D</analysis_url><energy>0.807476</energy><liveness>0.116533</liveness><tempo>165.837</tempo><speechiness>0.03614</speechiness><acousticness>0.270778</acousticness><instrumentalness>0.0</instrumentalness><mode>1</mode><time_signature>4</time_signature><duration>325.59955</duration><loudness>-3.193</loudness><audio_md5>84b7cdde8afd3d1e2452211912f59c1b</audio_md5><valence>0.374439</valence><danceability>0.460528</danceability></audio_summary><title>Wasted State Of Mind</title></song><song><artist_id>ARKT6J61187FB4D324</artist_id><artist_name>...And You Will Know Us by the Trail of Dead</artist_name><id>SODFFYP1312A8A9936</id><audio_summary><key>1</key><analysis_url>http://echonest-analysis.s3.amazonaws.com/TR/DcSYUAVTAUrbm2ypLnlbVWvFQlZyQxGnHrAplK9tIeNg5V_YM9VP2TR_HamleYc3egDflczPogzjSWVGc%3D/3/full.json?AWSAccessKeyId=AKIAJRDFEY23UEVW42BQ&amp;Expires=1415343579&amp;Signature=m9td1eodSyu2AI0MYmieQWXHAaI%3D</analysis_url><energy>0.696342</energy><liveness>0.108871</liveness><tempo>82.078</tempo><speechiness>0.032315</speechiness><acousticness>0.098101</acousticness><instrumentalness>0.945833</instrumentalness><mode>1</mode><time_signature>4</time_signature><duration>283.79955</duration><loudness>-6.6</loudness><audio_md5 /><valence>0.112945</valence><danceability>0.266952</danceability></audio_summary><title>Pictures Of An Only Child</title></song><song><artist_id>ARKT6J61187FB4D324</artist_id><artist_name>...And You Will Know Us by the Trail of Dead</artist_name><id>SOWOPLD1315CD4A263</id><audio_summary><key>7</key><analysis_url>http://echonest-analysis.s3.amazonaws.com/TR/LgkvAw1G_E75KnaX-oA_BXqlPHzKB0UsIgSwit31e9vmqhoesE1xrcGhfQPo6xGyfLalP-uScu5uBWMOU%3D/3/full.json?AWSAccessKeyId=AKIAJRDFEY23UEVW42BQ&amp;Expires=1415343579&amp;Signature=u2iSpipxFIQVae7G5wa8Xm7V2Zs%3D</analysis_url><energy>0.85865</energy><liveness>0.066718</liveness><tempo>124.095</tempo><speechiness>0.093408</speechiness><acousticness>0.001325</acousticness><instrumentalness>0.012077</instrumentalness><mode>0</mode><time_signature>4</time_signature><duration>293.75955</duration><loudness>-7.218</loudness><audio_md5 /><valence>0.321771</valence><danceability>0.569035</danceability></audio_summary><title>Intelligence</title></song><song><artist_id>ARKT6J61187FB4D324</artist_id><artist_name>...And You Will Know Us by the Trail of Dead</artist_name><id>SOJTEYN1315CD481DF</id><audio_summary><key>0</key><analysis_url>http://echonest-analysis.s3.amazonaws.com/TR/obcm8AJGTISufvHDMWJ_i9t537L0nTlE6IMiK663Yih2EybZkCayzBR1xVtKSmcZNB4CtGCUyMyvuf45k%3D/3/full.json?AWSAccessKeyId=AKIAJRDFEY23UEVW42BQ&amp;Expires=1415343579&amp;Signature=f8ZFr/Ey8FHZXb/bnLt0ajNtjBQ%3D</analysis_url><energy>0.8859</energy><liveness>0.433313</liveness><tempo>131.37</tempo><speechiness>0.059389</speechiness><acousticness>0.041374</acousticness><instrumentalness>0.003608</instrumentalness><mode>1</mode><time_signature>4</time_signature><duration>274.35955</duration><loudness>-4.898</loudness><audio_md5>824cae8eef8769ea21d5bf01656bed73</audio_md5><valence>0.057617</valence><danceability>0.268935</danceability></audio_summary><title>Stand In Silence</title></song><song><artist_id>ARKT6J61187FB4D324</artist_id><artist_name>...And You Will Know Us by the Trail of Dead</artist_name><id>SOBFQRA13665BEE9C1</id><audio_summary><key>0</key><analysis_url>http://echonest-analysis.s3.amazonaws.com/TR/gB8SuwSb6Lx2hO6m-kszImCrI2imOMScP5S6b_x_PHPJUHCOd5lMMz3vDKh5kJ-jl6Lp8p9CQp7-_iRhs%3D/3/full.json?AWSAccessKeyId=AKIAJRDFEY23UEVW42BQ&amp;Expires=1415343579&amp;Signature=bFXRfEC96V/0DFn6WC94axYo0CY%3D</analysis_url><energy>0.668526</energy><liveness>0.431179</liveness><tempo>123.967</tempo><speechiness>0.0572</speechiness><acousticness>0.001432</acousticness><instrumentalness>0.034236</instrumentalness><mode>0</mode><time_signature>4</time_signature><duration>285.05288</duration><loudness>-13.109</loudness><audio_md5 /><valence>0.222722</valence><danceability>0.551615</danceability></audio_summary><title>Intelligence</title></song><song><artist_id>ARKT6J61187FB4D324</artist_id><artist_name>...And You Will Know Us by the Trail of Dead</artist_name><id>SOOFVTB1370FD36BCB</id><audio_summary><key>2</key><analysis_url>http://echonest-analysis.s3.amazonaws.com/TR/Eum45gP91Ghm4Uw_N1sVucOXiJJgSfROAo2mlwh9CPXdgFUIsG2s4fkWFRv4Wp2A3H9vT9oVDBuNt4tTs%3D/3/full.json?AWSAccessKeyId=AKIAJRDFEY23UEVW42BQ&amp;Expires=1415343579&amp;Signature=wmyv3sIUoLp7V%2B7b9lf0rwMF/CY%3D</analysis_url><energy>0.564477</energy><liveness>0.12773</liveness><tempo>167.852</tempo><speechiness>0.036712</speechiness><acousticness>0.002075</acousticness><instrumentalness>0.834809</instrumentalness><mode>1</mode><time_signature>4</time_signature><duration>503.97288</duration><loudness>-10.037</loudness><audio_md5 /><valence>0.039471</valence><danceability>0.157185</danceability></audio_summary><title>Novena Without Faith</title></song><song><artist_id>ARKT6J61187FB4D324</artist_id><artist_name>...And You Will Know Us by the Trail of Dead</artist_name><id>SOTQZSN13ACD95E34C</id><audio_summary><key>7</key><analysis_url>http://echonest-analysis.s3.amazonaws.com/TR/8CUz0gxRnL6Tu9hCTdFAJTLLtjyKvOhVfT-tagyTCU8LEgWd0btCR3Yz10Kw37_VeletMku8L82jHLMqo%3D/3/full.json?AWSAccessKeyId=AKIAJRDFEY23UEVW42BQ&amp;Expires=1415343579&amp;Signature=zmiNLZ8eg1TlItRMfYCCqlzz/C4%3D</analysis_url><energy>0.771016</energy><liveness>0.185985</liveness><tempo>114.245</tempo><speechiness>0.046762</speechiness><acousticness>0.006865</acousticness><instrumentalness>0.188452</instrumentalness><mode>1</mode><time_signature>4</time_signature><duration>286.59955</duration><loudness>-4.424</loudness><audio_md5>402ba85dbab33a69bd5d10be667c2c4f</audio_md5><valence>0.285566</valence><danceability>0.169</danceability></audio_summary><title>Up to Infinity</title></song><song><artist_id>ARKT6J61187FB4D324</artist_id><artist_name>...And You Will Know Us by the Trail of Dead</artist_name><id>SOCEYKT12A8C138B7C</id><audio_summary><key>7</key><analysis_url>http://echonest-analysis.s3.amazonaws.com/TR/K0vRQwknpghbcbpcQoIUCIQ12Xzt47zip1KM57tzum9ECKIGYjte43jVHOGFVz-2j91dF8QuWN9rAx2iU%3D/3/full.json?AWSAccessKeyId=AKIAJRDFEY23UEVW42BQ&amp;Expires=1415343579&amp;Signature=io2hp7m7Moeq4IDHJ5YKr8xkkkk%3D</analysis_url><energy>0.984798</energy><liveness>0.122745</liveness><tempo>157.844</tempo><speechiness>0.157355</speechiness><acousticness>0.002714</acousticness><instrumentalness>0.223158</instrumentalness><mode>1</mode><time_signature>4</time_signature><duration>226.78621</duration><loudness>-5.617</loudness><audio_md5 /><valence>0.157628</valence><danceability>0.291718</danceability></audio_summary><title>Mistakes and Regrets</title></song><song><artist_id>ARKT6J61187FB4D324</artist_id><artist_name>...And You Will Know Us by the Trail of Dead</artist_name><id>SOLREYL13167716AE4</id><audio_summary><key>9</key><analysis_url>http://echonest-analysis.s3.amazonaws.com/TR/YrY2ag8L9pcxFQd35wCow3xosK3eIsrTflsB5cl7rnCIayXAWreYxBsa8aEMFiRIx7kgBQz0lVrFmtM8k%3D/3/full.json?AWSAccessKeyId=AKIAJRDFEY23UEVW42BQ&amp;Expires=1415343579&amp;Signature=czv0Ic8ncHxnWmVoUTyvKNSI3K8%3D</analysis_url><energy>0.505866</energy><liveness>0.452283</liveness><tempo>117.771</tempo><speechiness>0.034351</speechiness><acousticness>0.24132</acousticness><instrumentalness>0.849785</instrumentalness><mode>1</mode><time_signature>4</time_signature><duration>147.88608</duration><loudness>-7.405</loudness><audio_md5 /><valence>0.056612</valence><danceability>0.31194</danceability></audio_summary><title>Fall Of The Empire</title></song><song><artist_id>ARKT6J61187FB4D324</artist_id><artist_name>...And You Will Know Us by the Trail of Dead</artist_name><id>SOCXZUA130516E02B1</id><audio_summary><key>9</key><analysis_url>http://echonest-analysis.s3.amazonaws.com/TR/k9wQ7g1L8DKM1AsLgChDDNP8oGDVMVGeYUxIJdCFxjT_PXSuDZc3XlVAySDqP42QmTr5-6AL-e3gIXHfM%3D/3/full.json?AWSAccessKeyId=AKIAJRDFEY23UEVW42BQ&amp;Expires=1415343579&amp;Signature=xiYImMOK/iRWJmsYHif16JriT9A%3D</analysis_url><energy>0.543179</energy><liveness>0.139666</liveness><tempo>120.132</tempo><speechiness>0.040958</speechiness><acousticness>0.000289</acousticness><instrumentalness>0.951699</instrumentalness><mode>1</mode><time_signature>3</time_signature><duration>143.78658</duration><loudness>-8.857</loudness><audio_md5 /><valence>0.167254</valence><danceability>0.219357</danceability></audio_summary><title>Introduction: "Let'S Experiment"</title></song><song><artist_id>ARKT6J61187FB4D324</artist_id><artist_name>...And You Will Know Us by the Trail of Dead</artist_name><id>SONMWKC130516E1E5B</id><audio_summary><key>2</key><analysis_url>http://echonest-analysis.s3.amazonaws.com/TR/iWaiEgFI9SOcTjCmc6Mcpvv7K1JJWrOoCcQcgcQRZCxmlyBTRAIC3fGHmLZdyZX3VPHGwu5A6VqjS1czw%3D/3/full.json?AWSAccessKeyId=AKIAJRDFEY23UEVW42BQ&amp;Expires=1415343579&amp;Signature=eSY43eb8hNLAm6xMwNKJ/UnAy2w%3D</analysis_url><energy>0.89053</energy><liveness>0.120802</liveness><tempo>114.978</tempo><speechiness>0.108833</speechiness><acousticness>0.000277</acousticness><instrumentalness>0.762971</instrumentalness><mode>1</mode><time_signature>4</time_signature><duration>343.89125</duration><loudness>-6.609</loudness><audio_md5 /><valence>0.342244</valence><danceability>0.217822</danceability></audio_summary><title>The Fairlight Pendant</title></song><song><artist_id>ARKT6J61187FB4D324</artist_id><artist_name>...And You Will Know Us by the Trail of Dead</artist_name><id>SOOCQBR12A67AD730D</id><audio_summary><key>5</key><analysis_url>http://echonest-analysis.s3.amazonaws.com/TR/mtN7JAxO14HV3Nap17AthOL0E_J20R1HJK68IR_YkbzmO9HHZI6qNYqRNr-CSzt0waObS2SQ1hxjykQ64%3D/3/full.json?AWSAccessKeyId=AKIAJRDFEY23UEVW42BQ&amp;Expires=1415343579&amp;Signature=q8mv/0JgQ6n0jUJXjgcYFBS0Zxc%3D</analysis_url><energy>0.789796</energy><liveness>0.292646</liveness><tempo>89.784</tempo><speechiness>0.053341</speechiness><acousticness>0.00365</acousticness><instrumentalness>0.546539</instrumentalness><mode>1</mode><time_signature>4</time_signature><duration>228.76254</duration><loudness>-6.543</loudness><audio_md5>9a86af470ca3d99574ce1e75eb5a5910</audio_md5><valence>0.192039</valence><danceability>0.242239</danceability></audio_summary><title>Mach Schau</title></song><song><artist_id>ARKT6J61187FB4D324</artist_id><artist_name>...And You Will Know Us by the Trail of Dead</artist_name><id>SOEOFHS14561A157F9</id><audio_summary><key>5</key><analysis_url>http://echonest-analysis.s3.amazonaws.com/TR/ovN3JQE_xSyBtP_rKTZGPO82xbfLlB5Yf3PdWYu-vdjW_19GgvyrDTwidZzP4-tr8adUsd6l1HQJM4lmk%3D/3/full.json?AWSAccessKeyId=AKIAJRDFEY23UEVW42BQ&amp;Expires=1415343579&amp;Signature=BgOze7HDyzhE8/eH6qqSqYMY1T4%3D</analysis_url><energy>0.974408</energy><liveness>0.691743</liveness><tempo>120.071</tempo><speechiness>0.159566</speechiness><acousticness>0.28957</acousticness><instrumentalness>0.368726</instrumentalness><mode>1</mode><time_signature>4</time_signature><duration>289.03955</duration><loudness>-3.657</loudness><audio_md5 /><valence>0.106528</valence><danceability>0.357974</danceability></audio_summary><title>Caterwaul (Live in Cologne 14. 05. 2009)</title></song><song><artist_id>ARKT6J61187FB4D324</artist_id><artist_name>...And You Will Know Us by the Trail of Dead</artist_name><id>SOCPZXI1316771651F</id><audio_summary><key>4</key><analysis_url>http://echonest-analysis.s3.amazonaws.com/TR/mJbZQA0VuC_bvPrm7kE6Vm0UDtiGsEKLI5g_LcLBrFfA9a8EyQQTyr9jrDZLGmUwNtYNkH3IvUJ_ATmRk%3D/3/full.json?AWSAccessKeyId=AKIAJRDFEY23UEVW42BQ&amp;Expires=1415343579&amp;Signature=/CZiF23K0uZro8XqIVtMaKI9n8U%3D</analysis_url><energy>0.838079</energy><liveness>0.633512</liveness><tempo>120.927</tempo><speechiness>0.051828</speechiness><acousticness>0.000776</acousticness><instrumentalness>0.717176</instrumentalness><mode>1</mode><time_signature>4</time_signature><duration>171.36635</duration><loudness>-7.004</loudness><audio_md5 /><valence>0.073207</valence><danceability>0.271194</danceability></audio_summary><title>Cover The Days Like A Tidal Wave</title></song><song><artist_id>ARKT6J61187FB4D324</artist_id><artist_name>...And You Will Know Us by the Trail of Dead</artist_name><id>SOAVTGZ131677161C6</id><audio_summary><key>0</key><analysis_url>http://echonest-analysis.s3.amazonaws.com/TR/QnRj1AhRShGZQXNEz38PwaFy8uz6Sgy_dngIzCKc6Mz2ZFUyTK3d0JEUkNLodzlkzHffl48BlJOoYFbgU%3D/3/full.json?AWSAccessKeyId=AKIAJRDFEY23UEVW42BQ&amp;Expires=1415343579&amp;Signature=Na/A7i9hS31SmrZZ1ls/i%2BKgNnw%3D</analysis_url><energy>0.843474</energy><liveness>0.628666</liveness><tempo>185.452</tempo><speechiness>0.051153</speechiness><acousticness>0.002093</acousticness><instrumentalness>0.000165</instrumentalness><mode>1</mode><time_signature>3</time_signature><duration>139.14014</duration><loudness>-6.19</loudness><audio_md5 /><valence>0.541481</valence><danceability>0.149214</danceability></audio_summary><title>Weight Of The Sun (Or The Post-Modern Prometheus)</title></song><song><artist_id>ARKT6J61187FB4D324</artist_id><artist_name>...And You Will Know Us by the Trail of Dead</artist_name><id>SOZNMQU14561A1E72D</id><audio_summary><key>7</key><analysis_url>http://echonest-analysis.s3.amazonaws.com/TR/wc7-gwx6MPev-eIT_7n4nU687LRFazQw3yQhc2H6UHIQ3txtGE6fdayTV_RHqohn3mVZ_hawBuDpfR8WQ%3D/3/full.json?AWSAccessKeyId=AKIAJRDFEY23UEVW42BQ&amp;Expires=1415343579&amp;Signature=yLVpTRWqJh27xxpwWKwLxG/VwRE%3D</analysis_url><energy>0.91014</energy><liveness>0.377312</liveness><tempo>81.08</tempo><speechiness>0.119537</speechiness><acousticness>0.209912</acousticness><instrumentalness>0.005875</instrumentalness><mode>1</mode><time_signature>4</time_signature><duration>318.54621</duration><loudness>-4.966</loudness><audio_md5 /><valence>0.078612</valence><danceability>0.153206</danceability></audio_summary><title>Another Morning Stoner (Live in Cologne 14. 05. 2009)</title></song><song><artist_id>ARKT6J61187FB4D324</artist_id><artist_name>...And You Will Know Us by the Trail of Dead</artist_name><id>SOZKHPK145619FE2D4</id><audio_summary><key>2</key><analysis_url>http://echonest-analysis.s3.amazonaws.com/TR/WecAOQJuL9mKUFaRIoG5t7aJBUO4jOelEOj6nF0hsl0ItWVUiKTOG6LjqKlCigJhxZPTZ7CrHCGelLoro%3D/3/full.json?AWSAccessKeyId=AKIAJRDFEY23UEVW42BQ&amp;Expires=1415343579&amp;Signature=/tV1BZr8MkDrYoHpbJmgMEkDwkc%3D</analysis_url><energy>0.856133</energy><liveness>0.937782</liveness><tempo>73.119</tempo><speechiness>0.056267</speechiness><acousticness>0.541526</acousticness><instrumentalness>0.413451</instrumentalness><mode>1</mode><time_signature>4</time_signature><duration>344.35955</duration><loudness>-5.681</loudness><audio_md5 /><valence>0.313282</valence><danceability>0.280751</danceability></audio_summary><title>Bells of Creation (Live in Cologne 14. 05. 2009)</title></song><song><artist_id>ARKT6J61187FB4D324</artist_id><artist_name>...And You Will Know Us by the Trail of Dead</artist_name><id>SOYMQTD14561A3B4FA</id><audio_summary><key>2</key><analysis_url>http://echonest-analysis.s3.amazonaws.com/TR/USjEmQ2Y2_TdVUu8kPHGjh7CldDNoEuCKbKqY2zuPeAF3RfytwiaYy0a7RbHhRy0QwYI6euSq1hIA9djY%3D/3/full.json?AWSAccessKeyId=AKIAJRDFEY23UEVW42BQ&amp;Expires=1415343579&amp;Signature=ZzFP9ZRsiSTG8Tkg50LRY0P0k/I%3D</analysis_url><energy>0.795178</energy><liveness>0.187851</liveness><tempo>79.494</tempo><speechiness>0.045989</speechiness><acousticness>0.331799</acousticness><instrumentalness>0.001982</instrumentalness><mode>1</mode><time_signature>4</time_signature><duration>279.78621</duration><loudness>-5.861</loudness><audio_md5 /><valence>0.174885</valence><danceability>0.287257</danceability></audio_summary><title>Mistakes and Regrets (Live in Cologne 14. 05. 2009)</title></song><song><artist_id>ARKT6J61187FB4D324</artist_id><artist_name>...And You Will Know Us by the Trail of Dead</artist_name><id>SOCLENB13EDB244D1D</id><audio_summary><key>0</key><analysis_url>http://echonest-analysis.s3.amazonaws.com/TR/UmH6Xg3-1xqssQrH5yAcFtoXl16DX1YyvDc_W0sMEsc_zIbO_dtU1E4G_A7YwSMjLiEOMFSqgVZztyJBQ%3D/3/full.json?AWSAccessKeyId=AKIAJRDFEY23UEVW42BQ&amp;Expires=1415343579&amp;Signature=hZftbG%2BA0eGjTGQxGFnaCYCAJUg%3D</analysis_url><energy>0.886608</energy><liveness>0.825712</liveness><tempo>109.78</tempo><speechiness>0.068157</speechiness><acousticness>0.003931</acousticness><instrumentalness>0.879732</instrumentalness><mode>1</mode><time_signature>4</time_signature><duration>178.26621</duration><loudness>-6.075</loudness><audio_md5 /><valence>0.227859</valence><danceability>0.286597</danceability></audio_summary><title>Homage</title></song><song><artist_id>ARKT6J61187FB4D324</artist_id><artist_name>...And You Will Know Us by the Trail of Dead</artist_name><id>SOBFKXF1315CD48E6C</id><audio_summary><key>11</key><analysis_url>http://echonest-analysis.s3.amazonaws.com/TR/awS2Cgc8M_HWZMRd7uFG1coHNER_3svVEjaZJrlwvn8uPArX8jtYi-bbiWJE2g22jQLdZyI1kqqK_GIb8%3D/3/full.json?AWSAccessKeyId=AKIAJRDFEY23UEVW42BQ&amp;Expires=1415343579&amp;Signature=d8H8yQw0gso/fCOHR4i1FcFHLVI%3D</analysis_url><energy>0.606992</energy><liveness>0.168993</liveness><tempo>83.943</tempo><speechiness>0.046914</speechiness><acousticness>0.238478</acousticness><instrumentalness>0.000741</instrumentalness><mode>0</mode><time_signature>4</time_signature><duration>230.93288</duration><loudness>-8.718</loudness><audio_md5 /><valence>0.239979</valence><danceability>0.488369</danceability></audio_summary><title>The Lost City Of Refuge</title></song><song><artist_id>ARKT6J61187FB4D324</artist_id><artist_name>...And You Will Know Us by the Trail of Dead</artist_name><id>SOBXJBZ12A6701C610</id><audio_summary><key>6</key><analysis_url>http://echonest-analysis.s3.amazonaws.com/TR/9XmjEQfkQguGYuaF9Vt_Trnw0pT-8WHcMozzD2kMZP_ZVT5NMKbU98q_oMebhGW1woMGxF_nI6He66lHI%3D/3/full.json?AWSAccessKeyId=AKIAJRDFEY23UEVW42BQ&amp;Expires=1415343579&amp;Signature=zsJF8F8Ujz3c3OEYk1tFgwn%2Btco%3D</analysis_url><energy>0.96168</energy><liveness>0.359494</liveness><tempo>103.635</tempo><speechiness>0.096526</speechiness><acousticness>0.002821</acousticness><instrumentalness>0.028109</instrumentalness><mode>0</mode><time_signature>4</time_signature><duration>209.15955</duration><loudness>-4.622</loudness><audio_md5 /><valence>0.162096</valence><danceability>0.270217</danceability></audio_summary><title>Homage</title></song><song><artist_id>ARKT6J61187FB4D324</artist_id><artist_name>...And You Will Know Us by the Trail of Dead</artist_name><id>SOGDBOP1312A8AAC05</id><audio_summary><key>0</key><analysis_url>http://echonest-analysis.s3.amazonaws.com/TR/o42ongZ7nIOnzCtZ6o9iNNg2AYVBHshv6a2Hq_sxUCsSiU3sW2-_0q73wWip5c6_n2rniSlnkyJOMUH0k%3D/3/full.json?AWSAccessKeyId=AKIAJRDFEY23UEVW42BQ&amp;Expires=1415343579&amp;Signature=ke%2BROszj1Dsu%2BGEnf02at01qpz8%3D</analysis_url><energy>0.283717</energy><liveness>0.157137</liveness><tempo>140.023</tempo><speechiness>0.031691</speechiness><acousticness>0.830041</acousticness><instrumentalness>0.983274</instrumentalness><mode>0</mode><time_signature>4</time_signature><duration>50.71955</duration><loudness>-10.638</loudness><audio_md5 /><valence>0.1241</valence><danceability>0.455791</danceability></audio_summary><title>An August Theme</title></song><song><artist_id>ARKT6J61187FB4D324</artist_id><artist_name>...And You Will Know Us by the Trail of Dead</artist_name><id>SOXOAGW145619D4EBD</id><audio_summary><key>0</key><analysis_url>http://echonest-analysis.s3.amazonaws.com/TR/Jq9LvwMfLPfXszfLO_flv0wl6q18AMNUzF96ux9m3RMeYUGpWJ30whuKPdWcjInd1i_pQ4x6-RsJUCaPg%3D/3/full.json?AWSAccessKeyId=AKIAJRDFEY23UEVW42BQ&amp;Expires=1415343579&amp;Signature=8fIUM6HCFTsRlcETYSFUd8j/REE%3D</analysis_url><energy>0.529672</energy><liveness>0.478926</liveness><tempo>108.772</tempo><speechiness>0.036674</speechiness><acousticness>0.47114</acousticness><instrumentalness>0.005846</instrumentalness><mode>1</mode><time_signature>4</time_signature><duration>124.39955</duration><loudness>-8.948</loudness><audio_md5 /><valence>0.091952</valence><danceability>0.26778</danceability></audio_summary><title>Intro (Live in Cologne 14. 05. 2009)</title></song><song><artist_id>ARKT6J61187FB4D324</artist_id><artist_name>...And You Will Know Us by the Trail of Dead</artist_name><id>SOMKLRF145619E6FA3</id><audio_summary><key>2</key><analysis_url>http://echonest-analysis.s3.amazonaws.com/TR/axl2SAVKxlSt-i3qxaPpP5hCFHZY-SaWUi1dOrK2E5H8sxTDBG1Qhg6e0Yo_NnpS8QFFN8dZlvt6f5M_U%3D/3/full.json?AWSAccessKeyId=AKIAJRDFEY23UEVW42BQ&amp;Expires=1415343579&amp;Signature=hKV5o8QJ09GkMtKuXDhaP03Div4%3D</analysis_url><energy>0.973118</energy><liveness>0.616462</liveness><tempo>136.343</tempo><speechiness>0.313833</speechiness><acousticness>0.086922</acousticness><instrumentalness>0.002378</instrumentalness><mode>0</mode><time_signature>4</time_signature><duration>220.63955</duration><loudness>-4.987</loudness><audio_md5 /><valence>0.219444</valence><danceability>0.247974</danceability></audio_summary><title>It Was There That I Saw You (Live in Cologne 14. 05. 2009)</title></song><song><artist_id>ARKT6J61187FB4D324</artist_id><artist_name>...And You Will Know Us by the Trail of Dead</artist_name><id>SONGJWU13E93F8C306</id><audio_summary><key>2</key><analysis_url>http://echonest-analysis.s3.amazonaws.com/TR/1ev9Rgo2SX31LPwmDxNvLPi4_IuQGLJBZWjFck9DyVOBjHgAka_R3x8XwMEpLiOVuXZd7QsEx9nwg-vu8%3D/3/full.json?AWSAccessKeyId=AKIAJRDFEY23UEVW42BQ&amp;Expires=1415343579&amp;Signature=7XqgcgdvQzGFEwu2gdobSHbWLog%3D</analysis_url><energy>0.602731</energy><liveness>0.102882</liveness><tempo>94.703</tempo><speechiness>0.036483</speechiness><acousticness>0.009286</acousticness><instrumentalness>0.587515</instrumentalness><mode>1</mode><time_signature>4</time_signature><duration>466.90621</duration><loudness>-9.453</loudness><audio_md5 /><valence>0.200114</valence><danceability>0.332158</danceability></audio_summary><title>When We Begin to Steal...</title></song><song><artist_id>ARKT6J61187FB4D324</artist_id><artist_name>...And You Will Know Us by the Trail of Dead</artist_name><id>SOAFLKG1311AFDB6AA</id><audio_summary><key>10</key><analysis_url>http://echonest-analysis.s3.amazonaws.com/TR/wKtakg-dlDVPwxpNCxfoYnvll-RGE8mjK3zM1RC3yMeyLbCWcEBi8nve-S1AGlGlWCUD06EvMAknXniwc%3D/3/full.json?AWSAccessKeyId=AKIAJRDFEY23UEVW42BQ&amp;Expires=1415343579&amp;Signature=vy/Sr9PcCv5fkqj/7rURNlbfe60%3D</analysis_url><energy>0.455188</energy><liveness>0.101641</liveness><tempo>107.268</tempo><speechiness>0.167567</speechiness><acousticness>0.827783</acousticness><instrumentalness>0.056031</instrumentalness><mode>1</mode><time_signature>4</time_signature><duration>30.99955</duration><loudness>-18.845</loudness><audio_md5 /><valence>0.303017</valence><danceability>0.520361</danceability></audio_summary><title>And You Will Know Them...</title></song><song><artist_id>ARKT6J61187FB4D324</artist_id><artist_name>...And You Will Know Us by the Trail of Dead</artist_name><id>SOEGSHW1311AFE814A</id><audio_summary><key>3</key><analysis_url>http://echonest-analysis.s3.amazonaws.com/TR/fMKMOAmZiN_nSAElHGDbampFRuIIBxEMR3TnIQbGjd1NIt8d7MqnHGIY8sk2k-682o2qSm5NTdJeAVTdI%3D/3/full.json?AWSAccessKeyId=AKIAJRDFEY23UEVW42BQ&amp;Expires=1415343579&amp;Signature=uW2Tx%2BJGiNzz4RKuOr9r1WfzWm4%3D</analysis_url><energy>0.965717</energy><liveness>0.151706</liveness><tempo>102.078</tempo><speechiness>0.202111</speechiness><acousticness>0.001571</acousticness><instrumentalness>0.018903</instrumentalness><mode>1</mode><time_signature>4</time_signature><duration>317.33288</duration><loudness>-4.897</loudness><audio_md5>dacf7e869cd2d0116a6cb18f24085f89</audio_md5><valence>0.038389</valence><danceability>0.172505</danceability></audio_summary><title>A Perfect Teenhood</title></song><song><artist_id>ARKT6J61187FB4D324</artist_id><artist_name>...And You Will Know Us by the Trail of Dead</artist_name><id>SOEJGMJ1315CD4689A</id><audio_summary><key>7</key><analysis_url>http://echonest-analysis.s3.amazonaws.com/TR/UmFmxQCSwYmJJoparKVdVgwOLDlJZsSFyufNlmto9NqyeHgjfmBNV8xmGUDWB3U8rYoiKd3-DRU8tvhUI%3D/3/full.json?AWSAccessKeyId=AKIAJRDFEY23UEVW42BQ&amp;Expires=1415343579&amp;Signature=uWWAYsMdgxuHgXmnzRz6wyzxTeA%3D</analysis_url><energy>0.737408</energy><liveness>0.137834</liveness><tempo>127.698</tempo><speechiness>0.042474</speechiness><acousticness>8.8e-05</acousticness><instrumentalness>0.67541</instrumentalness><mode>0</mode><time_signature>4</time_signature><duration>353.55955</duration><loudness>-6.401</loudness><audio_md5>410d8963d0b4447f3ed528b11a3b8948</audio_md5><valence>0.103234</valence><danceability>0.228478</danceability></audio_summary><title>Monsoon</title></song><song><artist_id>ARKT6J61187FB4D324</artist_id><artist_name>...And You Will Know Us by the Trail of Dead</artist_name><id>SOJODJU12A6701C616</id><audio_summary><key>5</key><analysis_url>http://echonest-analysis.s3.amazonaws.com/TR/Fa1x9Ak-qWHXpf53mlg9TMCzJ0Ekw-rWT8svLwnjdzzzRnwMMdcrt4Rk3J2nl7Pe6MJ4Th1wNZITxCJV4%3D/3/full.json?AWSAccessKeyId=AKIAJRDFEY23UEVW42BQ&amp;Expires=1415343579&amp;Signature=I2xS6SsUaV6fNfd4P8pFwQc5Cq4%3D</analysis_url><energy>0.265014</energy><liveness>0.705386</liveness><tempo>112.023</tempo><speechiness>0.030852</speechiness><acousticness>0.970111</acousticness><instrumentalness>0.841515</instrumentalness><mode>1</mode><time_signature>3</time_signature><duration>75.09288</duration><loudness>-20.022</loudness><audio_md5>91506a59b6bb027f16c402acc16fd401</audio_md5><valence>0.258257</valence><danceability>0.424377</danceability></audio_summary><title>After The Laughter</title></song><song><artist_id>ARKT6J61187FB4D324</artist_id><artist_name>...And You Will Know Us by the Trail of Dead</artist_name><id>SOALGXJ12AB017ED8F</id><audio_summary><key>0</key><analysis_url>http://echonest-analysis.s3.amazonaws.com/TR/8CeCYA1wzUPU3OUj9ORx470lc9NUlY2bjJKbhBhA6wCfnt3r7_pKTTTzSfb91VG8ROCChlIEYyc_goaD0%3D/3/full.json?AWSAccessKeyId=AKIAJRDFEY23UEVW42BQ&amp;Expires=1415343579&amp;Signature=5lXWrZCNEJRf1GSW8S9YHYIUpOs%3D</analysis_url><energy>0.910082</energy><liveness>0.078361</liveness><tempo>110.299</tempo><speechiness>0.064257</speechiness><acousticness>0.040218</acousticness><instrumentalness>0.582322</instrumentalness><mode>0</mode><time_signature>3</time_signature><duration>396.02621</duration><loudness>-5.107</loudness><audio_md5 /><valence>0.163671</valence><danceability>0.22038</danceability></audio_summary><title>Halcyon Days</title></song><song><artist_id>ARKT6J61187FB4D324</artist_id><artist_name>...And You Will Know Us by the Trail of Dead</artist_name><id>SOOVYPU14561A26BB0</id><audio_summary><key>2</key><analysis_url>http://echonest-analysis.s3.amazonaws.com/TR/V88qmQCBnd55C4qH7s3DeZzlc32RSwx1bv3bPg36LTA-DrLhdlHcKZrHmdUuRtAMQLoCOgal32RIl9uBc%3D/3/full.json?AWSAccessKeyId=AKIAJRDFEY23UEVW42BQ&amp;Expires=1415343579&amp;Signature=f2Y6UODwlqnU2cQYzuTnzsNwn70%3D</analysis_url><energy>0.844974</energy><liveness>0.200833</liveness><tempo>143.606</tempo><speechiness>0.073296</speechiness><acousticness>0.245024</acousticness><instrumentalness>0.002722</instrumentalness><mode>1</mode><time_signature>3</time_signature><duration>234.34621</duration><loudness>-5.456</loudness><audio_md5 /><valence>0.141372</valence><danceability>0.311153</danceability></audio_summary><title>Claire de lune (Live in cologne 14. 05. 2009)</title></song><song><artist_id>ARKT6J61187FB4D324</artist_id><artist_name>...And You Will Know Us by the Trail of Dead</artist_name><id>SOMZUSP147E1140FD2</id><audio_summary><key>9</key><analysis_url>http://echonest-analysis.s3.amazonaws.com/TR/mV0jdwgrSuYhxKuEL-c_VmJBu-dWpnYPzx33-TQzZ53abrCKUWk8XCcCvIMFVlMMNC-C9RmC3df24OJqY%3D/3/full.json?AWSAccessKeyId=AKIAJRDFEY23UEVW42BQ&amp;Expires=1415343579&amp;Signature=eHn8E0bqVeElB5AF7gyFmT5LJSg%3D</analysis_url><energy>0.982538</energy><liveness>0.662131</liveness><tempo>133.198</tempo><speechiness>0.373602</speechiness><acousticness>0.280717</acousticness><instrumentalness>0.274892</instrumentalness><mode>0</mode><time_signature>5</time_signature><duration>200.18621</duration><loudness>-4.884</loudness><audio_md5 /><valence>0.062941</valence><danceability>0.245292</danceability></audio_summary><title>Homage - Live in Cologne 14. 05. 2009</title></song><song><artist_id>ARKT6J61187FB4D324</artist_id><artist_name>...And You Will Know Us by the Trail of Dead</artist_name><id>SOZHIUZ13665BF35E3</id><audio_summary><key>7</key><analysis_url>http://echonest-analysis.s3.amazonaws.com/TR/uLqHVAiLpJS_ujdeIs8EjMZ5q6fgx3SlCFPJLGl1xNSwewWnE7uuAAPm_h2d9ZbnFtiQ0Kt9vTz9nVJSI%3D/3/full.json?AWSAccessKeyId=AKIAJRDFEY23UEVW42BQ&amp;Expires=1415343579&amp;Signature=eQt9GlkWbe0KfPVorCYYNmSXjSc%3D</analysis_url><energy>0.740559</energy><liveness>0.490417</liveness><tempo>127.686</tempo><speechiness>0.039691</speechiness><acousticness>7.9e-05</acousticness><instrumentalness>0.671159</instrumentalness><mode>0</mode><time_signature>4</time_signature><duration>321.99955</duration><loudness>-6.148</loudness><audio_md5>582e9e23c75b813ff04f4b046f4bf91a</audio_md5><valence>0.144779</valence><danceability>0.364549</danceability></audio_summary><title>Monsoon</title></song><song><artist_id>ARKT6J61187FB4D324</artist_id><artist_name>...And You Will Know Us by the Trail of Dead</artist_name><id>SOWPZVH145619F5C68</id><audio_summary><key>9</key><analysis_url>http://echonest-analysis.s3.amazonaws.com/TR/tc-WOgsgzv-zlf79ENITSaCZn355UiX_2WROfF6ypKuaAAGRSecQmbjC4wmhamEP7xp14alxK2AcDBT6g%3D/3/full.json?AWSAccessKeyId=AKIAJRDFEY23UEVW42BQ&amp;Expires=1415343579&amp;Signature=h1IYYGTCghkz725NyRRPaUM2TQU%3D</analysis_url><energy>0.981477</energy><liveness>0.665874</liveness><tempo>128.537</tempo><speechiness>0.394672</speechiness><acousticness>0.287314</acousticness><instrumentalness>0.269038</instrumentalness><mode>0</mode><time_signature>4</time_signature><duration>200.18621</duration><loudness>-4.912</loudness><audio_md5 /><valence>0.055866</valence><danceability>0.25821</danceability></audio_summary><title>Homage (Live in Cologne 14. 05. 2009)</title></song><song><artist_id>ARKT6J61187FB4D324</artist_id><artist_name>...And You Will Know Us by the Trail of Dead</artist_name><id>SOCIAPE12A6701C614</id><audio_summary><key>6</key><analysis_url>http://echonest-analysis.s3.amazonaws.com/TR/PNyB2QUgzhZXwN4577iLajzMZmtlXWLHfvzVFon2ZMywEiD_czPFCKmQn0a1x6MRfoayMkfxddLv6pI7w%3D/3/full.json?AWSAccessKeyId=AKIAJRDFEY23UEVW42BQ&amp;Expires=1415343579&amp;Signature=V2vu7NE36heLTpAeXebchUygAIo%3D</analysis_url><energy>0.954884</energy><liveness>0.71478</liveness><tempo>101.667</tempo><speechiness>0.064233</speechiness><acousticness>3.1e-05</acousticness><instrumentalness>0.023652</instrumentalness><mode>0</mode><time_signature>4</time_signature><duration>206.95955</duration><loudness>-3.412</loudness><audio_md5 /><valence>0.26879</valence><danceability>0.200942</danceability></audio_summary><title>Days Of Being Wild</title></song><song><artist_id>ARKT6J61187FB4D324</artist_id><artist_name>...And You Will Know Us by the Trail of Dead</artist_name><id>SOYTATM14561A441EF</id><audio_summary><key>2</key><analysis_url>http://echonest-analysis.s3.amazonaws.com/TR/eDVoow3ioUQXFqLOIesEEKQLELVbSe6CP3UKrBpSfgooUF_KWxaPIoyBzM9vGIvaN6iMRjSmIFuWqXaDE%3D/3/full.json?AWSAccessKeyId=AKIAJRDFEY23UEVW42BQ&amp;Expires=1415343579&amp;Signature=cL6U5IknvP/k62pvcXPc8gbEGcM%3D</analysis_url><energy>0.916268</energy><liveness>0.345904</liveness><tempo>105.656</tempo><speechiness>0.112945</speechiness><acousticness>0.259977</acousticness><instrumentalness>0.001391</instrumentalness><mode>1</mode><time_signature>3</time_signature><duration>595.90621</duration><loudness>-5.929</loudness><audio_md5 /><valence>0.085498</valence><danceability>0.267747</danceability></audio_summary><title>A Perfect Teenhood - Live in Cologne 14. 05. 2009</title></song><song><artist_id>ARKT6J61187FB4D324</artist_id><artist_name>...And You Will Know Us by the Trail of Dead</artist_name><id>SOLIPPC13134388FAD</id><audio_summary><key>2</key><analysis_url>http://echonest-analysis.s3.amazonaws.com/TR/LZwWbwP2sBTSfZ2fHQMSC4SdBag8jCepaW-sMV0u7e_4CDTGwrGVaXDkzj5MNyQy-3pj0PwGl0g36jiMc%3D/3/full.json?AWSAccessKeyId=AKIAJRDFEY23UEVW42BQ&amp;Expires=1415343579&amp;Signature=Uj%2BvoDa2iRGX9ooEgfx6f%2B1xJpE%3D</analysis_url><energy>0.310541</energy><liveness>0.077219</liveness><tempo>96.519</tempo><speechiness>0.051935</speechiness><acousticness>0.051939</acousticness><instrumentalness>0.441043</instrumentalness><mode>1</mode><time_signature>4</time_signature><duration>466.37288</duration><loudness>-17.59</loudness><audio_md5 /><valence>0.133704</valence><danceability>0.394345</danceability></audio_summary><title>When We Begin To Steal...</title></song><song><artist_id>ARKT6J61187FB4D324</artist_id><artist_name>...And You Will Know Us by the Trail of Dead</artist_name><id>SOOVEXQ145619DD4D4</id><audio_summary><key>4</key><analysis_url>http://echonest-analysis.s3.amazonaws.com/TR/G7UO6AbW2MvbdMqfGjBGPKECTNK9mwjjLrozdtAEFtpw5VqbwR_5ZweJrrjterT8L28G8AMo1thdvuNXc%3D/3/full.json?AWSAccessKeyId=AKIAJRDFEY23UEVW42BQ&amp;Expires=1415343579&amp;Signature=XYaRGIRzduRHafoF%2BJJEStgAj3Q%3D</analysis_url><energy>0.903445</energy><liveness>0.207285</liveness><tempo>97.037</tempo><speechiness>0.052473</speechiness><acousticness>0.279061</acousticness><instrumentalness>0.001967</instrumentalness><mode>0</mode><time_signature>4</time_signature><duration>384.47955</duration><loudness>-3.568</loudness><audio_md5 /><valence>0.098074</valence><danceability>0.132391</danceability></audio_summary><title>The Giants Causeway/ The Far Pavilions - Live in Cologne 14. 05. 2009</title></song><song><artist_id>ARKT6J61187FB4D324</artist_id><artist_name>...And You Will Know Us by the Trail of Dead</artist_name><id>SOCCFEW13167716C7C</id><audio_summary><key>2</key><analysis_url>http://echonest-analysis.s3.amazonaws.com/TR/HgVmoADlr6R9-SxL7vToMpWiIw_vBn3YbuU2renMyKT_-9onQVx2cLpxOBlpXj39Cqub6yKbWA_H8h55M%3D/3/full.json?AWSAccessKeyId=AKIAJRDFEY23UEVW42BQ&amp;Expires=1415343579&amp;Signature=VT7NPNMiLh2YaAIM45Dutk6PbP4%3D</analysis_url><energy>0.63516</energy><liveness>0.207905</liveness><tempo>90.694</tempo><speechiness>0.028716</speechiness><acousticness>0.072597</acousticness><instrumentalness>0.000246</instrumentalness><mode>1</mode><time_signature>4</time_signature><duration>153.37587</duration><loudness>-6.608</loudness><audio_md5 /><valence>0.250803</valence><danceability>0.331653</danceability></audio_summary><title>The Wasteland</title></song><song><artist_id>ARKT6J61187FB4D324</artist_id><artist_name>...And You Will Know Us by the Trail of Dead</artist_name><id>SOOHVAS14561A0EA49</id><audio_summary><key>9</key><analysis_url>http://echonest-analysis.s3.amazonaws.com/TR/IPTdSwYXi4xBshIvHwUutcdFBhkFoR-MRK_pxmcED8vMax4xEw8YW6roUKDY379sZbcHGRr_MHMsVk6ZE%3D/3/full.json?AWSAccessKeyId=AKIAJRDFEY23UEVW42BQ&amp;Expires=1415343579&amp;Signature=7DEftbvpllbmRXzUTqSJY4o8ueo%3D</analysis_url><energy>0.897702</energy><liveness>0.565204</liveness><tempo>144.383</tempo><speechiness>0.082136</speechiness><acousticness>0.124324</acousticness><instrumentalness>0.011186</instrumentalness><mode>1</mode><time_signature>4</time_signature><duration>316.50621</duration><loudness>-6.579</loudness><audio_md5 /><valence>0.119395</valence><danceability>0.293183</danceability></audio_summary><title>Relative Ways (Live in Cologne 14. 05. 2009)</title></song><song><artist_id>ARKT6J61187FB4D324</artist_id><artist_name>...And You Will Know Us by the Trail of Dead</artist_name><id>SOZJWRS14561A063D1</id><audio_summary><key>10</key><analysis_url>http://echonest-analysis.s3.amazonaws.com/TR/dtH-JAORAImfpf81NHqQB2083u0thTmCLwMRT7fP6DxDNoatkf6LxLSfWGdzgIrRnwPesZ4OcAH_HqIxk%3D/3/full.json?AWSAccessKeyId=AKIAJRDFEY23UEVW42BQ&amp;Expires=1415343579&amp;Signature=AaXeTFeA7Rk4dBWBMTVtkuYqwbY%3D</analysis_url><energy>0.90424</energy><liveness>0.747766</liveness><tempo>131.501</tempo><speechiness>0.103275</speechiness><acousticness>0.019496</acousticness><instrumentalness>0.000801</instrumentalness><mode>1</mode><time_signature>4</time_signature><duration>402.99955</duration><loudness>-5.966</loudness><audio_md5 /><valence>0.214076</valence><danceability>0.303315</danceability></audio_summary><title>Will You Smile Again? - Live in Cologne 14. 05. 2009</title></song><song><artist_id>ARKT6J61187FB4D324</artist_id><artist_name>...And You Will Know Us by the Trail of Dead</artist_name><id>SOZAHTC145619EDDD7</id><audio_summary><key>2</key><analysis_url>http://echonest-analysis.s3.amazonaws.com/TR/8qCEnATP3AvUkyKAZSdKJTamHtEZuvs-ym5n3C9RUFwtIFWK-4fWMRFrgBy49qPXIltDIH4kKrc1bRxrA%3D/3/full.json?AWSAccessKeyId=AKIAJRDFEY23UEVW42BQ&amp;Expires=1415343579&amp;Signature=PxEtL2NCCARxaXlr92zBGxh53zo%3D</analysis_url><energy>0.861243</energy><liveness>0.758783</liveness><tempo>80.946</tempo><speechiness>0.122236</speechiness><acousticness>0.097096</acousticness><instrumentalness>0.002704</instrumentalness><mode>1</mode><time_signature>4</time_signature><duration>381.67955</duration><loudness>-5.175</loudness><audio_md5 /><valence>0.066633</valence><danceability>0.212052</danceability></audio_summary><title>Isis Unveiled - Live in Cologne 14. 05. 2009</title></song><song><artist_id>ARKT6J61187FB4D324</artist_id><artist_name>...And You Will Know Us by the Trail of Dead</artist_name><id>SOLIDAR130516E186B</id><audio_summary><key>5</key><analysis_url>http://echonest-analysis.s3.amazonaws.com/TR/5K-1egz1SuCQBDB6Ejf5umAaXLO8dgmmbSCDSxUjRbQa4d7tPB-Mght2CHMx8LqEGQ7gxFdI0TQnY46ek%3D/3/full.json?AWSAccessKeyId=AKIAJRDFEY23UEVW42BQ&amp;Expires=1415343579&amp;Signature=2uT5nlhYVEhOFKNimI1fCjwEbhY%3D</analysis_url><energy>0.383122</energy><liveness>0.198201</liveness><tempo>187.926</tempo><speechiness>0.036546</speechiness><acousticness>0.104017</acousticness><instrumentalness>0.363791</instrumentalness><mode>0</mode><time_signature>3</time_signature><duration>108.1278</duration><loudness>-11.191</loudness><audio_md5>8fabbe0cc0a91dd9c7cbbccaf37ebd54</audio_md5><valence>0.071388</valence><danceability>0.351338</danceability></audio_summary><title>Spiral Jetty</title></song><song><artist_id>ARKT6J61187FB4D324</artist_id><artist_name>...And You Will Know Us by the Trail of Dead</artist_name><id>SOAGKHO1371B970D72</id><audio_summary><key>11</key><analysis_url>http://echonest-analysis.s3.amazonaws.com/TR/GWCcYgaE3sXM4NAUjVoya6TNlzwLMK39UI3PaUnpZy82ud1ASVfoJ5GkDu3gU5tunL6y6JS7oSYnOyWes%3D/3/full.json?AWSAccessKeyId=AKIAJRDFEY23UEVW42BQ&amp;Expires=1415343579&amp;Signature=yiVv0B3AIZ1MRXDqTHQMbbtTtlQ%3D</analysis_url><energy>0.916379</energy><liveness>0.090157</liveness><tempo>152.268</tempo><speechiness>0.061972</speechiness><acousticness>4e-06</acousticness><instrumentalness>0.550303</instrumentalness><mode>0</mode><time_signature>4</time_signature><duration>283.77288</duration><loudness>-6.049</loudness><audio_md5 /><valence>0.187631</valence><danceability>0.352258</danceability></audio_summary><title>Blight Takes All</title></song><song><artist_id>ARKT6J61187FB4D324</artist_id><artist_name>...And You Will Know Us by the Trail of Dead</artist_name><id>SOEWKVX1313438668A</id><audio_summary><key>7</key><analysis_url>http://echonest-analysis.s3.amazonaws.com/TR/s6NdLA9TvJN5PJucDFYjsjbw6JeHcluE37GVnxjK-Tr1NXCIJo7ySke7J7XgyZi64ol_wdLq95rqCQo9s%3D/3/full.json?AWSAccessKeyId=AKIAJRDFEY23UEVW42BQ&amp;Expires=1415343579&amp;Signature=RMacAzb2IsNXv1IYHmOtTLEBnZg%3D</analysis_url><energy>0.867648</energy><liveness>0.185878</liveness><tempo>151.33</tempo><speechiness>0.050077</speechiness><acousticness>0.000916</acousticness><instrumentalness>0.025811</instrumentalness><mode>1</mode><time_signature>4</time_signature><duration>248.73288</duration><loudness>-4.698</loudness><audio_md5>4fbd39eb32c4422434644c3978757275</audio_md5><valence>0.281528</valence><danceability>0.204855</danceability></audio_summary><title>Inland Sea</title></song><song><artist_id>ARKT6J61187FB4D324</artist_id><artist_name>...And You Will Know Us by the Trail of Dead</artist_name><id>SODWCWN12A6701F094</id><audio_summary><key>7</key><analysis_url>http://echonest-analysis.s3.amazonaws.com/TR/NqOfgQYEs1KIVR4Xblwzfk8DTZDvGdCHqL5iM7C3AoyoKT9f6w_m2cDy1SxIIr5jk-4oY1wisQPcuBmFg%3D/3/full.json?AWSAccessKeyId=AKIAJRDFEY23UEVW42BQ&amp;Expires=1415343579&amp;Signature=V9N3NKWEwLD5Jf9X/Q4EK2oWoAw%3D</analysis_url><energy>0.676612</energy><liveness>0.145328</liveness><tempo>200.418</tempo><speechiness>0.057353</speechiness><acousticness>0.224043</acousticness><instrumentalness>0.00098</instrumentalness><mode>0</mode><time_signature>3</time_signature><duration>85.79955</duration><loudness>-8.441</loudness><audio_md5 /><valence>0.719548</valence><danceability>0.190954</danceability></audio_summary><title>To Russia, My Homeland</title></song><song><artist_id>ARKT6J61187FB4D324</artist_id><artist_name>...And You Will Know Us by the Trail of Dead</artist_name><id>SOOTBJB1311AFD5235</id><audio_summary><key>5</key><analysis_url>http://echonest-analysis.s3.amazonaws.com/TR/3IjPsAf0VR90GjxTEVIHor-I_pz9VOrWWLpEqVQF7u4byvPdb0IRY3_bfzdzBMOt5XH6x1MsP5nByzT1Y%3D/3/full.json?AWSAccessKeyId=AKIAJRDFEY23UEVW42BQ&amp;Expires=1415343579&amp;Signature=eLzDWYEOLq2avqqbaaWjXz8wHeE%3D</analysis_url><energy>0.605603</energy><liveness>0.178486</liveness><tempo>103.11</tempo><speechiness>0.049139</speechiness><acousticness>0.012102</acousticness><instrumentalness>2.3e-05</instrumentalness><mode>0</mode><time_signature>4</time_signature><duration>410.93288</duration><loudness>-5.679</loudness><audio_md5>1692b0b02af17f44fbc581b200771067</audio_md5><valence>0.402338</valence><danceability>0.486836</danceability></audio_summary><title>Will You Smile Again For Me</title></song></songs></response>