<response><status><version>4.2</version><code>0</code><message>Success</message></status><songs><song><artist_id>ARJBQRW1187FB3C7BE</artist_id><artist_name>Andrea Berg</artist_name><id>SOSVFMO12A58A7D7FA</id><audio_summary><key>6</key><analysis_url>http://echonest-analysis.s3.amazonaws.com/TR/6YBY6QZ25FD5wGx-VVeKoun8i6KEY1-RWvGodLV23BK7HX-h3bS5QWbXqJrO4yS-z2--aAOv2Zb_je3S0%3D/3/full.json?AWSAccessKeyId=AKIAJRDFEY23UEVW42BQ&amp;Expires=1415343596&amp;Signature=1mHjYilem0xO3z7qqV6rFeh8%2B/8%3D</analysis_url><energy>0.891234</energy><liveness>0.13218</liveness><tempo>119.02</tempo><speechiness>0.034539</speechiness><acousticness>0.059548</acousticness><instrumentalness>0.036797</instrumentalness><mode>1</mode><time_signature>4</time_signature><duration>200.37288</duration><loudness>-5.425</loudness><audio_md5 /><valence>0.933674</valence><danceability>0.856992</danceability></audio_summary><title>Warum hast du mir nie gesagt, bleib heut Nacht</title></song><song><artist_id>ARJBQRW1187FB3C7BE</artist_id><artist_name>Andrea Berg</artist_name><id>SOADNSU13D2C0D4BE3</id><audio_summary><key>0</key><analysis_url>http://echonest-analysis.s3.amazonaws.com/TR/E_5BxwyE5RQm8sJgBzJYNMpF0P_GgvQSNmeSY2/3/full.json?AWSAccessKeyId=AKIAJRDFEY23UEVW42BQ&amp;Expires=1415343596&amp;Signature=1KuYOL/zRUG8VEr8XGrbPqg9SSA%3D</analysis_url><energy>0.841013</energy><liveness>0.09418</liveness><tempo>114.851</tempo><speechiness>0.086655</speechiness><acousticness>0.196746</acousticness><instrumentalness>4.2e-05</instrumentalness><mode>1</mode><time_signature>4</time_signature><duration>313.10322</duration><loudness>-5.276</loudness><audio_md5 /><valence>0.577553</valence><danceability>0.590122</danceability></audio_summary><title>Engel &amp; Teufel Hit Mix</title></song><song><artist_id>ARJBQRW1187FB3C7BE</artist_id><artist_name>Andrea Berg</artist_name><id>SOACIFV13ACA4FFE30</id><audio_summary><key>9</key><analysis_url>http://echonest-analysis.s3.amazonaws.com/TR/VqYGUwCxMQEZPkf05S7LgwJRz60HyoQalCpSMICCR8O1P_S3NmFvJoIkd9HXQGWfiGO_KkiNqE55pcHWk%3D/3/full.json?AWSAccessKeyId=AKIAJRDFEY23UEVW42BQ&amp;Expires=1415343596&amp;Signature=pusyDHxE5PVjF%2BUEr2yn9s4y2AA%3D</analysis_url><energy>0.650671</energy><liveness>0.475781</liveness><tempo>173.015</tempo><speechiness>0.88355</speechiness><acousticness>0.748935</acousticness><instrumentalness>0.0</instrumentalness><mode>0</mode><time_signature>3</time_signature><duration>62.09288</duration><loudness>-9.455</loudness><audio_md5 /><valence>0.47966</valence><danceability>0.51105</danceability></audio_summary><title>Zum Teufel mit der Einsamkeit - Audiokommentar</title></song><song><artist_id>ARJBQRW1187FB3C7BE</artist_id><artist_name>Andrea Berg</artist_name><id>SOADMAZ137402C5B59</id><audio_summary><key>8</key><analysis_url>http://echonest-analysis.s3.amazonaws.com/TR/M_K6wwZrdPuFNubh_pYL87aXdCsfUaSV22itGeI2Pa-kbFduG8dG0ZEAg_DK84HZBpgVj0YKixBtVRqJ4%3D/3/full.json?AWSAccessKeyId=AKIAJRDFEY23UEVW42BQ&amp;Expires=1415343596&amp;Signature=cT8n2nR0qQo0T1PQ2xw4V9m25nU%3D</analysis_url><energy>0.974093</energy><liveness>0.140147</liveness><tempo>129.949</tempo><speechiness>0.066886</speechiness><acousticness>0.080369</acousticness><instrumentalness>5.6e-05</instrumentalness><mode>1</mode><time_signature>4</time_signature><duration>272.97288</duration><loudness>-4.825</loudness><audio_md5 /><valence>0.784091</valence><danceability>0.701024</danceability></audio_summary><title>Der deutsche Hitmix No. 6 - Block B</title></song><song><artist_id>ARJBQRW1187FB3C7BE</artist_id><artist_name>Andrea Berg</artist_name><id>SONKREV12A8C14388B</id><audio_summary><key>11</key><analysis_url>http://echonest-analysis.s3.amazonaws.com/TR/AgH_0QPlWayHh3Bjeje28cmIqsasIZY26914xxY-oEqJGnj3Me9M_V2ILZe53xltVD4sDbFOHj3lvIyZc%3D/3/full.json?AWSAccessKeyId=AKIAJRDFEY23UEVW42BQ&amp;Expires=1415343596&amp;Signature=4FNcC6YPDARv%2B%2BILyOAJcgZdkhU%3D</analysis_url><energy>0.127816</energy><liveness>0.194415</liveness><tempo>73.979</tempo><speechiness>0.032978</speechiness><acousticness>0.809586</acousticness><instrumentalness>0.0</instrumentalness><mode>1</mode><time_signature>4</time_signature><duration>113.83955</duration><loudness>-12.943</loudness><audio_md5 /><valence>0.312748</valence><danceability>0.606383</danceability></audio_summary><title>Oh Tannenbaum</title></song><song><artist_id>ARJBQRW1187FB3C7BE</artist_id><artist_name>Andrea Berg</artist_name><id>SOHICKY12AB0185D62</id><audio_summary><key>7</key><analysis_url>http://echonest-analysis.s3.amazonaws.com/TR/Vo8UwAvNLxm6iNToeS-nxjYnZwIMdAeq8iSv6DxoR_xelkOJDX8RmGiWIEH-2y-N7rbp-o8xmKnvOPoE0%3D/3/full.json?AWSAccessKeyId=AKIAJRDFEY23UEVW42BQ&amp;Expires=1415343596&amp;Signature=sYnPxxSJRa7gzjlG/wdZazJLP5c%3D</analysis_url><energy>0.811145</energy><liveness>0.086734</liveness><tempo>113.98</tempo><speechiness>0.036554</speechiness><acousticness>0.560975</acousticness><instrumentalness>2.6e-05</instrumentalness><mode>1</mode><time_signature>4</time_signature><duration>179.71955</duration><loudness>-5.314</loudness><audio_md5 /><valence>0.643006</valence><danceability>0.80953</danceability></audio_summary><title>Ohne dich hab' ich schon oft die Nacht verflucht</title></song><song><artist_id>ARJBQRW1187FB3C7BE</artist_id><artist_name>Andrea Berg</artist_name><id>SOMTOCZ12A58A7BF06</id><audio_summary><key>9</key><analysis_url>http://echonest-analysis.s3.amazonaws.com/TR/sIhQMA86S5OlHv16W0CHkvMviRSnGaq-5NhRCpHluvxO-etxpDtr_bvhd1gwTZ2fEU3igWNQmdKRgtxbw%3D/3/full.json?AWSAccessKeyId=AKIAJRDFEY23UEVW42BQ&amp;Expires=1415343596&amp;Signature=WEqVWIDfGeCD31jyvyHjmJwEtpU%3D</analysis_url><energy>0.666923</energy><liveness>0.060844</liveness><tempo>108.008</tempo><speechiness>0.02927</speechiness><acousticness>0.259893</acousticness><instrumentalness>6.5e-05</instrumentalness><mode>1</mode><time_signature>4</time_signature><duration>240.42621</duration><loudness>-5.878</loudness><audio_md5 /><valence>0.473539</valence><danceability>0.682619</danceability></audio_summary><title>Geh noch nicht</title></song><song><artist_id>ARJBQRW1187FB3C7BE</artist_id><artist_name>Andrea Berg</artist_name><id>SOFXDAW12AF72A6702</id><audio_summary><key>8</key><analysis_url>http://echonest-analysis.s3.amazonaws.com/TR/TpyXowOK0cbVaIz16DIAKnhHzzOYSTx_uy2n2tlFU5Y8n_IVNJ2U8RNhJrRhL2AfQeBrrOICbhz5bGThw%3D/3/full.json?AWSAccessKeyId=AKIAJRDFEY23UEVW42BQ&amp;Expires=1415343596&amp;Signature=ZF2PK6Dfw0kEmdNFCIaTcF711bE%3D</analysis_url><energy>0.701433</energy><liveness>0.109623</liveness><tempo>106.971</tempo><speechiness>0.042073</speechiness><acousticness>0.006503</acousticness><instrumentalness>0.007859</instrumentalness><mode>1</mode><time_signature>4</time_signature><duration>206.31955</duration><loudness>-6.137</loudness><audio_md5 /><valence>0.782169</valence><danceability>0.79834</danceability></audio_summary><title>Lass mich jetzt noch nicht geh'n</title></song><song><artist_id>ARJBQRW1187FB3C7BE</artist_id><artist_name>Andrea Berg</artist_name><id>SOPVPNC1376305E6D6</id><audio_summary><key>6</key><analysis_url>http://echonest-analysis.s3.amazonaws.com/TR/wZwkpg_Sr_xb_VNW-V5RlNKzjNXK43Xx7HFbaKu3MUg2nWDNcdJfZpAS-iQ9MPpJueocNrAHffeAj7QOM%3D/3/full.json?AWSAccessKeyId=AKIAJRDFEY23UEVW42BQ&amp;Expires=1415343596&amp;Signature=MMQCYZ7UUvWzguzP2rQd8rhnIkA%3D</analysis_url><energy>0.486778</energy><liveness>0.098484</liveness><tempo>96.013</tempo><speechiness>0.027828</speechiness><acousticness>0.298214</acousticness><instrumentalness>0.000564</instrumentalness><mode>1</mode><time_signature>4</time_signature><duration>207.89288</duration><loudness>-9.99</loudness><audio_md5 /><valence>0.151171</valence><danceability>0.729128</danceability></audio_summary><title>Spiel noch einmal nur für mich</title></song><song><artist_id>ARJBQRW1187FB3C7BE</artist_id><artist_name>Andrea Berg</artist_name><id>SOCBRLK12A8C139D6A</id><audio_summary><key>8</key><analysis_url>http://echonest-analysis.s3.amazonaws.com/TR/CpqnkweZLZ540-6aINaw5jXnt5WyZf6g2g0FXXtTUvq9eG_qUUTLU7vFZVexjNZea4tMs361Iljg2XRhc%3D/3/full.json?AWSAccessKeyId=AKIAJRDFEY23UEVW42BQ&amp;Expires=1415343596&amp;Signature=ze4jjAWMPu4y%2BuR22dKUOl9V0nw%3D</analysis_url><energy>0.753155</energy><liveness>0.288212</liveness><tempo>118.946</tempo><speechiness>0.03588</speechiness><acousticness>0.267373</acousticness><instrumentalness>0.000249</instrumentalness><mode>1</mode><time_signature>4</time_signature><duration>224.55955</duration><loudness>-8.247</loudness><audio_md5 /><valence>0.866397</valence><danceability>0.753143</danceability></audio_summary><title>Schenk mir die eine Nacht</title></song><song><artist_id>ARJBQRW1187FB3C7BE</artist_id><artist_name>Andrea Berg</artist_name><id>SOVPTQH144D7BD86D2</id><audio_summary><key>10</key><analysis_url>http://echonest-analysis.s3.amazonaws.com/TR/hXVldgh3YFuAiuBDBFHLXd-lCVuNI3d_v8gb89nbi_Fadeh1C2z-I7J4v45bvdUuWy_3AXod_caUGWeTo%3D/3/full.json?AWSAccessKeyId=AKIAJRDFEY23UEVW42BQ&amp;Expires=1415343596&amp;Signature=KBIhQaP1Np1u2nMxyvivZxH1u6c%3D</analysis_url><energy>0.839708</energy><liveness>0.109795</liveness><tempo>124.948</tempo><speechiness>0.044243</speechiness><acousticness>0.155049</acousticness><instrumentalness>2.7e-05</instrumentalness><mode>1</mode><time_signature>4</time_signature><duration>218.74621</duration><loudness>-5.07</loudness><audio_md5 /><valence>0.569263</valence><danceability>0.689731</danceability></audio_summary><title>Der letzte Tag im Paradies (DJ Mix)</title></song><song><artist_id>ARJBQRW1187FB3C7BE</artist_id><artist_name>Andrea Berg</artist_name><id>SOAULRK12A8C139D65</id><audio_summary><key>8</key><analysis_url>http://echonest-analysis.s3.amazonaws.com/TR/QWErmAMVpeHeITYIH6z1x2l2q2avas6j-ETNKmwhfI7yYJ45oHv-f93yKl30lY5FeCDuDXrEqxUC46O-c%3D/3/full.json?AWSAccessKeyId=AKIAJRDFEY23UEVW42BQ&amp;Expires=1415343596&amp;Signature=cSX7/UKFLrJApfaZRbVdcQSfUmE%3D</analysis_url><energy>0.647692</energy><liveness>0.309131</liveness><tempo>121.914</tempo><speechiness>0.035886</speechiness><acousticness>0.041553</acousticness><instrumentalness>1.4e-05</instrumentalness><mode>1</mode><time_signature>4</time_signature><duration>211.15955</duration><loudness>-7.705</loudness><audio_md5 /><valence>0.518021</valence><danceability>0.793345</danceability></audio_summary><title>Dein Blick berührt mich</title></song><song><artist_id>ARJBQRW1187FB3C7BE</artist_id><artist_name>Andrea Berg</artist_name><id>SOAPBMC137413699C5</id><audio_summary><key>9</key><analysis_url>http://echonest-analysis.s3.amazonaws.com/TR/TSkqYwFrdZTYseQo_iXmSCEJHSbfZnz8_xEN6c52w3w1g7muXx9zDfSvD5XcfTQ_QQNPtdfilPSS9FpAI%3D/3/full.json?AWSAccessKeyId=AKIAJRDFEY23UEVW42BQ&amp;Expires=1415343596&amp;Signature=mApWCfVgCs9ucK4TstC9QUucR8I%3D</analysis_url><energy>0.178984</energy><liveness>0.053316</liveness><tempo>135.178</tempo><speechiness>0.03096</speechiness><acousticness>0.837706</acousticness><instrumentalness>0.0</instrumentalness><mode>1</mode><time_signature>4</time_signature><duration>148.69288</duration><loudness>-11.326</loudness><audio_md5 /><valence>0.495379</valence><danceability>0.419052</danceability></audio_summary><title>Still, still, still, weils Kindlein schlafen will</title></song><song><artist_id>ARJBQRW1187FB3C7BE</artist_id><artist_name>Andrea Berg</artist_name><id>SOSMZQR12AB0186715</id><audio_summary><key>8</key><analysis_url>http://echonest-analysis.s3.amazonaws.com/TR/kuTfwAtH_9SNjZ4OQeKGMz-nxixfYgsHUEO6JOAxw8-zTPidqsqXRM1LWxtVzJ1NAEqGkH0C5y2-SRmvE%3D/3/full.json?AWSAccessKeyId=AKIAJRDFEY23UEVW42BQ&amp;Expires=1415343596&amp;Signature=HtBQQEH03vj%2BUMIHlfRkCi3T2gI%3D</analysis_url><energy>0.583731</energy><liveness>0.171661</liveness><tempo>91.99</tempo><speechiness>0.036991</speechiness><acousticness>0.220279</acousticness><instrumentalness>1.1e-05</instrumentalness><mode>1</mode><time_signature>4</time_signature><duration>214.87955</duration><loudness>-8.978</loudness><audio_md5 /><valence>0.405067</valence><danceability>0.691798</danceability></audio_summary><title>Tief im Sturm</title></song><song><artist_id>ARJBQRW1187FB3C7BE</artist_id><artist_name>Andrea Berg</artist_name><id>SOBJPDJ12A8C13E645</id><audio_summary><key>0</key><analysis_url>http://echonest-analysis.s3.amazonaws.com/TR/Vk5-_Q7NbEb8CE-4QOtY9K6Uj2c99D9GQmITB1OADDAFf5QuPv9rUauvB2bg9F81OLZmAC6wS-5T9XHAw%3D/3/full.json?AWSAccessKeyId=AKIAJRDFEY23UEVW42BQ&amp;Expires=1415343596&amp;Signature=5V2XMk6q/pE2q6IQik/FW5fZ0fM%3D</analysis_url><energy>0.925342</energy><liveness>0.088188</liveness><tempo>118.984</tempo><speechiness>0.0282</speechiness><acousticness>0.481669</acousticness><instrumentalness>0.000161</instrumentalness><mode>1</mode><time_signature>4</time_signature><duration>181.30621</duration><loudness>-5.11</loudness><audio_md5 /><valence>0.904304</valence><danceability>0.822791</danceability></audio_summary><title>Wirst du's in meinen Augen sehn</title></song><song><artist_id>ARJBQRW1187FB3C7BE</artist_id><artist_name>Andrea Berg</artist_name><id>SOVXBZZ13D4FF0F539</id><audio_summary><key>10</key><analysis_url>http://echonest-analysis.s3.amazonaws.com/TR/JitOAw7IiVkLj6dR8HZ06sGdyrlKA17vOGpwom/3/full.json?AWSAccessKeyId=AKIAJRDFEY23UEVW42BQ&amp;Expires=1415343596&amp;Signature=NY%2BISuM1%2BMdkSwPhCdDPPM4Szk0%3D</analysis_url><energy>0.820766</energy><liveness>0.345472</liveness><tempo>126.034</tempo><speechiness>0.03874</speechiness><acousticness>0.068475</acousticness><instrumentalness>2.7e-05</instrumentalness><mode>0</mode><time_signature>4</time_signature><duration>202.60526</duration><loudness>-6.399</loudness><audio_md5 /><valence>0.916379</valence><danceability>0.727631</danceability></audio_summary><title>Jenseits der Zartlichkeit</title></song><song><artist_id>ARJBQRW1187FB3C7BE</artist_id><artist_name>Andrea Berg</artist_name><id>SOKKOFV12A8C13E64B</id><audio_summary><key>4</key><analysis_url>http://echonest-analysis.s3.amazonaws.com/TR/DUxCjwPF8BAxikrah_sbbwzLwnll0cSHrzvsuiQINwVT6CPvXpkEflyxwckS9664KNOEddm8I84MCxWUI%3D/3/full.json?AWSAccessKeyId=AKIAJRDFEY23UEVW42BQ&amp;Expires=1415343596&amp;Signature=asXlyAj8tsv3Spe0yUFtsT4zOj0%3D</analysis_url><energy>0.763789</energy><liveness>0.133953</liveness><tempo>109.04</tempo><speechiness>0.040103</speechiness><acousticness>0.394989</acousticness><instrumentalness>2.1e-05</instrumentalness><mode>1</mode><time_signature>4</time_signature><duration>228.39955</duration><loudness>-7.069</loudness><audio_md5 /><valence>0.594056</valence><danceability>0.799015</danceability></audio_summary><title>Regenbogen</title></song><song><artist_id>ARJBQRW1187FB3C7BE</artist_id><artist_name>Andrea Berg</artist_name><id>SONLJHW12A8C13D69A</id><audio_summary><key>5</key><analysis_url>http://echonest-analysis.s3.amazonaws.com/TR/X9nZHAdM4Qx00FBX7r52XQqTvSai6WnZjcz68DVJUZVCpzIGa1tyrK2Boddbs-krsl2ptVh_aaYzA5QeA%3D/3/full.json?AWSAccessKeyId=AKIAJRDFEY23UEVW42BQ&amp;Expires=1415343596&amp;Signature=JJHfAEj%2BL3w1Qpwj7wpyIJHc4ig%3D</analysis_url><energy>0.607884</energy><liveness>0.084709</liveness><tempo>99.042</tempo><speechiness>0.03573</speechiness><acousticness>0.565212</acousticness><instrumentalness>7.8e-05</instrumentalness><mode>1</mode><time_signature>4</time_signature><duration>259.15955</duration><loudness>-7.589</loudness><audio_md5 /><valence>0.365195</valence><danceability>0.757327</danceability></audio_summary><title>Dann nimmst du mich in deinen Arm</title></song><song><artist_id>ARJBQRW1187FB3C7BE</artist_id><artist_name>Andrea Berg</artist_name><id>SOKUDTQ142B30ED947</id><audio_summary><key>5</key><analysis_url>http://echonest-analysis.s3.amazonaws.com/TR/uvwDhQqpnpxC_aG5URf05Itxto6JaSOmSgzKPmPTzCM0WzeHjb3ACTPLnQvGguL7DREgI4uxsxOnWpzsE%3D/3/full.json?AWSAccessKeyId=AKIAJRDFEY23UEVW42BQ&amp;Expires=1415343596&amp;Signature=Yc0MbIUvQWuei8evZYYuHR4S7Zs%3D</analysis_url><energy>0.958478</energy><liveness>0.978385</liveness><tempo>111.081</tempo><speechiness>0.095921</speechiness><acousticness>0.013721</acousticness><instrumentalness>0.0</instrumentalness><mode>1</mode><time_signature>4</time_signature><duration>218.1278</duration><loudness>-3.506</loudness><audio_md5 /><valence>0.702252</valence><danceability>0.602614</danceability></audio_summary><title>Kilimandscharo (Live 2012)</title></song><song><artist_id>ARJBQRW1187FB3C7BE</artist_id><artist_name>Andrea Berg</artist_name><id>SOKDJKZ1374134F3EB</id><audio_summary><key>9</key><analysis_url>http://echonest-analysis.s3.amazonaws.com/TR/SyNYEAVL_OzWZ793E5qF1xb8eRH25IJYpGSB8ap5yQnWsIp1fBRVPcBeQTZasfjdXs514rVZjgd7EpOVU%3D/3/full.json?AWSAccessKeyId=AKIAJRDFEY23UEVW42BQ&amp;Expires=1415343596&amp;Signature=svXDo/zLnIWlna2SHb7aCRp7NvA%3D</analysis_url><energy>0.8567</energy><liveness>0.093592</liveness><tempo>116.952</tempo><speechiness>0.030071</speechiness><acousticness>0.036119</acousticness><instrumentalness>1e-05</instrumentalness><mode>1</mode><time_signature>4</time_signature><duration>210.07955</duration><loudness>-6.186</loudness><audio_md5 /><valence>0.893064</valence><danceability>0.689596</danceability></audio_summary><title>Brennendes Herz</title></song><song><artist_id>ARJBQRW1187FB3C7BE</artist_id><artist_name>Andrea Berg</artist_name><id>SOSYLVX12A8C13E679</id><audio_summary><key>5</key><analysis_url>http://echonest-analysis.s3.amazonaws.com/TR/40bSjwQyBBnYFV1QCaiHyYWg1Q94SUex5eiHV9VjdZOAaGs_5jaG6JQHql24id7UvD2H2qEujlkcP9j3Y%3D/3/full.json?AWSAccessKeyId=AKIAJRDFEY23UEVW42BQ&amp;Expires=1415343596&amp;Signature=MWqHU6X0QjlP9ASusXXWl8sXt3U%3D</analysis_url><energy>0.871874</energy><liveness>0.095269</liveness><tempo>112.06</tempo><speechiness>0.031527</speechiness><acousticness>0.04998</acousticness><instrumentalness>0.000115</instrumentalness><mode>1</mode><time_signature>4</time_signature><duration>260.26621</duration><loudness>-5.632</loudness><audio_md5 /><valence>0.921815</valence><danceability>0.898037</danceability></audio_summary><title>Ganz egal</title></song><song><artist_id>ARJBQRW1187FB3C7BE</artist_id><artist_name>Andrea Berg</artist_name><id>SOZPRVL142B30F59C4</id><audio_summary><key>9</key><analysis_url>http://echonest-analysis.s3.amazonaws.com/TR/_yzL7QZ2jjtPKgF2F6QWYdjlvZ2b8dvXBcydcY_D_R08htawCb_Nv4ZqJBUUDdkfNMIJjkgNS-Ekx5jg4%3D/3/full.json?AWSAccessKeyId=AKIAJRDFEY23UEVW42BQ&amp;Expires=1415343596&amp;Signature=ZdwHrVRw13%2BcqPasM73ZCSDnFAU%3D</analysis_url><energy>0.586286</energy><liveness>0.972492</liveness><tempo>119.735</tempo><speechiness>0.032241</speechiness><acousticness>0.234192</acousticness><instrumentalness>0.0</instrumentalness><mode>1</mode><time_signature>4</time_signature><duration>235.86785</duration><loudness>-5.698</loudness><audio_md5 /><valence>0.32099</valence><danceability>0.356355</danceability></audio_summary><title>Einmal Himmel und zurück (Live 2012)</title></song><song><artist_id>ARJBQRW1187FB3C7BE</artist_id><artist_name>Andrea Berg</artist_name><id>SONLLFW130516E37CF</id><audio_summary><key>0</key><analysis_url>http://echonest-analysis.s3.amazonaws.com/TR/dqt3-QZt0oJUT9IhmmZEOz2B6_wjt8lMYHf1yHxl6JN-5cW6Lc0mBLl2th0ufmEtId7WyTIweiQtOhYr8%3D/3/full.json?AWSAccessKeyId=AKIAJRDFEY23UEVW42BQ&amp;Expires=1415343596&amp;Signature=EVAdyGCLzJSYDcrknJ0xPjKVVek%3D</analysis_url><energy>0.445129</energy><liveness>0.37795</liveness><tempo>140.06</tempo><speechiness>0.026332</speechiness><acousticness>0.610065</acousticness><instrumentalness>0.0</instrumentalness><mode>1</mode><time_signature>4</time_signature><duration>255.55955</duration><loudness>-7.815</loudness><audio_md5 /><valence>0.268643</valence><danceability>0.47655</danceability></audio_summary><title>Diese Träne</title></song><song><artist_id>ARJBQRW1187FB3C7BE</artist_id><artist_name>Andrea Berg</artist_name><id>SOSEZNY12A3F1EBF11</id><audio_summary><key>8</key><analysis_url>http://echonest-analysis.s3.amazonaws.com/TR/9RjNKw3RtQvvjljnbmT0z33SUu9sqw5IDxRSmz_yTODbLpK8FUZhfKZqUeCkZI-D0ONe5NTJWX7vvWZwo%3D/3/full.json?AWSAccessKeyId=AKIAJRDFEY23UEVW42BQ&amp;Expires=1415343596&amp;Signature=3zhGkcLyerUfnmrkZGtFIjlgl4w%3D</analysis_url><energy>0.811858</energy><liveness>0.115711</liveness><tempo>95.976</tempo><speechiness>0.065639</speechiness><acousticness>0.025882</acousticness><instrumentalness>0.003387</instrumentalness><mode>1</mode><time_signature>4</time_signature><duration>250.50621</duration><loudness>-9.1</loudness><audio_md5 /><valence>0.500275</valence><danceability>0.674425</danceability></audio_summary><title>Aber sonst geht's mir gut</title></song><song><artist_id>ARJBQRW1187FB3C7BE</artist_id><artist_name>Andrea Berg</artist_name><id>SOLNEDI12A8C13B03D</id><audio_summary><key>10</key><analysis_url>http://echonest-analysis.s3.amazonaws.com/TR/17KmCAaIeLk9NuC20ja3HKv41qvU0ZHjucqANBOxsChrU6jDFaIuZ2lUL1D_MBWK6AsZ85RVOAibUyD3M%3D/3/full.json?AWSAccessKeyId=AKIAJRDFEY23UEVW42BQ&amp;Expires=1415343596&amp;Signature=SrT8KRxZIhVV4fcc9D/8bcKee7Q%3D</analysis_url><energy>0.77167</energy><liveness>0.189426</liveness><tempo>126.044</tempo><speechiness>0.034177</speechiness><acousticness>0.078197</acousticness><instrumentalness>5e-06</instrumentalness><mode>0</mode><time_signature>4</time_signature><duration>211.19955</duration><loudness>-6.863</loudness><audio_md5 /><valence>0.858885</valence><danceability>0.747889</danceability></audio_summary><title>Jenseits der Zärtlichkeit</title></song><song><artist_id>ARJBQRW1187FB3C7BE</artist_id><artist_name>Andrea Berg</artist_name><id>SOYGSVU12AB01866F6</id><audio_summary><key>10</key><analysis_url>http://echonest-analysis.s3.amazonaws.com/TR/Y3c3ZgIvQYFMagqY0uhhoalswRHDawuKtD3PeRweMrf1OMg1hBig-waRnCu_q-75JI3B_wPDOViZX2S8s%3D/3/full.json?AWSAccessKeyId=AKIAJRDFEY23UEVW42BQ&amp;Expires=1415343596&amp;Signature=pkYpV1LTE%2BC%2B8/zCR%2B6A1rY6yx4%3D</analysis_url><energy>0.794954</energy><liveness>0.057659</liveness><tempo>110.964</tempo><speechiness>0.060691</speechiness><acousticness>0.422889</acousticness><instrumentalness>0.0</instrumentalness><mode>1</mode><time_signature>4</time_signature><duration>195.71955</duration><loudness>-4.862</loudness><audio_md5 /><valence>0.548579</valence><danceability>0.744928</danceability></audio_summary><title>Verdammt, ich lieb dich noch</title></song><song><artist_id>ARJBQRW1187FB3C7BE</artist_id><artist_name>Andrea Berg</artist_name><id>SOZPFDY13580FA2E7F</id><audio_summary><key>10</key><analysis_url>http://echonest-analysis.s3.amazonaws.com/TR/5pPPewWRARkn4MzbL2OjKiNtoKkJITeu1yXqupSys1O4mbFXltWKgFnXbuSm8BIwxy8l3iYunLHc96Sko%3D/3/full.json?AWSAccessKeyId=AKIAJRDFEY23UEVW42BQ&amp;Expires=1415343596&amp;Signature=IagUhvqdLggnvo20zq2J5VY%2BL28%3D</analysis_url><energy>0.511742</energy><liveness>0.145669</liveness><tempo>96.03</tempo><speechiness>0.025217</speechiness><acousticness>0.574655</acousticness><instrumentalness>3e-05</instrumentalness><mode>1</mode><time_signature>4</time_signature><duration>211.42621</duration><loudness>-8.558</loudness><audio_md5 /><valence>0.284484</valence><danceability>0.701612</danceability></audio_summary><title>Wonach du dich auch sehnst</title></song><song><artist_id>ARJBQRW1187FB3C7BE</artist_id><artist_name>Andrea Berg</artist_name><id>SOMVHUO13C6B5A6004</id><audio_summary><key>10</key><analysis_url>http://echonest-analysis.s3.amazonaws.com/TR/_1S2twZsrn1P8VmoOdv_9e1pVVMg4GheHFqI7XbZTVaYgYB_64SFSA39Vbuk_jqqk92EysNER61UgZNSc%3D/3/full.json?AWSAccessKeyId=AKIAJRDFEY23UEVW42BQ&amp;Expires=1415343596&amp;Signature=tUTqmsZnaYEN6MovsxlQHeDW7ts%3D</analysis_url><energy>0.802221</energy><liveness>0.339935</liveness><tempo>126.032</tempo><speechiness>0.038751</speechiness><acousticness>0.322879</acousticness><instrumentalness>1e-06</instrumentalness><mode>1</mode><time_signature>4</time_signature><duration>183.47955</duration><loudness>-5.426</loudness><audio_md5 /><valence>0.784905</valence><danceability>0.741744</danceability></audio_summary><title>Lebenslänglich (Remix 2013)</title></song><song><artist_id>ARJBQRW1187FB3C7BE</artist_id><artist_name>Andrea Berg</artist_name><id>SODPTMI142B30FDB8E</id><audio_summary><key>8</key><analysis_url>http://echonest-analysis.s3.amazonaws.com/TR/1WRC7wWS-kMgyqdtLjxv7_pGz-6vNNVYl5V7rTaUA18Zlcolgf3T8hyiBcu9ymQpPvI23DjXF6Tb2SAv8%3D/3/full.json?AWSAccessKeyId=AKIAJRDFEY23UEVW42BQ&amp;Expires=1415343596&amp;Signature=HlRdruq/JB4dQ9pBCQB0bI9YicQ%3D</analysis_url><energy>0.964211</energy><liveness>0.987276</liveness><tempo>115.97</tempo><speechiness>0.042968</speechiness><acousticness>0.000908</acousticness><instrumentalness>1e-05</instrumentalness><mode>1</mode><time_signature>4</time_signature><duration>246.13107</duration><loudness>-4.85</loudness><audio_md5 /><valence>0.549474</valence><danceability>0.617844</danceability></audio_summary><title>Du hast mich tausendmal belogen (Live 2012)</title></song><song><artist_id>ARJBQRW1187FB3C7BE</artist_id><artist_name>Andrea Berg</artist_name><id>SOVHHGL12A8C13D693</id><audio_summary><key>6</key><analysis_url>http://echonest-analysis.s3.amazonaws.com/TR/xqp-FQD2gXluZax6IcZZXVcbF0rLVQJvpJx2TmwLPYqTUJ6cQeDKF_EI5Pq16triad-7qVs43enGoYZRQ%3D/3/full.json?AWSAccessKeyId=AKIAJRDFEY23UEVW42BQ&amp;Expires=1415343596&amp;Signature=Q02k9OgUCMaSY3EjkCKzI%2BfLbR8%3D</analysis_url><energy>0.628751</energy><liveness>0.055203</liveness><tempo>97.948</tempo><speechiness>0.048222</speechiness><acousticness>0.172845</acousticness><instrumentalness>8.4e-05</instrumentalness><mode>1</mode><time_signature>4</time_signature><duration>241.79955</duration><loudness>-7.66</loudness><audio_md5 /><valence>0.50067</valence><danceability>0.807021</danceability></audio_summary><title>Nur ein Gefühl</title></song><song><artist_id>ARJBQRW1187FB3C7BE</artist_id><artist_name>Andrea Berg</artist_name><id>SOHEQSA12A8C13B034</id><audio_summary><key>10</key><analysis_url>http://echonest-analysis.s3.amazonaws.com/TR/CSN-xg29_Qf0Li76mae3qOo28v2T3uPEJVXWB1fa8la1cJg2q6W_0pkAm9kIW6A98MphzR_jbuF_DGVWE%3D/3/full.json?AWSAccessKeyId=AKIAJRDFEY23UEVW42BQ&amp;Expires=1415343596&amp;Signature=gDGrCr3Yc6NSszBqU9T8AVz4Uhs%3D</analysis_url><energy>0.77455</energy><liveness>0.310722</liveness><tempo>100.055</tempo><speechiness>0.055952</speechiness><acousticness>0.296564</acousticness><instrumentalness>3e-06</instrumentalness><mode>1</mode><time_signature>4</time_signature><duration>203.66621</duration><loudness>-7.201</loudness><audio_md5 /><valence>0.791672</valence><danceability>0.744074</danceability></audio_summary><title>Zwischen tausend Gefühlen</title></song><song><artist_id>ARJBQRW1187FB3C7BE</artist_id><artist_name>Andrea Berg</artist_name><id>SOYHJQZ12A8C142089</id><audio_summary><key>3</key><analysis_url>http://echonest-analysis.s3.amazonaws.com/TR/A8zI0QU1wUFN-sifZUqH6YnUL8L1mfAOp1WeN8wv12wa6L2yWrFRUb2_0XhbLYTvw0fyetqkCOX6rDvv0%3D/3/full.json?AWSAccessKeyId=AKIAJRDFEY23UEVW42BQ&amp;Expires=1415343596&amp;Signature=nTPAvnwIeQuaxdjenIqIO8n90%2BQ%3D</analysis_url><energy>0.453699</energy><liveness>0.540097</liveness><tempo>172.27</tempo><speechiness>0.031917</speechiness><acousticness>0.677808</acousticness><instrumentalness>0.0</instrumentalness><mode>1</mode><time_signature>3</time_signature><duration>202.75619</duration><loudness>-7.323</loudness><audio_md5 /><valence>0.220912</valence><danceability>0.242941</danceability></audio_summary><title>Aba Heidschi Bumbeidschi</title></song><song><artist_id>ARJBQRW1187FB3C7BE</artist_id><artist_name>Andrea Berg</artist_name><id>SOVYGJI12A8C133145</id><audio_summary><key>8</key><analysis_url>http://echonest-analysis.s3.amazonaws.com/TR/jPRtsQZCo73XW3zQ9PLvdAqke3pLE3o0HrphgGcRYgBKUMC6fH_biCj8N3TR8--Ke9wWaKplDZ3A5rRW4%3D/3/full.json?AWSAccessKeyId=AKIAJRDFEY23UEVW42BQ&amp;Expires=1415343596&amp;Signature=IxxvHLcfqLj71X16eoBUYrVxfnk%3D</analysis_url><energy>0.792383</energy><liveness>0.342628</liveness><tempo>123.384</tempo><speechiness>0.052148</speechiness><acousticness>0.086481</acousticness><instrumentalness>0.0</instrumentalness><mode>1</mode><time_signature>4</time_signature><duration>210.04726</duration><loudness>-6.796</loudness><audio_md5>07d9b39232891954e5c6f1ffc455e462</audio_md5><valence>0.885375</valence><danceability>0.730335</danceability></audio_summary><title>Kann ich die Sehnsucht besiegen</title></song><song><artist_id>ARJBQRW1187FB3C7BE</artist_id><artist_name>Andrea Berg</artist_name><id>SOWGQCQ141909826AD</id><audio_summary><key>1</key><analysis_url>http://echonest-analysis.s3.amazonaws.com/TR/wAdKhg3EoNoaBKE1HHLkg-Uw2URtcVyvYfFmJwvtANbeoRlPRAGEUXlN7DeV4mecbQn760AWu2n1sV8Oc%3D/3/full.json?AWSAccessKeyId=AKIAJRDFEY23UEVW42BQ&amp;Expires=1415343596&amp;Signature=Xt8mwuIG6zSYra5hIY4CDeoS3vk%3D</analysis_url><energy>0.87825</energy><liveness>0.481216</liveness><tempo>123.923</tempo><speechiness>0.05221</speechiness><acousticness>0.011528</acousticness><instrumentalness>0.0</instrumentalness><mode>1</mode><time_signature>4</time_signature><duration>205.82122</duration><loudness>-4.907</loudness><audio_md5 /><valence>0.569252</valence><danceability>0.565092</danceability></audio_summary><title>Flieg mit mir fort (Live 2013)</title></song><song><artist_id>ARJBQRW1187FB3C7BE</artist_id><artist_name>Andrea Berg</artist_name><id>SOJTMPK12A8C139D19</id><audio_summary><key>10</key><analysis_url>http://echonest-analysis.s3.amazonaws.com/TR/UNOORA6JFE9P0K88RNS_NwtbM0h5pXfVvsi3nPIUpkFgbf0dBFnqKeOsuSvsqkKK4colOYoHlTjNfrMTk%3D/3/full.json?AWSAccessKeyId=AKIAJRDFEY23UEVW42BQ&amp;Expires=1415343596&amp;Signature=Qlf3GU4o0Ik65caVP0x7Kh6D6h0%3D</analysis_url><energy>0.709275</energy><liveness>0.173954</liveness><tempo>119.944</tempo><speechiness>0.028993</speechiness><acousticness>0.307036</acousticness><instrumentalness>0.000174</instrumentalness><mode>1</mode><time_signature>4</time_signature><duration>199.79955</duration><loudness>-7.431</loudness><audio_md5 /><valence>0.742338</valence><danceability>0.733333</danceability></audio_summary><title>Nachts wenn alles schläft</title></song><song><artist_id>ARJBQRW1187FB3C7BE</artist_id><artist_name>Andrea Berg</artist_name><id>SOJMGIS12AAF3B4B81</id><audio_summary><key>9</key><analysis_url>http://echonest-analysis.s3.amazonaws.com/TR/_BbGZggfkUNlo8lHuqM5pH5W2zEOAT09DQ5psvqWcZ9pnJsQkX9PRYUpviKHl4jlldDXCn6YGxC7JKj4U%3D/3/full.json?AWSAccessKeyId=AKIAJRDFEY23UEVW42BQ&amp;Expires=1415343596&amp;Signature=OotGVKtoCofFZXp4FMq8BLeiv5I%3D</analysis_url><energy>0.88326</energy><liveness>0.793355</liveness><tempo>123.769</tempo><speechiness>0.03835</speechiness><acousticness>0.201938</acousticness><instrumentalness>2e-06</instrumentalness><mode>1</mode><time_signature>4</time_signature><duration>211.49288</duration><loudness>-5.51</loudness><audio_md5 /><valence>0.599402</valence><danceability>0.602649</danceability></audio_summary><title>Die Gefühle haben Schweigepflicht (Live)</title></song><song><artist_id>ARJBQRW1187FB3C7BE</artist_id><artist_name>Andrea Berg</artist_name><id>SOHQGLS136C1AAAF0B</id><audio_summary><key>9</key><analysis_url>http://echonest-analysis.s3.amazonaws.com/TR/ITR7MgppV9g6wrW4_r1m6BlRpwjEWZzI-vWil1kluk8SvyEn1yGKRIS5fINgAKmoFq0boYurmIcMo6MEY%3D/3/full.json?AWSAccessKeyId=AKIAJRDFEY23UEVW42BQ&amp;Expires=1415343596&amp;Signature=EXelzAWlEYDwzNg8PXDDWO/MMAo%3D</analysis_url><energy>0.94296</energy><liveness>0.332122</liveness><tempo>124.984</tempo><speechiness>0.033289</speechiness><acousticness>0.007928</acousticness><instrumentalness>2.3e-05</instrumentalness><mode>1</mode><time_signature>4</time_signature><duration>200.10621</duration><loudness>-5.366</loudness><audio_md5 /><valence>0.965881</valence><danceability>0.656893</danceability></audio_summary><title>Über alle sieben Meere</title></song><song><artist_id>ARJBQRW1187FB3C7BE</artist_id><artist_name>Andrea Berg</artist_name><id>SOIWJXP1311AFEC162</id><audio_summary><key>0</key><analysis_url>http://echonest-analysis.s3.amazonaws.com/TR/Xo3tLwE2wKlRqX6dv09uXUL1BMYFOi_IfaY6NRMSbrE07P7y1BevPWUt00DP4-5L3swVhheneTKjFWADA%3D/3/full.json?AWSAccessKeyId=AKIAJRDFEY23UEVW42BQ&amp;Expires=1415343596&amp;Signature=IhIrtMcKFIuu%2Bc5o7anG6ViiI6M%3D</analysis_url><energy>0.738811</energy><liveness>0.131921</liveness><tempo>107.902</tempo><speechiness>0.05489</speechiness><acousticness>0.591892</acousticness><instrumentalness>1.9e-05</instrumentalness><mode>1</mode><time_signature>4</time_signature><duration>230.35955</duration><loudness>-5.506</loudness><audio_md5 /><valence>0.425059</valence><danceability>0.448076</danceability></audio_summary><title>Wieviel Träume hab ich geträumt</title></song><song><artist_id>ARJBQRW1187FB3C7BE</artist_id><artist_name>Andrea Berg</artist_name><id>SOJCPAA142B30D9A84</id><audio_summary><key>5</key><analysis_url>http://echonest-analysis.s3.amazonaws.com/TR/DN7MAQ0U4SrdqwyYFKi0_3lfwxR1tt-2plIPvYYuzecKDIzoYEtWwf6AZS-M9HG3fW8_alXBI4bFPDW-c%3D/3/full.json?AWSAccessKeyId=AKIAJRDFEY23UEVW42BQ&amp;Expires=1415343596&amp;Signature=s%2BjG7404DyI9QZRqrmWdu6g2B7w%3D</analysis_url><energy>0.946093</energy><liveness>0.858843</liveness><tempo>122.984</tempo><speechiness>0.040351</speechiness><acousticness>0.000529</acousticness><instrumentalness>5.2e-05</instrumentalness><mode>0</mode><time_signature>4</time_signature><duration>230.85234</duration><loudness>-4.626</loudness><audio_md5 /><valence>0.596655</valence><danceability>0.631326</danceability></audio_summary><title>Das kann kein Zufall sein (Live 2013)</title></song><song><artist_id>ARJBQRW1187FB3C7BE</artist_id><artist_name>Andrea Berg</artist_name><id>SOLLAUQ13C6B580AB0</id><audio_summary><key>10</key><analysis_url>http://echonest-analysis.s3.amazonaws.com/TR/BR5IBwyD5ygPPXYEZ43pL-ETNBg3XJko2d2m9XGJKaVnw3kOtbk6H0frieny5boB99Gd9f5y8_nea_2zk%3D/3/full.json?AWSAccessKeyId=AKIAJRDFEY23UEVW42BQ&amp;Expires=1415343596&amp;Signature=qquj6HE2WLjAuKWSUaYP0iC/X%2Bg%3D</analysis_url><energy>0.789008</energy><liveness>0.094655</liveness><tempo>130.006</tempo><speechiness>0.094771</speechiness><acousticness>0.21775</acousticness><instrumentalness>0.0</instrumentalness><mode>1</mode><time_signature>4</time_signature><duration>255.22621</duration><loudness>-6.222</loudness><audio_md5 /><valence>0.339466</valence><danceability>0.612599</danceability></audio_summary><title>What A Feeling</title></song><song><artist_id>ARJBQRW1187FB3C7BE</artist_id><artist_name>Andrea Berg</artist_name><id>SODVFZQ142B3116B42</id><audio_summary><key>9</key><analysis_url>http://echonest-analysis.s3.amazonaws.com/TR/-OYyUgRhOvHmUJ2OEyw_D9rLh4fLoKes8FNqGvQn0iJYe2n9wne2DNJuMfAWN-f59K67d7AIHpfHcEjnY%3D/3/full.json?AWSAccessKeyId=AKIAJRDFEY23UEVW42BQ&amp;Expires=1415343596&amp;Signature=qBK3CtpFCFIuWNYWuR3y%2BNYrfB0%3D</analysis_url><energy>0.880192</energy><liveness>0.478034</liveness><tempo>123.951</tempo><speechiness>0.143074</speechiness><acousticness>0.08062</acousticness><instrumentalness>1e-06</instrumentalness><mode>1</mode><time_signature>4</time_signature><duration>231.50249</duration><loudness>-4.875</loudness><audio_md5 /><valence>0.640527</valence><danceability>0.603518</danceability></audio_summary><title>Die Gefühle haben Schweigepflicht (Live 2012)</title></song><song><artist_id>ARJBQRW1187FB3C7BE</artist_id><artist_name>Andrea Berg</artist_name><id>SOCVAHC142B30DE817</id><audio_summary><key>9</key><analysis_url>http://echonest-analysis.s3.amazonaws.com/TR/25ASmw1PoIbAMa4v7m4CGeUvovSqX87B9mCIdUYOuoUVqaJNZyJSUGA9n-VMr5ZsWha9KOm5umVJBES5o%3D/3/full.json?AWSAccessKeyId=AKIAJRDFEY23UEVW42BQ&amp;Expires=1415343596&amp;Signature=UWmstbp2avZj7XsX%2BzMH7FZG8/U%3D</analysis_url><energy>0.943036</energy><liveness>0.453054</liveness><tempo>119.995</tempo><speechiness>0.070489</speechiness><acousticness>0.016958</acousticness><instrumentalness>1e-06</instrumentalness><mode>1</mode><time_signature>4</time_signature><duration>262.29215</duration><loudness>-4.739</loudness><audio_md5 /><valence>0.632908</valence><danceability>0.609879</danceability></audio_summary><title>Ich schieß dich auf den Mond (Live 2013)</title></song><song><artist_id>ARJBQRW1187FB3C7BE</artist_id><artist_name>Andrea Berg</artist_name><id>SOFNFFI1315CD44BCE</id><audio_summary><key>11</key><analysis_url>http://echonest-analysis.s3.amazonaws.com/TR/am-J3Q794S6ow6cb_x8yN5ny-A5WPa72wiDIj-6GxcRyEw0Fh3XndKxUZiH8qtX2bg07YlUx_WnLwqAKo%3D/3/full.json?AWSAccessKeyId=AKIAJRDFEY23UEVW42BQ&amp;Expires=1415343596&amp;Signature=YFn/WY0lk0BnjQtnubou7UNBqJk%3D</analysis_url><energy>0.899471</energy><liveness>0.30089</liveness><tempo>125.081</tempo><speechiness>0.037326</speechiness><acousticness>0.047445</acousticness><instrumentalness>0.064638</instrumentalness><mode>1</mode><time_signature>4</time_signature><duration>200.90621</duration><loudness>-6.297</loudness><audio_md5 /><valence>0.869537</valence><danceability>0.762766</danceability></audio_summary><title>Damals war es Sommer</title></song><song><artist_id>ARJBQRW1187FB3C7BE</artist_id><artist_name>Andrea Berg</artist_name><id>SOEZHJL12A8C13C20F</id><audio_summary><key>3</key><analysis_url>http://echonest-analysis.s3.amazonaws.com/TR/9YMufA2D5ZmIb4B4CNuwSr7JRJr-v1TDBOHElLSk1drFwxIUrynPrcoKJak5wkgQAR2IyaD4F-0CkNoHY%3D/3/full.json?AWSAccessKeyId=AKIAJRDFEY23UEVW42BQ&amp;Expires=1415343596&amp;Signature=OAnH2ig%2B1eo9TxnjhOhls/XLCRw%3D</analysis_url><energy>0.878589</energy><liveness>0.289365</liveness><tempo>126.016</tempo><speechiness>0.029246</speechiness><acousticness>0.446998</acousticness><instrumentalness>5e-06</instrumentalness><mode>1</mode><time_signature>4</time_signature><duration>214.70621</duration><loudness>-4.911</loudness><audio_md5 /><valence>0.616432</valence><danceability>0.676062</danceability></audio_summary><title>Du warst nicht frei für mich</title></song><song><artist_id>ARJBQRW1187FB3C7BE</artist_id><artist_name>Andrea Berg</artist_name><id>SOFLRGN1312A8A99F2</id><audio_summary><key>1</key><analysis_url>http://echonest-analysis.s3.amazonaws.com/TR/tW3fbQI2VMY9dl0vaLcfcz-fOaCrMScWqs2_Sni4MafXWEMAsi9RqH3-hPscVDxQCmCY51_fRK5IoBNhI%3D/3/full.json?AWSAccessKeyId=AKIAJRDFEY23UEVW42BQ&amp;Expires=1415343596&amp;Signature=rKsr4HeqaZsKYo0ZBM3EXZTpsnk%3D</analysis_url><energy>0.727072</energy><liveness>0.155019</liveness><tempo>172.084</tempo><speechiness>0.070317</speechiness><acousticness>0.023016</acousticness><instrumentalness>0.00011</instrumentalness><mode>1</mode><time_signature>4</time_signature><duration>231.09288</duration><loudness>-7.057</loudness><audio_md5 /><valence>0.301136</valence><danceability>0.572334</danceability></audio_summary><title>Ich weiß, dass du mich belügst</title></song><song><artist_id>ARJBQRW1187FB3C7BE</artist_id><artist_name>Andrea Berg</artist_name><id>SOCNPBA12AB0185D67</id><audio_summary><key>7</key><analysis_url>http://echonest-analysis.s3.amazonaws.com/TR/4XBcUg5kTe1ZGkJP3-AQ3qkLjxtNHw-Rw4yYBRC-fxebKVvx7k1tGtlgpWqcKYX4zWl5bFqO9TUexq4Fw%3D/3/full.json?AWSAccessKeyId=AKIAJRDFEY23UEVW42BQ&amp;Expires=1415343596&amp;Signature=WtlPnKLcVECZ9Lkt7/UTV9gpMo0%3D</analysis_url><energy>0.730869</energy><liveness>0.362813</liveness><tempo>113.965</tempo><speechiness>0.036306</speechiness><acousticness>0.55796</acousticness><instrumentalness>3e-06</instrumentalness><mode>1</mode><time_signature>4</time_signature><duration>214.59955</duration><loudness>-5.783</loudness><audio_md5 /><valence>0.470392</valence><danceability>0.767042</danceability></audio_summary><title>Das Paradies war viel zu weit</title></song><song><artist_id>ARJBQRW1187FB3C7BE</artist_id><artist_name>Andrea Berg</artist_name><id>SORNCIY1374134F63C</id><audio_summary><key>10</key><analysis_url>http://echonest-analysis.s3.amazonaws.com/TR/oJTjrwZe6qGy0mEoLz1jqG8But6U7scmAr9iqiHamC8ZYSbherXYmGBhRteoErtEj2kArDhkiouDgMJTw%3D/3/full.json?AWSAccessKeyId=AKIAJRDFEY23UEVW42BQ&amp;Expires=1415343596&amp;Signature=fx1ymwOa/NpfrgM9DtiXX2hvF68%3D</analysis_url><energy>0.4348</energy><liveness>0.162749</liveness><tempo>127.927</tempo><speechiness>0.029082</speechiness><acousticness>0.75098</acousticness><instrumentalness>1e-06</instrumentalness><mode>1</mode><time_signature>4</time_signature><duration>267.21288</duration><loudness>-7.365</loudness><audio_md5 /><valence>0.290887</valence><danceability>0.535934</danceability></audio_summary><title>Ist es zu spät</title></song><song><artist_id>ARJBQRW1187FB3C7BE</artist_id><artist_name>Andrea Berg</artist_name><id>SONFWUM1311AFE252D</id><audio_summary><key>7</key><analysis_url>http://echonest-analysis.s3.amazonaws.com/TR/00-WDwWtwSAyl1MEEbNSBzCRh5CI_lyi_9Sag8sJpFlJ1yN79lt_hotG-sOO6QYT6K40l1d9yVz0RsBb8%3D/3/full.json?AWSAccessKeyId=AKIAJRDFEY23UEVW42BQ&amp;Expires=1415343596&amp;Signature=GIiKupNMivm4B05bag2340WhcKE%3D</analysis_url><energy>0.797304</energy><liveness>0.128513</liveness><tempo>116.997</tempo><speechiness>0.026996</speechiness><acousticness>0.026899</acousticness><instrumentalness>0.000752</instrumentalness><mode>0</mode><time_signature>4</time_signature><duration>213.74621</duration><loudness>-5.33</loudness><audio_md5 /><valence>0.911979</valence><danceability>0.675024</danceability></audio_summary><title>Doch träumen will ich nur mit dir allein</title></song><song><artist_id>ARJBQRW1187FB3C7BE</artist_id><artist_name>Andrea Berg</artist_name><id>SOIXNAB12A8C13DCF7</id><audio_summary><key>2</key><analysis_url>http://echonest-analysis.s3.amazonaws.com/TR/hbwc4gv51YLRnT2h-0TiayZih5Ht9ZYaFfYOJh8eNWu0QkeMhHVM2bXqp473G8kd8fB9weQcEO_kc3Uow%3D/3/full.json?AWSAccessKeyId=AKIAJRDFEY23UEVW42BQ&amp;Expires=1415343596&amp;Signature=yDYFH%2BWBedlz/N9eHCTEiQBtgjQ%3D</analysis_url><energy>0.491082</energy><liveness>0.128515</liveness><tempo>174.007</tempo><speechiness>0.048673</speechiness><acousticness>0.063098</acousticness><instrumentalness>0.002962</instrumentalness><mode>1</mode><time_signature>4</time_signature><duration>280.13288</duration><loudness>-7.867</loudness><audio_md5 /><valence>0.113708</valence><danceability>0.498628</danceability></audio_summary><title>Alles an mir</title></song><song><artist_id>ARJBQRW1187FB3C7BE</artist_id><artist_name>Andrea Berg</artist_name><id>SOCZTRO12A8C13C44E</id><audio_summary><key>7</key><analysis_url>http://echonest-analysis.s3.amazonaws.com/TR/5ntmRwj01vPBNXP5gN2CaN8oj4G3HDg9pFgveriQdJMATPFjSbpFFgv2v_c3gX6SfWG-8Y4fNzF4D4jqw%3D/3/full.json?AWSAccessKeyId=AKIAJRDFEY23UEVW42BQ&amp;Expires=1415343596&amp;Signature=AV5BcVns468vkRxgruWzBLLBVpg%3D</analysis_url><energy>0.664353</energy><liveness>0.151393</liveness><tempo>112.975</tempo><speechiness>0.02465</speechiness><acousticness>0.191769</acousticness><instrumentalness>0.054411</instrumentalness><mode>1</mode><time_signature>4</time_signature><duration>241.49288</duration><loudness>-7.852</loudness><audio_md5 /><valence>0.659065</valence><danceability>0.688876</danceability></audio_summary><title>Schwarzes Labyrinth</title></song><song><artist_id>ARJBQRW1187FB3C7BE</artist_id><artist_name>Andrea Berg</artist_name><id>SOLHNWL130516E1B03</id><audio_summary><key>8</key><analysis_url>http://echonest-analysis.s3.amazonaws.com/TR/LZYgpwHvQXzKZ_LQB979DyMFq5acbzNp1cxa3CQ0XNwTTNBDTirmDjJk2nGET3BTbP84cgCXK_5L7Rrc8%3D/3/full.json?AWSAccessKeyId=AKIAJRDFEY23UEVW42BQ&amp;Expires=1415343596&amp;Signature=ZxNiF2vixsAqSa7DjAS1K/LweTc%3D</analysis_url><energy>0.894146</energy><liveness>0.513143</liveness><tempo>125.98</tempo><speechiness>0.059261</speechiness><acousticness>0.275102</acousticness><instrumentalness>0.0</instrumentalness><mode>1</mode><time_signature>4</time_signature><duration>207.90621</duration><loudness>-3.686</loudness><audio_md5 /><valence>0.830306</valence><danceability>0.674032</danceability></audio_summary><title>Du kannst noch nicht mal richtig lügen (Hüttenmix)</title></song><song><artist_id>ARJBQRW1187FB3C7BE</artist_id><artist_name>Andrea Berg</artist_name><id>SOULAUC13763062765</id><audio_summary><key>1</key><analysis_url>http://echonest-analysis.s3.amazonaws.com/TR/04f-dwMGrMtQooX_-bhVnNkBO6lc_ADIUQt8bP2oMjhsRbn-kWKWWGUIfeSbvZ9ZKZl0VZgDgoHRJ4-0w%3D/3/full.json?AWSAccessKeyId=AKIAJRDFEY23UEVW42BQ&amp;Expires=1415343596&amp;Signature=G0JDIlmy247SXs%2BMKgVdHGuqetw%3D</analysis_url><energy>0.645438</energy><liveness>0.640235</liveness><tempo>115.984</tempo><speechiness>0.25479</speechiness><acousticness>0.195276</acousticness><instrumentalness>2e-06</instrumentalness><mode>1</mode><time_signature>4</time_signature><duration>670.73288</duration><loudness>-12.607</loudness><audio_md5 /><valence>0.141267</valence><danceability>0.485204</danceability></audio_summary><title>Spiel noch einmal nur für mich</title></song><song><artist_id>ARJBQRW1187FB3C7BE</artist_id><artist_name>Andrea Berg</artist_name><id>SOKUZDQ13C6B58190A</id><audio_summary><key>8</key><analysis_url>http://echonest-analysis.s3.amazonaws.com/TR/mtLldw6EF4HKv5CUkgZF7toXk_FthDUk2Z7y87/3/full.json?AWSAccessKeyId=AKIAJRDFEY23UEVW42BQ&amp;Expires=1415343596&amp;Signature=sjA5dswrC3m1KfdrupfAUmNpcAM%3D</analysis_url><energy>0.803354</energy><liveness>0.236437</liveness><tempo>122.091</tempo><speechiness>0.0325</speechiness><acousticness>0.256517</acousticness><instrumentalness>3e-06</instrumentalness><mode>1</mode><time_signature>4</time_signature><duration>180.31129</duration><loudness>-5.483</loudness><audio_md5 /><valence>0.721851</valence><danceability>0.744705</danceability></audio_summary><title>Mein Prinz (Remix 2013)</title></song><song><artist_id>ARJBQRW1187FB3C7BE</artist_id><artist_name>Andrea Berg</artist_name><id>SOANDDO12A8C13B226</id><audio_summary><key>2</key><analysis_url>http://echonest-analysis.s3.amazonaws.com/TR/PwMhkwHKPijTrfz31Tm224BJMwAo49TaBJj3IKyrdxzHu5UKysuYt1XC5Psqpj1TptzBDxo5OYrq0qa7w%3D/3/full.json?AWSAccessKeyId=AKIAJRDFEY23UEVW42BQ&amp;Expires=1415343596&amp;Signature=A776o3U7hmU68Qpx7OQDRifKCNk%3D</analysis_url><energy>0.804394</energy><liveness>0.234268</liveness><tempo>106.024</tempo><speechiness>0.064011</speechiness><acousticness>0.126254</acousticness><instrumentalness>0.000835</instrumentalness><mode>1</mode><time_signature>4</time_signature><duration>211.43955</duration><loudness>-6.8</loudness><audio_md5 /><valence>0.394695</valence><danceability>0.745312</danceability></audio_summary><title>Sie ist noch da</title></song><song><artist_id>ARJBQRW1187FB3C7BE</artist_id><artist_name>Andrea Berg</artist_name><id>SOSQJKO12A8C13F347</id><audio_summary><key>9</key><analysis_url>http://echonest-analysis.s3.amazonaws.com/TR/yQctqw4ob8TfkHDzkeSO7FCme3MXMbAqMjWnTEbxxepzRDGef5TiZgjOid2y4nf69qACk2nSWp5IXEwEQ%3D/3/full.json?AWSAccessKeyId=AKIAJRDFEY23UEVW42BQ&amp;Expires=1415343596&amp;Signature=rCb9x6MIUpKZZea2S8m1e3zpYs0%3D</analysis_url><energy>0.683451</energy><liveness>0.07584</liveness><tempo>97.02</tempo><speechiness>0.027383</speechiness><acousticness>0.353195</acousticness><instrumentalness>0.000743</instrumentalness><mode>1</mode><time_signature>4</time_signature><duration>251.17288</duration><loudness>-6.919</loudness><audio_md5 /><valence>0.373815</valence><danceability>0.69578</danceability></audio_summary><title>Doch du sagst nicht wann</title></song><song><artist_id>ARJBQRW1187FB3C7BE</artist_id><artist_name>Andrea Berg</artist_name><id>SOFHBLP12AF72A4A9C</id><audio_summary><key>0</key><analysis_url>http://echonest-analysis.s3.amazonaws.com/TR/Bw5UtwMAPjVumih5kupuHC1dQl_G7QYOdlRihQ/3/full.json?AWSAccessKeyId=AKIAJRDFEY23UEVW42BQ&amp;Expires=1415343596&amp;Signature=6WSNbCosG/Z1MszakQfB/Mxar9s%3D</analysis_url><energy>0.819159</energy><liveness>0.063707</liveness><tempo>150.052</tempo><speechiness>0.126263</speechiness><acousticness>0.500644</acousticness><instrumentalness>0.0</instrumentalness><mode>1</mode><time_signature>4</time_signature><duration>217.45741</duration><loudness>-7.913</loudness><audio_md5 /><valence>0.831613</valence><danceability>0.624401</danceability></audio_summary><title>Hör einfach zu</title></song><song><artist_id>ARJBQRW1187FB3C7BE</artist_id><artist_name>Andrea Berg</artist_name><id>SOCJSDG12A8C13B212</id><audio_summary><key>1</key><analysis_url>http://echonest-analysis.s3.amazonaws.com/TR/Tu9H5grceVUy3sNFIiKr3_rm6B4uQ8cl5Ji6wHXWFhhp7JXNCjpYHpXeiOjt1qDyUeYUnoKKaFER1t8i4%3D/3/full.json?AWSAccessKeyId=AKIAJRDFEY23UEVW42BQ&amp;Expires=1415343596&amp;Signature=LmDz7z5o%2BEChBygZHmU37OZH1Mw%3D</analysis_url><energy>0.833189</energy><liveness>0.101924</liveness><tempo>113.085</tempo><speechiness>0.035442</speechiness><acousticness>0.293558</acousticness><instrumentalness>3.9e-05</instrumentalness><mode>1</mode><time_signature>4</time_signature><duration>142.17288</duration><loudness>-6.147</loudness><audio_md5 /><valence>0.827065</valence><danceability>0.697412</danceability></audio_summary><title>Dieser Sommer mit dir</title></song><song><artist_id>ARJBQRW1187FB3C7BE</artist_id><artist_name>Andrea Berg</artist_name><id>SOKIMXP12A8C143292</id><audio_summary><key>8</key><analysis_url>http://echonest-analysis.s3.amazonaws.com/TR/vZvMfAT5ASQnclh0t8SW6-uJHAOoLVCpHP11c2298RHkFVni6ku5f3kJECpc8unkMxvZRgXeHti8xe3YU%3D/3/full.json?AWSAccessKeyId=AKIAJRDFEY23UEVW42BQ&amp;Expires=1415343596&amp;Signature=i2r3fiTNPb0vVUqR%2BRTvwf9%2Bo20%3D</analysis_url><energy>0.289021</energy><liveness>0.092692</liveness><tempo>97.071</tempo><speechiness>0.025593</speechiness><acousticness>0.406906</acousticness><instrumentalness>1.9e-05</instrumentalness><mode>1</mode><time_signature>4</time_signature><duration>218.26621</duration><loudness>-9.663</loudness><audio_md5 /><valence>0.200903</valence><danceability>0.490902</danceability></audio_summary><title>Eisblumen blüh'n</title></song><song><artist_id>ARJBQRW1187FB3C7BE</artist_id><artist_name>Andrea Berg</artist_name><id>SOBHKXR12AF729E895</id><audio_summary><key>1</key><analysis_url>http://echonest-analysis.s3.amazonaws.com/TR/HPDPqAjZa-ooXJRuHucRx-9xkIi_JLMlYgFevMKYKenUvV2Y1kV3qoB51ZvFfq5hGsMqOrzh_6nwTBzS0%3D/3/full.json?AWSAccessKeyId=AKIAJRDFEY23UEVW42BQ&amp;Expires=1415343596&amp;Signature=DH5s%2BZb/OOPKkToNHAddZdKI6ns%3D</analysis_url><energy>0.825306</energy><liveness>0.065291</liveness><tempo>121.084</tempo><speechiness>0.044939</speechiness><acousticness>0.343946</acousticness><instrumentalness>0.000167</instrumentalness><mode>1</mode><time_signature>4</time_signature><duration>206.33288</duration><loudness>-7.859</loudness><audio_md5 /><valence>0.855163</valence><danceability>0.831395</danceability></audio_summary><title>Im Schweigen der Nacht</title></song><song><artist_id>ARJBQRW1187FB3C7BE</artist_id><artist_name>Andrea Berg</artist_name><id>SOCRTRQ12AB01866FF</id><audio_summary><key>5</key><analysis_url>http://echonest-analysis.s3.amazonaws.com/TR/3ihycw7_bmDAPWouh0mmk3ZuJtxFgStl1iTOTA4r_nso_scaryarsIqqNi0HpQIwoCyZG04ivxVD7s37s%3D/3/full.json?AWSAccessKeyId=AKIAJRDFEY23UEVW42BQ&amp;Expires=1415343596&amp;Signature=dffbljv5NOaOm3hzv571Vpw888o%3D</analysis_url><energy>0.494137</energy><liveness>0.328086</liveness><tempo>133.996</tempo><speechiness>0.034619</speechiness><acousticness>0.548474</acousticness><instrumentalness>7e-06</instrumentalness><mode>1</mode><time_signature>4</time_signature><duration>180.77288</duration><loudness>-8.147</loudness><audio_md5 /><valence>0.424328</valence><danceability>0.688607</danceability></audio_summary><title>Wenn du jetzt gehst, nimm auch deine Liebe mit</title></song><song><artist_id>ARJBQRW1187FB3C7BE</artist_id><artist_name>Andrea Berg</artist_name><id>SONLXOC12A58A7CA72</id><audio_summary><key>7</key><analysis_url>http://echonest-analysis.s3.amazonaws.com/TR/j0g3Uw3JjxuOGtWcfzG7eXowdmN7SwLumNJJ40aawY4I5Eis3XaeWwmaG88QbAS0sh5PBJMmxHJX_hsV8%3D/3/full.json?AWSAccessKeyId=AKIAJRDFEY23UEVW42BQ&amp;Expires=1415343596&amp;Signature=Khf15mSMwrm8yD9K8V7FcFLBMRc%3D</analysis_url><energy>0.881573</energy><liveness>0.10319</liveness><tempo>117.96</tempo><speechiness>0.037319</speechiness><acousticness>0.319351</acousticness><instrumentalness>0.000854</instrumentalness><mode>1</mode><time_signature>4</time_signature><duration>222.42621</duration><loudness>-7.565</loudness><audio_md5 /><valence>0.733314</valence><danceability>0.700809</danceability></audio_summary><title>Und dann fehlt mir der Mut</title></song><song><artist_id>ARJBQRW1187FB3C7BE</artist_id><artist_name>Andrea Berg</artist_name><id>SOYCTUT13167714CF2</id><audio_summary><key>10</key><analysis_url>http://echonest-analysis.s3.amazonaws.com/TR/izr5Pw1Nj1yQuBsNeGHZKdEK4WOe2uaLW4C46EWAdkrE2iUZvtUVOJPRJCbMEPaDTmSXjOYxrywBZHNUY%3D/3/full.json?AWSAccessKeyId=AKIAJRDFEY23UEVW42BQ&amp;Expires=1415343596&amp;Signature=F/4ljOsp9Z7n1iO5DJdzSpwkvkc%3D</analysis_url><energy>0.787375</energy><liveness>0.136676</liveness><tempo>115.983</tempo><speechiness>0.025742</speechiness><acousticness>0.250522</acousticness><instrumentalness>0.000197</instrumentalness><mode>1</mode><time_signature>4</time_signature><duration>241.53288</duration><loudness>-5.475</loudness><audio_md5>9df1c5007c3980f73675dcae0a5e2d76</audio_md5><valence>0.61781</valence><danceability>0.783317</danceability></audio_summary><title>Ich halt die Erde an</title></song><song><artist_id>ARJBQRW1187FB3C7BE</artist_id><artist_name>Andrea Berg</artist_name><id>SOYZMSF1412157AABE</id><audio_summary><key>3</key><analysis_url>http://echonest-analysis.s3.amazonaws.com/TR/WiUS9gAQPEuC7Zi8a6F7eHHypg7R1qWStftPR6h-mVctelOyQp8QDvoHYZJhjSnpqFcx4dytjHFiD_TWI%3D/3/full.json?AWSAccessKeyId=AKIAJRDFEY23UEVW42BQ&amp;Expires=1415343596&amp;Signature=Ez4g2%2BQwfeAIwbBROTukPUANO5I%3D</analysis_url><energy>0.779729</energy><liveness>0.163661</liveness><tempo>100.006</tempo><speechiness>0.036713</speechiness><acousticness>0.617175</acousticness><instrumentalness>0.0</instrumentalness><mode>1</mode><time_signature>4</time_signature><duration>199.19955</duration><loudness>-5.244</loudness><audio_md5 /><valence>0.531835</valence><danceability>0.662277</danceability></audio_summary><title>Vorübergehend nicht zu erreichen</title></song><song><artist_id>ARJBQRW1187FB3C7BE</artist_id><artist_name>Andrea Berg</artist_name><id>SOUTVYU142B30D793B</id><audio_summary><key>0</key><analysis_url>http://echonest-analysis.s3.amazonaws.com/TR/SWYcTgsS24P08SlxZ3auesbe8iAnj6EjRb__NIBLZ8g7SSDqJg7UTRGkoc_wsQJ50XgN-_wC2lbIx911s%3D/3/full.json?AWSAccessKeyId=AKIAJRDFEY23UEVW42BQ&amp;Expires=1415343596&amp;Signature=jOc06i2sbWDtFj3eY31U%2BK6zJ8A%3D</analysis_url><energy>0.498416</energy><liveness>0.121106</liveness><tempo>127.03</tempo><speechiness>0.026132</speechiness><acousticness>0.661768</acousticness><instrumentalness>2.9e-05</instrumentalness><mode>1</mode><time_signature>4</time_signature><duration>229.78422</duration><loudness>-6.302</loudness><audio_md5 /><valence>0.280344</valence><danceability>0.577334</danceability></audio_summary><title>Meilenweit</title></song><song><artist_id>ARJBQRW1187FB3C7BE</artist_id><artist_name>Andrea Berg</artist_name><id>SODVWKK142B30E8730</id><audio_summary><key>9</key><analysis_url>http://echonest-analysis.s3.amazonaws.com/TR/_Q81sAfzzn9NXGh2Phgknz-8qPtzkZ4ZHkf__yuZRH2ItGclSBd2_Of7D_voRWT_P6tAIiLe4L_9oWBW4%3D/3/full.json?AWSAccessKeyId=AKIAJRDFEY23UEVW42BQ&amp;Expires=1415343596&amp;Signature=ulQWCMkcq0W9w8X7C/Rm700sDAo%3D</analysis_url><energy>0.927882</energy><liveness>0.987695</liveness><tempo>122.021</tempo><speechiness>0.035734</speechiness><acousticness>0.002705</acousticness><instrumentalness>0.000814</instrumentalness><mode>1</mode><time_signature>4</time_signature><duration>241.67283</duration><loudness>-5.186</loudness><audio_md5 /><valence>0.511148</valence><danceability>0.616861</danceability></audio_summary><title>Ich liebe das Leben (Live 2013)</title></song><song><artist_id>ARJBQRW1187FB3C7BE</artist_id><artist_name>Andrea Berg</artist_name><id>SOSNLVM12A8C142918</id><audio_summary><key>4</key><analysis_url>http://echonest-analysis.s3.amazonaws.com/TR/tbaNrQCZufFaLW6mv0IZ17dBceY-zwLVJDOkU8xEO_rekdIgOC779nd8s5Ox9yR6vFAdHXYKeT4lCIn4A%3D/3/full.json?AWSAccessKeyId=AKIAJRDFEY23UEVW42BQ&amp;Expires=1415343596&amp;Signature=zxNXbiNwgGfVhzxO05Wfi0PB8hI%3D</analysis_url><energy>0.839331</energy><liveness>0.072501</liveness><tempo>120.014</tempo><speechiness>0.05355</speechiness><acousticness>0.426599</acousticness><instrumentalness>0.001058</instrumentalness><mode>1</mode><time_signature>4</time_signature><duration>202.37288</duration><loudness>-8.142</loudness><audio_md5 /><valence>0.917818</valence><danceability>0.846472</danceability></audio_summary><title>Wie ein kleines Kind</title></song><song><artist_id>ARJBQRW1187FB3C7BE</artist_id><artist_name>Andrea Berg</artist_name><id>SOAGFSD12A8C1403A2</id><audio_summary><key>1</key><analysis_url>http://echonest-analysis.s3.amazonaws.com/TR/j10_ggI0Vjehf7zRZ2iK62eAOH7lg8v7E64BUI0mHk9RQpwUceSMLOBg5fdlc-uGJSaQOxCnCchDvxg1M%3D/3/full.json?AWSAccessKeyId=AKIAJRDFEY23UEVW42BQ&amp;Expires=1415343596&amp;Signature=KDr7WD19O5vG3jQ70yT%2BQFC8m7Y%3D</analysis_url><energy>0.824691</energy><liveness>0.064431</liveness><tempo>168.814</tempo><speechiness>0.053297</speechiness><acousticness>0.184337</acousticness><instrumentalness>6.2e-05</instrumentalness><mode>1</mode><time_signature>4</time_signature><duration>221.83955</duration><loudness>-7.544</loudness><audio_md5 /><valence>0.611445</valence><danceability>0.640837</danceability></audio_summary><title>Ganz heimlich</title></song><song><artist_id>ARJBQRW1187FB3C7BE</artist_id><artist_name>Andrea Berg</artist_name><id>SOLQOZP12A8C13B041</id><audio_summary><key>8</key><analysis_url>http://echonest-analysis.s3.amazonaws.com/TR/2B0Z-wgzBqYn8kvI1RUdf46FV2S7DgTmVkGt-9k1AOM2qIAPoKo9_XH7qQv8_jCWrRwoP2oy6KE23aWWk%3D/3/full.json?AWSAccessKeyId=AKIAJRDFEY23UEVW42BQ&amp;Expires=1415343596&amp;Signature=V4x8Cu3/67Hkk%2BrRY4f8oS1lO5Y%3D</analysis_url><energy>0.596104</energy><liveness>0.088307</liveness><tempo>145.986</tempo><speechiness>0.059448</speechiness><acousticness>0.555628</acousticness><instrumentalness>1.6e-05</instrumentalness><mode>1</mode><time_signature>4</time_signature><duration>237.63256</duration><loudness>-8.833</loudness><audio_md5 /><valence>0.551476</valence><danceability>0.734136</danceability></audio_summary><title>Tief im Herzen Afrikas</title></song><song><artist_id>ARJBQRW1187FB3C7BE</artist_id><artist_name>Andrea Berg</artist_name><id>SORBDIP13770601C82</id><audio_summary><key>10</key><analysis_url>http://echonest-analysis.s3.amazonaws.com/TR/5WXhvA7HXpWpJHUYUwd25fl8TbPHtKz6ioDoFTXjNYdvofv8bV3-2tPwumqQ34OVTbMVjdstvbtG0MEzk%3D/3/full.json?AWSAccessKeyId=AKIAJRDFEY23UEVW42BQ&amp;Expires=1415343596&amp;Signature=UZPBHbGlQ3ugD6u9wPgm0sRl9Ik%3D</analysis_url><energy>0.474839</energy><liveness>0.117245</liveness><tempo>72.985</tempo><speechiness>0.027769</speechiness><acousticness>0.312782</acousticness><instrumentalness>5.4e-05</instrumentalness><mode>0</mode><time_signature>4</time_signature><duration>217.86621</duration><loudness>-6.859</loudness><audio_md5 /><valence>0.158054</valence><danceability>0.628579</danceability></audio_summary><title>Nein, das träum ich nicht allein</title></song><song><artist_id>ARJBQRW1187FB3C7BE</artist_id><artist_name>Andrea Berg</artist_name><id>SOTDZNX12A8C13B048</id><audio_summary><key>8</key><analysis_url>http://echonest-analysis.s3.amazonaws.com/TR/C6IrHgREFqj4TlKNG09LKv_jv3IQIKVMs3jYLCIaf9IETJCXhADZ6Z0K4WeT0cNT_Y2wp3p6Y7FUJgNIk%3D/3/full.json?AWSAccessKeyId=AKIAJRDFEY23UEVW42BQ&amp;Expires=1415343596&amp;Signature=tuzP3ZQ9Rf%2BU/54byh8ysmi7pMw%3D</analysis_url><energy>0.733895</energy><liveness>0.083681</liveness><tempo>117.961</tempo><speechiness>0.031299</speechiness><acousticness>0.232731</acousticness><instrumentalness>8e-06</instrumentalness><mode>1</mode><time_signature>4</time_signature><duration>208.06621</duration><loudness>-7.625</loudness><audio_md5 /><valence>0.920469</valence><danceability>0.81885</danceability></audio_summary><title>Halt mich, küß mich</title></song><song><artist_id>ARJBQRW1187FB3C7BE</artist_id><artist_name>Andrea Berg</artist_name><id>SOLMZAI12AF729D3F5</id><audio_summary><key>10</key><analysis_url>http://echonest-analysis.s3.amazonaws.com/TR/yEz71QDgGfUQ61OnGgzzUPFKOKWH9CXY7V3ewO2t1wowBYRWSQP7GqAkBsm5Ivz_6mdUpXAz1ayKaZvTA%3D/3/full.json?AWSAccessKeyId=AKIAJRDFEY23UEVW42BQ&amp;Expires=1415343596&amp;Signature=OvU9gL7CnUHm3aHGPkgSYUgV9l0%3D</analysis_url><energy>0.819246</energy><liveness>0.080467</liveness><tempo>117.007</tempo><speechiness>0.02734</speechiness><acousticness>0.017104</acousticness><instrumentalness>1.9e-05</instrumentalness><mode>1</mode><time_signature>4</time_signature><duration>228.69288</duration><loudness>-5.937</loudness><audio_md5 /><valence>0.645119</valence><danceability>0.789979</danceability></audio_summary><title>Was ist geschehn</title></song><song><artist_id>ARJBQRW1187FB3C7BE</artist_id><artist_name>Andrea Berg</artist_name><id>SODJBHB12AF72A0F7D</id><audio_summary><key>2</key><analysis_url>http://echonest-analysis.s3.amazonaws.com/TR/mtiH7wsi5ooZM6u_dOwjy4A4OERRW4Jec-GqdlwhdV4FOGEzqp4-eGnirR9YafShpCnw3ppEoMDsMEdQY%3D/3/full.json?AWSAccessKeyId=AKIAJRDFEY23UEVW42BQ&amp;Expires=1415343596&amp;Signature=6AnEZX3uR5ccE4dakbSEZic8MTc%3D</analysis_url><energy>0.535377</energy><liveness>0.071481</liveness><tempo>105.005</tempo><speechiness>0.027027</speechiness><acousticness>0.695399</acousticness><instrumentalness>0.0</instrumentalness><mode>1</mode><time_signature>3</time_signature><duration>182.50621</duration><loudness>-7.494</loudness><audio_md5 /><valence>0.294711</valence><danceability>0.74279</danceability></audio_summary><title>Stimme der Nacht</title></song><song><artist_id>ARJBQRW1187FB3C7BE</artist_id><artist_name>Andrea Berg</artist_name><id>SOHLNSY12AF72A570C</id><audio_summary><key>7</key><analysis_url>http://echonest-analysis.s3.amazonaws.com/TR/JsUXfA-lvW-9XgSlk146b4hhqLbuJDiN6JfCJI1JhtMwWiz36uXRAyNC4uKG7yg-c6Zh5Alx-sX2rDEcE%3D/3/full.json?AWSAccessKeyId=AKIAJRDFEY23UEVW42BQ&amp;Expires=1415343596&amp;Signature=1xNmsATrQp/ESpN2L4uwhlVcczY%3D</analysis_url><energy>0.665555</energy><liveness>0.183362</liveness><tempo>110.023</tempo><speechiness>0.032744</speechiness><acousticness>0.010804</acousticness><instrumentalness>0.000488</instrumentalness><mode>1</mode><time_signature>4</time_signature><duration>208.86621</duration><loudness>-7.352</loudness><audio_md5 /><valence>0.64057</valence><danceability>0.774349</danceability></audio_summary><title>Ich hab nie wieder im Regen getanzt</title></song><song><artist_id>ARJBQRW1187FB3C7BE</artist_id><artist_name>Andrea Berg</artist_name><id>SOAGZDC12AF729E65B</id><audio_summary><key>2</key><analysis_url>http://echonest-analysis.s3.amazonaws.com/TR/KWJ5lgigbDpD7HktD5UhxXT616UIuL7gGRjOJozWbM85Ptl83QmsEVmB0aFI_69ICFfCiiwFFwjtSRKWQ%3D/3/full.json?AWSAccessKeyId=AKIAJRDFEY23UEVW42BQ&amp;Expires=1415343596&amp;Signature=6qvBngGxGqHvL775bnE56vR7ipo%3D</analysis_url><energy>0.72502</energy><liveness>0.200354</liveness><tempo>149.994</tempo><speechiness>0.036613</speechiness><acousticness>0.335275</acousticness><instrumentalness>0.000338</instrumentalness><mode>1</mode><time_signature>4</time_signature><duration>243.39955</duration><loudness>-8.446</loudness><audio_md5 /><valence>0.589369</valence><danceability>0.656166</danceability></audio_summary><title>Halt mich fest</title></song><song><artist_id>ARJBQRW1187FB3C7BE</artist_id><artist_name>Andrea Berg</artist_name><id>SOQHMOJ13770604AAF</id><audio_summary><key>10</key><analysis_url>http://echonest-analysis.s3.amazonaws.com/TR/QBHshQuVgC4NAApkLyhOpHVV2FYRcdB98g9mrfJ60rGkCGvGl1jR0s7zwTmhMreVv0uZVpNOXWZkJp17k%3D/3/full.json?AWSAccessKeyId=AKIAJRDFEY23UEVW42BQ&amp;Expires=1415343596&amp;Signature=5XVZ6AAslz52DFM/R4C0dlcQoBA%3D</analysis_url><energy>0.458668</energy><liveness>0.114293</liveness><tempo>73.018</tempo><speechiness>0.029198</speechiness><acousticness>0.296563</acousticness><instrumentalness>4.7e-05</instrumentalness><mode>0</mode><time_signature>4</time_signature><duration>201.63955</duration><loudness>-7.31</loudness><audio_md5 /><valence>0.159628</valence><danceability>0.62474</danceability></audio_summary><title>Nein, das träum ich nicht allein</title></song><song><artist_id>ARJBQRW1187FB3C7BE</artist_id><artist_name>Andrea Berg</artist_name><id>SOXCKZS141215891E4</id><audio_summary><key>11</key><analysis_url>http://echonest-analysis.s3.amazonaws.com/TR/2fOZfA8X86d-PQ4JbXmEvZUYEO6O-1s4Wsik_R/3/full.json?AWSAccessKeyId=AKIAJRDFEY23UEVW42BQ&amp;Expires=1415343596&amp;Signature=Ubt2ruG4%2BZEEztW6kmF4/UEFP%2BU%3D</analysis_url><energy>0.882988</energy><liveness>0.138983</liveness><tempo>122.005</tempo><speechiness>0.032782</speechiness><acousticness>0.307466</acousticness><instrumentalness>2e-06</instrumentalness><mode>1</mode><time_signature>4</time_signature><duration>207.46404</duration><loudness>-4.753</loudness><audio_md5 /><valence>0.850739</valence><danceability>0.7665</danceability></audio_summary><title>Das Gefühl (Remix)</title></song><song><artist_id>ARJBQRW1187FB3C7BE</artist_id><artist_name>Andrea Berg</artist_name><id>SOUBQRD1374134F17C</id><audio_summary><key>0</key><analysis_url>http://echonest-analysis.s3.amazonaws.com/TR/6OlKkQgMuu4C8SpmC9IHein5zckZZGNDVltCFoEawpJf4vhOkDyS72bm6Rhr0NNtKuGbiA-RjNWz2DbrU%3D/3/full.json?AWSAccessKeyId=AKIAJRDFEY23UEVW42BQ&amp;Expires=1415343596&amp;Signature=dPEN5CVbZE6%2Bzq413NTRc1MOWMg%3D</analysis_url><energy>0.320942</energy><liveness>0.162239</liveness><tempo>98.25</tempo><speechiness>0.028798</speechiness><acousticness>0.888877</acousticness><instrumentalness>0.0</instrumentalness><mode>1</mode><time_signature>3</time_signature><duration>182.83959</duration><loudness>-8.189</loudness><audio_md5 /><valence>0.377798</valence><danceability>0.567653</danceability></audio_summary><title>Lieber Gott</title></song><song><artist_id>ARJBQRW1187FB3C7BE</artist_id><artist_name>Andrea Berg</artist_name><id>SOBEOBH12A58A78BF3</id><audio_summary><key>8</key><analysis_url>http://echonest-analysis.s3.amazonaws.com/TR/0kzxGwoUlUbEkCyj3U2IJyoTDG657DJ5fB-btoMjzpKTvq3xTxBXFWY5RjmNR3hPHtl-LTTe6hAV-UHWU%3D/3/full.json?AWSAccessKeyId=AKIAJRDFEY23UEVW42BQ&amp;Expires=1415343596&amp;Signature=mPSA4pTBtJDcEls/33aBA19LQJk%3D</analysis_url><energy>0.906721</energy><liveness>0.292551</liveness><tempo>127.976</tempo><speechiness>0.035547</speechiness><acousticness>0.224721</acousticness><instrumentalness>0.041911</instrumentalness><mode>1</mode><time_signature>4</time_signature><duration>187.59955</duration><loudness>-6.781</loudness><audio_md5 /><valence>0.962918</valence><danceability>0.773698</danceability></audio_summary><title>Irgendwo im Sommerwind</title></song><song><artist_id>ARJBQRW1187FB3C7BE</artist_id><artist_name>Andrea Berg</artist_name><id>SONCFMB131677130E3</id><audio_summary><key>11</key><analysis_url>http://echonest-analysis.s3.amazonaws.com/TR/Q75IygKwJWZ8csmOc6oWBAJuQVDRsK9XAKmB9u87osgBP56irx0Ja6wlZ5LLVGqjJ6QTXILKuROe9qBSw%3D/3/full.json?AWSAccessKeyId=AKIAJRDFEY23UEVW42BQ&amp;Expires=1415343596&amp;Signature=5/ixKKMw2n3SQjhJe3mi9cmhgtQ%3D</analysis_url><energy>0.467407</energy><liveness>0.098522</liveness><tempo>137.756</tempo><speechiness>0.034822</speechiness><acousticness>0.723068</acousticness><instrumentalness>0.0</instrumentalness><mode>1</mode><time_signature>4</time_signature><duration>218.91955</duration><loudness>-6.75</loudness><audio_md5 /><valence>0.166545</valence><danceability>0.496607</danceability></audio_summary><title>Sag mir doch</title></song><song><artist_id>ARJBQRW1187FB3C7BE</artist_id><artist_name>Andrea Berg</artist_name><id>SOBYOLQ12A8C13E66F</id><audio_summary><key>8</key><analysis_url>http://echonest-analysis.s3.amazonaws.com/TR/Lq_gpQrY7w6rdHK5w62mKVdEHOzrlBahIMgt8B5t4ML9PEkI-Aiz-UBV9saVLPIA7OMy4t4208fQG86f0%3D/3/full.json?AWSAccessKeyId=AKIAJRDFEY23UEVW42BQ&amp;Expires=1415343596&amp;Signature=jU1PdGJm0Ht/2bTtGYCDHDkGiGs%3D</analysis_url><energy>0.831539</energy><liveness>0.1924</liveness><tempo>102.958</tempo><speechiness>0.043169</speechiness><acousticness>0.233106</acousticness><instrumentalness>4e-06</instrumentalness><mode>1</mode><time_signature>4</time_signature><duration>223.53288</duration><loudness>-5.544</loudness><audio_md5 /><valence>0.564717</valence><danceability>0.605999</danceability></audio_summary><title>Ich weiß es noch</title></song><song><artist_id>ARJBQRW1187FB3C7BE</artist_id><artist_name>Andrea Berg</artist_name><id>SOKJMLT13C6B5A624F</id><audio_summary><key>10</key><analysis_url>http://echonest-analysis.s3.amazonaws.com/TR/YkqQrQ706hkqMF-a521-M1fDB3bOuipiJK20G3VDzE2OKPU8GUoKaDGmOCF5JOR_ZLoLkc6s1WONUp5Wc%3D/3/full.json?AWSAccessKeyId=AKIAJRDFEY23UEVW42BQ&amp;Expires=1415343596&amp;Signature=MqY76oJgbGk8mrw7IhHJ%2BeqD1xo%3D</analysis_url><energy>0.831165</energy><liveness>0.273297</liveness><tempo>121.77</tempo><speechiness>0.036043</speechiness><acousticness>0.288853</acousticness><instrumentalness>0.000124</instrumentalness><mode>1</mode><time_signature>4</time_signature><duration>214.87701</duration><loudness>-4.69</loudness><audio_md5 /><valence>0.589704</valence><danceability>0.664141</danceability></audio_summary><title>20 Jahre Medley</title></song><song><artist_id>ARJBQRW1187FB3C7BE</artist_id><artist_name>Andrea Berg</artist_name><id>SOIGEPU1312A8A50B6</id><audio_summary><key>0</key><analysis_url>http://echonest-analysis.s3.amazonaws.com/TR/tiBJMAvQLxzaFUAirJJOm9duh3uUrOg6uyBPxTJAorevEv4Y6GyYm-_Fi4-tiRZgGRcYb24a77xPXmgt0%3D/3/full.json?AWSAccessKeyId=AKIAJRDFEY23UEVW42BQ&amp;Expires=1415343596&amp;Signature=dX42G/fO0Iu58NkKttKLt0bIkt8%3D</analysis_url><energy>0.807327</energy><liveness>0.150879</liveness><tempo>114.942</tempo><speechiness>0.044401</speechiness><acousticness>0.044299</acousticness><instrumentalness>3.8e-05</instrumentalness><mode>1</mode><time_signature>4</time_signature><duration>194.29288</duration><loudness>-5.255</loudness><audio_md5>87c3f470b99a81f494721de8eb6bb905</audio_md5><valence>0.68295</valence><danceability>0.82424</danceability></audio_summary><title>Ein bisschen Wahnsinn</title></song><song><artist_id>ARJBQRW1187FB3C7BE</artist_id><artist_name>Andrea Berg</artist_name><id>SOFGESO12A8C13B052</id><audio_summary><key>7</key><analysis_url>http://echonest-analysis.s3.amazonaws.com/TR/yieXewJP50OqABx45lSgjAoxsSJVzKmOsqCu4jEOW2na2thELeOk6HwgxeJn1DaXa0KI6ag--CUHDCghs%3D/3/full.json?AWSAccessKeyId=AKIAJRDFEY23UEVW42BQ&amp;Expires=1415343596&amp;Signature=yfW1BLmUvrffoFGILj%2BxROi9qHU%3D</analysis_url><energy>0.562365</energy><liveness>0.091803</liveness><tempo>141.005</tempo><speechiness>0.041113</speechiness><acousticness>0.230604</acousticness><instrumentalness>1e-06</instrumentalness><mode>1</mode><time_signature>4</time_signature><duration>183.34431</duration><loudness>-8.183</loudness><audio_md5 /><valence>0.455769</valence><danceability>0.741847</danceability></audio_summary><title>Kennst du die Sehnsucht</title></song><song><artist_id>ARJBQRW1187FB3C7BE</artist_id><artist_name>Andrea Berg</artist_name><id>SOAYLZH12A8C13E129</id><audio_summary><key>7</key><analysis_url>http://echonest-analysis.s3.amazonaws.com/TR/AAMfhguv7k5hc3NvhNOFKtN3C9vM5EOegkp5Lb4TaQmFQu3R2xLpYi4O8VZCu-hISBwbo2-rRgDApGWWU%3D/3/full.json?AWSAccessKeyId=AKIAJRDFEY23UEVW42BQ&amp;Expires=1415343596&amp;Signature=%2B9gagHXF9TsZlo7tn8vI%2B2z2HEQ%3D</analysis_url><energy>0.310727</energy><liveness>0.295672</liveness><tempo>127.018</tempo><speechiness>0.02931</speechiness><acousticness>0.435996</acousticness><instrumentalness>1e-06</instrumentalness><mode>1</mode><time_signature>4</time_signature><duration>151.83955</duration><loudness>-9.818</loudness><audio_md5 /><valence>0.230712</valence><danceability>0.695945</danceability></audio_summary><title>Bleib</title></song><song><artist_id>ARJBQRW1187FB3C7BE</artist_id><artist_name>Andrea Berg</artist_name><id>SONRTLL12A8C1437DE</id><audio_summary><key>10</key><analysis_url>http://echonest-analysis.s3.amazonaws.com/TR/KJEtEAh77kAF0IsqU8ONsM9_In2qpiSoyw01wxRudqKL6qbxKNPMQ_WuVbPwMb7dTdS3j-SUMveuMbMGQ%3D/3/full.json?AWSAccessKeyId=AKIAJRDFEY23UEVW42BQ&amp;Expires=1415343596&amp;Signature=yD8h2/PUWMxbEqk31vpwnC//OVk%3D</analysis_url><energy>0.839196</energy><liveness>0.052022</liveness><tempo>114.995</tempo><speechiness>0.0672</speechiness><acousticness>0.341606</acousticness><instrumentalness>1.5e-05</instrumentalness><mode>1</mode><time_signature>4</time_signature><duration>218.19955</duration><loudness>-6.619</loudness><audio_md5 /><valence>0.71179</valence><danceability>0.836634</danceability></audio_summary><title>Dich soll der Teufel hol'n</title></song><song><artist_id>ARJBQRW1187FB3C7BE</artist_id><artist_name>Andrea Berg</artist_name><id>SOIXWWP12A58A7D936</id><audio_summary><key>5</key><analysis_url>http://echonest-analysis.s3.amazonaws.com/TR/rbazGQD7vF3Mlazqa4w_pSl-_tt_hqgw7pKpH0GSv1NDfayw5MB6NixtiuXwm5dkoqpmQpWaLq5H7ocVM%3D/3/full.json?AWSAccessKeyId=AKIAJRDFEY23UEVW42BQ&amp;Expires=1415343596&amp;Signature=962SU4dnTee/RPgMC6LgDpNuxNM%3D</analysis_url><energy>0.727312</energy><liveness>0.082568</liveness><tempo>123.984</tempo><speechiness>0.035062</speechiness><acousticness>0.259422</acousticness><instrumentalness>6e-06</instrumentalness><mode>0</mode><time_signature>4</time_signature><duration>208.25288</duration><loudness>-6.635</loudness><audio_md5>e8261eafef239cc076620c5463df0a9a</audio_md5><valence>0.800363</valence><danceability>0.777816</danceability></audio_summary><title>Barfuß durch die Nacht</title></song><song><artist_id>ARJBQRW1187FB3C7BE</artist_id><artist_name>Andrea Berg</artist_name><id>SODAEDL12A8C13F35A</id><audio_summary><key>6</key><analysis_url>http://echonest-analysis.s3.amazonaws.com/TR/FR4z0g1g52JzDmgAcMraWIYNcMV1bLRyBXsvL-36b3t2M-PzjHmQfynwvIv6Yi2B1B-dS96UEynn_OgfQ%3D/3/full.json?AWSAccessKeyId=AKIAJRDFEY23UEVW42BQ&amp;Expires=1415343596&amp;Signature=UMsMnKNNjNWtv19EM%2BSa15LZFRE%3D</analysis_url><energy>0.757959</energy><liveness>0.113502</liveness><tempo>112.988</tempo><speechiness>0.037787</speechiness><acousticness>0.07737</acousticness><instrumentalness>0.003549</instrumentalness><mode>1</mode><time_signature>4</time_signature><duration>221.97288</duration><loudness>-5.629</loudness><audio_md5 /><valence>0.379913</valence><danceability>0.68408</danceability></audio_summary><title>Jedes Feuer stirbt einmal im Regen</title></song><song><artist_id>ARJBQRW1187FB3C7BE</artist_id><artist_name>Andrea Berg</artist_name><id>SOHTIOZ12A8C13D5FD</id><audio_summary><key>8</key><analysis_url>http://echonest-analysis.s3.amazonaws.com/TR/J30RFwwDQyhO9naKvlVBA0d6psUaXNUioi3gMrItxNTIrNQV6ATWPJZlvWADlYiEKOdNi3ufu8OAPlZ4w%3D/3/full.json?AWSAccessKeyId=AKIAJRDFEY23UEVW42BQ&amp;Expires=1415343596&amp;Signature=DqwDeGmtRf%2BbUjVrcHZtr%2BdC2CM%3D</analysis_url><energy>0.798051</energy><liveness>0.067304</liveness><tempo>118.021</tempo><speechiness>0.058431</speechiness><acousticness>0.339051</acousticness><instrumentalness>1e-06</instrumentalness><mode>1</mode><time_signature>4</time_signature><duration>237.95955</duration><loudness>-5.278</loudness><audio_md5>12720feca2ebc6dfce98c2ee5ed9e4a6</audio_md5><valence>0.581656</valence><danceability>0.850522</danceability></audio_summary><title>Rendezvous mit dem Wind</title></song><song><artist_id>ARJBQRW1187FB3C7BE</artist_id><artist_name>Andrea Berg</artist_name><id>SOKIRAM14121571CC3</id><audio_summary><key>11</key><analysis_url>http://echonest-analysis.s3.amazonaws.com/TR/qNKs-wN7oI4jhWk2C9m7EbfKUwi9P2YvkFF2F-Dmc9u5TawlomRo8-_qfjMTuwI1739AfVko82iRta3nE%3D/3/full.json?AWSAccessKeyId=AKIAJRDFEY23UEVW42BQ&amp;Expires=1415343596&amp;Signature=s%2B9hYl4vH2ucxWyUQyyMN4phuzg%3D</analysis_url><energy>0.905511</energy><liveness>0.250191</liveness><tempo>127.988</tempo><speechiness>0.03848</speechiness><acousticness>0.185769</acousticness><instrumentalness>0.0</instrumentalness><mode>1</mode><time_signature>4</time_signature><duration>184.36599</duration><loudness>-5.035</loudness><audio_md5>75a4a74d7206c079d85c360fd633bada</audio_md5><valence>0.835988</valence><danceability>0.666428</danceability></audio_summary><title>Fliegst du immer noch so hoch</title></song><song><artist_id>ARJBQRW1187FB3C7BE</artist_id><artist_name>Andrea Berg</artist_name><id>SOAMVXG12A58A75F90</id><audio_summary><key>10</key><analysis_url>http://echonest-analysis.s3.amazonaws.com/TR/06Zw4Akd2ZbeSjwmH_DXLtOBVaB-H8khLnZl5mJP9QZEKBq1cV3Lo3-maNMKL0hQn1LKnPSxzY_-Sk8bw%3D/3/full.json?AWSAccessKeyId=AKIAJRDFEY23UEVW42BQ&amp;Expires=1415343596&amp;Signature=G%2B0ibZjWndu8Zi8aCnfvGS74XJg%3D</analysis_url><energy>0.827038</energy><liveness>0.072489</liveness><tempo>121.864</tempo><speechiness>0.093493</speechiness><acousticness>0.299435</acousticness><instrumentalness>2e-06</instrumentalness><mode>1</mode><time_signature>4</time_signature><duration>205.99955</duration><loudness>-4.955</loudness><audio_md5 /><valence>0.542103</valence><danceability>0.680356</danceability></audio_summary><title>Warum nur träumen</title></song><song><artist_id>ARJBQRW1187FB3C7BE</artist_id><artist_name>Andrea Berg</artist_name><id>SOBGGAO13C6B5656A3</id><audio_summary><key>9</key><analysis_url>http://echonest-analysis.s3.amazonaws.com/TR/qjpkMAqy9MUoNQ1C09f0Ynj7kYq-krylMSy8hLm5DjMS6sjGkbqorVjt3GOMBG_UH9exeqHKGMqnSE9sM%3D/3/full.json?AWSAccessKeyId=AKIAJRDFEY23UEVW42BQ&amp;Expires=1415343596&amp;Signature=/RTzOoz565M0Gcfo6iluLE5dOc0%3D</analysis_url><energy>0.448063</energy><liveness>0.12915</liveness><tempo>119.796</tempo><speechiness>0.035256</speechiness><acousticness>0.682423</acousticness><instrumentalness>0.0</instrumentalness><mode>1</mode><time_signature>4</time_signature><duration>208.26621</duration><loudness>-8.718</loudness><audio_md5 /><valence>0.220869</valence><danceability>0.310243</danceability></audio_summary><title>Einmal Himmel und zurück</title></song><song><artist_id>ARJBQRW1187FB3C7BE</artist_id><artist_name>Andrea Berg</artist_name><id>SOQWUTD12A8C143878</id><audio_summary><key>9</key><analysis_url>http://echonest-analysis.s3.amazonaws.com/TR/ao7yKwmQVswCowvI1uLjJXnTJobsGrPe-4m2_lzCyszZkrAEFdKkWC5e3RUmIELDHj9DTaI_OrgW8ce1I%3D/3/full.json?AWSAccessKeyId=AKIAJRDFEY23UEVW42BQ&amp;Expires=1415343596&amp;Signature=TJJKx8FfeGBSYnmRRcXvlzahCt8%3D</analysis_url><energy>0.300237</energy><liveness>0.1019</liveness><tempo>101.172</tempo><speechiness>0.025553</speechiness><acousticness>0.512521</acousticness><instrumentalness>2e-06</instrumentalness><mode>1</mode><time_signature>3</time_signature><duration>243.51955</duration><loudness>-10.079</loudness><audio_md5>2fa9857c499e306e89a2d700f178fb84</audio_md5><valence>0.15022</valence><danceability>0.495146</danceability></audio_summary><title>Die Kraft der Liebe</title></song><song><artist_id>ARJBQRW1187FB3C7BE</artist_id><artist_name>Andrea Berg</artist_name><id>SOOFNHA12A8C13D027</id><audio_summary><key>0</key><analysis_url>http://echonest-analysis.s3.amazonaws.com/TR/i7mZdQdojenSgcM9PKLAAKvSq5Elg20nkVqXkaqtGma3-ZrvhVqVN7U2Tsu3FvePeh0BPp9NuirufaWk0%3D/3/full.json?AWSAccessKeyId=AKIAJRDFEY23UEVW42BQ&amp;Expires=1415343596&amp;Signature=ayWHYhoSlZMDmPiVs87J79eF1Ng%3D</analysis_url><energy>0.821045</energy><liveness>0.041525</liveness><tempo>130.032</tempo><speechiness>0.052109</speechiness><acousticness>0.151236</acousticness><instrumentalness>0.00111</instrumentalness><mode>1</mode><time_signature>4</time_signature><duration>208.53288</duration><loudness>-6.825</loudness><audio_md5 /><valence>0.82649</valence><danceability>0.833399</danceability></audio_summary><title>Ich will deine Sehnsucht</title></song><song><artist_id>ARJBQRW1187FB3C7BE</artist_id><artist_name>Andrea Berg</artist_name><id>SOCISGZ1315CD4388A</id><audio_summary><key>2</key><analysis_url>http://echonest-analysis.s3.amazonaws.com/TR/GEkwaQZR6I3uPu0DtLb_DfOtu31HSHIWD6smKQJS6vahze153E9ZxBBEQWZSdvD8k0nsJevdG77Rsm7BY%3D/3/full.json?AWSAccessKeyId=AKIAJRDFEY23UEVW42BQ&amp;Expires=1415343596&amp;Signature=XZzAcfY3/IfQqaxp7s4gv849h2o%3D</analysis_url><energy>0.770165</energy><liveness>0.085206</liveness><tempo>102.962</tempo><speechiness>0.058212</speechiness><acousticness>0.004475</acousticness><instrumentalness>0.000838</instrumentalness><mode>1</mode><time_signature>4</time_signature><duration>272.73288</duration><loudness>-6.676</loudness><audio_md5 /><valence>0.318635</valence><danceability>0.810712</danceability></audio_summary><title>Weinen kann ich auch ohne dich</title></song><song><artist_id>ARJBQRW1187FB3C7BE</artist_id><artist_name>Andrea Berg</artist_name><id>SOHTRYH1374134F3FC</id><audio_summary><key>9</key><analysis_url>http://echonest-analysis.s3.amazonaws.com/TR/eFDsuAbSBi_jWZ6TFy4YfaKvquxlUNB1QszXSUN4u41JxYT7TrHtKFeAtjy3sP4pxuLFpcyjL3hylrYjQ%3D/3/full.json?AWSAccessKeyId=AKIAJRDFEY23UEVW42BQ&amp;Expires=1415343596&amp;Signature=yH3Ae2YCQunFRtJkvvP%2BUWgG%2ByA%3D</analysis_url><energy>0.443901</energy><liveness>0.083273</liveness><tempo>119.843</tempo><speechiness>0.036212</speechiness><acousticness>0.758926</acousticness><instrumentalness>0.0</instrumentalness><mode>1</mode><time_signature>4</time_signature><duration>226.35955</duration><loudness>-8.247</loudness><audio_md5 /><valence>0.319734</valence><danceability>0.313839</danceability></audio_summary><title>Einmal Himmel und zurück</title></song><song><artist_id>ARJBQRW1187FB3C7BE</artist_id><artist_name>Andrea Berg</artist_name><id>SODWKMA12A8C14386F</id><audio_summary><key>5</key><analysis_url>http://echonest-analysis.s3.amazonaws.com/TR/B3FjEwm3wlU17df3T24XWb_5GrFKC1Q9mEPrEK0MPHDffuJTUfNwuyNx2rVxLYhiwbydm-4U-m5bkrFq0%3D/3/full.json?AWSAccessKeyId=AKIAJRDFEY23UEVW42BQ&amp;Expires=1415343596&amp;Signature=EmuCK5LgQI%2Bezj25Ud/eSGsNbxs%3D</analysis_url><energy>0.264155</energy><liveness>0.165112</liveness><tempo>129.587</tempo><speechiness>0.031824</speechiness><acousticness>0.767443</acousticness><instrumentalness>0.0</instrumentalness><mode>1</mode><time_signature>5</time_signature><duration>209.76862</duration><loudness>-9.92</loudness><audio_md5 /><valence>0.185514</valence><danceability>0.28291</danceability></audio_summary><title>Stille Nacht, heilige Nacht</title></song><song><artist_id>ARJBQRW1187FB3C7BE</artist_id><artist_name>Andrea Berg</artist_name><id>SOKROEK136C9A089CC</id><audio_summary><key>10</key><analysis_url>http://echonest-analysis.s3.amazonaws.com/TR/3uFX7Qw-vedIZfmOYO4gp41tm019g7lvkNKfQuK5pg-8xOtoRBCT0jUlk4b84NtIBsluaOTQhBkU9mMFg%3D/3/full.json?AWSAccessKeyId=AKIAJRDFEY23UEVW42BQ&amp;Expires=1415343596&amp;Signature=5mvP2xqhoCBDD1Rl1Z8I%2BYtlGBI%3D</analysis_url><energy>0.696696</energy><liveness>0.152</liveness><tempo>117.066</tempo><speechiness>0.029455</speechiness><acousticness>0.17019</acousticness><instrumentalness>1e-06</instrumentalness><mode>1</mode><time_signature>3</time_signature><duration>198.83955</duration><loudness>-5.833</loudness><audio_md5 /><valence>0.615693</valence><danceability>0.701856</danceability></audio_summary><title>Dein Engel</title></song><song><artist_id>ARJBQRW1187FB3C7BE</artist_id><artist_name>Andrea Berg</artist_name><id>SOSXVSJ12AB0185D70</id><audio_summary><key>6</key><analysis_url>http://echonest-analysis.s3.amazonaws.com/TR/CAbkfwTeetY6yE6wzONR3AKbPGPFkV3nRJK3tycxE082drWGg9u7sFyL0jcpIVjT7AhjprYvr1o3GPI5s%3D/3/full.json?AWSAccessKeyId=AKIAJRDFEY23UEVW42BQ&amp;Expires=1415343596&amp;Signature=LoxPGVV1vaxsYAy8Cot9A%2BJR7NQ%3D</analysis_url><energy>0.683849</energy><liveness>0.048392</liveness><tempo>95.045</tempo><speechiness>0.023784</speechiness><acousticness>0.245418</acousticness><instrumentalness>5.8e-05</instrumentalness><mode>1</mode><time_signature>4</time_signature><duration>240.09388</duration><loudness>-5.871</loudness><audio_md5 /><valence>0.470086</valence><danceability>0.677112</danceability></audio_summary><title>Mach diese Nacht unendlich</title></song><song><artist_id>ARJBQRW1187FB3C7BE</artist_id><artist_name>Andrea Berg</artist_name><id>SORJEHZ12A8C14386B</id><audio_summary><key>11</key><analysis_url>http://echonest-analysis.s3.amazonaws.com/TR/Oh87nwZ5B4r5DwOD4CjB5W7gqvrtBtvE3kDbrBbI5k885BzdJ0Fv3noRHE6LvvAUzCV_17MpSSvhE96fc%3D/3/full.json?AWSAccessKeyId=AKIAJRDFEY23UEVW42BQ&amp;Expires=1415343596&amp;Signature=ZjxBfu7frubz5ORwu/a/Zm9LAWc%3D</analysis_url><energy>0.373317</energy><liveness>0.088785</liveness><tempo>95.998</tempo><speechiness>0.027285</speechiness><acousticness>0.107501</acousticness><instrumentalness>3.8e-05</instrumentalness><mode>1</mode><time_signature>4</time_signature><duration>282.70621</duration><loudness>-9.524</loudness><audio_md5 /><valence>0.295181</valence><danceability>0.622339</danceability></audio_summary><title>Nur dann, hab' ich gelebt</title></song><song><artist_id>ARJBQRW1187FB3C7BE</artist_id><artist_name>Andrea Berg</artist_name><id>SOICRDD1366FCFE166</id><audio_summary><key>11</key><analysis_url>http://echonest-analysis.s3.amazonaws.com/TR/WbpQMAczp12Nz5-5G4Aynr5ffNxrnirGIIG0SaE7qjFc6XTrUTG1OpCynejRPm-0Z69zAaEjaH2py2kQo%3D/3/full.json?AWSAccessKeyId=AKIAJRDFEY23UEVW42BQ&amp;Expires=1415343596&amp;Signature=ja/XRfZBQDptUnWy5YWTx4HCE2I%3D</analysis_url><energy>0.427736</energy><liveness>0.090971</liveness><tempo>133.786</tempo><speechiness>0.029914</speechiness><acousticness>0.502257</acousticness><instrumentalness>0.0</instrumentalness><mode>1</mode><time_signature>4</time_signature><duration>198.21288</duration><loudness>-7.571</loudness><audio_md5 /><valence>0.314116</valence><danceability>0.583845</danceability></audio_summary><title>Seelenverwandt</title></song></songs></response>