<response><status><version>4.2</version><code>0</code><message>Success</message></status><songs><song><artist_id>ARW2U4O1187FB4408B</artist_id><artist_name>Andrew W.K.</artist_name><id>SOODPVX12A8C1457A1</id><audio_summary><key>0</key><analysis_url>http://echonest-analysis.s3.amazonaws.com/TR/PaHPDQDRZxg_NskSlyVnZwzWHq69JRC3Ftx0XholLGEVhjmzRHKZ0f86f4Q2HFUs1Nd5EgUVlBa3N7dsM%3D/3/full.json?AWSAccessKeyId=AKIAJRDFEY23UEVW42BQ&amp;Expires=1415343650&amp;Signature=d9VFTHvkMmeNcWEiwMdEhvq6Ob4%3D</analysis_url><energy>0.357517</energy><liveness>0.148467</liveness><tempo>118.37</tempo><speechiness>0.042379</speechiness><acousticness>0.973672</acousticness><instrumentalness>0.856223</instrumentalness><mode>1</mode><time_signature>4</time_signature><duration>321.35955</duration><loudness>-11.774</loudness><audio_md5 /><valence>0.285453</valence><danceability>0.436606</danceability></audio_summary><title>City Time</title></song><song><artist_id>ARW2U4O1187FB4408B</artist_id><artist_name>Andrew W.K.</artist_name><id>SOETRYH14241989523</id><audio_summary><key>10</key><analysis_url>http://echonest-analysis.s3.amazonaws.com/TR/IQwvGgp5l9xuSEORKFI25jzH2EEsP4hj9FAokJQBA5yzCTj8mXOH4-RYil4lPho7SlKPe2i-Baxwxq224%3D/3/full.json?AWSAccessKeyId=AKIAJRDFEY23UEVW42BQ&amp;Expires=1415343650&amp;Signature=ipgRrY7aIDzPnPfl3tnE1uDfI%2B4%3D</analysis_url><energy>0.780961</energy><liveness>0.302133</liveness><tempo>129.511</tempo><speechiness>0.036389</speechiness><acousticness>0.01944</acousticness><instrumentalness>0.007885</instrumentalness><mode>1</mode><time_signature>4</time_signature><duration>206.27955</duration><loudness>-5.557</loudness><audio_md5 /><valence>0.222345</valence><danceability>0.493215</danceability></audio_summary><title>Alone In The Wind</title></song><song><artist_id>ARW2U4O1187FB4408B</artist_id><artist_name>Andrew W.K.</artist_name><id>SONZDJY131343A5ACE</id><audio_summary><key>2</key><analysis_url>http://echonest-analysis.s3.amazonaws.com/TR/6x_mawLPANOmStlOQ0ggYzLmVpFZRolkunAwgs/3/full.json?AWSAccessKeyId=AKIAJRDFEY23UEVW42BQ&amp;Expires=1415343650&amp;Signature=AWU6tyvdrRq3UYEy83QrhGxHDxM%3D</analysis_url><energy>0.957741</energy><liveness>0.264852</liveness><tempo>99.004</tempo><speechiness>0.075479</speechiness><acousticness>0.181421</acousticness><instrumentalness>0.959109</instrumentalness><mode>1</mode><time_signature>4</time_signature><duration>54.25333</duration><loudness>-4.27</loudness><audio_md5 /><valence>0.644947</valence><danceability>0.357095</danceability></audio_summary><title>Don't Sell Hot Dogs Tonight</title></song><song><artist_id>ARW2U4O1187FB4408B</artist_id><artist_name>Andrew W.K.</artist_name><id>SOGGSPL1372F9C8E8D</id><audio_summary><key>6</key><analysis_url>http://echonest-analysis.s3.amazonaws.com/TR/sTpGMwUxc049nwNyJuIp2WvgYjHJ8OANtps-CiknWZqFTI7uVrlFtm8pfS1LPKMUOG_a0pdLH6NEonWxo%3D/3/full.json?AWSAccessKeyId=AKIAJRDFEY23UEVW42BQ&amp;Expires=1415343650&amp;Signature=QqbEYY9aJeCErZ3N1871pFY/n34%3D</analysis_url><energy>0.326965</energy><liveness>0.181123</liveness><tempo>111.007</tempo><speechiness>0.949722</speechiness><acousticness>0.55216</acousticness><instrumentalness>0.0</instrumentalness><mode>1</mode><time_signature>3</time_signature><duration>29.82621</duration><loudness>-14.747</loudness><audio_md5 /><valence>0.685367</valence><danceability>0.736271</danceability></audio_summary><title>PSA</title></song><song><artist_id>ARW2U4O1187FB4408B</artist_id><artist_name>Andrew W.K.</artist_name><id>SOKECKI136F2F95839</id><audio_summary><key>4</key><analysis_url>http://echonest-analysis.s3.amazonaws.com/TR/PI-k8wfr2Px9-BcLmlVJOeNl6S3aBr_Z2irqZ7HuRJq1eFFIuJNRG0XhKnygTY43DmQS5Cw39a43bmDcY%3D/3/full.json?AWSAccessKeyId=AKIAJRDFEY23UEVW42BQ&amp;Expires=1415343650&amp;Signature=fhcvN3egcgUwGDOpsXvhJthgg20%3D</analysis_url><energy>0.741572</energy><liveness>0.384494</liveness><tempo>37.622</tempo><speechiness>0.034399</speechiness><acousticness>0.752243</acousticness><instrumentalness>0.323053</instrumentalness><mode>1</mode><time_signature>4</time_signature><duration>195.91955</duration><loudness>-7.985</loudness><audio_md5 /><valence>0.291132</valence><danceability>0.178949</danceability></audio_summary><title>Shima-Uta</title></song><song><artist_id>ARW2U4O1187FB4408B</artist_id><artist_name>Andrew W.K.</artist_name><id>SODXERI1366F760FFD</id><audio_summary><key>0</key><analysis_url>http://echonest-analysis.s3.amazonaws.com/TR/IllCQA6tqndADRMh_vf6eFYARrzfdjvxNe1gXlkBheYouPYWy6DZu3p5FsT_jvU1nOpSdmT27LSGRhr4s%3D/3/full.json?AWSAccessKeyId=AKIAJRDFEY23UEVW42BQ&amp;Expires=1415343650&amp;Signature=VPSftKFcVLpQjmbTrPd/SPb8JWo%3D</analysis_url><energy>0.935556</energy><liveness>0.103422</liveness><tempo>149.426</tempo><speechiness>0.111181</speechiness><acousticness>0.005596</acousticness><instrumentalness>0.000576</instrumentalness><mode>1</mode><time_signature>4</time_signature><duration>221.33288</duration><loudness>-3.697</loudness><audio_md5 /><valence>0.634855</valence><danceability>0.545256</danceability></audio_summary><title>Monica</title></song><song><artist_id>ARW2U4O1187FB4408B</artist_id><artist_name>Andrew W.K.</artist_name><id>SOHIBEV13EB0509513</id><audio_summary><key>5</key><analysis_url>http://echonest-analysis.s3.amazonaws.com/TR/Sq9CSw8Iu2Ib0F-HFrFwUk4pcBgnvsYQw0WBMvXjOSxswGKx-Pna9slbZcDh5rzFZV1oLXK-zHpnvCFiY%3D/3/full.json?AWSAccessKeyId=AKIAJRDFEY23UEVW42BQ&amp;Expires=1415343650&amp;Signature=SNcEmRDSqFL8PuqSPTCdXnUp5Xg%3D</analysis_url><energy>0.991664</energy><liveness>0.35699</liveness><tempo>174.468</tempo><speechiness>0.115411</speechiness><acousticness>0.029932</acousticness><instrumentalness>0.032888</instrumentalness><mode>1</mode><time_signature>4</time_signature><duration>300.15955</duration><loudness>-4.148</loudness><audio_md5 /><valence>0.352443</valence><danceability>0.304189</danceability></audio_summary><title>Thrill</title></song><song><artist_id>ARW2U4O1187FB4408B</artist_id><artist_name>Andrew W.K.</artist_name><id>SOLZTAC1372365DFF9</id><audio_summary><key>0</key><analysis_url>http://echonest-analysis.s3.amazonaws.com/TR/sxTsQgFAINiDJwLPnmcuKOJioButoNLPsByHkYtMXyG9HlyY6WWmHOJxz5gUNJ7Zvlzn7KC84ennBuxKU%3D/3/full.json?AWSAccessKeyId=AKIAJRDFEY23UEVW42BQ&amp;Expires=1415343650&amp;Signature=wuhmI8h4E3YABeWWIkbJQ6RgQ8U%3D</analysis_url><energy>0.966013</energy><liveness>0.321254</liveness><tempo>162.043</tempo><speechiness>0.063865</speechiness><acousticness>0.033627</acousticness><instrumentalness>0.0</instrumentalness><mode>1</mode><time_signature>4</time_signature><duration>156.09293</duration><loudness>-3.727</loudness><audio_md5 /><valence>0.335198</valence><danceability>0.414463</danceability></audio_summary><title>Go Go Go Go</title></song><song><artist_id>ARW2U4O1187FB4408B</artist_id><artist_name>Andrew W.K.</artist_name><id>SOAHKRF1373298161E</id><audio_summary><key>4</key><analysis_url>http://echonest-analysis.s3.amazonaws.com/TR/adKKlgxvNhnVYXdblw7uEw-s6YDd8lzO6aC81JANPJv0O8hDS2ZuPOpC0Imd6mX2EeLiVjtvfGCTbr1UM%3D/3/full.json?AWSAccessKeyId=AKIAJRDFEY23UEVW42BQ&amp;Expires=1415343651&amp;Signature=tCMSQZtveM110pzWjxDnZ650pv8%3D</analysis_url><energy>0.37526</energy><liveness>0.080589</liveness><tempo>141.39</tempo><speechiness>0.058223</speechiness><acousticness>0.984285</acousticness><instrumentalness>0.936306</instrumentalness><mode>1</mode><time_signature>4</time_signature><duration>394.23955</duration><loudness>-13.014</loudness><audio_md5 /><valence>0.625658</valence><danceability>0.468488</danceability></audio_summary><title>Night Driver</title></song><song><artist_id>ARW2U4O1187FB4408B</artist_id><artist_name>Andrew W.K.</artist_name><id>SOQXKJJ133EB4D849B</id><audio_summary><key>8</key><analysis_url>http://echonest-analysis.s3.amazonaws.com/TR/hCE_8QZNsxlevfLBtnepKzdpn3839US0aIic0BPjqfq_GDKtjuYMbj0tbXn69-m_i4Vsmvyc7uKMaRBCU%3D/3/full.json?AWSAccessKeyId=AKIAJRDFEY23UEVW42BQ&amp;Expires=1415343651&amp;Signature=tIpAR4eGNFyl0hTfjqmaoivMeaE%3D</analysis_url><energy>0.986965</energy><liveness>0.319539</liveness><tempo>73.714</tempo><speechiness>0.195019</speechiness><acousticness>0.01096</acousticness><instrumentalness>0.001611</instrumentalness><mode>0</mode><time_signature>4</time_signature><duration>250.15955</duration><loudness>-3.069</loudness><audio_md5 /><valence>0.543656</valence><danceability>0.35397</danceability></audio_summary><title>Shuchishin</title></song><song><artist_id>ARW2U4O1187FB4408B</artist_id><artist_name>Andrew W.K.</artist_name><id>SOUJZRF142473B523A</id><audio_summary><key>3</key><analysis_url>http://echonest-analysis.s3.amazonaws.com/TR/RAIJiwXqyDCWZvimFwbMpOrB1pBi4oJzqeEArdvl7ojtR9GTiyCs_bv6PzQxX01dugSntbp4J3Mmfn8SI%3D/3/full.json?AWSAccessKeyId=AKIAJRDFEY23UEVW42BQ&amp;Expires=1415343651&amp;Signature=8wGFa7qCt7VQWVEW0BsHWBJhcFA%3D</analysis_url><energy>0.954067</energy><liveness>0.160386</liveness><tempo>146.02</tempo><speechiness>0.095718</speechiness><acousticness>0.000117</acousticness><instrumentalness>0.001085</instrumentalness><mode>1</mode><time_signature>4</time_signature><duration>216.59955</duration><loudness>-2.566</loudness><audio_md5 /><valence>0.191536</valence><danceability>0.417957</danceability></audio_summary><title>Everybody's Raging</title></song><song><artist_id>ARW2U4O1187FB4408B</artist_id><artist_name>Andrew W.K.</artist_name><id>SODIMQV1311AFEC4BA</id><audio_summary><key>9</key><analysis_url>http://echonest-analysis.s3.amazonaws.com/TR/8tBMrwrUe76do27FFKRVgYQzh2Qq8i7NdQAKR9qYbA93Zgpj_S03Pp4kqlEFoRa2cfIXVhgIO6l40F8Us%3D/3/full.json?AWSAccessKeyId=AKIAJRDFEY23UEVW42BQ&amp;Expires=1415343651&amp;Signature=uaZ46tKutWpkBdlYMnNk3%2BGGdG8%3D</analysis_url><energy>0.340757</energy><liveness>0.194425</liveness><tempo>155.433</tempo><speechiness>0.0453</speechiness><acousticness>0.982752</acousticness><instrumentalness>0.923543</instrumentalness><mode>0</mode><time_signature>4</time_signature><duration>290.23955</duration><loudness>-18.035</loudness><audio_md5 /><valence>0.394784</valence><danceability>0.369083</danceability></audio_summary><title>Car Nightmare</title></song><song><artist_id>ARW2U4O1187FB4408B</artist_id><artist_name>Andrew W.K.</artist_name><id>SOASXPF1424783B367</id><audio_summary><key>7</key><analysis_url>http://echonest-analysis.s3.amazonaws.com/TR/INiREgUS_l7U-LyXQzx97XgkaU0HwtTzkJipG0M285DbV9JiVE3M5Z-vmD3cAPs9MnqeB_cymZBZLajYs%3D/3/full.json?AWSAccessKeyId=AKIAJRDFEY23UEVW42BQ&amp;Expires=1415343651&amp;Signature=D0/Wn5BwM7G6vZgcm5mfK%2BmSvwg%3D</analysis_url><energy>0.576387</energy><liveness>0.212309</liveness><tempo>80.705</tempo><speechiness>0.02992</speechiness><acousticness>0.169631</acousticness><instrumentalness>0.0</instrumentalness><mode>1</mode><time_signature>4</time_signature><duration>235.55955</duration><loudness>-5.99</loudness><audio_md5 /><valence>0.188367</valence><danceability>0.395596</danceability></audio_summary><title>We're All Women</title></song><song><artist_id>ARW2U4O1187FB4408B</artist_id><artist_name>Andrew W.K.</artist_name><id>SOLXTND14242F0280F</id><audio_summary><key>7</key><analysis_url>http://echonest-analysis.s3.amazonaws.com/TR/eLFqPQYFWJjE63cr40IwN2hqy2os3kllaoAPKr7VdSAVvCG63ABUozhD-zJqgZZiryJo2Y7jxSjU6cEhE%3D/3/full.json?AWSAccessKeyId=AKIAJRDFEY23UEVW42BQ&amp;Expires=1415343651&amp;Signature=q8Akh1cz1JkUbLgiY9R1Qr3GSC0%3D</analysis_url><energy>0.992324</energy><liveness>0.97984</liveness><tempo>158.034</tempo><speechiness>0.119775</speechiness><acousticness>0.001693</acousticness><instrumentalness>0.002617</instrumentalness><mode>1</mode><time_signature>4</time_signature><duration>202.49288</duration><loudness>-3.24</loudness><audio_md5 /><valence>0.038998</valence><danceability>0.406155</danceability></audio_summary><title>Party All Goddamn Night</title></song><song><artist_id>ARW2U4O1187FB4408B</artist_id><artist_name>Andrew W.K.</artist_name><id>SOWVTGP131343A11A3</id><audio_summary><key>9</key><analysis_url>http://echonest-analysis.s3.amazonaws.com/TR/cHm8-Q-C9h-kP89zrRzBkyD-So8b7uPbbfVLZNc9DYwHslx2l4OboDpIZ32617Xz0JvBt2PyiXYvw3mNE%3D/3/full.json?AWSAccessKeyId=AKIAJRDFEY23UEVW42BQ&amp;Expires=1415343651&amp;Signature=oIngp4Ng1dB7wHxnmI1lBsxlnUg%3D</analysis_url><energy>0.31959</energy><liveness>0.118751</liveness><tempo>153.681</tempo><speechiness>0.053358</speechiness><acousticness>0.95245</acousticness><instrumentalness>0.837724</instrumentalness><mode>1</mode><time_signature>4</time_signature><duration>149.73288</duration><loudness>-14.148</loudness><audio_md5 /><valence>0.51189</valence><danceability>0.388097</danceability></audio_summary><title>Central Park Cruiser</title></song><song><artist_id>ARW2U4O1187FB4408B</artist_id><artist_name>Andrew W.K.</artist_name><id>SOPVFCY136913CA685</id><audio_summary><key>9</key><analysis_url>http://echonest-analysis.s3.amazonaws.com/TR/zlplMA3w9GKD-Vkc6eCeqAnJEKYhYeXKvQ9yRG/3/full.json?AWSAccessKeyId=AKIAJRDFEY23UEVW42BQ&amp;Expires=1415343651&amp;Signature=M7I0D/8GhBMpxluWNIZJV5M0/Z4%3D</analysis_url><energy>0.17346</energy><liveness>0.165535</liveness><tempo>80.835</tempo><speechiness>0.071885</speechiness><acousticness>0.991963</acousticness><instrumentalness>0.964134</instrumentalness><mode>1</mode><time_signature>4</time_signature><duration>142.62812</duration><loudness>-15.646</loudness><audio_md5 /><valence>0.621088</valence><danceability>0.309526</danceability></audio_summary><title>Central Park Cruiser</title></song><song><artist_id>ARW2U4O1187FB4408B</artist_id><artist_name>Andrew W.K.</artist_name><id>SOBPMQA13EB05089A7</id><audio_summary><key>4</key><analysis_url>http://echonest-analysis.s3.amazonaws.com/TR/DbUZ7wqdZH4Bwet4nrtr3PeSnqxxfdhHNBBIOWuqEjWMDD6gfJ-RbJsbE6tYUn4ly8sVvR8gaHqS0sI6k%3D/3/full.json?AWSAccessKeyId=AKIAJRDFEY23UEVW42BQ&amp;Expires=1415343651&amp;Signature=rhR8n1kZhGKSqCE8EEtpm1E3vvk%3D</analysis_url><energy>0.964683</energy><liveness>0.336324</liveness><tempo>89.686</tempo><speechiness>0.225878</speechiness><acousticness>0.00441</acousticness><instrumentalness>0.000104</instrumentalness><mode>1</mode><time_signature>4</time_signature><duration>155.37288</duration><loudness>-3.405</loudness><audio_md5 /><valence>0.561474</valence><danceability>0.462743</danceability></audio_summary><title>Gakuen Tengoku</title></song><song><artist_id>ARW2U4O1187FB4408B</artist_id><artist_name>Andrew W.K.</artist_name><id>SOONZZR14247528582</id><audio_summary><key>5</key><analysis_url>http://echonest-analysis.s3.amazonaws.com/TR/DcpKHAmF4O839fk1de-QuM1yO_zKkvkN3E6-nN7ug-wtW9c9JMiFjXlTYBXTXN3s7RrO8J4E2gbGsp9S0%3D/3/full.json?AWSAccessKeyId=AKIAJRDFEY23UEVW42BQ&amp;Expires=1415343651&amp;Signature=IL4kvUzQf10S9w4xuZhzH%2Bb87zA%3D</analysis_url><energy>0.993511</energy><liveness>0.062537</liveness><tempo>96.715</tempo><speechiness>0.153355</speechiness><acousticness>0.002343</acousticness><instrumentalness>0.000186</instrumentalness><mode>1</mode><time_signature>4</time_signature><duration>214.79955</duration><loudness>-2.424</loudness><audio_md5 /><valence>0.111849</valence><danceability>0.177683</danceability></audio_summary><title>Head Bang</title></song><song><artist_id>ARW2U4O1187FB4408B</artist_id><artist_name>Andrew W.K.</artist_name><id>SOPPLDL137412E25C4</id><audio_summary><key>10</key><analysis_url>http://echonest-analysis.s3.amazonaws.com/TR/GfpJXgMBWME_zKFA2Fx6JuSe9QlhsFsrHgENLAVn62JaR_qvt5b-h0ro6w97p1pfBGHd2aB9voM8JopDY%3D/3/full.json?AWSAccessKeyId=AKIAJRDFEY23UEVW42BQ&amp;Expires=1415343651&amp;Signature=b8A90LtU04jXR4qXTXSGWYJDIts%3D</analysis_url><energy>0.856883</energy><liveness>0.669515</liveness><tempo>159.607</tempo><speechiness>0.070545</speechiness><acousticness>0.439061</acousticness><instrumentalness>0.002527</instrumentalness><mode>1</mode><time_signature>4</time_signature><duration>246.27955</duration><loudness>-4.5</loudness><audio_md5 /><valence>0.41718</valence><danceability>0.215088</danceability></audio_summary><title>Love Is Over</title></song><song><artist_id>ARW2U4O1187FB4408B</artist_id><artist_name>Andrew W.K.</artist_name><id>SOYNVAH137412E238E</id><audio_summary><key>2</key><analysis_url>http://echonest-analysis.s3.amazonaws.com/TR/Rij1CAfXS5uo1rY1dNDgww7fEbj_fEMvi4EKi7_gecnt0qrqptj1IaIi5NbK8VgF-h5SvykeYLWys3v80%3D/3/full.json?AWSAccessKeyId=AKIAJRDFEY23UEVW42BQ&amp;Expires=1415343651&amp;Signature=hfK8ofuY9bX2K090RjjNCgxpgiY%3D</analysis_url><energy>0.956235</energy><liveness>0.352235</liveness><tempo>147.332</tempo><speechiness>0.097116</speechiness><acousticness>0.002143</acousticness><instrumentalness>0.002358</instrumentalness><mode>0</mode><time_signature>4</time_signature><duration>184.15955</duration><loudness>-4.603</loudness><audio_md5 /><valence>0.560136</valence><danceability>0.469405</danceability></audio_summary><title>Bohemian</title></song><song><artist_id>ARW2U4O1187FB4408B</artist_id><artist_name>Andrew W.K.</artist_name><id>SOLCKPP14740FC30F9</id><audio_summary><key>0</key><analysis_url>http://echonest-analysis.s3.amazonaws.com/TR/w5-BWAK385PKtHAa5jVXue-SCKMuah4wpjbirrhbrbRE_NbiuE_w537D4XeKOWwAfYwgebNExrUcWPJpY%3D/3/full.json?AWSAccessKeyId=AKIAJRDFEY23UEVW42BQ&amp;Expires=1415343651&amp;Signature=S0%2BJhswVEYzZtJR4C0LcFD4bUH8%3D</analysis_url><energy>0.917999</energy><liveness>0.482819</liveness><tempo>99.81</tempo><speechiness>0.203012</speechiness><acousticness>0.02723</acousticness><instrumentalness>0.0</instrumentalness><mode>1</mode><time_signature>4</time_signature><duration>121.69968</duration><loudness>-3.646</loudness><audio_md5 /><valence>0.411286</valence><danceability>0.444263</danceability></audio_summary><title>Party On Your Grave</title></song><song><artist_id>ARW2U4O1187FB4408B</artist_id><artist_name>Andrew W.K.</artist_name><id>SOJUGKB142417B54FA</id><audio_summary><key>1</key><analysis_url>http://echonest-analysis.s3.amazonaws.com/TR/6wxCgwSNC_chOb-5Kg3ek0O4ny4psab3ZIlI88weYswFWbius_zTRwDplv_NlS3JtRwh4-wta9BHFos1o%3D/3/full.json?AWSAccessKeyId=AKIAJRDFEY23UEVW42BQ&amp;Expires=1415343651&amp;Signature=Cy4WUGqgmQope%2Bck3b1Eg3XH3UY%3D</analysis_url><energy>0.787507</energy><liveness>0.055078</liveness><tempo>120.813</tempo><speechiness>0.037304</speechiness><acousticness>0.014039</acousticness><instrumentalness>0.0</instrumentalness><mode>0</mode><time_signature>3</time_signature><duration>292.75955</duration><loudness>-6.923</loudness><audio_md5 /><valence>0.456099</valence><danceability>0.412956</danceability></audio_summary><title>The Cross Of Sand</title></song><song><artist_id>ARW2U4O1187FB4408B</artist_id><artist_name>Andrew W.K.</artist_name><id>SOEAJVK136C639A5EE</id><audio_summary><key>2</key><analysis_url>http://echonest-analysis.s3.amazonaws.com/TR/LO336g4ECGyQBQB5FwCUTYn9VLfOyPBkC1H2hmP3AfBfcLULHZK7xq8B3D_38559PY38-43wnNJFZXjbg%3D/3/full.json?AWSAccessKeyId=AKIAJRDFEY23UEVW42BQ&amp;Expires=1415343651&amp;Signature=yULsWTOhiqHxU7LncI7GkQKFw9w%3D</analysis_url><energy>0.930417</energy><liveness>0.141308</liveness><tempo>99.81</tempo><speechiness>0.107514</speechiness><acousticness>0.080599</acousticness><instrumentalness>4e-06</instrumentalness><mode>1</mode><time_signature>4</time_signature><duration>188.11955</duration><loudness>-3.702</loudness><audio_md5 /><valence>0.351463</valence><danceability>0.541436</danceability></audio_summary><title>Linda Linda</title></song><song><artist_id>ARW2U4O1187FB4408B</artist_id><artist_name>Andrew W.K.</artist_name><id>SOBFBGR12A8C1457A0</id><audio_summary><key>0</key><analysis_url>http://echonest-analysis.s3.amazonaws.com/TR/VUda3AnqvoIkrTHC7E8MmwJ_4YrlMZNNL_RUat6hAuv3t6f2m7qbfG_xI_fFgYDnUxdmGUh-pgDZVAZgw%3D/3/full.json?AWSAccessKeyId=AKIAJRDFEY23UEVW42BQ&amp;Expires=1415343651&amp;Signature=Edju16UaIHw16beJKNdlJvVgoaA%3D</analysis_url><energy>0.210455</energy><liveness>0.163931</liveness><tempo>81.821</tempo><speechiness>0.059147</speechiness><acousticness>0.991117</acousticness><instrumentalness>0.871558</instrumentalness><mode>1</mode><time_signature>4</time_signature><duration>286.13288</duration><loudness>-15.675</loudness><audio_md5 /><valence>0.207253</valence><danceability>0.405136</danceability></audio_summary><title>5</title></song><song><artist_id>ARW2U4O1187FB4408B</artist_id><artist_name>Andrew W.K.</artist_name><id>SOHVPWI14241C1CF6B</id><audio_summary><key>0</key><analysis_url>http://echonest-analysis.s3.amazonaws.com/TR/kGbwogErxSHBZ0LkSrO3UL4Xw6UGrAAJ7opSs95UvBCbWrck5-nZFjhH1mN_zhuyo-FkljoCsDTEbszSk%3D/3/full.json?AWSAccessKeyId=AKIAJRDFEY23UEVW42BQ&amp;Expires=1415343651&amp;Signature=6CNrY11ZgcmXaCHQWDNBmqtbqYg%3D</analysis_url><energy>0.820819</energy><liveness>0.415682</liveness><tempo>111.058</tempo><speechiness>0.050981</speechiness><acousticness>0.053422</acousticness><instrumentalness>0.787477</instrumentalness><mode>0</mode><time_signature>4</time_signature><duration>65.75955</duration><loudness>-6.108</loudness><audio_md5 /><valence>0.501096</valence><danceability>0.266448</danceability></audio_summary><title>Fear To Fight</title></song><song><artist_id>ARW2U4O1187FB4408B</artist_id><artist_name>Andrew W.K.</artist_name><id>SOOKDZZ12AB0186B44</id><audio_summary><key>9</key><analysis_url>http://echonest-analysis.s3.amazonaws.com/TR/OrYlZA7HVDDdxk9epk615ZRcnLyqZXCc44WfwrYjILJ3HjQ4n4laoW43nN3sZp4-CqY-rpAIwd5oz5Z8M%3D/3/full.json?AWSAccessKeyId=AKIAJRDFEY23UEVW42BQ&amp;Expires=1415343651&amp;Signature=fyUrLwCB3u/qqa4y9mNw2IL36BY%3D</analysis_url><energy>0.154643</energy><liveness>0.11064</liveness><tempo>133.505</tempo><speechiness>0.183011</speechiness><acousticness>0.793562</acousticness><instrumentalness>0.038807</instrumentalness><mode>1</mode><time_signature>4</time_signature><duration>28.58621</duration><loudness>-12.147</loudness><audio_md5 /><valence>0.315121</valence><danceability>0.700964</danceability></audio_summary><title>Golden Eyed Dog</title></song><song><artist_id>ARW2U4O1187FB4408B</artist_id><artist_name>Andrew W.K.</artist_name><id>SOQLEPZ12AB0187FA3</id><audio_summary><key>6</key><analysis_url>http://echonest-analysis.s3.amazonaws.com/TR/mOneWwVGUbIqgy4-Ku9fQryxQLESIODod9A4h8BzJZaOlAawH_I-7Di4HRi7WuCRWJWtFgIRTYtkNF5_Y%3D/3/full.json?AWSAccessKeyId=AKIAJRDFEY23UEVW42BQ&amp;Expires=1415343651&amp;Signature=mY5fjGOsqFkkf5oqVzUKnYIlx6w%3D</analysis_url><energy>0.476653</energy><liveness>0.373718</liveness><tempo>126.399</tempo><speechiness>0.913854</speechiness><acousticness>0.636364</acousticness><instrumentalness>0.0</instrumentalness><mode>1</mode><time_signature>4</time_signature><duration>54.45288</duration><loudness>-14.743</loudness><audio_md5 /><valence>0.843998</valence><danceability>0.708288</danceability></audio_summary><title>Breaking News On T.J.</title></song><song><artist_id>ARW2U4O1187FB4408B</artist_id><artist_name>Andrew W.K.</artist_name><id>SOOZFEG1311AFE914F</id><audio_summary><key>4</key><analysis_url>http://echonest-analysis.s3.amazonaws.com/TR/PKB0_gb3VOuq431XwfgEqf3v0MV8SGUouRctli/3/full.json?AWSAccessKeyId=AKIAJRDFEY23UEVW42BQ&amp;Expires=1415343651&amp;Signature=TsQZ%2BscLAPq7Zfv1qgoqjvalaiA%3D</analysis_url><energy>0.966664</energy><liveness>0.399217</liveness><tempo>100.456</tempo><speechiness>0.082208</speechiness><acousticness>0.023282</acousticness><instrumentalness>0.985063</instrumentalness><mode>1</mode><time_signature>4</time_signature><duration>143.12</duration><loudness>-4.336</loudness><audio_md5 /><valence>0.095756</valence><danceability>0.22282</danceability></audio_summary><title>Oh Canaduh</title></song><song><artist_id>ARW2U4O1187FB4408B</artist_id><artist_name>Andrew W.K.</artist_name><id>SONUJDX14003B62B73</id><audio_summary><key>0</key><analysis_url>http://echonest-analysis.s3.amazonaws.com/TR/joO2QAneXBiC0x2Y2s0SGpwtm1K8Ct-PF2NA2My6bkCxjv3iSoopi61p9WoSHCJ2Ou4oa0OQgtGywj0bI%3D/3/full.json?AWSAccessKeyId=AKIAJRDFEY23UEVW42BQ&amp;Expires=1415343651&amp;Signature=She61p%2B/OdzHAlfHUeDXgkfE26Y%3D</analysis_url><energy>0.988596</energy><liveness>0.147255</liveness><tempo>174.179</tempo><speechiness>0.077177</speechiness><acousticness>0.144248</acousticness><instrumentalness>0.178363</instrumentalness><mode>1</mode><time_signature>4</time_signature><duration>158.18621</duration><loudness>-0.569</loudness><audio_md5 /><valence>0.343788</valence><danceability>0.294421</danceability></audio_summary><title>Party (You Shout!)</title></song><song><artist_id>ARW2U4O1187FB4408B</artist_id><artist_name>Andrew W.K.</artist_name><id>SOGUEED1313438C61B</id><audio_summary><key>8</key><analysis_url>http://echonest-analysis.s3.amazonaws.com/TR/eTzefARcz84LwyHeQLPh0deG69vadZvdcGlCy5G45hnrZHAl1yLJASfK6_5Jar0KBRV29F5GXNPxGFisg%3D/3/full.json?AWSAccessKeyId=AKIAJRDFEY23UEVW42BQ&amp;Expires=1415343651&amp;Signature=THsME1Xu8Ho3yttqBWdCWHRbOtY%3D</analysis_url><energy>0.72303</energy><liveness>0.74577</liveness><tempo>77.929</tempo><speechiness>0.641824</speechiness><acousticness>0.822643</acousticness><instrumentalness>0.001335</instrumentalness><mode>1</mode><time_signature>1</time_signature><duration>54.83955</duration><loudness>-8.778</loudness><audio_md5 /><valence>0.559829</valence><danceability>0.470271</danceability></audio_summary><title>T.J.'s Accident</title></song><song><artist_id>ARW2U4O1187FB4408B</artist_id><artist_name>Andrew W.K.</artist_name><id>SOLWIEE13134394412</id><audio_summary><key>10</key><analysis_url>http://echonest-analysis.s3.amazonaws.com/TR/Wdi4XgQipbtYsC570VDcSMxva1qOKNSKAJ4OJDc6F0jO0ICcEc0Hs8LJ1pe_ell_okk15bQ1vfEy10W1M%3D/3/full.json?AWSAccessKeyId=AKIAJRDFEY23UEVW42BQ&amp;Expires=1415343651&amp;Signature=O0Uwy4qb69LhQNUcu8hCYNl8a/o%3D</analysis_url><energy>0.612282</energy><liveness>0.681505</liveness><tempo>113.693</tempo><speechiness>0.827327</speechiness><acousticness>0.723969</acousticness><instrumentalness>1e-06</instrumentalness><mode>0</mode><time_signature>5</time_signature><duration>43.11955</duration><loudness>-14.685</loudness><audio_md5 /><valence>0.205082</valence><danceability>0.548695</danceability></audio_summary><title>Talking to Kathy</title></song><song><artist_id>ARW2U4O1187FB4408B</artist_id><artist_name>Andrew W.K.</artist_name><id>SOPRSLC13E90661844</id><audio_summary><key>7</key><analysis_url>http://echonest-analysis.s3.amazonaws.com/TR/iK7YJgehO21rCaoWoerLVx9Buv8EZ_GLNzlHCC/3/full.json?AWSAccessKeyId=AKIAJRDFEY23UEVW42BQ&amp;Expires=1415343651&amp;Signature=AZpLK%2B9tX1cxif27r20VyZjKSnM%3D</analysis_url><energy>0.384712</energy><liveness>0.266427</liveness><tempo>88.246</tempo><speechiness>0.656833</speechiness><acousticness>0.969925</acousticness><instrumentalness>0.0</instrumentalness><mode>1</mode><time_signature>4</time_signature><duration>54.49556</duration><loudness>-14.973</loudness><audio_md5 /><valence>0.846535</valence><danceability>0.662881</danceability></audio_summary><title>Spend Your Money (Interview)</title></song><song><artist_id>ARW2U4O1187FB4408B</artist_id><artist_name>Andrew W.K.</artist_name><id>SOURSYO141BA1D9BE0</id><audio_summary><key>4</key><analysis_url>http://echonest-analysis.s3.amazonaws.com/TR/OkOBZQMKGMkA9SNbGzLQSe48Oafux6aOd5E15knVdtzb48LlA%3D/3/full.json?AWSAccessKeyId=AKIAJRDFEY23UEVW42BQ&amp;Expires=1415343651&amp;Signature=RmKcBbMj4YCWBnGrdAZ8VsP3VDE%3D</analysis_url><energy>0.941285</energy><liveness>0.32223</liveness><tempo>85.31</tempo><speechiness>0.053106</speechiness><acousticness>0.081109</acousticness><instrumentalness>0.0</instrumentalness><mode>1</mode><time_signature>4</time_signature><duration>222.42349</duration><loudness>-3.893</loudness><audio_md5 /><valence>0.505756</valence><danceability>0.388224</danceability></audio_summary><title>Tear It Up</title></song><song><artist_id>ARW2U4O1187FB4408B</artist_id><artist_name>Andrew W.K.</artist_name><id>SOJEVJS12AF729E0A9</id><audio_summary><key>11</key><analysis_url>http://echonest-analysis.s3.amazonaws.com/TR/luWxag9jzF1EMVVOGLw3N3P87bvlqVa4qTYptrCCdKRAICqjGqa6nSZ7iMBKIqKU89FLMhjJjRs3ClDyM%3D/3/full.json?AWSAccessKeyId=AKIAJRDFEY23UEVW42BQ&amp;Expires=1415343651&amp;Signature=EKdz7dHQIMl%2BwiYfy8KRu3v7PaI%3D</analysis_url><energy>0.957808</energy><liveness>0.100343</liveness><tempo>170.612</tempo><speechiness>0.085447</speechiness><acousticness>0.100579</acousticness><instrumentalness>0.0</instrumentalness><mode>0</mode><time_signature>4</time_signature><duration>235.43955</duration><loudness>-3.917</loudness><audio_md5>46fbc2b59ff31defa4d253a2fa22f433</audio_md5><valence>0.436756</valence><danceability>0.267407</danceability></audio_summary><title>Tear It Up</title></song><song><artist_id>ARW2U4O1187FB4408B</artist_id><artist_name>Andrew W.K.</artist_name><id>SOFACZJ12AB0185605</id><audio_summary><key>7</key><analysis_url>http://echonest-analysis.s3.amazonaws.com/TR/OCB2rgEzk2e-XnGvo3TQtKjYTq2bNHMpsw8bFRmGgx26okJJ5IxRLaemENzC0JwzE7DhuWJWNv52MlhFM%3D/3/full.json?AWSAccessKeyId=AKIAJRDFEY23UEVW42BQ&amp;Expires=1415343651&amp;Signature=XpyEgUjf404PD2BOzd8CJKpx5Lg%3D</analysis_url><energy>0.982064</energy><liveness>0.361895</liveness><tempo>146.555</tempo><speechiness>0.192332</speechiness><acousticness>0.006949</acousticness><instrumentalness>6.7e-05</instrumentalness><mode>1</mode><time_signature>4</time_signature><duration>211.57288</duration><loudness>-3.042</loudness><audio_md5>e37a3b4d01d95f3ff173ef381dc0ec53</audio_md5><valence>0.102345</valence><danceability>0.374616</danceability></audio_summary><title>High Five</title></song><song><artist_id>ARW2U4O1187FB4408B</artist_id><artist_name>Andrew W.K.</artist_name><id>SOROHIG1312FE01199</id><audio_summary><key>2</key><analysis_url>http://echonest-analysis.s3.amazonaws.com/TR/4PI0Nw6odThGqRzyxkvu2c0NtHpv87D_aDkeA9LH2fbkhkknngyKapIZtOF2o93qGgIu2xQkSQ7n3nMMA%3D/3/full.json?AWSAccessKeyId=AKIAJRDFEY23UEVW42BQ&amp;Expires=1415343651&amp;Signature=ZOQUnMWJLDisvERoahVJDZks8UU%3D</analysis_url><energy>0.741332</energy><liveness>0.09795</liveness><tempo>141.084</tempo><speechiness>0.094287</speechiness><acousticness>0.167897</acousticness><instrumentalness>0.092634</instrumentalness><mode>1</mode><time_signature>4</time_signature><duration>344.13288</duration><loudness>-5.08</loudness><audio_md5 /><valence>0.071887</valence><danceability>0.140391</danceability></audio_summary><title>A.W.K.</title></song><song><artist_id>ARW2U4O1187FB4408B</artist_id><artist_name>Andrew W.K.</artist_name><id>SOIWQVB12AB0186B4E</id><audio_summary><key>11</key><analysis_url>http://echonest-analysis.s3.amazonaws.com/TR/P2S4zA4qONHhoLxmhDTvlmtkySwuRds9q3GB4ri-peXy4p0nxEC7FaV_TUWCR1cm7zDqxLGqaDjWeBcB0%3D/3/full.json?AWSAccessKeyId=AKIAJRDFEY23UEVW42BQ&amp;Expires=1415343651&amp;Signature=gUpLan1fHkotqiCHKGGuZDCXfvk%3D</analysis_url><energy>0.922051</energy><liveness>0.154141</liveness><tempo>86.419</tempo><speechiness>0.062948</speechiness><acousticness>0.00069</acousticness><instrumentalness>0.0</instrumentalness><mode>1</mode><time_signature>4</time_signature><duration>93.41288</duration><loudness>-3.075</loudness><audio_md5>2d2795885d33d7c6c979c1828c75adb7</audio_md5><valence>0.47197</valence><danceability>0.381301</danceability></audio_summary><title>Into the Clear</title></song><song><artist_id>ARW2U4O1187FB4408B</artist_id><artist_name>Andrew W.K.</artist_name><id>SONTWTH137411FB7AB</id><audio_summary><key>2</key><analysis_url>http://echonest-analysis.s3.amazonaws.com/TR/nFITzQ3adLyLh-AXCIzuLy3T1-i9nyK7YuuQIfVfhCiDTs-lh8zESqG9mcnHW3NpEhY3CnzEmIDI5NC9U%3D/3/full.json?AWSAccessKeyId=AKIAJRDFEY23UEVW42BQ&amp;Expires=1415343651&amp;Signature=c23UFhTtHGVSaQxoBTLzyEBy4UM%3D</analysis_url><energy>0.973326</energy><liveness>0.140362</liveness><tempo>140.268</tempo><speechiness>0.093697</speechiness><acousticness>0.008327</acousticness><instrumentalness>0.00046</instrumentalness><mode>1</mode><time_signature>4</time_signature><duration>178.95955</duration><loudness>-2.928</loudness><audio_md5 /><valence>0.243239</valence><danceability>0.333286</danceability></audio_summary><title>The Moving Room</title></song><song><artist_id>ARW2U4O1187FB4408B</artist_id><artist_name>Andrew W.K.</artist_name><id>SOHJVQC13EB00D8302</id><audio_summary><key>11</key><analysis_url>http://echonest-analysis.s3.amazonaws.com/TR/8ST3Bg2nrkyJpMOeEj1dM2P3q48XEDmB8GHPw4NlTTEP4UunqK2gmy7sYTVs_VKVlVmmlLQ5WJ2RrQKUM%3D/3/full.json?AWSAccessKeyId=AKIAJRDFEY23UEVW42BQ&amp;Expires=1415343651&amp;Signature=e2NXduKL/lh793fvy4EkmeLD6PA%3D</analysis_url><energy>0.972334</energy><liveness>0.288264</liveness><tempo>125.466</tempo><speechiness>0.078091</speechiness><acousticness>0.000324</acousticness><instrumentalness>0.043733</instrumentalness><mode>1</mode><time_signature>4</time_signature><duration>244.81288</duration><loudness>-4.527</loudness><audio_md5 /><valence>0.510065</valence><danceability>0.469214</danceability></audio_summary><title>Runner</title></song><song><artist_id>ARW2U4O1187FB4408B</artist_id><artist_name>Andrew W.K.</artist_name><id>SOLSQHJ1311AFD90C7</id><audio_summary><key>11</key><analysis_url>http://echonest-analysis.s3.amazonaws.com/TR/Iq-f3wQJrNB9EtSI793erehh-_VidvRXT0eByrAtX7ZtA-05dX4y_LGj9q5zqt49_xTHpzdb4c7rvyrTI%3D/3/full.json?AWSAccessKeyId=AKIAJRDFEY23UEVW42BQ&amp;Expires=1415343651&amp;Signature=3Crtv46MXB/oPJaSu0M0HJgR59E%3D</analysis_url><energy>0.955647</energy><liveness>0.316403</liveness><tempo>115.675</tempo><speechiness>0.056578</speechiness><acousticness>0.003941</acousticness><instrumentalness>0.125737</instrumentalness><mode>0</mode><time_signature>4</time_signature><duration>290.57288</duration><loudness>-1.83</loudness><audio_md5>804179525d859673271875d31f54b49d</audio_md5><valence>0.528725</valence><danceability>0.433454</danceability></audio_summary><title>We're Not Gunna Get Old</title></song><song><artist_id>ARW2U4O1187FB4408B</artist_id><artist_name>Andrew W.K.</artist_name><id>SONIVBR136C55FB19E</id><audio_summary><key>11</key><analysis_url>http://echonest-analysis.s3.amazonaws.com/TR/2JtdZgIJKosf3xXnYxMSYHELJeKdjMq3yxyWtFMR99ije3JxGCz37U8Kgz_k6EWtXlbixSOZhoRR67vRI%3D/3/full.json?AWSAccessKeyId=AKIAJRDFEY23UEVW42BQ&amp;Expires=1415343651&amp;Signature=YDNPXcDH6kmP92pc4ZLgFXql8io%3D</analysis_url><energy>0.966539</energy><liveness>0.476504</liveness><tempo>87.226</tempo><speechiness>0.130095</speechiness><acousticness>0.009537</acousticness><instrumentalness>1.1e-05</instrumentalness><mode>0</mode><time_signature>4</time_signature><duration>250.01288</duration><loudness>-4.064</loudness><audio_md5 /><valence>0.219428</valence><danceability>0.314269</danceability></audio_summary><title>Giroppon</title></song><song><artist_id>ARW2U4O1187FB4408B</artist_id><artist_name>Andrew W.K.</artist_name><id>SOMBGDC1376F85D092</id><audio_summary><key>2</key><analysis_url>http://echonest-analysis.s3.amazonaws.com/TR/V7Ok5w2akgPz_vBbk3_NSPNCGV9WSOKj3hWaIp_p4um-hd-87WcP4w0OWZ0TQdAYlPKj47ImVe0p7fM3g%3D/3/full.json?AWSAccessKeyId=AKIAJRDFEY23UEVW42BQ&amp;Expires=1415343651&amp;Signature=x15RsrGy5QGRNndndotrTEL4Rtg%3D</analysis_url><energy>0.906582</energy><liveness>0.057889</liveness><tempo>139.745</tempo><speechiness>0.120455</speechiness><acousticness>0.019222</acousticness><instrumentalness>0.002044</instrumentalness><mode>1</mode><time_signature>4</time_signature><duration>217.27955</duration><loudness>-4.917</loudness><audio_md5>84a7ab553aa8ecfaf838f39814018676</audio_md5><valence>0.117763</valence><danceability>0.338574</danceability></audio_summary><title>The Moving Room</title></song><song><artist_id>ARW2U4O1187FB4408B</artist_id><artist_name>Andrew W.K.</artist_name><id>SOCABAU13E90662593</id><audio_summary><key>2</key><analysis_url>http://echonest-analysis.s3.amazonaws.com/TR/UkOP6w9M3sfnLFKgSoycJ6eROyBAbKm_I8uxpQ/3/full.json?AWSAccessKeyId=AKIAJRDFEY23UEVW42BQ&amp;Expires=1415343651&amp;Signature=0Uy0XXg13M8d/rH6stKDj9eEG3I%3D</analysis_url><energy>0.359746</energy><liveness>0.31888</liveness><tempo>88.957</tempo><speechiness>0.746224</speechiness><acousticness>0.922664</acousticness><instrumentalness>0.0</instrumentalness><mode>1</mode><time_signature>4</time_signature><duration>53.85556</duration><loudness>-14.873</loudness><audio_md5 /><valence>0.958243</valence><danceability>0.68433</danceability></audio_summary><title>C'mon Feel the Party (Interview)</title></song><song><artist_id>ARW2U4O1187FB4408B</artist_id><artist_name>Andrew W.K.</artist_name><id>SOKVKEC12AB0186B68</id><audio_summary><key>9</key><analysis_url>http://echonest-analysis.s3.amazonaws.com/TR/OkEReAfvBwSAcutYehlKN2AVSJ_ZudC34HJOSYe_8soFIEau1ULv3biZhWBfbA_7qS0jMIqGH9fN3MXDQ%3D/3/full.json?AWSAccessKeyId=AKIAJRDFEY23UEVW42BQ&amp;Expires=1415343651&amp;Signature=S4UTC71XAsxdRZE8Osz7J598i%2BM%3D</analysis_url><energy>0.990151</energy><liveness>0.074269</liveness><tempo>120.05</tempo><speechiness>0.100509</speechiness><acousticness>0.000821</acousticness><instrumentalness>0.003366</instrumentalness><mode>1</mode><time_signature>4</time_signature><duration>165.69288</duration><loudness>-2.764</loudness><audio_md5>4b9e5807c7a9d98577c498cd256551b4</audio_md5><valence>0.335155</valence><danceability>0.456992</danceability></audio_summary><title>Don't Call Me Andy</title></song><song><artist_id>ARW2U4O1187FB4408B</artist_id><artist_name>Andrew W.K.</artist_name><id>SOMFUMY142BF12BE2E</id><audio_summary><key>0</key><analysis_url>http://echonest-analysis.s3.amazonaws.com/TR/7tYFSQNSyUnZWPYs2dzKQEedSPlzT6qzMybV6tanBDSc1bZqvOtxHYFwjdoFkgtC6a6DfbIfgnu_iT_iY%3D/3/full.json?AWSAccessKeyId=AKIAJRDFEY23UEVW42BQ&amp;Expires=1415343651&amp;Signature=pEy9aSmoAJEA%2By9Xwn12c8/iXos%3D</analysis_url><energy>0.830901</energy><liveness>0.345397</liveness><tempo>148.504</tempo><speechiness>0.035295</speechiness><acousticness>0.018309</acousticness><instrumentalness>0.108367</instrumentalness><mode>1</mode><time_signature>4</time_signature><duration>228.33288</duration><loudness>-4.95</loudness><audio_md5 /><valence>0.348361</valence><danceability>0.40093</danceability></audio_summary><title>Ai Senshi</title></song><song><artist_id>ARW2U4O1187FB4408B</artist_id><artist_name>Andrew W.K.</artist_name><id>SOOBAUA137412E26CE</id><audio_summary><key>0</key><analysis_url>http://echonest-analysis.s3.amazonaws.com/TR/sH7z2Q0-lL_1NBILD3VIlxjMnanYJBpCkpLoGnpqdAaWcu_yYvalnKwaPGKZPf4KNhOeAkaY04PhjH0pU%3D/3/full.json?AWSAccessKeyId=AKIAJRDFEY23UEVW42BQ&amp;Expires=1415343651&amp;Signature=47DKm2Mt3VpTpcBY3TB17iazc2U%3D</analysis_url><energy>0.922183</energy><liveness>0.392003</liveness><tempo>148.706</tempo><speechiness>0.073742</speechiness><acousticness>0.289535</acousticness><instrumentalness>0.569128</instrumentalness><mode>1</mode><time_signature>4</time_signature><duration>229.90621</duration><loudness>-5.268</loudness><audio_md5 /><valence>0.278874</valence><danceability>0.386558</danceability></audio_summary><title>Ai Senshi</title></song><song><artist_id>ARW2U4O1187FB4408B</artist_id><artist_name>Andrew W.K.</artist_name><id>SOWYOWH142414FCB64</id><audio_summary><key>9</key><analysis_url>http://echonest-analysis.s3.amazonaws.com/TR/2wgv7QqMgIkw4ppY5DWjJroKn9aXhoX0zt0VRZDEn6fBMh0OT3p3dTnmEjvsQockIuzojsmsZzlxPopRw%3D/3/full.json?AWSAccessKeyId=AKIAJRDFEY23UEVW42BQ&amp;Expires=1415343651&amp;Signature=J7gx0xtcf6umpRmyrY25bAxio34%3D</analysis_url><energy>0.905066</energy><liveness>0.288151</liveness><tempo>137.964</tempo><speechiness>0.031737</speechiness><acousticness>2.6e-05</acousticness><instrumentalness>0.799663</instrumentalness><mode>0</mode><time_signature>4</time_signature><duration>137.59955</duration><loudness>-4.323</loudness><audio_md5 /><valence>0.744265</valence><danceability>0.444429</danceability></audio_summary><title>Char The Great</title></song><song><artist_id>ARW2U4O1187FB4408B</artist_id><artist_name>Andrew W.K.</artist_name><id>SOMCKVX12AB017F549</id><audio_summary><key>0</key><analysis_url>http://echonest-analysis.s3.amazonaws.com/TR/ftBCiwTUI_o3Hj-Br85YA2TvHd8w7GKBU4lYMbTiZPo0MgJJoyM0QdqiLzgsn1eCBvKg20hrjQNB_TzdM%3D/3/full.json?AWSAccessKeyId=AKIAJRDFEY23UEVW42BQ&amp;Expires=1415343651&amp;Signature=DBtJMYxGp8cwyEA18DQn%2BOZZWzI%3D</analysis_url><energy>0.947255</energy><liveness>0.53418</liveness><tempo>141.175</tempo><speechiness>0.038033</speechiness><acousticness>0.002082</acousticness><instrumentalness>9.9e-05</instrumentalness><mode>1</mode><time_signature>4</time_signature><duration>213.98621</duration><loudness>-4.439</loudness><audio_md5>a09f2c431e8aa9cabefced870890dbb7</audio_md5><valence>0.496473</valence><danceability>0.509762</danceability></audio_summary><title>Free Jumps</title></song><song><artist_id>ARW2U4O1187FB4408B</artist_id><artist_name>Andrew W.K.</artist_name><id>SONOOQU14241EC94A9</id><audio_summary><key>9</key><analysis_url>http://echonest-analysis.s3.amazonaws.com/TR/57kolAy45nD3jaOzbXsETQVf5n-UvjOa6IGpppSZP-BXwRzAfG-Jd-W9PFeI-6Gm4yNviF8uhQL0tieiE%3D/3/full.json?AWSAccessKeyId=AKIAJRDFEY23UEVW42BQ&amp;Expires=1415343651&amp;Signature=qqlBYdpx7NR2v8XudSErGkJ6pGA%3D</analysis_url><energy>0.964515</energy><liveness>0.33885</liveness><tempo>123.903</tempo><speechiness>0.13557</speechiness><acousticness>0.708548</acousticness><instrumentalness>0.973519</instrumentalness><mode>0</mode><time_signature>3</time_signature><duration>126.95955</duration><loudness>-7.829</loudness><audio_md5 /><valence>0.459529</valence><danceability>0.400539</danceability></audio_summary><title>Garma Zabi's Funeral Speech By Gihren Zabi</title></song><song><artist_id>ARW2U4O1187FB4408B</artist_id><artist_name>Andrew W.K.</artist_name><id>SOGJAWP13129A90E92</id><audio_summary><key>2</key><analysis_url>http://echonest-analysis.s3.amazonaws.com/TR/I5We0gS5SECDaM_VK190LADJdCIlNU88xHg_yee8pxNw79OWQXuDscG89Ocju1_dvOHWWc25V1BzrFaQs%3D/3/full.json?AWSAccessKeyId=AKIAJRDFEY23UEVW42BQ&amp;Expires=1415343651&amp;Signature=nishprQQn%2BAR7%2BRigGS6H0VWky0%3D</analysis_url><energy>0.917604</energy><liveness>0.147453</liveness><tempo>145.879</tempo><speechiness>0.055338</speechiness><acousticness>0.043047</acousticness><instrumentalness>0.0</instrumentalness><mode>1</mode><time_signature>4</time_signature><duration>221.23955</duration><loudness>-1.462</loudness><audio_md5>677bcff7d49bc899520468bf832a8e36</audio_md5><valence>0.279235</valence><danceability>0.21145</danceability></audio_summary><title>I Will Find God</title></song><song><artist_id>ARW2U4O1187FB4408B</artist_id><artist_name>Andrew W.K.</artist_name><id>SOLVYRN12AF72A9C09</id><audio_summary><key>2</key><analysis_url>http://echonest-analysis.s3.amazonaws.com/TR/0-vYEQxtIhLQn18sCL7d_QGgCpnS_R1oW76BkODndjmwwia4urK3ghU8mF40_RAH1FK3wnJPPWw70btmI%3D/3/full.json?AWSAccessKeyId=AKIAJRDFEY23UEVW42BQ&amp;Expires=1415343651&amp;Signature=QOIUExwlpVeO9yrBA//A1sB7C7Q%3D</analysis_url><energy>0.982253</energy><liveness>0.3578</liveness><tempo>80.974</tempo><speechiness>0.052606</speechiness><acousticness>0.017849</acousticness><instrumentalness>0.0</instrumentalness><mode>1</mode><time_signature>4</time_signature><duration>127.99955</duration><loudness>-1.488</loudness><audio_md5>c52890314f794413dcf36a809dd37323</audio_md5><valence>0.703684</valence><danceability>0.462517</danceability></audio_summary><title>Can You Dance With Me?</title></song><song><artist_id>ARW2U4O1187FB4408B</artist_id><artist_name>Andrew W.K.</artist_name><id>SOOJXHA136F2A47563</id><audio_summary><key>9</key><analysis_url>http://echonest-analysis.s3.amazonaws.com/TR/xdVAEgCQdPYTLrc187tlh5qHuMDqDnFWL-N0Gi6YRmLY-fjI7LBmOvp48o1CQcCaLH3gPTLnFyc6Xjhaw%3D/3/full.json?AWSAccessKeyId=AKIAJRDFEY23UEVW42BQ&amp;Expires=1415343651&amp;Signature=INobpZeWQnU8VpBvMJ0xtbNeHz0%3D</analysis_url><energy>0.973913</energy><liveness>0.074939</liveness><tempo>144.203</tempo><speechiness>0.195436</speechiness><acousticness>0.046083</acousticness><instrumentalness>0.0</instrumentalness><mode>1</mode><time_signature>4</time_signature><duration>190.85288</duration><loudness>-3.467</loudness><audio_md5 /><valence>0.445893</valence><danceability>0.418312</danceability></audio_summary><title>My First Kiss</title></song><song><artist_id>ARW2U4O1187FB4408B</artist_id><artist_name>Andrew W.K.</artist_name><id>SOCWYPV14241DA677F</id><audio_summary><key>2</key><analysis_url>http://echonest-analysis.s3.amazonaws.com/TR/CCG_cQm6Oj9IAeTbQAHhFh0yKukSYIJl0ZaZbdKzMyuSoM3tLWgY-cuMwaoFL8EnmqSmxiCQZILvEQEi4%3D/3/full.json?AWSAccessKeyId=AKIAJRDFEY23UEVW42BQ&amp;Expires=1415343651&amp;Signature=TyCpb9pu7qwCSarEfCGPSD740zo%3D</analysis_url><energy>0.955024</energy><liveness>0.104647</liveness><tempo>96.906</tempo><speechiness>0.109597</speechiness><acousticness>0.006432</acousticness><instrumentalness>0.12266</instrumentalness><mode>1</mode><time_signature>4</time_signature><duration>184.91955</duration><loudness>-4.489</loudness><audio_md5 /><valence>0.148502</valence><danceability>0.367099</danceability></audio_summary><title>Amuro Forever</title></song><song><artist_id>ARW2U4O1187FB4408B</artist_id><artist_name>Andrew W.K.</artist_name><id>SOMYFRN1376F1D85D2</id><audio_summary><key>0</key><analysis_url>http://echonest-analysis.s3.amazonaws.com/TR/p4vwngMiyuaZIQjo_V_Xm8ZKfQzlMrtZsEfvt_/3/full.json?AWSAccessKeyId=AKIAJRDFEY23UEVW42BQ&amp;Expires=1415343651&amp;Signature=BboQpIVUCJrt%2BhUDCL%2BepT2Mbbc%3D</analysis_url><energy>0.993496</energy><liveness>0.325808</liveness><tempo>167.007</tempo><speechiness>0.242353</speechiness><acousticness>0.031575</acousticness><instrumentalness>0.551834</instrumentalness><mode>0</mode><time_signature>4</time_signature><duration>233.12789</duration><loudness>-4.423</loudness><audio_md5 /><valence>0.248052</valence><danceability>0.386194</danceability></audio_summary><title>Slam John Against a Brick Wall</title></song><song><artist_id>ARW2U4O1187FB4408B</artist_id><artist_name>Andrew W.K.</artist_name><id>SOAWNKT1312A8ABA5C</id><audio_summary><key>6</key><analysis_url>http://echonest-analysis.s3.amazonaws.com/TR/Nim2FA9tXgmP9ZaSpj59UW11nqX9hPXpQai8VfJEZQX8TFB1AIZv2ThG3kKyPFpY5tR6jNH2qJxjoAIX4%3D/3/full.json?AWSAccessKeyId=AKIAJRDFEY23UEVW42BQ&amp;Expires=1415343651&amp;Signature=oCJj1l7MWosHjbRBJBJ3E1ZfgIg%3D</analysis_url><energy>0.815393</energy><liveness>0.383934</liveness><tempo>90.095</tempo><speechiness>0.052168</speechiness><acousticness>0.139879</acousticness><instrumentalness>0.878726</instrumentalness><mode>1</mode><time_signature>4</time_signature><duration>191.05288</duration><loudness>-2.976</loudness><audio_md5 /><valence>0.360847</valence><danceability>0.282235</danceability></audio_summary><title>Mark My Grace</title></song><song><artist_id>ARW2U4O1187FB4408B</artist_id><artist_name>Andrew W.K.</artist_name><id>SOBVBAG1311AFEB06F</id><audio_summary><key>5</key><analysis_url>http://echonest-analysis.s3.amazonaws.com/TR/060OJgTj2Z8Vskr_q_OEuW5kA0-gblaR5o-lE0gJkZ0189NYpVIpODqm8yy-mxl4snUFY0zByTL7lXyPw%3D/3/full.json?AWSAccessKeyId=AKIAJRDFEY23UEVW42BQ&amp;Expires=1415343651&amp;Signature=ws%2BJa3SeBEvb1LeNQT0U4bUCldU%3D</analysis_url><energy>0.99046</energy><liveness>0.1776</liveness><tempo>172.805</tempo><speechiness>0.514295</speechiness><acousticness>0.098607</acousticness><instrumentalness>0.120378</instrumentalness><mode>1</mode><time_signature>4</time_signature><duration>175.70621</duration><loudness>-4.704</loudness><audio_md5 /><valence>0.366369</valence><danceability>0.414189</danceability></audio_summary><title>The Background</title></song><song><artist_id>ARW2U4O1187FB4408B</artist_id><artist_name>Andrew W.K.</artist_name><id>SOUKLUH1376E4AE128</id><audio_summary><key>2</key><analysis_url>http://echonest-analysis.s3.amazonaws.com/TR/59QARwNWPLGgfaehRUfRD9EQa2nAze-EeN91BUPYDzoShPUn4tjS--HFAijzZ3QE54th07WbPOYTy1gfU%3D/3/full.json?AWSAccessKeyId=AKIAJRDFEY23UEVW42BQ&amp;Expires=1415343651&amp;Signature=ljE9ViHH49qZUBAVknbncsPZ42g%3D</analysis_url><energy>0.982185</energy><liveness>0.987016</liveness><tempo>166.245</tempo><speechiness>0.149823</speechiness><acousticness>0.005904</acousticness><instrumentalness>2.5e-05</instrumentalness><mode>1</mode><time_signature>4</time_signature><duration>243.39955</duration><loudness>-3.621</loudness><audio_md5 /><valence>0.368005</valence><danceability>0.38068</danceability></audio_summary><title>She Is Beautiful (Live - Explicit)</title></song><song><artist_id>ARW2U4O1187FB4408B</artist_id><artist_name>Andrew W.K.</artist_name><id>SOPQVWY1311AFEB5FC</id><audio_summary><key>10</key><analysis_url>http://echonest-analysis.s3.amazonaws.com/TR/hNHwPg77RrcfwtwILeZiaYBUhiXuE-wlnk5_GKN0y9nyWVH19Xynatz9qEYxQvaNq5ejJ9gR5Gya0HqzE%3D/3/full.json?AWSAccessKeyId=AKIAJRDFEY23UEVW42BQ&amp;Expires=1415343651&amp;Signature=zjRodjj46aWISF7Z1UwRWR2K/2s%3D</analysis_url><energy>0.623556</energy><liveness>0.139329</liveness><tempo>136.958</tempo><speechiness>0.044336</speechiness><acousticness>0.197872</acousticness><instrumentalness>0.909401</instrumentalness><mode>0</mode><time_signature>4</time_signature><duration>142.66621</duration><loudness>-5.449</loudness><audio_md5 /><valence>0.122302</valence><danceability>0.148552</danceability></audio_summary><title>Who Knows?</title></song><song><artist_id>ARW2U4O1187FB4408B</artist_id><artist_name>Andrew W.K.</artist_name><id>SOVDPZA14241483FDA</id><audio_summary><key>1</key><analysis_url>http://echonest-analysis.s3.amazonaws.com/TR/-HOPagenTEmjr1ZrkqWvHgmNiypVO6rzelV2Fi5B7ujeo7qW7CWICGcVx-h72z8788Htmgq5leTLO6NP4%3D/3/full.json?AWSAccessKeyId=AKIAJRDFEY23UEVW42BQ&amp;Expires=1415343651&amp;Signature=37Uf47LxXojuadn875ogBf0QbG8%3D</analysis_url><energy>0.831017</energy><liveness>0.372433</liveness><tempo>123.607</tempo><speechiness>0.04125</speechiness><acousticness>0.077942</acousticness><instrumentalness>0.921373</instrumentalness><mode>1</mode><time_signature>4</time_signature><duration>36.25288</duration><loudness>-4.976</loudness><audio_md5 /><valence>0.282622</valence><danceability>0.581899</danceability></audio_summary><title>Gundam On The Earth</title></song><song><artist_id>ARW2U4O1187FB4408B</artist_id><artist_name>Andrew W.K.</artist_name><id>SOEHCDX142475D612F</id><audio_summary><key>2</key><analysis_url>http://echonest-analysis.s3.amazonaws.com/TR/coQPzAglIqQjXWogugf7A3jGylEISoGcRaA05uqPFXAW5U4uvobqX4yJpfTwdEiEzMIEjpIRy9n1rI3AY%3D/3/full.json?AWSAccessKeyId=AKIAJRDFEY23UEVW42BQ&amp;Expires=1415343651&amp;Signature=9xSGQxHAX5udnfPDaVf/8UcbW9w%3D</analysis_url><energy>0.940899</energy><liveness>0.218201</liveness><tempo>105.055</tempo><speechiness>0.043384</speechiness><acousticness>0.000225</acousticness><instrumentalness>0.075166</instrumentalness><mode>1</mode><time_signature>4</time_signature><duration>225.83955</duration><loudness>-4.111</loudness><audio_md5 /><valence>0.269272</valence><danceability>0.487502</danceability></audio_summary><title>I Sold My Soul</title></song><song><artist_id>ARW2U4O1187FB4408B</artist_id><artist_name>Andrew W.K.</artist_name><id>SOCBYDW12AB0186086</id><audio_summary><key>0</key><analysis_url>http://echonest-analysis.s3.amazonaws.com/TR/Gr9XlAeG6tRyDd_H3H_gIt239H3CTtbvoqEu52Y4qZTc3QXzcGbXQ17pC7hvG9_TZn6VYrcCfX-AJZHOI%3D/3/full.json?AWSAccessKeyId=AKIAJRDFEY23UEVW42BQ&amp;Expires=1415343651&amp;Signature=kmEVfAk2Tx/Aw%2BP7r/W3T5uk1s8%3D</analysis_url><energy>0.497259</energy><liveness>0.087754</liveness><tempo>123.618</tempo><speechiness>0.038091</speechiness><acousticness>0.968022</acousticness><instrumentalness>0.698224</instrumentalness><mode>1</mode><time_signature>3</time_signature><duration>179.49288</duration><loudness>-10.486</loudness><audio_md5 /><valence>0.079805</valence><danceability>0.236865</danceability></audio_summary><title>Young Lord</title></song><song><artist_id>ARW2U4O1187FB4408B</artist_id><artist_name>Andrew W.K.</artist_name><id>SOEKTKE1424144AABE</id><audio_summary><key>8</key><analysis_url>http://echonest-analysis.s3.amazonaws.com/TR/KXjrvAoFaNBvy-h__Ulck0OwMD31nGaf9PvSHJoufSEwR49HZk9LgBqUC3tn06I84y44Q8Lv4_OdVxV7U%3D/3/full.json?AWSAccessKeyId=AKIAJRDFEY23UEVW42BQ&amp;Expires=1415343651&amp;Signature=rml1bWPd7zB%2BU9ju9aVyWAwtL%2B8%3D</analysis_url><energy>0.821013</energy><liveness>0.550121</liveness><tempo>87.219</tempo><speechiness>0.061882</speechiness><acousticness>0.765462</acousticness><instrumentalness>0.003834</instrumentalness><mode>1</mode><time_signature>3</time_signature><duration>59.47955</duration><loudness>-9.283</loudness><audio_md5 /><valence>0.851785</valence><danceability>0.537533</danceability></audio_summary><title>Tv Series(opening Narration)</title></song><song><artist_id>ARW2U4O1187FB4408B</artist_id><artist_name>Andrew W.K.</artist_name><id>SODDFZG135FD95C771</id><audio_summary><key>0</key><analysis_url>http://echonest-analysis.s3.amazonaws.com/TR/UtIi8Qxje1O56isGsJew9b1arFh1cDVIQmLJW12FRkc-5pbBjTIGcB25XR7UXpAk7WyjrAUSO7srFaLfY%3D/3/full.json?AWSAccessKeyId=AKIAJRDFEY23UEVW42BQ&amp;Expires=1415343651&amp;Signature=/vyALaaEqBBAK/a/E24XQZBuSdA%3D</analysis_url><energy>0.980536</energy><liveness>0.06579</liveness><tempo>158.179</tempo><speechiness>0.06862</speechiness><acousticness>0.012885</acousticness><instrumentalness>0.0</instrumentalness><mode>1</mode><time_signature>4</time_signature><duration>148.00354</duration><loudness>-4.17</loudness><audio_md5 /><valence>0.178679</valence><danceability>0.32394</danceability></audio_summary><title>Your Rules</title></song><song><artist_id>ARW2U4O1187FB4408B</artist_id><artist_name>Andrew W.K.</artist_name><id>SOSTTHY12AB018E7F6</id><audio_summary><key>4</key><analysis_url>http://echonest-analysis.s3.amazonaws.com/TR/XlJeGgoE2mK7ghKYZr7olAyxtsWeW43a5IVff-Hd14gcRW-Nov2vv5xPngQBzGrge1TAu0-oE55nTfKKo%3D/3/full.json?AWSAccessKeyId=AKIAJRDFEY23UEVW42BQ&amp;Expires=1415343651&amp;Signature=cuS0coSjKWbVechxMcGLSQdSuNw%3D</analysis_url><energy>0.997148</energy><liveness>0.13554</liveness><tempo>91.772</tempo><speechiness>0.059951</speechiness><acousticness>0.013577</acousticness><instrumentalness>3e-06</instrumentalness><mode>0</mode><time_signature>4</time_signature><duration>177.31955</duration><loudness>-2.484</loudness><audio_md5 /><valence>0.591042</valence><danceability>0.422112</danceability></audio_summary><title>Not Going to Bed</title></song><song><artist_id>ARW2U4O1187FB4408B</artist_id><artist_name>Andrew W.K.</artist_name><id>SOARNDX13E90661945</id><audio_summary><key>1</key><analysis_url>http://echonest-analysis.s3.amazonaws.com/TR/qjEVjQngZInx7Wt9vILUQwzAzDZ0psPapEQbB4/3/full.json?AWSAccessKeyId=AKIAJRDFEY23UEVW42BQ&amp;Expires=1415343651&amp;Signature=VDcG7XdM5hfizF7ZYW0ynb2SQOs%3D</analysis_url><energy>0.378824</energy><liveness>0.225573</liveness><tempo>74.426</tempo><speechiness>0.898622</speechiness><acousticness>0.971281</acousticness><instrumentalness>0.0</instrumentalness><mode>1</mode><time_signature>4</time_signature><duration>91.87156</duration><loudness>-17.514</loudness><audio_md5 /><valence>0.686055</valence><danceability>0.665313</danceability></audio_summary><title>Go For It (Interview)</title></song><song><artist_id>ARW2U4O1187FB4408B</artist_id><artist_name>Andrew W.K.</artist_name><id>SOGYBIS1315CD4500E</id><audio_summary><key>0</key><analysis_url>http://echonest-analysis.s3.amazonaws.com/TR/q24wrQBX1oaiYn4NyN9GYJqOgVu58hqOjd-QJmSR8PmQZ5HZad9vsnpH4LF4Lsso6iXjQ0s6KhZI2sVM0%3D/3/full.json?AWSAccessKeyId=AKIAJRDFEY23UEVW42BQ&amp;Expires=1415343651&amp;Signature=PSgI6oE5WA12qLrU2jawngYNrwE%3D</analysis_url><energy>0.947808</energy><liveness>0.338781</liveness><tempo>129.171</tempo><speechiness>0.056566</speechiness><acousticness>0.017223</acousticness><instrumentalness>5e-06</instrumentalness><mode>1</mode><time_signature>4</time_signature><duration>289.94621</duration><loudness>-3.405</loudness><audio_md5>898bf8095e0b3e603bd3eb5c8ce8c2da</audio_md5><valence>0.343449</valence><danceability>0.238469</danceability></audio_summary><title>The End Of Our Lives</title></song><song><artist_id>ARW2U4O1187FB4408B</artist_id><artist_name>Andrew W.K.</artist_name><id>SOJZVCC12AB018E7EE</id><audio_summary><key>9</key><analysis_url>http://echonest-analysis.s3.amazonaws.com/TR/Ws2mYgqh3-rwSIA3vQyTuAEo4Zfrou6TPN7iiwuwVfyy_8ecpu_8gaBZYa0HYOV_mYA5EmOuT7rnnPz6s%3D/3/full.json?AWSAccessKeyId=AKIAJRDFEY23UEVW42BQ&amp;Expires=1415343651&amp;Signature=MP2X00dL2Eq492vPHgiH6UOXoC8%3D</analysis_url><energy>0.250421</energy><liveness>0.100123</liveness><tempo>85.245</tempo><speechiness>0.038581</speechiness><acousticness>0.930858</acousticness><instrumentalness>0.003398</instrumentalness><mode>0</mode><time_signature>4</time_signature><duration>82.70621</duration><loudness>-14.911</loudness><audio_md5>1814a64851bfb013165eef2c2ef02eae</audio_md5><valence>0.197574</valence><danceability>0.202758</danceability></audio_summary><title>Close Calls With Bal Harbour</title></song><song><artist_id>ARW2U4O1187FB4408B</artist_id><artist_name>Andrew W.K.</artist_name><id>SOGRWDX13E90661844</id><audio_summary><key>11</key><analysis_url>http://echonest-analysis.s3.amazonaws.com/TR/ODC--QJ9Ie5t87ZjGqQxL3C-suWhHZRGrnf1iA/3/full.json?AWSAccessKeyId=AKIAJRDFEY23UEVW42BQ&amp;Expires=1415343651&amp;Signature=SoTPvdjl1x4UeFE7dQ1aWCRIUJE%3D</analysis_url><energy>0.454848</energy><liveness>0.165025</liveness><tempo>91.102</tempo><speechiness>0.880557</speechiness><acousticness>0.980259</acousticness><instrumentalness>0.0</instrumentalness><mode>1</mode><time_signature>5</time_signature><duration>57.66354</duration><loudness>-16.124</loudness><audio_md5 /><valence>0.905416</valence><danceability>0.631828</danceability></audio_summary><title>Flooded With Happiness (Interview)</title></song><song><artist_id>ARW2U4O1187FB4408B</artist_id><artist_name>Andrew W.K.</artist_name><id>SOKBCYC1315CD46925</id><audio_summary><key>1</key><analysis_url>http://echonest-analysis.s3.amazonaws.com/TR/ML8lWA8cmfOsHw6dgjZrIOkXmGzitEXHXkiuk7aNyIINS32PVguAo9hBKOR6pwx7ZmDlpje2pYfiLmS2Q%3D/3/full.json?AWSAccessKeyId=AKIAJRDFEY23UEVW42BQ&amp;Expires=1415343651&amp;Signature=ieL6/59cWNmsCflBNYKdHVHL/%2B0%3D</analysis_url><energy>0.963356</energy><liveness>0.083287</liveness><tempo>128.067</tempo><speechiness>0.088764</speechiness><acousticness>0.00215</acousticness><instrumentalness>0.0</instrumentalness><mode>1</mode><time_signature>4</time_signature><duration>259.49288</duration><loudness>-4.112</loudness><audio_md5>7571419eb388db5ecb39b95bf3e8bc5c</audio_md5><valence>0.367956</valence><danceability>0.25282</danceability></audio_summary><title>I Love Music</title></song><song><artist_id>ARW2U4O1187FB4408B</artist_id><artist_name>Andrew W.K.</artist_name><id>SOHDVDE12AB018E7E1</id><audio_summary><key>7</key><analysis_url>http://echonest-analysis.s3.amazonaws.com/TR/Kg22JwmuEMWObE2Dx1g0IH38Z3TY2EtS6Ww_SUsdvpJcCG87mJWdlfbA7A3EY61lNCvvkJSUtBeuiqDZo%3D/3/full.json?AWSAccessKeyId=AKIAJRDFEY23UEVW42BQ&amp;Expires=1415343651&amp;Signature=2RXPN9j7lW2vAVj2Svf8Z/JQEHI%3D</analysis_url><energy>0.661628</energy><liveness>0.322939</liveness><tempo>85.539</tempo><speechiness>0.039613</speechiness><acousticness>0.561889</acousticness><instrumentalness>0.002134</instrumentalness><mode>0</mode><time_signature>4</time_signature><duration>136.75955</duration><loudness>-4.176</loudness><audio_md5>df88dc1c035673c3159ec6a6b3a0c07d</audio_md5><valence>0.195683</valence><danceability>0.236772</danceability></audio_summary><title>I Came for You</title></song><song><artist_id>ARW2U4O1187FB4408B</artist_id><artist_name>Andrew W.K.</artist_name><id>SOKYKTZ1313439EE03</id><audio_summary><key>0</key><analysis_url>http://echonest-analysis.s3.amazonaws.com/TR/w_7DFQ3-ND5cvj5mwwUeif6U937Bnab-79x84DWxxEBa33OzJlYEbUHTK1PP6R1BcIy5MMA-4AhKh_vos%3D/3/full.json?AWSAccessKeyId=AKIAJRDFEY23UEVW42BQ&amp;Expires=1415343651&amp;Signature=SRPMDtfpceoyAqtjfJ01fHp1H9w%3D</analysis_url><energy>0.985309</energy><liveness>0.390569</liveness><tempo>138.01</tempo><speechiness>0.080136</speechiness><acousticness>0.09872</acousticness><instrumentalness>0.000486</instrumentalness><mode>1</mode><time_signature>3</time_signature><duration>145.39955</duration><loudness>-2.897</loudness><audio_md5>cce552148d643b85b71f8b7a89fdcf46</audio_md5><valence>0.787176</valence><danceability>0.457451</danceability></audio_summary><title>One Brother</title></song><song><artist_id>ARW2U4O1187FB4408B</artist_id><artist_name>Andrew W.K.</artist_name><id>SOBSXWP12AB0184083</id><audio_summary><key>4</key><analysis_url>http://echonest-analysis.s3.amazonaws.com/TR/0mlb9gUggakc_uWBU7uUZngkhInzM_iuHvtFiMZm-vll7cNX92iJgWuOX6bKV6nxcrc8KN4I9nIdOQzj4%3D/3/full.json?AWSAccessKeyId=AKIAJRDFEY23UEVW42BQ&amp;Expires=1415343651&amp;Signature=kXDrLqJudqS0RRODMiITa9Kk8%2Bk%3D</analysis_url><energy>0.917786</energy><liveness>0.356304</liveness><tempo>83.019</tempo><speechiness>0.057111</speechiness><acousticness>0.001094</acousticness><instrumentalness>0.0</instrumentalness><mode>1</mode><time_signature>4</time_signature><duration>270.92998</duration><loudness>-3.683</loudness><audio_md5 /><valence>0.262413</valence><danceability>0.336178</danceability></audio_summary><title>Totally Stupid</title></song><song><artist_id>ARW2U4O1187FB4408B</artist_id><artist_name>Andrew W.K.</artist_name><id>SOGDDCP12AB017F543</id><audio_summary><key>5</key><analysis_url>http://echonest-analysis.s3.amazonaws.com/TR/a_G_NALOR07UezU3YlahbIi0EUdCL1ft1va1tq2irVnkyx1yV73Qfkm5bDufjeihm2oZ-W2zj7ZLq4KoQ%3D/3/full.json?AWSAccessKeyId=AKIAJRDFEY23UEVW42BQ&amp;Expires=1415343651&amp;Signature=896tV%2B1xIyG5bWIXR02LGe4awDI%3D</analysis_url><energy>0.623209</energy><liveness>0.642096</liveness><tempo>78.011</tempo><speechiness>0.038006</speechiness><acousticness>0.002678</acousticness><instrumentalness>0.289532</instrumentalness><mode>1</mode><time_signature>4</time_signature><duration>129.49288</duration><loudness>-4.213</loudness><audio_md5>e6c70d0ab01fdda2aa512298ad0d39bf</audio_md5><valence>0.212056</valence><danceability>0.200075</danceability></audio_summary><title>Victory Strikes Again</title></song><song><artist_id>ARW2U4O1187FB4408B</artist_id><artist_name>Andrew W.K.</artist_name><id>SOACDNL1315CD45B5C</id><audio_summary><key>5</key><analysis_url>http://echonest-analysis.s3.amazonaws.com/TR/QxZMvANr4Ys75atLr1-Qp1O_WGN5DImAsVtYM7EU2kPJDde5VI0VRfaTl_ImkDRWeeGarQpE-p9Yvpox4%3D/3/full.json?AWSAccessKeyId=AKIAJRDFEY23UEVW42BQ&amp;Expires=1415343651&amp;Signature=Xbwa3Ag7aJehhJq2iGCMhD%2Bcyd0%3D</analysis_url><energy>0.962483</energy><liveness>0.308966</liveness><tempo>151.339</tempo><speechiness>0.059716</speechiness><acousticness>0.000334</acousticness><instrumentalness>4e-06</instrumentalness><mode>1</mode><time_signature>4</time_signature><duration>102.70621</duration><loudness>-2.812</loudness><audio_md5 /><valence>0.374034</valence><danceability>0.372011</danceability></audio_summary><title>Don't Stop Living In The Red</title></song><song><artist_id>ARW2U4O1187FB4408B</artist_id><artist_name>Andrew W.K.</artist_name><id>SOHZDHI1315CD45A8D</id><audio_summary><key>0</key><analysis_url>http://echonest-analysis.s3.amazonaws.com/TR/4wQ81A28WtQTzZpDyWPLgZlhycDfiincPTBEv4OiRRwpCDNzMbbeLqqScmWcutyCfh1K6s_y11hYGSHiA%3D/3/full.json?AWSAccessKeyId=AKIAJRDFEY23UEVW42BQ&amp;Expires=1415343651&amp;Signature=btXmZrMkPNsrOZdg1hCIonqi3uE%3D</analysis_url><energy>0.852654</energy><liveness>0.406738</liveness><tempo>138.013</tempo><speechiness>0.042449</speechiness><acousticness>0.046624</acousticness><instrumentalness>0.0</instrumentalness><mode>1</mode><time_signature>4</time_signature><duration>282.30621</duration><loudness>-4.333</loudness><audio_md5 /><valence>0.333632</valence><danceability>0.437754</danceability></audio_summary><title>Really In Love</title></song><song><artist_id>ARW2U4O1187FB4408B</artist_id><artist_name>Andrew W.K.</artist_name><id>SOKFXYI12AB0186B24</id><audio_summary><key>11</key><analysis_url>http://echonest-analysis.s3.amazonaws.com/TR/dSKfYgXBjPhCy4zZBqpc1SHuumzD-OGjJRQ_cs8Bm0Mk2ZITmKC_JYwLjz5AWrkuq0JKvegJ2CUZlDrwM%3D/3/full.json?AWSAccessKeyId=AKIAJRDFEY23UEVW42BQ&amp;Expires=1415343651&amp;Signature=vfV5VFE9DU7n047f8ohQ7tMjV3g%3D</analysis_url><energy>0.993492</energy><liveness>0.186844</liveness><tempo>93.091</tempo><speechiness>0.171946</speechiness><acousticness>0.045823</acousticness><instrumentalness>2e-06</instrumentalness><mode>0</mode><time_signature>4</time_signature><duration>180.18621</duration><loudness>-3.578</loudness><audio_md5>5cdce0ba26ae301d5b5df398656a91c2</audio_md5><valence>0.188436</valence><danceability>0.46974</danceability></audio_summary><title>I Want to See You Go Wild</title></song><song><artist_id>ARW2U4O1187FB4408B</artist_id><artist_name>Andrew W.K.</artist_name><id>SOWBEYR13E90608B87</id><audio_summary><key>0</key><analysis_url>http://echonest-analysis.s3.amazonaws.com/TR/LLL9EwyAe6rZ1HQzP3lNEbeC3e1fOflzHaHHDt/3/full.json?AWSAccessKeyId=AKIAJRDFEY23UEVW42BQ&amp;Expires=1415343651&amp;Signature=ss1IqZFMaufMA7KYOli7SiEtBMc%3D</analysis_url><energy>0.724182</energy><liveness>0.653266</liveness><tempo>77.383</tempo><speechiness>0.042909</speechiness><acousticness>0.025533</acousticness><instrumentalness>1.6e-05</instrumentalness><mode>1</mode><time_signature>4</time_signature><duration>150.33556</duration><loudness>-14.794</loudness><audio_md5>c82c645f4f6f0b960a4fb5e72d2f018b</audio_md5><valence>0.354014</valence><danceability>0.171839</danceability></audio_summary><title>Your Rules</title></song><song><artist_id>ARW2U4O1187FB4408B</artist_id><artist_name>Andrew W.K.</artist_name><id>SOTPCHU12AB018E807</id><audio_summary><key>0</key><analysis_url>http://echonest-analysis.s3.amazonaws.com/TR/t2P5tQkqXZcupa3AXMxait0xMWTje7wYm2m0GEQYAuZY8Ox9kbMVDTFKdrJUeZ16KnoYtguHy1qzR40J0%3D/3/full.json?AWSAccessKeyId=AKIAJRDFEY23UEVW42BQ&amp;Expires=1415343651&amp;Signature=tK2/YE02TBgbAqxm%2BZT1ghA18OQ%3D</analysis_url><energy>0.995051</energy><liveness>0.597282</liveness><tempo>176.125</tempo><speechiness>0.162177</speechiness><acousticness>0.051765</acousticness><instrumentalness>0.232712</instrumentalness><mode>1</mode><time_signature>4</time_signature><duration>160.99955</duration><loudness>-2.54</loudness><audio_md5>acda926ee89ffc7da5f5039b7f2f39d5</audio_md5><valence>0.423918</valence><danceability>0.389477</danceability></audio_summary><title>Pushing Drugs</title></song><song><artist_id>ARW2U4O1187FB4408B</artist_id><artist_name>Andrew W.K.</artist_name><id>SOSCBEH1377A39A611</id><audio_summary><key>5</key><analysis_url>http://echonest-analysis.s3.amazonaws.com/TR/QFtiPw7vAXoZrIGcWNprokA149A-hsePRtCmfV/3/full.json?AWSAccessKeyId=AKIAJRDFEY23UEVW42BQ&amp;Expires=1415343651&amp;Signature=cu%2BzyJyVcijUCP60tE6r69JmUZM%3D</analysis_url><energy>0.944558</energy><liveness>0.607246</liveness><tempo>87.055</tempo><speechiness>0.054675</speechiness><acousticness>0.005242</acousticness><instrumentalness>0.024875</instrumentalness><mode>1</mode><time_signature>4</time_signature><duration>160.21723</duration><loudness>-3.457</loudness><audio_md5 /><valence>0.409241</valence><danceability>0.373881</danceability></audio_summary><title>We Party (You Shout)</title></song><song><artist_id>ARW2U4O1187FB4408B</artist_id><artist_name>Andrew W.K.</artist_name><id>SOALQYN133EB4D14C9</id><audio_summary><key>9</key><analysis_url>http://echonest-analysis.s3.amazonaws.com/TR/KORPNQCNDL8t92H2zEjndNbK5oBfxvK6Oa0pQQiIKeH-p2nrcm0oxrCCW-zeQ0DXhcmfIV2KWX4vWLzVQ%3D/3/full.json?AWSAccessKeyId=AKIAJRDFEY23UEVW42BQ&amp;Expires=1415343651&amp;Signature=MJICwESlKtY4J5fNd3I75tH6VO0%3D</analysis_url><energy>0.936134</energy><liveness>0.30724</liveness><tempo>198.536</tempo><speechiness>0.111013</speechiness><acousticness>0.02201</acousticness><instrumentalness>0.02102</instrumentalness><mode>1</mode><time_signature>4</time_signature><duration>186.93288</duration><loudness>-4.953</loudness><audio_md5 /><valence>0.421497</valence><danceability>0.356743</danceability></audio_summary><title>Kiseki</title></song><song><artist_id>ARW2U4O1187FB4408B</artist_id><artist_name>Andrew W.K.</artist_name><id>SOIEZFW1377A398FE5</id><audio_summary><key>0</key><analysis_url>http://echonest-analysis.s3.amazonaws.com/TR/62_i9w1twUqJB-oB0gTs-YqtlTt5nO9sWpp2XJuZ239Bz6eXkSwNBGD5gDDP5m0eB8lDQTWlpLNl2FKzs%3D/3/full.json?AWSAccessKeyId=AKIAJRDFEY23UEVW42BQ&amp;Expires=1415343651&amp;Signature=giR%2BAncv145xjHhBuUp6G0hofFY%3D</analysis_url><energy>0.956731</energy><liveness>0.618092</liveness><tempo>173.96</tempo><speechiness>0.058157</speechiness><acousticness>0.015766</acousticness><instrumentalness>0.00262</instrumentalness><mode>1</mode><time_signature>4</time_signature><duration>160.02621</duration><loudness>-2.597</loudness><audio_md5>d459e89636f7f57e125c40c8e3744276</audio_md5><valence>0.470613</valence><danceability>0.246512</danceability></audio_summary><title>We Party (You Shout)</title></song><song><artist_id>ARW2U4O1187FB4408B</artist_id><artist_name>Andrew W.K.</artist_name><id>SOQPVSN12AF72A9C07</id><audio_summary><key>7</key><analysis_url>http://echonest-analysis.s3.amazonaws.com/TR/-WxCMgEccq5a8nwy0g3bGKsHbTgtynLOzGAG1VBl598v2OdREEPJG2T_BN7oveapexrU09PETaLJlYFsc%3D/3/full.json?AWSAccessKeyId=AKIAJRDFEY23UEVW42BQ&amp;Expires=1415343651&amp;Signature=LdFa0TFPR62edVsYnDNpbVpa4iY%3D</analysis_url><energy>0.960052</energy><liveness>0.318612</liveness><tempo>147.96</tempo><speechiness>0.058514</speechiness><acousticness>0.003878</acousticness><instrumentalness>0.0</instrumentalness><mode>1</mode><time_signature>4</time_signature><duration>139.42621</duration><loudness>-1.452</loudness><audio_md5>06573289d7dd422b03a4a51e285ddd76</audio_md5><valence>0.502845</valence><danceability>0.318409</danceability></audio_summary><title>Let's Go On a Date</title></song><song><artist_id>ARW2U4O1187FB4408B</artist_id><artist_name>Andrew W.K.</artist_name><id>SOUMKBD136A970E22A</id><audio_summary><key>11</key><analysis_url>http://echonest-analysis.s3.amazonaws.com/TR/uCSoZQPt89rBvtI3MNWQjTdXh-4DkulfEshlGD/3/full.json?AWSAccessKeyId=AKIAJRDFEY23UEVW42BQ&amp;Expires=1415343651&amp;Signature=h1XLERmIvXvs8eche5FOcGFXxHs%3D</analysis_url><energy>0.917039</energy><liveness>0.311718</liveness><tempo>183.381</tempo><speechiness>0.063078</speechiness><acousticness>0.004083</acousticness><instrumentalness>0.0</instrumentalness><mode>1</mode><time_signature>4</time_signature><duration>237.3366</duration><loudness>-5.53</loudness><audio_md5>c4d201672f9fb0ef466938d06257998c</audio_md5><valence>0.641546</valence><danceability>0.423431</danceability></audio_summary><title>We Want Fun</title></song><song><artist_id>ARW2U4O1187FB4408B</artist_id><artist_name>Andrew W.K.</artist_name><id>SOIUYFE12AF72A79B5</id><audio_summary><key>2</key><analysis_url>http://echonest-analysis.s3.amazonaws.com/TR/ptyH_QHjNkmNEqGhLxW0-ytZbNO5ifVve2VM7VU7SGPX0wbj8aKco1KvW7WukxJWAWSdxrGLZKPApZm-A%3D/3/full.json?AWSAccessKeyId=AKIAJRDFEY23UEVW42BQ&amp;Expires=1415343651&amp;Signature=ebaPdxOJLcYASsQHofqKK2z/EMk%3D</analysis_url><energy>0.962557</energy><liveness>0.414717</liveness><tempo>120.06</tempo><speechiness>0.035958</speechiness><acousticness>0.000679</acousticness><instrumentalness>0.0</instrumentalness><mode>1</mode><time_signature>4</time_signature><duration>202.99955</duration><loudness>-3.549</loudness><audio_md5>8e566f3d806aa8ffaacc4bdf8e0731e7</audio_md5><valence>0.743709</valence><danceability>0.579468</danceability></audio_summary><title>Fun Night</title></song><song><artist_id>ARW2U4O1187FB4408B</artist_id><artist_name>Andrew W.K.</artist_name><id>SOOGKSP1471BC6D784</id><audio_summary><key>11</key><analysis_url>http://echonest-analysis.s3.amazonaws.com/TR/9tg_SACFCzpOEXeSr7CUnTjVD2RI4iyWmipDVpeOXnvFHgCLguYZZqX9oQy8esEEpjP7mgAfrU45UItFg%3D/3/full.json?AWSAccessKeyId=AKIAJRDFEY23UEVW42BQ&amp;Expires=1415343651&amp;Signature=jjwnEdQa79SSCQbbtjpv8MH1euc%3D</analysis_url><energy>0.946107</energy><liveness>0.32402</liveness><tempo>170.365</tempo><speechiness>0.064081</speechiness><acousticness>0.068807</acousticness><instrumentalness>0.0</instrumentalness><mode>0</mode><time_signature>4</time_signature><duration>218.63864</duration><loudness>-3.463</loudness><audio_md5 /><valence>0.467085</valence><danceability>0.255582</danceability></audio_summary><title>Tear It Up</title></song><song><artist_id>ARW2U4O1187FB4408B</artist_id><artist_name>Andrew W.K.</artist_name><id>SOBMJNT13776630338</id><audio_summary><key>0</key><analysis_url>http://echonest-analysis.s3.amazonaws.com/TR/ZwQ-nwbIPolYe2wBUSdRAZNfPLZ5PjJez1-0CDssejffaCxwvWwH5UHFRTSHI3SL5YpUyuxazh7L4GWo4%3D/3/full.json?AWSAccessKeyId=AKIAJRDFEY23UEVW42BQ&amp;Expires=1415343651&amp;Signature=oSeKfqx%2BscSWhaR%2B/dzwJW8O93g%3D</analysis_url><energy>0.917582</energy><liveness>0.146824</liveness><tempo>96.428</tempo><speechiness>0.040523</speechiness><acousticness>0.000605</acousticness><instrumentalness>0.000575</instrumentalness><mode>1</mode><time_signature>4</time_signature><duration>240.42621</duration><loudness>-3.921</loudness><audio_md5 /><valence>0.394148</valence><danceability>0.327358</danceability></audio_summary><title>Long Live The Party</title></song><song><artist_id>ARW2U4O1187FB4408B</artist_id><artist_name>Andrew W.K.</artist_name><id>SOJVQBP12AB01860A2</id><audio_summary><key>4</key><analysis_url>http://echonest-analysis.s3.amazonaws.com/TR/54EJQwwtBcn4pMC6I2R1xHB2UAY0BWMts97vHtRf23JsYenJlfHcAK2bUV8KNGxFXUnUbnfnFlSJthJVc%3D/3/full.json?AWSAccessKeyId=AKIAJRDFEY23UEVW42BQ&amp;Expires=1415343651&amp;Signature=5LnvHrdQg9bINe14OjdYb6yD4kY%3D</analysis_url><energy>0.978794</energy><liveness>0.17618</liveness><tempo>137.534</tempo><speechiness>0.045945</speechiness><acousticness>0.036077</acousticness><instrumentalness>1e-06</instrumentalness><mode>1</mode><time_signature>4</time_signature><duration>145.53288</duration><loudness>-1.292</loudness><audio_md5>31ffb0843142a1b35288cdac0f526c75</audio_md5><valence>0.881227</valence><danceability>0.452117</danceability></audio_summary><title>I Want Your Face</title></song><song><artist_id>ARW2U4O1187FB4408B</artist_id><artist_name>Andrew W.K.</artist_name><id>SOSNYFZ137411FAC0D</id><audio_summary><key>0</key><analysis_url>http://echonest-analysis.s3.amazonaws.com/TR/PL-YbwIIwZnW2xR8JvgMRA6DUmAmf-DiIbWtSaj_kRFZOig4SGb9tIXE881jU8H785sRSRk7LfwqJrqYI%3D/3/full.json?AWSAccessKeyId=AKIAJRDFEY23UEVW42BQ&amp;Expires=1415343651&amp;Signature=oNnVzzULFK8G4HdywUy0fAObFjE%3D</analysis_url><energy>0.927606</energy><liveness>0.30591</liveness><tempo>96.73</tempo><speechiness>0.045042</speechiness><acousticness>0.00016</acousticness><instrumentalness>0.002994</instrumentalness><mode>1</mode><time_signature>4</time_signature><duration>250.37288</duration><loudness>-3.701</loudness><audio_md5 /><valence>0.34211</valence><danceability>0.319925</danceability></audio_summary><title>Long Live The Party</title></song><song><artist_id>ARW2U4O1187FB4408B</artist_id><artist_name>Andrew W.K.</artist_name><id>SOEYONG12B0B80B3FE</id><audio_summary><key>4</key><analysis_url>http://echonest-analysis.s3.amazonaws.com/TR/vO52HwiOfans4SRIihdQUctqu2QLpBSuyABRbrhF96NnNfMBN4pPRYhVQsUebwjWz0KY28W8TzzgXusLQ%3D/3/full.json?AWSAccessKeyId=AKIAJRDFEY23UEVW42BQ&amp;Expires=1415343651&amp;Signature=4YYB8NzDZTCgOQYGJ0bmix2%2BSzk%3D</analysis_url><energy>0.983675</energy><liveness>0.638082</liveness><tempo>175.631</tempo><speechiness>0.053818</speechiness><acousticness>0.000492</acousticness><instrumentalness>1e-06</instrumentalness><mode>1</mode><time_signature>4</time_signature><duration>190.42621</duration><loudness>-4.133</loudness><audio_md5>2b94a9a98da53b87c7faf77f0b734490</audio_md5><valence>0.562369</valence><danceability>0.348976</danceability></audio_summary><title>Take It Off</title></song><song><artist_id>ARW2U4O1187FB4408B</artist_id><artist_name>Andrew W.K.</artist_name><id>SOFECAD12AB0189BCA</id><audio_summary><key>7</key><analysis_url>http://echonest-analysis.s3.amazonaws.com/TR/6qNDIgl-ir2qWmFvJUfRyAO8Iu5c_2cyDq7KNUKHyZ8AnKXAmZrAwwAYL2TuawB2DvVoRpdFgfwyJIMA4%3D/3/full.json?AWSAccessKeyId=AKIAJRDFEY23UEVW42BQ&amp;Expires=1415343651&amp;Signature=YusemCfjkPEZNPXJ%2BkBMgV4/jIE%3D</analysis_url><energy>0.886188</energy><liveness>0.73736</liveness><tempo>175.534</tempo><speechiness>0.122623</speechiness><acousticness>0.00155</acousticness><instrumentalness>2e-06</instrumentalness><mode>1</mode><time_signature>4</time_signature><duration>178.02621</duration><loudness>-2.456</loudness><audio_md5 /><valence>0.782163</valence><danceability>0.499126</danceability></audio_summary><title>Kicks and Bricks</title></song><song><artist_id>ARW2U4O1187FB4408B</artist_id><artist_name>Andrew W.K.</artist_name><id>SOMITTF1312A8A708D</id><audio_summary><key>0</key><analysis_url>http://echonest-analysis.s3.amazonaws.com/TR/m8BV7gDozw5Wde4WDvZIwqArVDnETTIovlHptdlap2KBk4zf9zr7P_0pwNq-pkSoK5Ynxk4_nBqqanN8Q%3D/3/full.json?AWSAccessKeyId=AKIAJRDFEY23UEVW42BQ&amp;Expires=1415343651&amp;Signature=26c7KLYxNrH8kuq6noJVisTwWuY%3D</analysis_url><energy>0.946776</energy><liveness>0.136065</liveness><tempo>103.003</tempo><speechiness>0.126277</speechiness><acousticness>0.006029</acousticness><instrumentalness>0.077402</instrumentalness><mode>1</mode><time_signature>4</time_signature><duration>165.59955</duration><loudness>-2.752</loudness><audio_md5 /><valence>0.713573</valence><danceability>0.543094</danceability></audio_summary><title>Big Party</title></song><song><artist_id>ARW2U4O1187FB4408B</artist_id><artist_name>Andrew W.K.</artist_name><id>SOAFVUL12AB0185649</id><audio_summary><key>7</key><analysis_url>http://echonest-analysis.s3.amazonaws.com/TR/onGFYQm0i7fnVeHQKfw7ElZaYv4FwC8cYTlTjw70z9bXl9d17s_TakCb3mTmymQYjCXiiGHXPBQ3uwiOY%3D/3/full.json?AWSAccessKeyId=AKIAJRDFEY23UEVW42BQ&amp;Expires=1415343651&amp;Signature=1CI64wiuhVxcQWuskWXEJ4dSywg%3D</analysis_url><energy>0.780823</energy><liveness>0.159453</liveness><tempo>110.511</tempo><speechiness>0.041844</speechiness><acousticness>8e-05</acousticness><instrumentalness>0.023976</instrumentalness><mode>1</mode><time_signature>4</time_signature><duration>162.83955</duration><loudness>-2.798</loudness><audio_md5 /><valence>0.191286</valence><danceability>0.288804</danceability></audio_summary><title>I'm a Vagabond</title></song><song><artist_id>ARW2U4O1187FB4408B</artist_id><artist_name>Andrew W.K.</artist_name><id>SOLNCUI14241B691FC</id><audio_summary><key>9</key><analysis_url>http://echonest-analysis.s3.amazonaws.com/TR/ANvOyAN_Z8xuK42lJaRw7SgEoB9_XGBdrbrARVr8kUd8HMBg5k6E9WQJhIfnWuAQF2PcdoYzwzNx04O2U%3D/3/full.json?AWSAccessKeyId=AKIAJRDFEY23UEVW42BQ&amp;Expires=1415343651&amp;Signature=o6n5GUKb6zRBKPJYEYDp2wPtQ%2Bk%3D</analysis_url><energy>0.673403</energy><liveness>0.391229</liveness><tempo>173.722</tempo><speechiness>0.030614</speechiness><acousticness>0.023429</acousticness><instrumentalness>0.00121</instrumentalness><mode>0</mode><time_signature>4</time_signature><duration>209.51955</duration><loudness>-6.475</loudness><audio_md5 /><valence>0.247976</valence><danceability>0.273728</danceability></audio_summary><title>Beginning</title></song><song><artist_id>ARW2U4O1187FB4408B</artist_id><artist_name>Andrew W.K.</artist_name><id>SOJUWPJ13732980503</id><audio_summary><key>9</key><analysis_url>http://echonest-analysis.s3.amazonaws.com/TR/IftjmACu59lnl3vy_5EDVJycgIUWD6uRFmGwZLJfsQxAnk0BZ5DOUWk5gzI1S8U8ClotQhiBpTzTDLZb0%3D/3/full.json?AWSAccessKeyId=AKIAJRDFEY23UEVW42BQ&amp;Expires=1415343651&amp;Signature=r4wUyPoI9Yit3d/m7KVF2hWsNc4%3D</analysis_url><energy>0.434497</energy><liveness>0.108087</liveness><tempo>101.322</tempo><speechiness>0.049871</speechiness><acousticness>0.980655</acousticness><instrumentalness>0.909154</instrumentalness><mode>0</mode><time_signature>4</time_signature><duration>527.02621</duration><loudness>-13.263</loudness><audio_md5 /><valence>0.148864</valence><danceability>0.336499</danceability></audio_summary><title>Begin the Engine</title></song><song><artist_id>ARW2U4O1187FB4408B</artist_id><artist_name>Andrew W.K.</artist_name><id>SOBNAFX1313439BE7C</id><audio_summary><key>0</key><analysis_url>http://echonest-analysis.s3.amazonaws.com/TR/tciPvAhAJkpOiZYMUOt5zS4SR7sGM9JcTCkihPlcfPuKfS9Xx6ONiFlvcLE55ocZCIKgX8UUZdYLuVcwc%3D/3/full.json?AWSAccessKeyId=AKIAJRDFEY23UEVW42BQ&amp;Expires=1415343651&amp;Signature=RFKJadQtPN7RZTuF7D07qNXoREQ%3D</analysis_url><energy>0.646976</energy><liveness>0.305627</liveness><tempo>81.714</tempo><speechiness>0.135525</speechiness><acousticness>0.08085</acousticness><instrumentalness>0.345925</instrumentalness><mode>1</mode><time_signature>4</time_signature><duration>317.69556</duration><loudness>-12.283</loudness><audio_md5 /><valence>0.904038</valence><danceability>0.707082</danceability></audio_summary><title>We Got a Groove</title></song><song><artist_id>ARW2U4O1187FB4408B</artist_id><artist_name>Andrew W.K.</artist_name><id>SOBIWMR1311AFE7562</id><audio_summary><key>5</key><analysis_url>http://echonest-analysis.s3.amazonaws.com/TR/j19gKQ1GIUAyL6MswEz6RXYbB4XicWCOpVOu2zT7FPlZoZNF9tWVSkPtE0FOHzHSV0DswEjOLv1OFwo6M%3D/3/full.json?AWSAccessKeyId=AKIAJRDFEY23UEVW42BQ&amp;Expires=1415343651&amp;Signature=7%2B%2Bs3UVO6SMmYTbOyquS7N7MSnk%3D</analysis_url><energy>0.37178</energy><liveness>0.117705</liveness><tempo>103.704</tempo><speechiness>0.029513</speechiness><acousticness>0.977764</acousticness><instrumentalness>0.856759</instrumentalness><mode>1</mode><time_signature>4</time_signature><duration>233.55955</duration><loudness>-8.444</loudness><audio_md5 /><valence>0.118824</valence><danceability>0.383109</danceability></audio_summary><title>Cadillac</title></song><song><artist_id>ARW2U4O1187FB4408B</artist_id><artist_name>Andrew W.K.</artist_name><id>SOFIWHQ1376F1D7262</id><audio_summary><key>7</key><analysis_url>http://echonest-analysis.s3.amazonaws.com/TR/ZrJ7bQEtnL5eAuj-q1fjULg-aARBjDRr0A93qAbbQ0lTPfa5jaCi1euS1FoUYIAQ3Vv4mq-3R8W33LH4Q%3D/3/full.json?AWSAccessKeyId=AKIAJRDFEY23UEVW42BQ&amp;Expires=1415343651&amp;Signature=7A/JDFM8z3dKikKPotqC2t0pq40%3D</analysis_url><energy>0.991704</energy><liveness>0.326491</liveness><tempo>166.797</tempo><speechiness>0.277809</speechiness><acousticness>0.021827</acousticness><instrumentalness>0.215993</instrumentalness><mode>0</mode><time_signature>4</time_signature><duration>232.91955</duration><loudness>-3.783</loudness><audio_md5>36af5b00982bef434ed57908ae3cefd4</audio_md5><valence>0.310934</valence><danceability>0.398612</danceability></audio_summary><title>Slam John Against a Brick Wall</title></song><song><artist_id>ARW2U4O1187FB4408B</artist_id><artist_name>Andrew W.K.</artist_name><id>SOMCIGZ14241B9F096</id><audio_summary><key>9</key><analysis_url>http://echonest-analysis.s3.amazonaws.com/TR/JeSwAQ4nxd54xUeDgu8EildIB4Cuf-uItsDBoe1nwKvxm99O4Am48W2MXDxnvYLPCNRTzTf-WX48C1XRc%3D/3/full.json?AWSAccessKeyId=AKIAJRDFEY23UEVW42BQ&amp;Expires=1415343651&amp;Signature=JECHtunQBgrXd7i8Fy9oLGSOZEY%3D</analysis_url><energy>0.766135</energy><liveness>0.067226</liveness><tempo>132.009</tempo><speechiness>0.043072</speechiness><acousticness>0.045607</acousticness><instrumentalness>3.9e-05</instrumentalness><mode>1</mode><time_signature>4</time_signature><duration>262.41288</duration><loudness>-5.144</loudness><audio_md5 /><valence>0.099551</valence><danceability>0.366197</danceability></audio_summary><title>Encounter</title></song><song><artist_id>ARW2U4O1187FB4408B</artist_id><artist_name>Andrew W.K.</artist_name><id>SOCELYU12AB018E819</id><audio_summary><key>9</key><analysis_url>http://echonest-analysis.s3.amazonaws.com/TR/Aq8bYQmCawaMg_Syo4dnJXHOkdwViw_o7froWrC9zzSc4MVeTS_vUmnGxX1mPjW1RgRU3GTPh7He2EJgI%3D/3/full.json?AWSAccessKeyId=AKIAJRDFEY23UEVW42BQ&amp;Expires=1415343651&amp;Signature=EQfaJ4cQLMooaK88ixy1Lmo04Jk%3D</analysis_url><energy>0.984867</energy><liveness>0.431721</liveness><tempo>134.246</tempo><speechiness>0.095652</speechiness><acousticness>0.007056</acousticness><instrumentalness>0.270918</instrumentalness><mode>1</mode><time_signature>3</time_signature><duration>199.95955</duration><loudness>-3.809</loudness><audio_md5 /><valence>0.143046</valence><danceability>0.401606</danceability></audio_summary><title>Hand On the Place</title></song><song><artist_id>ARW2U4O1187FB4408B</artist_id><artist_name>Andrew W.K.</artist_name><id>SOKPSQU12AB0186B36</id><audio_summary><key>10</key><analysis_url>http://echonest-analysis.s3.amazonaws.com/TR/Hoj5BwaMgxkwHjMTyTJpgFhTzq8moAEDKdQZkKlAdHm2Sil0hR6gPYcdgZtCtwZMw-7MGu7cHYUFSumoM%3D/3/full.json?AWSAccessKeyId=AKIAJRDFEY23UEVW42BQ&amp;Expires=1415343651&amp;Signature=cFtVehCV0UpcDajSAMd2UuDpA1k%3D</analysis_url><energy>0.992719</energy><liveness>0.144941</liveness><tempo>178.845</tempo><speechiness>0.16233</speechiness><acousticness>0.025937</acousticness><instrumentalness>0.028468</instrumentalness><mode>1</mode><time_signature>4</time_signature><duration>196.77288</duration><loudness>-2.862</loudness><audio_md5>e6bfff4a94496bb75c671f5f89605931</audio_md5><valence>0.116111</valence><danceability>0.127194</danceability></audio_summary><title>When I'm High</title></song></songs></response>