<response><status><version>4.2</version><code>0</code><message>Success</message></status><songs><song><artist_id>ARZQAEE1187B9AAD41</artist_id><artist_name>Andy Yorke</artist_name><id>SOAVVDQ1311AFEBF92</id><audio_summary><key>5</key><analysis_url>http://echonest-analysis.s3.amazonaws.com/TR/uLvvtQyhjFmKgxnJIXlBrUojGZ1g_Bqz2f_7IT3MXoqzMYXeGu7oAhYK6s6v_Z-6YjeB72hgnqPTWKKwY%3D/3/full.json?AWSAccessKeyId=AKIAJRDFEY23UEVW42BQ&amp;Expires=1415343682&amp;Signature=gyQD2eiKeimjAq4Aq18Gu3k6%2BmU%3D</analysis_url><energy>0.32709</energy><liveness>0.103554</liveness><tempo>76.991</tempo><speechiness>0.030698</speechiness><acousticness>0.123959</acousticness><instrumentalness>0.001396</instrumentalness><mode>1</mode><time_signature>4</time_signature><duration>205.95955</duration><loudness>-10.637</loudness><audio_md5 /><valence>0.337597</valence><danceability>0.610956</danceability></audio_summary><title>Roses</title></song><song><artist_id>ARZQAEE1187B9AAD41</artist_id><artist_name>Andy Yorke</artist_name><id>SOAJQQO131343A5944</id><audio_summary><key>2</key><analysis_url>http://echonest-analysis.s3.amazonaws.com/TR/Q4UIBwa9EgVwo4QiI0jJGmWbl1Tbe8Dw4M7cgaZ8tVV_PLoZa3_xn7x27lhvZfQmKexLDyrPLHrWj3hq8%3D/3/full.json?AWSAccessKeyId=AKIAJRDFEY23UEVW42BQ&amp;Expires=1415343682&amp;Signature=KiyCcnH5jnLbQaQ2aTtf3dXyi0w%3D</analysis_url><energy>0.399617</energy><liveness>0.098284</liveness><tempo>144.075</tempo><speechiness>0.026301</speechiness><acousticness>0.649829</acousticness><instrumentalness>9e-06</instrumentalness><mode>1</mode><time_signature>3</time_signature><duration>192.94621</duration><loudness>-8.79</loudness><audio_md5 /><valence>0.463913</valence><danceability>0.53018</danceability></audio_summary><title>Found the Road</title></song><song><artist_id>ARZQAEE1187B9AAD41</artist_id><artist_name>Andy Yorke</artist_name><id>SODJJTB12A58A7D1B1</id><audio_summary><key>7</key><analysis_url>http://echonest-analysis.s3.amazonaws.com/TR/0TbtmQiqf8l1Y3ljjbauSRuB8iW-k2a3j058f6D4L71fFTLwRoamFAia5xwIm8O56gy9AlzI7AY0akSsI%3D/3/full.json?AWSAccessKeyId=AKIAJRDFEY23UEVW42BQ&amp;Expires=1415343682&amp;Signature=3w%2BezyWG0wt2B3rrXnNUvcoqhWE%3D</analysis_url><energy>0.296753</energy><liveness>0.122925</liveness><tempo>191.81</tempo><speechiness>0.036271</speechiness><acousticness>0.813034</acousticness><instrumentalness>0.000108</instrumentalness><mode>1</mode><time_signature>4</time_signature><duration>231.74621</duration><loudness>-9.522</loudness><audio_md5 /><valence>0.148723</valence><danceability>0.214794</danceability></audio_summary><title>Diamant</title></song><song><artist_id>ARZQAEE1187B9AAD41</artist_id><artist_name>Andy Yorke</artist_name><id>SOACKTE1311AFD6A12</id><audio_summary><key>4</key><analysis_url>http://echonest-analysis.s3.amazonaws.com/TR/kfCrVgVIaX8zPKkfbTZjwbfH1fMtvwSimM9PUo8YeQSkI-bCv76BxcLYL8fYX6Y9NYkuUzWsxVRoLh_Yw%3D/3/full.json?AWSAccessKeyId=AKIAJRDFEY23UEVW42BQ&amp;Expires=1415343682&amp;Signature=Lx/JUV5iDRvupl/hFbuSBewl3BE%3D</analysis_url><energy>0.457064</energy><liveness>0.166379</liveness><tempo>153.006</tempo><speechiness>0.027686</speechiness><acousticness>0.335865</acousticness><instrumentalness>0.002516</instrumentalness><mode>0</mode><time_signature>4</time_signature><duration>253.61288</duration><loudness>-8.213</loudness><audio_md5 /><valence>0.36199</valence><danceability>0.463024</danceability></audio_summary><title>Lay Down</title></song><song><artist_id>ARZQAEE1187B9AAD41</artist_id><artist_name>Andy Yorke</artist_name><id>SOCNLIO1311AFEA23A</id><audio_summary><key>2</key><analysis_url>http://echonest-analysis.s3.amazonaws.com/TR/yoMGJwotvJupso0xo3Oww4scbC5NhnYRYOUydbvWpl0IBhQO0nIkXAj7IqTUmG86KLj2-nykjLr4wdMds%3D/3/full.json?AWSAccessKeyId=AKIAJRDFEY23UEVW42BQ&amp;Expires=1415343682&amp;Signature=ajNiriSYnUOnJZmIyyfCufdw6wo%3D</analysis_url><energy>0.332982</energy><liveness>0.145892</liveness><tempo>131.927</tempo><speechiness>0.032183</speechiness><acousticness>0.61949</acousticness><instrumentalness>0.000887</instrumentalness><mode>1</mode><time_signature>4</time_signature><duration>235.85288</duration><loudness>-10.265</loudness><audio_md5 /><valence>0.113074</valence><danceability>0.507299</danceability></audio_summary><title>Let It Be True</title></song><song><artist_id>ARZQAEE1187B9AAD41</artist_id><artist_name>Andy Yorke</artist_name><id>SOBHATO12AF72A012A</id><audio_summary><key>9</key><analysis_url>http://echonest-analysis.s3.amazonaws.com/TR/c5F31Q7jujTTqvAXnj1QdTzc1kz_7tDZe4vhpWCRfLmRrEDAYOoSTfPt7WWUpHlr8kaJsr4G78xyC3BGg%3D/3/full.json?AWSAccessKeyId=AKIAJRDFEY23UEVW42BQ&amp;Expires=1415343682&amp;Signature=YnX6PCywWNE9igjoLTnxI64t868%3D</analysis_url><energy>0.563993</energy><liveness>0.128648</liveness><tempo>151.873</tempo><speechiness>0.027185</speechiness><acousticness>0.234615</acousticness><instrumentalness>0.000105</instrumentalness><mode>0</mode><time_signature>3</time_signature><duration>255.62621</duration><loudness>-6.995</loudness><audio_md5 /><valence>0.432895</valence><danceability>0.467632</danceability></audio_summary><title>One in a Million</title></song><song><artist_id>ARZQAEE1187B9AAD41</artist_id><artist_name>Andy Yorke</artist_name><id>SOMUUBC13732844429</id><audio_summary><key>7</key><analysis_url>http://echonest-analysis.s3.amazonaws.com/TR/FOKJ2AGbSHM2sBQHI65O_BJ3rfI9xnJO6wppKLlyMtuBAufSwhvmklyzTHpZl2pDw_P7W4ZhG0bQXJf7s%3D/3/full.json?AWSAccessKeyId=AKIAJRDFEY23UEVW42BQ&amp;Expires=1415343682&amp;Signature=BnH3PIWjLzG3jnlPOr8CJ9dxu%2BY%3D</analysis_url><energy>0.201138</energy><liveness>0.099916</liveness><tempo>126.542</tempo><speechiness>0.043414</speechiness><acousticness>0.81549</acousticness><instrumentalness>0.000906</instrumentalness><mode>1</mode><time_signature>4</time_signature><duration>197.17288</duration><loudness>-12.071</loudness><audio_md5>14f9eac873e8726c02f857f686bf901a</audio_md5><valence>0.061193</valence><danceability>0.422666</danceability></audio_summary><title>Always By Your Side</title></song><song><artist_id>ARZQAEE1187B9AAD41</artist_id><artist_name>Andy Yorke</artist_name><id>SOMPSOP12A8AE46A44</id><audio_summary><key>4</key><analysis_url>http://echonest-analysis.s3.amazonaws.com/TR/oTklaAVWXVfpB3s_5XSPqBnBw2utwwwFDW3QE5Iv7yNKxqTbszVlafGZY8CU6BNARHpC4aLWJCfWUmHa8%3D/3/full.json?AWSAccessKeyId=AKIAJRDFEY23UEVW42BQ&amp;Expires=1415343682&amp;Signature=JKAcdVHWI7ON8hmNN9uRG5%2BfIOA%3D</analysis_url><energy>0.532689</energy><liveness>0.134516</liveness><tempo>105.014</tempo><speechiness>0.026221</speechiness><acousticness>0.599716</acousticness><instrumentalness>4e-06</instrumentalness><mode>0</mode><time_signature>4</time_signature><duration>216.34621</duration><loudness>-8.472</loudness><audio_md5>54c2fb0153d1e9811c663cd10fed5f51</audio_md5><valence>0.323851</valence><danceability>0.615999</danceability></audio_summary><title>Rise and Fall</title></song><song><artist_id>ARZQAEE1187B9AAD41</artist_id><artist_name>Andy Yorke</artist_name><id>SOOGVNP13134388EC3</id><audio_summary><key>9</key><analysis_url>http://echonest-analysis.s3.amazonaws.com/TR/5CAXoQGMmP6Iej0b6oApqoT15C0zf4MPMuuJCcFv1mmslXBcOwyD5FIDg97GccT79YaE2W8nJwv-uJbOk%3D/3/full.json?AWSAccessKeyId=AKIAJRDFEY23UEVW42BQ&amp;Expires=1415343682&amp;Signature=9mb3TCu9tJR5NL7aZSQriOwRFgw%3D</analysis_url><energy>0.387554</energy><liveness>0.110603</liveness><tempo>134.972</tempo><speechiness>0.03119</speechiness><acousticness>0.620727</acousticness><instrumentalness>2.7e-05</instrumentalness><mode>1</mode><time_signature>3</time_signature><duration>227.55955</duration><loudness>-9.976</loudness><audio_md5>60fe22d3b6883ed62ec2bc096e86d66f</audio_md5><valence>0.106099</valence><danceability>0.379789</danceability></audio_summary><title>Mathilda</title></song><song><artist_id>ARZQAEE1187B9AAD41</artist_id><artist_name>Andy Yorke</artist_name><id>SOQTKZL1313439C430</id><audio_summary><key>1</key><analysis_url>http://echonest-analysis.s3.amazonaws.com/TR/68rsxgSVEathrRY8VZtqUvQV1z51PbIycdfVm0p-RQcK_adRRe4_Xbqe0TTPNAVKQdWJMV7sjjfDFzetY%3D/3/full.json?AWSAccessKeyId=AKIAJRDFEY23UEVW42BQ&amp;Expires=1415343682&amp;Signature=bulfqvRfxynoigH8sJfiU1ZhUJg%3D</analysis_url><energy>0.360663</energy><liveness>0.107703</liveness><tempo>119.882</tempo><speechiness>0.036631</speechiness><acousticness>0.232116</acousticness><instrumentalness>0.481744</instrumentalness><mode>1</mode><time_signature>4</time_signature><duration>216.99955</duration><loudness>-12.019</loudness><audio_md5>7fb5939ef506ad8e2d212c6cd0446432</audio_md5><valence>0.482174</valence><danceability>0.594798</danceability></audio_summary><title>Ode to a Friend</title></song><song><artist_id>ARZQAEE1187B9AAD41</artist_id><artist_name>Andy Yorke</artist_name><id>SOPCJOR13C1C3B40FD</id><audio_summary><key>5</key><analysis_url>http://echonest-analysis.s3.amazonaws.com/TR/v5N5bg8adW15gS1FsGBqoHDC_vsMBU2JbwZTusB0IV10YljknEWoTWdmjJjvt67vtwHhet2d3OKDjgqcA%3D/3/full.json?AWSAccessKeyId=AKIAJRDFEY23UEVW42BQ&amp;Expires=1415343682&amp;Signature=7jTUrap/6UyW0KuXIUnxWXTP4Ss%3D</analysis_url><energy>0.369412</energy><liveness>0.250766</liveness><tempo>94.409</tempo><speechiness>0.026397</speechiness><acousticness>0.368652</acousticness><instrumentalness>0.001723</instrumentalness><mode>1</mode><time_signature>4</time_signature><duration>140.91955</duration><loudness>-10.604</loudness><audio_md5 /><valence>0.194051</valence><danceability>0.419194</danceability></audio_summary><title>Bring You Home</title></song><song><artist_id>ARZQAEE1187B9AAD41</artist_id><artist_name>Andy Yorke</artist_name><id>SOJFGJH12A8AE46A40</id><audio_summary><key>4</key><analysis_url>http://echonest-analysis.s3.amazonaws.com/TR/jY0umAv1x08Qt7_5D_U5ArbZBO-_5rE8wPeohwf9Q-D7idLcd35a4J-IGA2ZYrqoA7RK4xJ5IQTLmL42w%3D/3/full.json?AWSAccessKeyId=AKIAJRDFEY23UEVW42BQ&amp;Expires=1415343682&amp;Signature=Z%2BDhDGrtjdPRVjMddhqWDdCvdTs%3D</analysis_url><energy>0.239023</energy><liveness>0.11615</liveness><tempo>144.341</tempo><speechiness>0.03237</speechiness><acousticness>0.428399</acousticness><instrumentalness>4e-06</instrumentalness><mode>0</mode><time_signature>4</time_signature><duration>213.51955</duration><loudness>-13.421</loudness><audio_md5>e0677a29b8ba7b1f4b748c43fd4b9c2f</audio_md5><valence>0.095813</valence><danceability>0.41821</danceability></audio_summary><title>Twist of the Knife</title></song><song><artist_id>ARZQAEE1187B9AAD41</artist_id><artist_name>Andy Yorke</artist_name><id>SODIEDG12A8AE45CE6</id><audio_summary><key>9</key><analysis_url>http://echonest-analysis.s3.amazonaws.com/TR/u_VGBgX7OC658j7ABAFRVgT1rUC1A7TodiuKqiMhbFc01sjrCl7U-uQw0zohG22j5-m7SJQquISyyap2o%3D/3/full.json?AWSAccessKeyId=AKIAJRDFEY23UEVW42BQ&amp;Expires=1415343682&amp;Signature=aL/CaXFWHZ0eEkhsMCJCEcht67Q%3D</analysis_url><energy>0.474403</energy><liveness>0.10701</liveness><tempo>110.036</tempo><speechiness>0.031423</speechiness><acousticness>0.275993</acousticness><instrumentalness>0.03219</instrumentalness><mode>1</mode><time_signature>4</time_signature><duration>232.99955</duration><loudness>-8.663</loudness><audio_md5 /><valence>0.039421</valence><danceability>0.563924</danceability></audio_summary><title>Simple</title></song><song><artist_id>ARZQAEE1187B9AAD41</artist_id><artist_name>Andy Yorke</artist_name><id>SOCUAZA1311AFDA0E2</id><audio_summary><key>2</key><analysis_url>http://echonest-analysis.s3.amazonaws.com/TR/XgSbAQB3_wGQnaHbvmfN9yG94ObwWlzq1zyXoS30hdUMvOUQ5V1cYSAaU90GadJglktsXHbUOeOr6nSq8%3D/3/full.json?AWSAccessKeyId=AKIAJRDFEY23UEVW42BQ&amp;Expires=1415343682&amp;Signature=YMB00EqgJBaED4xxlXNVbz341FI%3D</analysis_url><energy>0.378325</energy><liveness>0.086368</liveness><tempo>133.393</tempo><speechiness>0.02683</speechiness><acousticness>0.718629</acousticness><instrumentalness>0.004581</instrumentalness><mode>0</mode><time_signature>1</time_signature><duration>239.34621</duration><loudness>-13.46</loudness><audio_md5 /><valence>0.047132</valence><danceability>0.480009</danceability></audio_summary><title>Surrender</title></song></songs></response>