<response><status><version>4.2</version><code>0</code><message>Success</message></status><songs><song><artist_id>ARPX5XI1187B9ACD44</artist_id><artist_name>Angel City</artist_name><id>SOTHUQN12AB0185B62</id><audio_summary><key>5</key><analysis_url>http://echonest-analysis.s3.amazonaws.com/TR/i8zuoAOciBZG4KTQctTq6MALKmaqYOvy94i36G8-YEwZALGvv4-Xq44tOqpu1y7bsCLOzS03018fk_h2s%3D/3/full.json?AWSAccessKeyId=AKIAJRDFEY23UEVW42BQ&amp;Expires=1415343693&amp;Signature=IiYDoofcs6Pxg9OWB5JQT82HiqM%3D</analysis_url><energy>0.921316</energy><liveness>0.281552</liveness><tempo>127.009</tempo><speechiness>0.038892</speechiness><acousticness>0.270693</acousticness><instrumentalness>0.011804</instrumentalness><mode>0</mode><time_signature>4</time_signature><duration>236.15905</duration><loudness>-7.486</loudness><audio_md5>f03dc40a169de1154ca6265e070913ff</audio_md5><valence>0.951568</valence><danceability>0.678278</danceability></audio_summary><title>Stars</title></song><song><artist_id>ARPX5XI1187B9ACD44</artist_id><artist_name>Angel City</artist_name><id>SOXHQRE12AB0186799</id><audio_summary><key>0</key><analysis_url>http://echonest-analysis.s3.amazonaws.com/TR/bop6iwRFfuvcbqMRiPbu5DEcMLB0AbUyJr_Zv3U6ODlaYjfC5Hi5txraUoyoMGxxmM007tYkcH-KNRs7A%3D/3/full.json?AWSAccessKeyId=AKIAJRDFEY23UEVW42BQ&amp;Expires=1415343693&amp;Signature=fbnPWLQ49ccpCAg5jb0dWAnzLLo%3D</analysis_url><energy>0.772664</energy><liveness>0.153687</liveness><tempo>130.019</tempo><speechiness>0.030709</speechiness><acousticness>0.044151</acousticness><instrumentalness>0.834383</instrumentalness><mode>0</mode><time_signature>4</time_signature><duration>233.45388</duration><loudness>-8.457</loudness><audio_md5 /><valence>0.577877</valence><danceability>0.613272</danceability></audio_summary><title>City Lights</title></song><song><artist_id>ARPX5XI1187B9ACD44</artist_id><artist_name>Angel City</artist_name><id>SOFEHYK135B7924933</id><audio_summary><key>0</key><analysis_url>http://echonest-analysis.s3.amazonaws.com/TR/U9jTLAUQk07a7ErynVUxmUC7I2k_iKYPdeC4Ra-F3qmncehbQm1sCIJApZKjm5Oe9SpPPYR6TtcUmLtA0%3D/3/full.json?AWSAccessKeyId=AKIAJRDFEY23UEVW42BQ&amp;Expires=1415343693&amp;Signature=1rkzvP/8QLFI7CipOs8REuLOQaE%3D</analysis_url><energy>0.857253</energy><liveness>0.281956</liveness><tempo>128.008</tempo><speechiness>0.042347</speechiness><acousticness>0.000251</acousticness><instrumentalness>0.882007</instrumentalness><mode>1</mode><time_signature>4</time_signature><duration>396.63955</duration><loudness>-8.166</loudness><audio_md5>013a1eebc5f4511436b6ce1acb70543f</audio_md5><valence>0.705665</valence><danceability>0.715406</danceability></audio_summary><title>Sunrise (JJ Stockholm Dub)</title></song><song><artist_id>ARPX5XI1187B9ACD44</artist_id><artist_name>Angel City</artist_name><id>SOJKWVN12AB0185B63</id><audio_summary><key>2</key><analysis_url>http://echonest-analysis.s3.amazonaws.com/TR/W0xQyg4PJnlZMIONhe0MDxDUEjDYYZC03RemHNiWTQA0gXDFVIkgsDecUntP3vVb18NGg4VYOEI---Dz0%3D/3/full.json?AWSAccessKeyId=AKIAJRDFEY23UEVW42BQ&amp;Expires=1415343693&amp;Signature=baAuaQDNcmHLTk%2BlVMfVGJ4dRmY%3D</analysis_url><energy>0.933869</energy><liveness>0.432879</liveness><tempo>135.017</tempo><speechiness>0.046276</speechiness><acousticness>0.057752</acousticness><instrumentalness>8.6e-05</instrumentalness><mode>0</mode><time_signature>4</time_signature><duration>194.56803</duration><loudness>-8.921</loudness><audio_md5>de0b4084437c8743d648f3d21159d456</audio_md5><valence>0.694769</valence><danceability>0.59408</danceability></audio_summary><title>Calling You</title></song><song><artist_id>ARPX5XI1187B9ACD44</artist_id><artist_name>Angel City</artist_name><id>SOADWGX12AB018678D</id><audio_summary><key>3</key><analysis_url>http://echonest-analysis.s3.amazonaws.com/TR/CFl84gJlnfmAEOevUpQ9V05c0JRtzXhaAIKIfwoJ0AZaXBTCEzY427T6IA6RwGSnrjfWJhMxqHZSzP60w%3D/3/full.json?AWSAccessKeyId=AKIAJRDFEY23UEVW42BQ&amp;Expires=1415343693&amp;Signature=uTbA2hlk9KqSK1beqi9R/pH3q5E%3D</analysis_url><energy>0.858076</energy><liveness>0.238801</liveness><tempo>132.041</tempo><speechiness>0.030722</speechiness><acousticness>0.237628</acousticness><instrumentalness>0.034724</instrumentalness><mode>0</mode><time_signature>4</time_signature><duration>229.55896</duration><loudness>-7.164</loudness><audio_md5 /><valence>0.806295</valence><danceability>0.571387</danceability></audio_summary><title>I Won't Let You Down</title></song><song><artist_id>ARPX5XI1187B9ACD44</artist_id><artist_name>Angel City</artist_name><id>SOAZBWX12AB018679D</id><audio_summary><key>3</key><analysis_url>http://echonest-analysis.s3.amazonaws.com/TR/nVu6AQEDFrCWKZyWmkC_ZkD08eMw5HDseQv0JpyxcBQlbXyVqZJBFVEME5iKnh8PnMQpRfK7dkuIYLEFI%3D/3/full.json?AWSAccessKeyId=AKIAJRDFEY23UEVW42BQ&amp;Expires=1415343693&amp;Signature=5QcRdYvDBKglGaXhiqlCZk1K%2BSk%3D</analysis_url><energy>0.63812</energy><liveness>0.068362</liveness><tempo>91.491</tempo><speechiness>0.034764</speechiness><acousticness>0.271289</acousticness><instrumentalness>0.000316</instrumentalness><mode>1</mode><time_signature>4</time_signature><duration>204.66744</duration><loudness>-7.482</loudness><audio_md5 /><valence>0.579393</valence><danceability>0.572261</danceability></audio_summary><title>Stay Out Of My Life</title></song><song><artist_id>ARPX5XI1187B9ACD44</artist_id><artist_name>Angel City</artist_name><id>SOAVTLN146F071411A</id><audio_summary><key>5</key><analysis_url>http://echonest-analysis.s3.amazonaws.com/TR/TbMblgHb_cY2g-t8g53aqNiF7Ggyxny5j7ZZV3by_asPNSUxTec1AA42Us7K2h_kw28AW-L_y0TChusww%3D/3/full.json?AWSAccessKeyId=AKIAJRDFEY23UEVW42BQ&amp;Expires=1415343693&amp;Signature=%2BBdeEFdQtmiM9t%2B/WKN0jxMICWw%3D</analysis_url><energy>0.486722</energy><liveness>0.104548</liveness><tempo>124.989</tempo><speechiness>0.027598</speechiness><acousticness>0.764482</acousticness><instrumentalness>0.000322</instrumentalness><mode>1</mode><time_signature>4</time_signature><duration>217.50621</duration><loudness>-8.653</loudness><audio_md5 /><valence>0.328394</valence><danceability>0.558376</danceability></audio_summary><title>Sunrise - Yanou's Chill Out Mix</title></song><song><artist_id>ARPX5XI1187B9ACD44</artist_id><artist_name>Angel City</artist_name><id>SOPLRFX12AB0185B65</id><audio_summary><key>9</key><analysis_url>http://echonest-analysis.s3.amazonaws.com/TR/r3iD8grNjfoMNB-goPyTD56-qGxwT4lURM1evcAS85N85rDaAxIvFq489gDLLsjpUtMmgPtzHBzCFbs3M%3D/3/full.json?AWSAccessKeyId=AKIAJRDFEY23UEVW42BQ&amp;Expires=1415343693&amp;Signature=7KuWjlL/ofE2/8p2ZhVxdfLJEeU%3D</analysis_url><energy>0.903405</energy><liveness>0.159914</liveness><tempo>128.021</tempo><speechiness>0.026589</speechiness><acousticness>0.035872</acousticness><instrumentalness>0.035869</instrumentalness><mode>0</mode><time_signature>4</time_signature><duration>239.91764</duration><loudness>-8.289</loudness><audio_md5 /><valence>0.936861</valence><danceability>0.689863</danceability></audio_summary><title>Confession</title></song><song><artist_id>ARPX5XI1187B9ACD44</artist_id><artist_name>Angel City</artist_name><id>SOZPMTP147226291CF</id><audio_summary><key>1</key><analysis_url>http://echonest-analysis.s3.amazonaws.com/TR/9O24HAGkOEAK5kKqnE4YRN7gFHfEgdNgZ0dWhUWMHihhblfQLrlSRQ8rhJ5Ch9GyrjwTjDgHx4pTBGhvY%3D/3/full.json?AWSAccessKeyId=AKIAJRDFEY23UEVW42BQ&amp;Expires=1415343693&amp;Signature=JPfOVfkkQixD7nKNlsJjNLtGXfE%3D</analysis_url><energy>0.657618</energy><liveness>0.06442</liveness><tempo>132.001</tempo><speechiness>0.040688</speechiness><acousticness>0.023346</acousticness><instrumentalness>0.270886</instrumentalness><mode>1</mode><time_signature>4</time_signature><duration>400.18621</duration><loudness>-7.85</loudness><audio_md5 /><valence>0.641182</valence><danceability>0.626431</danceability></audio_summary><title>I Won't Let You Down - Dee-Luxe Club Mix</title></song><song><artist_id>ARPX5XI1187B9ACD44</artist_id><artist_name>Angel City</artist_name><id>SOICREN135B7924B1D</id><audio_summary><key>0</key><analysis_url>http://echonest-analysis.s3.amazonaws.com/TR/mLI0uweVFGetECGVwtfDoUFyXs32j9ylwQZ7GHc5Fohaqh5oZ4zUkLMqfnKvIfWpv2cY04oobmYo3O6uc%3D/3/full.json?AWSAccessKeyId=AKIAJRDFEY23UEVW42BQ&amp;Expires=1415343693&amp;Signature=aRNaDM9Ua%2B/qblygjyiXT04TTr0%3D</analysis_url><energy>0.819167</energy><liveness>0.215827</liveness><tempo>128.001</tempo><speechiness>0.041049</speechiness><acousticness>0.000162</acousticness><instrumentalness>0.799379</instrumentalness><mode>1</mode><time_signature>4</time_signature><duration>422.9322</duration><loudness>-7.466</loudness><audio_md5>bee7448ba45f5a4bf17a66b02386b4b8</audio_md5><valence>0.800547</valence><danceability>0.688217</danceability></audio_summary><title>Sunrise (JJ Stockholm Remix)</title></song><song><artist_id>ARPX5XI1187B9ACD44</artist_id><artist_name>Angel City</artist_name><id>SODTNLI13129A92A40</id><audio_summary><key>9</key><analysis_url>http://echonest-analysis.s3.amazonaws.com/TR/trTr0wzvn52tATRjOT0F8kmtn7Uj4D4MJrFGWZ8Fe3ctlLu0vXAQ_7pUGiQmHe5JSbhfZadI2FvOuaIis%3D/3/full.json?AWSAccessKeyId=AKIAJRDFEY23UEVW42BQ&amp;Expires=1415343693&amp;Signature=Rzihm/DwSiuEIJ79U9unWStD944%3D</analysis_url><energy>0.708325</energy><liveness>0.274435</liveness><tempo>136.374</tempo><speechiness>0.028665</speechiness><acousticness>0.001525</acousticness><instrumentalness>7e-06</instrumentalness><mode>1</mode><time_signature>4</time_signature><duration>191.66621</duration><loudness>-11.304</loudness><audio_md5 /><valence>0.951368</valence><danceability>0.533591</danceability></audio_summary><title>After The Rain</title></song><song><artist_id>ARPX5XI1187B9ACD44</artist_id><artist_name>Angel City</artist_name><id>SOSSVFC12A8C141DC4</id><audio_summary><key>5</key><analysis_url>http://echonest-analysis.s3.amazonaws.com/TR/hGsCywOX4JiDK4tR-5Q1YpvvvGh9dTt1rEa1dCEF0hB0jFgTZNCu7b6wjssEUpD3faJJru7kkkB_G_GKI%3D/3/full.json?AWSAccessKeyId=AKIAJRDFEY23UEVW42BQ&amp;Expires=1415343693&amp;Signature=1lC2layn0ycKYilhOq0YQ17kiq4%3D</analysis_url><energy>0.998682</energy><liveness>0.158029</liveness><tempo>144.101</tempo><speechiness>0.059549</speechiness><acousticness>0.000167</acousticness><instrumentalness>0.641906</instrumentalness><mode>1</mode><time_signature>4</time_signature><duration>313.94621</duration><loudness>-8.337</loudness><audio_md5>8a305ef630a9cf34915060b6618a217b</audio_md5><valence>0.553527</valence><danceability>0.533305</danceability></audio_summary><title>Sunrise (BCD Project Remix)</title></song><song><artist_id>ARPX5XI1187B9ACD44</artist_id><artist_name>Angel City</artist_name><id>SOKPNAX12A58A7CD55</id><audio_summary><key>4</key><analysis_url>http://echonest-analysis.s3.amazonaws.com/TR/s4ecWg6SjEDR_aupWwF5-ZrLZyDt7DxKeFyYorh7A7ZWse_QSppc6nK5g2_pfl6s_8R75jjs-rmq7ZGUU%3D/3/full.json?AWSAccessKeyId=AKIAJRDFEY23UEVW42BQ&amp;Expires=1415343693&amp;Signature=6o5sTRFMKpLRPOGFZkOoSHAAjbQ%3D</analysis_url><energy>0.839041</energy><liveness>0.139121</liveness><tempo>166.228</tempo><speechiness>0.04595</speechiness><acousticness>0.001997</acousticness><instrumentalness>0.0</instrumentalness><mode>1</mode><time_signature>4</time_signature><duration>218.99955</duration><loudness>-9.2</loudness><audio_md5>91dc9064ba2d8250b96a964706369638</audio_md5><valence>0.863771</valence><danceability>0.366112</danceability></audio_summary><title>Am I Ever Gonna See You</title></song><song><artist_id>ARPX5XI1187B9ACD44</artist_id><artist_name>Angel City</artist_name><id>SORQZMT1374091E96A</id><audio_summary><key>4</key><analysis_url>http://echonest-analysis.s3.amazonaws.com/TR/svTy4Qt9jw8NFR8yU2VSEiRDERdXRB6Wcd2oL5Z-shm4-n6lag1kPpgv392iBlF7ayHJCJsaM97D1iwFo%3D/3/full.json?AWSAccessKeyId=AKIAJRDFEY23UEVW42BQ&amp;Expires=1415343693&amp;Signature=XMrOxJk49bPzONwMM4qLoQ/e5pI%3D</analysis_url><energy>0.850743</energy><liveness>0.107519</liveness><tempo>136.975</tempo><speechiness>0.040295</speechiness><acousticness>1.9e-05</acousticness><instrumentalness>0.851021</instrumentalness><mode>0</mode><time_signature>4</time_signature><duration>399.91955</duration><loudness>-10.312</loudness><audio_md5>d575acf415a666d56be353caa8b14961</audio_md5><valence>0.331565</valence><danceability>0.488141</danceability></audio_summary><title>Touch Me (Rank 1 Remix)</title></song><song><artist_id>ARPX5XI1187B9ACD44</artist_id><artist_name>Angel City</artist_name><id>SODKUDH12AB0184E21</id><audio_summary><key>2</key><analysis_url>http://echonest-analysis.s3.amazonaws.com/TR/sBINsgGNoHUzs4AUQo5L46-4xDeazpsmimb51BVDN0hZB-rYCopOC5mBvqNHSVWAzkbTYyvvg0-jInWzs%3D/3/full.json?AWSAccessKeyId=AKIAJRDFEY23UEVW42BQ&amp;Expires=1415343693&amp;Signature=AJ9ak5wmhBjXkY%2BBRP9KwB2GPWU%3D</analysis_url><energy>0.609345</energy><liveness>0.050646</liveness><tempo>130.396</tempo><speechiness>0.030816</speechiness><acousticness>0.001383</acousticness><instrumentalness>0.000655</instrumentalness><mode>1</mode><time_signature>4</time_signature><duration>403.73288</duration><loudness>-10.583</loudness><audio_md5 /><valence>0.445573</valence><danceability>0.553307</danceability></audio_summary><title>No Exit</title></song><song><artist_id>ARPX5XI1187B9ACD44</artist_id><artist_name>Angel City</artist_name><id>SOBLNKH1313439780F</id><audio_summary><key>11</key><analysis_url>http://echonest-analysis.s3.amazonaws.com/TR/OlptGgEgwZyY7Rj0lW7GLRVM292CcC3X11HRD5qlSzFIsPXHQGrR6rVzRzsyw6dY8-62lcq8sXwq9FLv0%3D/3/full.json?AWSAccessKeyId=AKIAJRDFEY23UEVW42BQ&amp;Expires=1415343693&amp;Signature=D/vhf2qsvJeraiZ/gsX5lYbSVf8%3D</analysis_url><energy>0.78068</energy><liveness>0.021175</liveness><tempo>165.73</tempo><speechiness>0.040771</speechiness><acousticness>0.001269</acousticness><instrumentalness>3.1e-05</instrumentalness><mode>0</mode><time_signature>4</time_signature><duration>193.33288</duration><loudness>-10.602</loudness><audio_md5 /><valence>0.495528</valence><danceability>0.462441</danceability></audio_summary><title>Waiting For The World</title></song><song><artist_id>ARPX5XI1187B9ACD44</artist_id><artist_name>Angel City</artist_name><id>SORFIPS12C563EC157</id><audio_summary><key>9</key><analysis_url>http://echonest-analysis.s3.amazonaws.com/TR/4eUGcgdTOKxTv0pMF1XMLKMpJQ_-Q8lZdsAit8RK9gYfMc1ur80CDqQRfqijbhT08BJBqkWBALwt_dflo%3D/3/full.json?AWSAccessKeyId=AKIAJRDFEY23UEVW42BQ&amp;Expires=1415343693&amp;Signature=kNsQ74IleDVUFJBVTsQQTare3ew%3D</analysis_url><energy>0.820317</energy><liveness>0.352066</liveness><tempo>127.97</tempo><speechiness>0.036388</speechiness><acousticness>0.078823</acousticness><instrumentalness>0.037708</instrumentalness><mode>0</mode><time_signature>4</time_signature><duration>378.94621</duration><loudness>-8.659</loudness><audio_md5>b714ad195d9d2670c7fd672b851a7b8a</audio_md5><valence>0.942927</valence><danceability>0.62095</danceability></audio_summary><title>Touch Me (Extended Mix)</title></song><song><artist_id>ARPX5XI1187B9ACD44</artist_id><artist_name>Angel City</artist_name><id>SOETHPC13167712935</id><audio_summary><key>2</key><analysis_url>http://echonest-analysis.s3.amazonaws.com/TR/ZE_CfgYz6GKsn4Ji5844ssQaCqZS_3WQPcXn9GmQTX2hOU9tZ_Z0q8_rjTdm7XmrPoqNoeiZ0sz9jZ7nc%3D/3/full.json?AWSAccessKeyId=AKIAJRDFEY23UEVW42BQ&amp;Expires=1415343693&amp;Signature=c7w4vuYpYhTG/f/1rSObqmBhwso%3D</analysis_url><energy>0.802526</energy><liveness>0.265494</liveness><tempo>135.013</tempo><speechiness>0.041395</speechiness><acousticness>0.016998</acousticness><instrumentalness>0.245985</instrumentalness><mode>0</mode><time_signature>4</time_signature><duration>335.27973</duration><loudness>-7.926</loudness><audio_md5>cfe7319bad862e013c91d2133052195d</audio_md5><valence>0.590715</valence><danceability>0.654368</danceability></audio_summary><title>Sunrise (Extended Mix)</title></song><song><artist_id>ARPX5XI1187B9ACD44</artist_id><artist_name>Angel City</artist_name><id>SOBEDNU12A58A78F2B</id><audio_summary><key>7</key><analysis_url>http://echonest-analysis.s3.amazonaws.com/TR/1Tj_PAm6PCU7FreZRtw8oXPvyX5Wv5r_wgK7K1YLgAF6-omrrPhiNYsMFABejPvG4DNj7oFNzCDTrC9nw%3D/3/full.json?AWSAccessKeyId=AKIAJRDFEY23UEVW42BQ&amp;Expires=1415343693&amp;Signature=3M1MjNnzyzgHXPb0UoF3GaaNcL8%3D</analysis_url><energy>0.468921</energy><liveness>0.126027</liveness><tempo>97.413</tempo><speechiness>0.024185</speechiness><acousticness>0.000922</acousticness><instrumentalness>4e-06</instrumentalness><mode>1</mode><time_signature>4</time_signature><duration>197.46621</duration><loudness>-10.206</loudness><audio_md5 /><valence>0.511226</valence><danceability>0.587221</danceability></audio_summary><title>Out Of The Blue</title></song><song><artist_id>ARPX5XI1187B9ACD44</artist_id><artist_name>Angel City</artist_name><id>SOPLHNG1311AFDA803</id><audio_summary><key>9</key><analysis_url>http://echonest-analysis.s3.amazonaws.com/TR/30cpHAn0Vv5xnbNvXlQ6jUL-mO9V7380rP4o2ybZa9VZTmgkli6PODR09QjFBSz_8SB1i-AkBERE2zfbI%3D/3/full.json?AWSAccessKeyId=AKIAJRDFEY23UEVW42BQ&amp;Expires=1415343693&amp;Signature=aT/98oDHMvtpG6MZ1fDzQHiygwM%3D</analysis_url><energy>0.728159</energy><liveness>0.277721</liveness><tempo>153.946</tempo><speechiness>0.044355</speechiness><acousticness>0.014126</acousticness><instrumentalness>0.0</instrumentalness><mode>1</mode><time_signature>4</time_signature><duration>199.93288</duration><loudness>-9.866</loudness><audio_md5>6f2583fb116fb654efc7c86ec13b6ad2</audio_md5><valence>0.652373</valence><danceability>0.439902</danceability></audio_summary><title>Comin' Down</title></song><song><artist_id>ARPX5XI1187B9ACD44</artist_id><artist_name>Angel City</artist_name><id>SODSRUL12AF72A3E3E</id><audio_summary><key>2</key><analysis_url>http://echonest-analysis.s3.amazonaws.com/TR/hwFT5wixuoylRGnbVs9Ni3V2Q6NI3iRv_8U1RU9Krm_RF0NbTDUwOvOmPCXHnWghRrnsPJEsTPCdrvhlU%3D/3/full.json?AWSAccessKeyId=AKIAJRDFEY23UEVW42BQ&amp;Expires=1415343693&amp;Signature=epbz%2BcxNC70RL%2BeOkrLnZ9P4kn0%3D</analysis_url><energy>0.914536</energy><liveness>0.087202</liveness><tempo>128.035</tempo><speechiness>0.035578</speechiness><acousticness>0.003829</acousticness><instrumentalness>0.013882</instrumentalness><mode>1</mode><time_signature>4</time_signature><duration>221.86644</duration><loudness>-7.817</loudness><audio_md5 /><valence>0.937391</valence><danceability>0.640958</danceability></audio_summary><title>Back In Time</title></song><song><artist_id>ARPX5XI1187B9ACD44</artist_id><artist_name>Angel City</artist_name><id>SOSGPBQ12AB018617E</id><audio_summary><key>1</key><analysis_url>http://echonest-analysis.s3.amazonaws.com/TR/Qm3RFACmTzKmx6yeBJuL1GITKiLKwDe53boNA6Lgc0B4DQMrNoqr9Nl-ihwu1OSMUiiBAkusLxtRIcD7Y%3D/3/full.json?AWSAccessKeyId=AKIAJRDFEY23UEVW42BQ&amp;Expires=1415343693&amp;Signature=53oSBIznLVs15elnMQ6g9ro64ZE%3D</analysis_url><energy>0.9978</energy><liveness>0.136036</liveness><tempo>138.012</tempo><speechiness>0.044927</speechiness><acousticness>0.000122</acousticness><instrumentalness>0.886517</instrumentalness><mode>1</mode><time_signature>4</time_signature><duration>441.09288</duration><loudness>-6.521</loudness><audio_md5 /><valence>0.908944</valence><danceability>0.535356</danceability></audio_summary><title>Love Me Right (Oh Sheila) (Smith &amp; Pledger Remix)</title></song><song><artist_id>ARPX5XI1187B9ACD44</artist_id><artist_name>Angel City</artist_name><id>SORYTJZ12B3A173C1D</id><audio_summary><key>9</key><analysis_url>http://echonest-analysis.s3.amazonaws.com/TR/irFzZQ1G4NMp4O3JQtN3sI0-PcJ1WPYnbFCz63udyp_9M28_imT2wAaH8cdBiBS6AlM8NYpZlAsYWVsy4%3D/3/full.json?AWSAccessKeyId=AKIAJRDFEY23UEVW42BQ&amp;Expires=1415343693&amp;Signature=9VA1HXJW9cVahOsYr/RHwJTUL/I%3D</analysis_url><energy>0.994371</energy><liveness>0.291023</liveness><tempo>139.97</tempo><speechiness>0.058775</speechiness><acousticness>0.006437</acousticness><instrumentalness>0.549249</instrumentalness><mode>0</mode><time_signature>4</time_signature><duration>346.78621</duration><loudness>-7.841</loudness><audio_md5 /><valence>0.318756</valence><danceability>0.656164</danceability></audio_summary><title>Touch Me (Quadrasonic Remix)</title></song><song><artist_id>ARPX5XI1187B9ACD44</artist_id><artist_name>Angel City</artist_name><id>SOSWQWE1367324D9D7</id><audio_summary><key>5</key><analysis_url>http://echonest-analysis.s3.amazonaws.com/TR/ho45rQ53ALdEJivCHEPZn5mKOxR7ySHfKipkbhLRiuUpCCEPtSVznrc1NEfZlOG96ON321Eb5iEQXmorc%3D/3/full.json?AWSAccessKeyId=AKIAJRDFEY23UEVW42BQ&amp;Expires=1415343693&amp;Signature=QK7EDawi3kUzAHqFostWEqXP3nQ%3D</analysis_url><energy>0.793738</energy><liveness>0.199568</liveness><tempo>132.03</tempo><speechiness>0.029571</speechiness><acousticness>0.008339</acousticness><instrumentalness>0.007447</instrumentalness><mode>0</mode><time_signature>4</time_signature><duration>192.38621</duration><loudness>-7.715</loudness><audio_md5 /><valence>0.864242</valence><danceability>0.563451</danceability></audio_summary><title>Love Me Right (Oh Sheila) (Radio Edit)</title></song><song><artist_id>ARPX5XI1187B9ACD44</artist_id><artist_name>Angel City</artist_name><id>SOPJDKM1313439D68C</id><audio_summary><key>11</key><analysis_url>http://echonest-analysis.s3.amazonaws.com/TR/YJ8TiQCIpJJAlGZFCUzoBm4ZUt4iKgzepSbCLC-_dFo68_6x5Z0iviHgt-NKCQFUDHAGb1_uAk4NHeojQ%3D/3/full.json?AWSAccessKeyId=AKIAJRDFEY23UEVW42BQ&amp;Expires=1415343693&amp;Signature=IytATR1K0i/82F8kftjM7XIVmC4%3D</analysis_url><energy>0.781618</energy><liveness>0.034139</liveness><tempo>126.991</tempo><speechiness>0.042575</speechiness><acousticness>0.000567</acousticness><instrumentalness>0.57102</instrumentalness><mode>0</mode><time_signature>4</time_signature><duration>458.03955</duration><loudness>-8.701</loudness><audio_md5 /><valence>0.330391</valence><danceability>0.752148</danceability></audio_summary><title>Love Me Right (Oh Sheila) (Krystal K Remix Dub)</title></song><song><artist_id>ARPX5XI1187B9ACD44</artist_id><artist_name>Angel City</artist_name><id>SOLSBFS12B55271148</id><audio_summary><key>9</key><analysis_url>http://echonest-analysis.s3.amazonaws.com/TR/Jrbk1AW2a5H_KvSJ1Pz4MpIXmFd-P1PxeZMsM1HZ6vOzc1td7DFgus3hcmEAapZLABXA_ZI7PWFTyTdyg%3D/3/full.json?AWSAccessKeyId=AKIAJRDFEY23UEVW42BQ&amp;Expires=1415343693&amp;Signature=W16W5%2BOnvu0iaI7WkR1pcZ9TS78%3D</analysis_url><energy>0.847885</energy><liveness>0.304546</liveness><tempo>129.967</tempo><speechiness>0.038108</speechiness><acousticness>0.007398</acousticness><instrumentalness>0.61276</instrumentalness><mode>0</mode><time_signature>4</time_signature><duration>406.22621</duration><loudness>-9.243</loudness><audio_md5 /><valence>0.911896</valence><danceability>0.643933</danceability></audio_summary><title>Touch Me (Dee-Luxe Club Mix)</title></song><song><artist_id>ARPX5XI1187B9ACD44</artist_id><artist_name>Angel City</artist_name><id>SOMXCDL1313438ECBD</id><audio_summary><key>9</key><analysis_url>http://echonest-analysis.s3.amazonaws.com/TR/DnK54wuV97hpx_Y73BnhypIPW8VXuTWlGG3OW6lWOpNHCaKjotLXjr4xj4rrOviaAnYUczvn8C9iIfLW8%3D/3/full.json?AWSAccessKeyId=AKIAJRDFEY23UEVW42BQ&amp;Expires=1415343693&amp;Signature=sAnkezcBhxdSW4uVLmnGuy/ZKSM%3D</analysis_url><energy>0.917666</energy><liveness>0.398804</liveness><tempo>127.96</tempo><speechiness>0.039696</speechiness><acousticness>0.149161</acousticness><instrumentalness>0.000367</instrumentalness><mode>0</mode><time_signature>4</time_signature><duration>177.36082</duration><loudness>-7.726</loudness><audio_md5>11a0aaea9c0710adbba6f1db453ebae4</audio_md5><valence>0.754637</valence><danceability>0.532671</danceability></audio_summary><title>Touch Me (Radio Edit)</title></song><song><artist_id>ARPX5XI1187B9ACD44</artist_id><artist_name>Angel City</artist_name><id>SOPDFET1311AFDFB05</id><audio_summary><key>1</key><analysis_url>http://echonest-analysis.s3.amazonaws.com/TR/_3OEAAaMo9Ke4eE0_JH-FBBjpQ93c-KxSIgkfXgIP5wfaSdzQg-I6IT3M6gXFO3Th6GUa1YiG2xqsxOg4%3D/3/full.json?AWSAccessKeyId=AKIAJRDFEY23UEVW42BQ&amp;Expires=1415343693&amp;Signature=0Jv%2Be%2Bu2qCv05mvwDUsIgdam30M%3D</analysis_url><energy>0.952233</energy><liveness>0.040831</liveness><tempo>140.07</tempo><speechiness>0.059498</speechiness><acousticness>0.001772</acousticness><instrumentalness>0.655627</instrumentalness><mode>0</mode><time_signature>4</time_signature><duration>386.06621</duration><loudness>-9.983</loudness><audio_md5 /><valence>0.764822</valence><danceability>0.660478</danceability></audio_summary><title>Love Me Right (Oh Sheila) (Rezonance Q Remix)</title></song><song><artist_id>ARPX5XI1187B9ACD44</artist_id><artist_name>Angel City</artist_name><id>SONQOIA13134384559</id><audio_summary><key>5</key><analysis_url>http://echonest-analysis.s3.amazonaws.com/TR/rps7oAEAf4_bkg4y53lUHi_3dVmBdsGi4QyZ1loDbTAydyQEM9KvKim2bDGyDB5FfkGchnGHHrDhSpir8%3D/3/full.json?AWSAccessKeyId=AKIAJRDFEY23UEVW42BQ&amp;Expires=1415343693&amp;Signature=OlDI/8Q8sHJk7C/JqclvL6cLSLw%3D</analysis_url><energy>0.835626</energy><liveness>0.093604</liveness><tempo>131.009</tempo><speechiness>0.036002</speechiness><acousticness>0.022682</acousticness><instrumentalness>0.010952</instrumentalness><mode>0</mode><time_signature>4</time_signature><duration>428.6971</duration><loudness>-13.158</loudness><audio_md5 /><valence>0.382822</valence><danceability>0.664752</danceability></audio_summary><title>Do You Know (Extended Mix)</title></song><song><artist_id>ARPX5XI1187B9ACD44</artist_id><artist_name>Angel City</artist_name><id>SOFGBZS12DC3F6F77D</id><audio_summary><key>4</key><analysis_url>http://echonest-analysis.s3.amazonaws.com/TR/gSnK7QOwcRouGxKoyDWVj2dWLYOmqbEq2SEUjGNP1css48XCF7K96_YZgME30sT_W8kw4EWE7RoIx_ESI%3D/3/full.json?AWSAccessKeyId=AKIAJRDFEY23UEVW42BQ&amp;Expires=1415343693&amp;Signature=NFuYkZzqRcae9fLAs6WKe1G813w%3D</analysis_url><energy>0.962271</energy><liveness>0.054423</liveness><tempo>144.974</tempo><speechiness>0.049864</speechiness><acousticness>0.007997</acousticness><instrumentalness>0.452932</instrumentalness><mode>0</mode><time_signature>4</time_signature><duration>373.82621</duration><loudness>-7.626</loudness><audio_md5 /><valence>0.838425</valence><danceability>0.584778</danceability></audio_summary><title>Touch Me (Krafty Boys Remix)</title></song><song><artist_id>ARPX5XI1187B9ACD44</artist_id><artist_name>Angel City</artist_name><id>SOFQHGR12AF729DE9E</id><audio_summary><key>10</key><analysis_url>http://echonest-analysis.s3.amazonaws.com/TR/5HYiHgxmqECRwu1O6fBMU9YD4wFJSEe4v4jVd-Fk3oi3yS0ktoWLlEGO9BjqjF9NOZ3mZoSSRo_l5Avco%3D/3/full.json?AWSAccessKeyId=AKIAJRDFEY23UEVW42BQ&amp;Expires=1415343693&amp;Signature=WZimnAJV1Pvh/Q94VF1skH38xmE%3D</analysis_url><energy>0.985233</energy><liveness>0.60375</liveness><tempo>132.017</tempo><speechiness>0.069054</speechiness><acousticness>8e-06</acousticness><instrumentalness>0.66196</instrumentalness><mode>0</mode><time_signature>4</time_signature><duration>462.30621</duration><loudness>-7.307</loudness><audio_md5 /><valence>0.954611</valence><danceability>0.699005</danceability></audio_summary><title>Do You Know (I Go Crazy) (Phunk Investigation Mastica Dub)</title></song><song><artist_id>ARPX5XI1187B9ACD44</artist_id><artist_name>Angel City</artist_name><id>SOGRVRA1369616DD8D</id><audio_summary><key>5</key><analysis_url>http://echonest-analysis.s3.amazonaws.com/TR/m-q3ZAjMn7uj4D52VbInLkWxccxzg9MMUREbog94z430VAlzeZB1O3xp_1tozPqdbzr_rAe36RefEwghU%3D/3/full.json?AWSAccessKeyId=AKIAJRDFEY23UEVW42BQ&amp;Expires=1415343693&amp;Signature=de/HctuUgOHa5iCgiBNgHCrzACA%3D</analysis_url><energy>0.936025</energy><liveness>0.121906</liveness><tempo>137.971</tempo><speechiness>0.05336</speechiness><acousticness>0.31452</acousticness><instrumentalness>0.0</instrumentalness><mode>0</mode><time_signature>4</time_signature><duration>178.47347</duration><loudness>-4.971</loudness><audio_md5 /><valence>0.594332</valence><danceability>0.54979</danceability></audio_summary><title>Do You Know (I Go Crazy) (Radio Edit)</title></song><song><artist_id>ARPX5XI1187B9ACD44</artist_id><artist_name>Angel City</artist_name><id>SOHLQYA12AF729E917</id><audio_summary><key>3</key><analysis_url>http://echonest-analysis.s3.amazonaws.com/TR/OprrugQ-RIu2SFUA1OIKychZbG0FBAfni1s-JTJCks6VJ4pcDaO2EXZOYxx99R5-c2_z1secfvVKTM1ZU%3D/3/full.json?AWSAccessKeyId=AKIAJRDFEY23UEVW42BQ&amp;Expires=1415343693&amp;Signature=uNFxF42gCR9kozMQOZW0sUlnvt4%3D</analysis_url><energy>0.910828</energy><liveness>0.076287</liveness><tempo>129.012</tempo><speechiness>0.044031</speechiness><acousticness>0.000171</acousticness><instrumentalness>0.725268</instrumentalness><mode>1</mode><time_signature>4</time_signature><duration>412.90621</duration><loudness>-7.645</loudness><audio_md5 /><valence>0.943321</valence><danceability>0.679125</danceability></audio_summary><title>Do You Know (I Go Crazy) (Raul Rincon Remix)</title></song><song><artist_id>ARPX5XI1187B9ACD44</artist_id><artist_name>Angel City</artist_name><id>SOGWUUX13167710CF1</id><audio_summary><key>5</key><analysis_url>http://echonest-analysis.s3.amazonaws.com/TR/T8AoKwYSlFyA25sI2XFT_Tgf2gRTWazSW1jtHrCUnAUgOy8hW2ACgwJAyKs3-5BSvW5FZMzKLzOtKBqTY%3D/3/full.json?AWSAccessKeyId=AKIAJRDFEY23UEVW42BQ&amp;Expires=1415343693&amp;Signature=p7k8gHdD2mO8i//Fsi/woMx6FiQ%3D</analysis_url><energy>0.865482</energy><liveness>0.056221</liveness><tempo>141.987</tempo><speechiness>0.052627</speechiness><acousticness>0.000799</acousticness><instrumentalness>0.899786</instrumentalness><mode>1</mode><time_signature>4</time_signature><duration>382.86717</duration><loudness>-8.68</loudness><audio_md5>fee2d0b91fd75e8d263ce3cdddead534</audio_md5><valence>0.75608</valence><danceability>0.544709</danceability></audio_summary><title>Sunrise (Quadrasonic Remix)</title></song><song><artist_id>ARPX5XI1187B9ACD44</artist_id><artist_name>Angel City</artist_name><id>SOFHDKF1313439F583</id><audio_summary><key>4</key><analysis_url>http://echonest-analysis.s3.amazonaws.com/TR/aekopgnJXbliIYg4VGg6WCseNDrkEnVQ8Oyy2X9d6Mcom1WJW_2iUbTaMayYhzI_1i2vu3dfIic5z0s6I%3D/3/full.json?AWSAccessKeyId=AKIAJRDFEY23UEVW42BQ&amp;Expires=1415343693&amp;Signature=0IF3dqrUYcorQD8b63PJlyXb5X4%3D</analysis_url><energy>0.863614</energy><liveness>0.051377</liveness><tempo>127.0</tempo><speechiness>0.049444</speechiness><acousticness>0.052687</acousticness><instrumentalness>0.475867</instrumentalness><mode>1</mode><time_signature>4</time_signature><duration>446.22621</duration><loudness>-10.053</loudness><audio_md5 /><valence>0.843834</valence><danceability>0.774971</danceability></audio_summary><title>Love Me Right (Oh Sheila) (Krystal K Remix)</title></song><song><artist_id>ARPX5XI1187B9ACD44</artist_id><artist_name>Angel City</artist_name><id>SOLJABU1406F189906</id><audio_summary><key>11</key><analysis_url>http://echonest-analysis.s3.amazonaws.com/TR/DNlYvwMPTHeVDkknDNm5s5F636NvZWzzWbvfkrfBK9N3LqF2H-mWAo46PxJ8Tixw3V_jL7ykatMXy1FTM%3D/3/full.json?AWSAccessKeyId=AKIAJRDFEY23UEVW42BQ&amp;Expires=1415343693&amp;Signature=l1j6uVO9Ja7QAtfaoxNOSVg%2BR/s%3D</analysis_url><energy>0.779403</energy><liveness>0.032679</liveness><tempo>126.998</tempo><speechiness>0.042541</speechiness><acousticness>0.000622</acousticness><instrumentalness>0.575948</instrumentalness><mode>0</mode><time_signature>4</time_signature><duration>448.65288</duration><loudness>-8.72</loudness><audio_md5 /><valence>0.321705</valence><danceability>0.75284</danceability></audio_summary><title>Love Me Right (Oh Sheila) (Krystal K Remix Dub)</title></song><song><artist_id>ARPX5XI1187B9ACD44</artist_id><artist_name>Angel City</artist_name><id>SOLEIHI1313439840E</id><audio_summary><key>1</key><analysis_url>http://echonest-analysis.s3.amazonaws.com/TR/pqjrpQbuiEi0KIdYpAW0Ql_qIjJnEZQYIk8P0tWV50D3jpX6uwFPu06cixNdPw8Jd_rm8pR-Z1QfL0pnc%3D/3/full.json?AWSAccessKeyId=AKIAJRDFEY23UEVW42BQ&amp;Expires=1415343693&amp;Signature=bK4/k1ksxGzvnl7SwB5hsT92pqM%3D</analysis_url><energy>0.744789</energy><liveness>0.060429</liveness><tempo>132.004</tempo><speechiness>0.048862</speechiness><acousticness>0.000126</acousticness><instrumentalness>0.640013</instrumentalness><mode>1</mode><time_signature>4</time_signature><duration>402.26621</duration><loudness>-6.52</loudness><audio_md5 /><valence>0.94915</valence><danceability>0.690785</danceability></audio_summary><title>Do You Know (I Go Crazy) (Phunk Investigation Club Mix)</title></song><song><artist_id>ARPX5XI1187B9ACD44</artist_id><artist_name>Angel City</artist_name><id>SOIUCOR144DEBEE272</id><audio_summary><key>10</key><analysis_url>http://echonest-analysis.s3.amazonaws.com/TR/WUwhvwr-nPrT70fvzWNuK41ZNMP4L9gjy-Vkq69J747168qrYozP-6oWOc2I4uQyGwAWQlbBmeRgGj0H4%3D/3/full.json?AWSAccessKeyId=AKIAJRDFEY23UEVW42BQ&amp;Expires=1415343693&amp;Signature=XPeHmKbnr0jFPPCY5KyaynoCv8w%3D</analysis_url><energy>0.977359</energy><liveness>0.294364</liveness><tempo>135.027</tempo><speechiness>0.104008</speechiness><acousticness>0.088027</acousticness><instrumentalness>0.053186</instrumentalness><mode>1</mode><time_signature>4</time_signature><duration>205.90245</duration><loudness>-5.314</loudness><audio_md5>26c654db70b6393543b0832c585a4b88</audio_md5><valence>0.568244</valence><danceability>0.572446</danceability></audio_summary><title>Sunrise</title></song><song><artist_id>ARPX5XI1187B9ACD44</artist_id><artist_name>Angel City</artist_name><id>SONNYHO13FB9A7463D</id><audio_summary><key>10</key><analysis_url>http://echonest-analysis.s3.amazonaws.com/TR/CTiHwgTz3oiOYiQNfWFlL1NkO7uV5ew8X_RC-BsRBPBFuEj5PkqS7t64YZYMQLA8kOooT7HLt2COKuR_I%3D/3/full.json?AWSAccessKeyId=AKIAJRDFEY23UEVW42BQ&amp;Expires=1415343693&amp;Signature=hbPV9oN9fsf7qfjFBiI%2Bqpa/pVU%3D</analysis_url><energy>0.962523</energy><liveness>0.418509</liveness><tempo>139.098</tempo><speechiness>0.13384</speechiness><acousticness>0.05845</acousticness><instrumentalness>0.060801</instrumentalness><mode>1</mode><time_signature>4</time_signature><duration>212.97297</duration><loudness>-5.893</loudness><audio_md5>d91a3f94e1beceb0ce8b81ec42aca4a5</audio_md5><valence>0.499333</valence><danceability>0.559903</danceability></audio_summary><title>Sunrise</title></song><song><artist_id>ARPX5XI1187B9ACD44</artist_id><artist_name>Angel City</artist_name><id>SOWSGWB12B3A173BE4</id><audio_summary><key>4</key><analysis_url>http://echonest-analysis.s3.amazonaws.com/TR/TRYTFGZ12BEA95D69B/3/full.json?AWSAccessKeyId=AKIAJRDFEY23UEVW42BQ&amp;Expires=1415343693&amp;Signature=dNXeUas1OHQSX6RzpJ7mzfaJnok%3D</analysis_url><energy>0.281925</energy><liveness>0.158334</liveness><tempo>121.384</tempo><speechiness>0.030396</speechiness><acousticness>0.017098</acousticness><instrumentalness>0.000216</instrumentalness><mode>0</mode><time_signature>4</time_signature><duration>236.45995</duration><loudness>-20.351</loudness><audio_md5 /><valence>0.542092</valence><danceability>0.526154</danceability></audio_summary><title>FACE THE DAY (Single)</title></song><song><artist_id>ARPX5XI1187B9ACD44</artist_id><artist_name>Angel City</artist_name><id>SOHMFXL136628420CF</id><audio_summary><key>1</key><analysis_url>http://echonest-analysis.s3.amazonaws.com/TR/TRZGYXM12BEA95D69A/3/full.json?AWSAccessKeyId=AKIAJRDFEY23UEVW42BQ&amp;Expires=1415343693&amp;Signature=gZi5MOjMRJiVzhkic2RvDkQcoP0%3D</analysis_url><energy>0.851853</energy><liveness>0.092367</liveness><tempo>130.949</tempo><speechiness>0.04753</speechiness><acousticness>0.133915</acousticness><instrumentalness>0.85177</instrumentalness><mode>1</mode><time_signature>4</time_signature><duration>399.33342</duration><loudness>-15.218</loudness><audio_md5 /><valence>0.36927</valence><danceability>0.701333</danceability></audio_summary><title>DO YOU KNOW (I Go Crazy)</title></song><song><artist_id>ARPX5XI1187B9ACD44</artist_id><artist_name>Angel City</artist_name><id>SOBXYLW1312A8A8A23</id><audio_summary><key>5</key><analysis_url>http://echonest-analysis.s3.amazonaws.com/TR/zsq-SweUtKx-36WeFC2qAvjMMjNOhmTXsXDNWs-DsnZP0G1X5Mx-SqhnXM5GUei3xkHs1vMhzb7Tka7cI%3D/3/full.json?AWSAccessKeyId=AKIAJRDFEY23UEVW42BQ&amp;Expires=1415343693&amp;Signature=ZSMIz5gSGeMW4VJvVDr4tE7dgqw%3D</analysis_url><energy>0.945802</energy><liveness>0.081677</liveness><tempo>137.945</tempo><speechiness>0.054914</speechiness><acousticness>0.301167</acousticness><instrumentalness>0.0</instrumentalness><mode>0</mode><time_signature>4</time_signature><duration>179.71955</duration><loudness>-5.008</loudness><audio_md5 /><valence>0.579385</valence><danceability>0.549889</danceability></audio_summary><title>Do You Know (I Go Crazy)</title></song><song><artist_id>ARPX5XI1187B9ACD44</artist_id><artist_name>Angel City</artist_name><id>SOFGRXH1313439EB79</id><audio_summary><key>4</key><analysis_url>http://echonest-analysis.s3.amazonaws.com/TR/XfWOGgkgZ1L0kGwlC5eWMDr85GljYZnvrSit5-274VMhJwFpMzbL0bn1s6ndMS-3C_IfOPr7EdmUNEJRQ%3D/3/full.json?AWSAccessKeyId=AKIAJRDFEY23UEVW42BQ&amp;Expires=1415343693&amp;Signature=EnyrpCMtSOWY6Ngv/QD0BF6ugA8%3D</analysis_url><energy>0.500433</energy><liveness>0.153075</liveness><tempo>126.742</tempo><speechiness>0.029262</speechiness><acousticness>0.000175</acousticness><instrumentalness>0.00216</instrumentalness><mode>1</mode><time_signature>4</time_signature><duration>287.53288</duration><loudness>-10.37</loudness><audio_md5>1a46a160a506cf5ad82d4ec04de73f6e</audio_md5><valence>0.866363</valence><danceability>0.522547</danceability></audio_summary><title>Can't Shake It</title></song><song><artist_id>ARPX5XI1187B9ACD44</artist_id><artist_name>Angel City</artist_name><id>SOXYTAS1374091EA19</id><audio_summary><key>9</key><analysis_url>http://echonest-analysis.s3.amazonaws.com/TR/jVofgAb_AAf3e1v0XbeqdWanFLapOiX0nWEsrgWwiWoL7o4wrlsHY-YsaRIM5QYYzRwjJKDAWuavkjebM%3D/3/full.json?AWSAccessKeyId=AKIAJRDFEY23UEVW42BQ&amp;Expires=1415343693&amp;Signature=Ad39xmWj1nvuA0OMvdf98yRw6sc%3D</analysis_url><energy>0.944312</energy><liveness>0.304458</liveness><tempo>127.974</tempo><speechiness>0.048637</speechiness><acousticness>0.118411</acousticness><instrumentalness>2.2e-05</instrumentalness><mode>0</mode><time_signature>4</time_signature><duration>179.87955</duration><loudness>-6.393</loudness><audio_md5>09313dfffa8f34fe5c986edc308573fe</audio_md5><valence>0.721858</valence><danceability>0.542196</danceability></audio_summary><title>Touch Me</title></song><song><artist_id>ARPX5XI1187B9ACD44</artist_id><artist_name>Angel City</artist_name><id>SOUUFZC13E347866D7</id><audio_summary><key>9</key><analysis_url>http://echonest-analysis.s3.amazonaws.com/TR/5Jwf-gUTA-5ln-F0vAbT6LO237NW3jAgSLsxQ5/3/full.json?AWSAccessKeyId=AKIAJRDFEY23UEVW42BQ&amp;Expires=1415343693&amp;Signature=Vct2b4yOEDZfo2lLIMQ/KyhLZdw%3D</analysis_url><energy>0.980545</energy><liveness>0.30872</liveness><tempo>135.818</tempo><speechiness>0.049473</speechiness><acousticness>4.2e-05</acousticness><instrumentalness>0.908863</instrumentalness><mode>0</mode><time_signature>4</time_signature><duration>197.09342</duration><loudness>-7.728</loudness><audio_md5 /><valence>0.345818</valence><danceability>0.410641</danceability></audio_summary><title>Touch Me</title></song><song><artist_id>ARPX5XI1187B9ACD44</artist_id><artist_name>Angel City</artist_name><id>SOIQNPY12AB018E05A</id><audio_summary><key>4</key><analysis_url>http://echonest-analysis.s3.amazonaws.com/TR/eZN1ig_A7LeBHFLXFYHd0KYp0mv9_nSyTHRBsu-8Z12D7fplKqTN_lPjs2V1L9nARNS1byky5wmhbfkHA%3D/3/full.json?AWSAccessKeyId=AKIAJRDFEY23UEVW42BQ&amp;Expires=1415343693&amp;Signature=Te3VIEpN8kwDoKpZ6aLycqzPbGQ%3D</analysis_url><energy>0.622064</energy><liveness>0.113831</liveness><tempo>180.841</tempo><speechiness>0.058724</speechiness><acousticness>0.010077</acousticness><instrumentalness>8.5e-05</instrumentalness><mode>0</mode><time_signature>4</time_signature><duration>180.22621</duration><loudness>-11.182</loudness><audio_md5>0a6508dda99d30b09a79f9de9362c36f</audio_md5><valence>0.655541</valence><danceability>0.436778</danceability></audio_summary><title>Take A Long Line</title></song><song><artist_id>ARPX5XI1187B9ACD44</artist_id><artist_name>Angel City</artist_name><id>SOACPCM14451D90339</id><audio_summary><key>5</key><analysis_url>http://echonest-analysis.s3.amazonaws.com/TR/B4ml-wotpPqOmcfedqqUQbv3SJCQ3FUYtTWRohJLTC75IiL9crJdWishRupA%3D%3D/3/full.json?AWSAccessKeyId=AKIAJRDFEY23UEVW42BQ&amp;Expires=1415343693&amp;Signature=QSu%2Bha5LQt83dSvubVJxHMp1zkA%3D</analysis_url><energy>0.361349</energy><liveness>0.208918</liveness><tempo>136.131</tempo><speechiness>0.071549</speechiness><acousticness>0.01169</acousticness><instrumentalness>0.004718</instrumentalness><mode>0</mode><time_signature>4</time_signature><duration>228.17914</duration><loudness>-20.431</loudness><audio_md5>25cf64ec74636e3590622e5b11eb9e24</audio_md5><valence>0.590916</valence><danceability>0.685976</danceability></audio_summary><title>Love Me Right</title></song><song><artist_id>ARPX5XI1187B9ACD44</artist_id><artist_name>Angel City</artist_name><id>SOSOGUC1316771187E</id><audio_summary><key>2</key><analysis_url>http://echonest-analysis.s3.amazonaws.com/TR/3Oa3BA23YPH2mBghuleEZrn7mJzXfs6Hqzb8SQ/3/full.json?AWSAccessKeyId=AKIAJRDFEY23UEVW42BQ&amp;Expires=1415343693&amp;Signature=SqYDYw%2BDZKOhHkGjxWdDA/SJEXQ%3D</analysis_url><energy>0.523829</energy><liveness>0.244532</liveness><tempo>134.322</tempo><speechiness>0.032231</speechiness><acousticness>0.033669</acousticness><instrumentalness>0.0</instrumentalness><mode>1</mode><time_signature>4</time_signature><duration>186.77506</duration><loudness>-14.079</loudness><audio_md5>5d7db8dc464372133f585f11a9b1b9c9</audio_md5><valence>0.897211</valence><danceability>0.56909</danceability></audio_summary><title>Marseilles</title></song><song><artist_id>ARPX5XI1187B9ACD44</artist_id><artist_name>Angel City</artist_name><id>SOWYEKK1376CD957B8</id><audio_summary><key>2</key><analysis_url>http://echonest-analysis.s3.amazonaws.com/TR/sd5ESA9FNYhg9xKuV7j5_u0rnn8kvgUijpR5y4/3/full.json?AWSAccessKeyId=AKIAJRDFEY23UEVW42BQ&amp;Expires=1415343693&amp;Signature=eO8depu0he00k6Oq0ggoQ27Lz2U%3D</analysis_url><energy>0.753443</energy><liveness>0.14608</liveness><tempo>133.406</tempo><speechiness>0.044532</speechiness><acousticness>0.008713</acousticness><instrumentalness>2.4e-05</instrumentalness><mode>1</mode><time_signature>4</time_signature><duration>292.0224</duration><loudness>-4.572</loudness><audio_md5>be02a372c608eeee85beb48800461267</audio_md5><valence>0.571012</valence><danceability>0.457677</danceability></audio_summary><title>Marseilles</title></song><song><artist_id>ARPX5XI1187B9ACD44</artist_id><artist_name>Angel City</artist_name><id>SOUCXDY1311AFE9F5C</id><audio_summary><key>5</key><analysis_url>http://echonest-analysis.s3.amazonaws.com/TR/3OJ74wSicppINAonraRUPvRSS_G2OLgu5n0vEqbw8l_qxBXmkUV9vo94RvuWfwZrmsJHsdQ1e0Q3lh6Mo%3D/3/full.json?AWSAccessKeyId=AKIAJRDFEY23UEVW42BQ&amp;Expires=1415343693&amp;Signature=ESm6a0RgljR0btgiYLtmOdCmQaE%3D</analysis_url><energy>0.856912</energy><liveness>0.122561</liveness><tempo>132.055</tempo><speechiness>0.030616</speechiness><acousticness>0.008098</acousticness><instrumentalness>0.011548</instrumentalness><mode>0</mode><time_signature>4</time_signature><duration>193.71955</duration><loudness>-5.74</loudness><audio_md5>99c5d1667933de99cfe5c55a73bcbb88</audio_md5><valence>0.879634</valence><danceability>0.549503</danceability></audio_summary><title>Love Me Right (Oh Sheila)</title></song><song><artist_id>ARPX5XI1187B9ACD44</artist_id><artist_name>Angel City</artist_name><id>SOFBJNR144DEBF13FC</id><audio_summary><key>10</key><analysis_url>http://echonest-analysis.s3.amazonaws.com/TR/jK4saAa1b21yeo-2a-a5hemKVuczO67vLMe-xqjMasPfEpdH_D6QSS_nlaj6BAZsH3TC3jw2u0cxH3JVc%3D/3/full.json?AWSAccessKeyId=AKIAJRDFEY23UEVW42BQ&amp;Expires=1415343693&amp;Signature=haZxQUqYW6FchqZ5Wh6YllS7h/0%3D</analysis_url><energy>0.974249</energy><liveness>0.359419</liveness><tempo>135.057</tempo><speechiness>0.123879</speechiness><acousticness>0.097561</acousticness><instrumentalness>0.054043</instrumentalness><mode>1</mode><time_signature>4</time_signature><duration>203.99955</duration><loudness>-5.882</loudness><audio_md5>cb3e1fcc9acf15ced72c1a499f2381c6</audio_md5><valence>0.561064</valence><danceability>0.564446</danceability></audio_summary><title>Sunrise (Radio Edit)</title></song><song><artist_id>ARPX5XI1187B9ACD44</artist_id><artist_name>Angel City</artist_name><id>SOOVOYH12A8C1439C1</id><audio_summary><key>6</key><analysis_url>http://echonest-analysis.s3.amazonaws.com/TR/bNKGgQ6H7hEt3CoJwcX0Nn_BxTb6ONFnxRfuqZHE3AKo5r5ZqTbrTMnicaUzX5W0mZXFsgQzUxNmOu3Ww%3D/3/full.json?AWSAccessKeyId=AKIAJRDFEY23UEVW42BQ&amp;Expires=1415343693&amp;Signature=tIPnxt1vbZwbcNxRHOrZvJM81Dk%3D</analysis_url><energy>0.892603</energy><liveness>0.542656</liveness><tempo>144.022</tempo><speechiness>0.040958</speechiness><acousticness>0.000455</acousticness><instrumentalness>0.672926</instrumentalness><mode>1</mode><time_signature>4</time_signature><duration>407.62621</duration><loudness>-6.366</loudness><audio_md5>c431208f80e894a399c7562433071281</audio_md5><valence>0.610839</valence><danceability>0.577953</danceability></audio_summary><title>Sunrise (ROB Mayth Remix)</title></song><song><artist_id>ARPX5XI1187B9ACD44</artist_id><artist_name>Angel City</artist_name><id>SOUWZSS1373068C42F</id><audio_summary><key>1</key><analysis_url>http://echonest-analysis.s3.amazonaws.com/TR/r3P0qw1KM4yVb4kxBljXTpYwrxstNMm3c2nBpkMr5KJIQkGCuAudwMCbH9rnzmg-fQsrimwhHzOIp8M2k%3D/3/full.json?AWSAccessKeyId=AKIAJRDFEY23UEVW42BQ&amp;Expires=1415343693&amp;Signature=vB9aKx7HUHfZ1C3i%2BQY9PdZMSx0%3D</analysis_url><energy>0.881293</energy><liveness>0.078729</liveness><tempo>136.011</tempo><speechiness>0.042015</speechiness><acousticness>0.000176</acousticness><instrumentalness>0.781799</instrumentalness><mode>1</mode><time_signature>4</time_signature><duration>415.87955</duration><loudness>-10.896</loudness><audio_md5 /><valence>0.564783</valence><danceability>0.549069</danceability></audio_summary><title>Do You Know (I Go Crazy) (Cor Fijneman Remix)</title></song><song><artist_id>ARPX5XI1187B9ACD44</artist_id><artist_name>Angel City</artist_name><id>SOCSTOE12A58A79287</id><audio_summary><key>7</key><analysis_url>http://echonest-analysis.s3.amazonaws.com/TR/Oou3pAD9hwhm2Vqp3KHSr8fITxmT96wDmOVdCDEpmOGm4U_Ldgs8IV9Gs6eOZTNVeYUkKoc7q4OTdyC0U%3D/3/full.json?AWSAccessKeyId=AKIAJRDFEY23UEVW42BQ&amp;Expires=1415343693&amp;Signature=bg74j07GhPPSfj/L3xAn0/rc/So%3D</analysis_url><energy>0.793901</energy><liveness>0.162489</liveness><tempo>156.617</tempo><speechiness>0.030477</speechiness><acousticness>0.000488</acousticness><instrumentalness>0.0</instrumentalness><mode>1</mode><time_signature>4</time_signature><duration>163.13288</duration><loudness>-9.009</loudness><audio_md5 /><valence>0.788629</valence><danceability>0.301098</danceability></audio_summary><title>Shadow Boxer</title></song><song><artist_id>ARPX5XI1187B9ACD44</artist_id><artist_name>Angel City</artist_name><id>SOCNKNE12AF72A7D19</id><audio_summary><key>0</key><analysis_url>http://echonest-analysis.s3.amazonaws.com/TR/rae9XQ_tNYyvOoV5o10w--4KCGJY_3xUBCv__WHIxLPR6-luYHydcRPqe3XCxI7JhtP-lisXsJMX9Bbo8%3D/3/full.json?AWSAccessKeyId=AKIAJRDFEY23UEVW42BQ&amp;Expires=1415343693&amp;Signature=esslWgCmsPoL2pMYs1Da2ThwX5o%3D</analysis_url><energy>0.923672</energy><liveness>0.170959</liveness><tempo>128.007</tempo><speechiness>0.03415</speechiness><acousticness>8e-05</acousticness><instrumentalness>0.63465</instrumentalness><mode>1</mode><time_signature>4</time_signature><duration>175.91873</duration><loudness>-5.305</loudness><audio_md5 /><valence>0.916811</valence><danceability>0.631691</danceability></audio_summary><title>Sunrise (JJ Stockholm F's Edit)</title></song><song><artist_id>ARPX5XI1187B9ACD44</artist_id><artist_name>Angel City</artist_name><id>SODRPGQ12AB018917F</id><audio_summary><key>5</key><analysis_url>http://echonest-analysis.s3.amazonaws.com/TR/Av8cvAF93IEnR-YmUffn85lfeaYVwA5AZss7zVpVt2BZIcZv-ny_QweXZLG9pkEL5rfxaZsAYESeD_t0I%3D/3/full.json?AWSAccessKeyId=AKIAJRDFEY23UEVW42BQ&amp;Expires=1415343693&amp;Signature=46TKz5tsCTBntFk3zRI5xxZFfNY%3D</analysis_url><energy>0.960832</energy><liveness>0.058777</liveness><tempo>138.023</tempo><speechiness>0.039246</speechiness><acousticness>0.01417</acousticness><instrumentalness>0.018071</instrumentalness><mode>0</mode><time_signature>4</time_signature><duration>410.59424</duration><loudness>-6.337</loudness><audio_md5 /><valence>0.511374</valence><danceability>0.654718</danceability></audio_summary><title>Do You Know (I Go Crazy) (Extended Mix)</title></song><song><artist_id>ARPX5XI1187B9ACD44</artist_id><artist_name>Angel City</artist_name><id>SOCAQMS13134391BAC</id><audio_summary><key>5</key><analysis_url>http://echonest-analysis.s3.amazonaws.com/TR/tADhOQEqMxt_KAhXAwEei7SrB_hhByLs8rEGBat14nJFR3ZbBKPxN-8j2Nb0Ktia_kt_vCIMCBUxxBg68%3D/3/full.json?AWSAccessKeyId=AKIAJRDFEY23UEVW42BQ&amp;Expires=1415343693&amp;Signature=LlNj8US1nxLEntbl9MElKuG1XNk%3D</analysis_url><energy>0.725078</energy><liveness>0.170389</liveness><tempo>131.973</tempo><speechiness>0.035686</speechiness><acousticness>0.158196</acousticness><instrumentalness>0.151466</instrumentalness><mode>0</mode><time_signature>4</time_signature><duration>353.50621</duration><loudness>-8.712</loudness><audio_md5 /><valence>0.945439</valence><danceability>0.615896</danceability></audio_summary><title>Love Me Right (Oh Sheila) (Extended Mix)</title></song><song><artist_id>ARPX5XI1187B9ACD44</artist_id><artist_name>Angel City</artist_name><id>SOBXHMU13673328D2C</id><audio_summary><key>7</key><analysis_url>http://echonest-analysis.s3.amazonaws.com/TR/LqEJJQITN7N621LEmtBhFLIxHBswo-B2tC5hbXIhvobe3gLHhWG0NDuZupPAr6H_EbZp2t07dICmVNVJ4%3D/3/full.json?AWSAccessKeyId=AKIAJRDFEY23UEVW42BQ&amp;Expires=1415343693&amp;Signature=/Y0dD5OmRLMs5guYDmNHwy5xXmQ%3D</analysis_url><energy>0.558038</energy><liveness>0.303679</liveness><tempo>127.995</tempo><speechiness>0.049584</speechiness><acousticness>0.000363</acousticness><instrumentalness>0.673374</instrumentalness><mode>1</mode><time_signature>4</time_signature><duration>441.53288</duration><loudness>-9.497</loudness><audio_md5 /><valence>0.772085</valence><danceability>0.713562</danceability></audio_summary><title>Touch Me (Phunk Investiagation Remix)</title></song><song><artist_id>ARPX5XI1187B9ACD44</artist_id><artist_name>Angel City</artist_name><id>SOBVERR1429B572A27</id><audio_summary><key>9</key><analysis_url>http://echonest-analysis.s3.amazonaws.com/TR/P-V4tgXIXo1stLCNBbRevUyTCcgXJAhnQ6MbB80NrCTRi_hu8zfppMXq9TMTdFCtE2bRC8ubeNrwUsiiE%3D/3/full.json?AWSAccessKeyId=AKIAJRDFEY23UEVW42BQ&amp;Expires=1415343693&amp;Signature=5jZ0tBttLKmPMxD%2B4Bc/W7undmM%3D</analysis_url><energy>0.892563</energy><liveness>0.189688</liveness><tempo>138.003</tempo><speechiness>0.033135</speechiness><acousticness>0.016932</acousticness><instrumentalness>0.127629</instrumentalness><mode>0</mode><time_signature>4</time_signature><duration>397.19955</duration><loudness>-7.979</loudness><audio_md5 /><valence>0.148789</valence><danceability>0.671024</danceability></audio_summary><title>Do You Know (I Go Crazy) (Dee-Luxe Club Mix)</title></song><song><artist_id>ARPX5XI1187B9ACD44</artist_id><artist_name>Angel City</artist_name><id>SODCWMY13134383551</id><audio_summary><key>10</key><analysis_url>http://echonest-analysis.s3.amazonaws.com/TR/JFVNYA4vyLpMo5z7D9-ltlUFmi8nGKO5PD9pU5EhRDKD9-SalEdQD0LAV3LSeZ1IO1fjyFSIYNXjDeiFI%3D/3/full.json?AWSAccessKeyId=AKIAJRDFEY23UEVW42BQ&amp;Expires=1415343693&amp;Signature=fUP2IoUpyl1%2BPWQDe38YpCOwdTs%3D</analysis_url><energy>0.993549</energy><liveness>0.076633</liveness><tempo>140.095</tempo><speechiness>0.065967</speechiness><acousticness>0.001137</acousticness><instrumentalness>0.426193</instrumentalness><mode>0</mode><time_signature>4</time_signature><duration>346.74621</duration><loudness>-7.725</loudness><audio_md5 /><valence>0.393127</valence><danceability>0.55652</danceability></audio_summary><title>Do You Know (I Go Crazy) (BCD Project Remix)</title></song><song><artist_id>ARPX5XI1187B9ACD44</artist_id><artist_name>Angel City</artist_name><id>SOYFIRE12DC3F6F77E</id><audio_summary><key>2</key><analysis_url>http://echonest-analysis.s3.amazonaws.com/TR/bM0OZQmSBz9q3eUA7hUEGdyMJsNknO1R5iHpIknMwNs4NDMRrf8TJKxhitow93loKd4-0_Vj9fTzh5sgE%3D/3/full.json?AWSAccessKeyId=AKIAJRDFEY23UEVW42BQ&amp;Expires=1415343693&amp;Signature=QIjijwvJTU4PcA5L0LVlQc4hjgI%3D</analysis_url><energy>0.926507</energy><liveness>0.345899</liveness><tempo>129.937</tempo><speechiness>0.070268</speechiness><acousticness>0.000728</acousticness><instrumentalness>0.879931</instrumentalness><mode>1</mode><time_signature>4</time_signature><duration>501.30621</duration><loudness>-7.392</loudness><audio_md5 /><valence>0.710633</valence><danceability>0.667981</danceability></audio_summary><title>Touch Me (Phunk Investigation Mastica Dub)</title></song><song><artist_id>ARPX5XI1187B9ACD44</artist_id><artist_name>Angel City</artist_name><id>SOZTEOC1313438F66D</id><audio_summary><key>5</key><analysis_url>http://echonest-analysis.s3.amazonaws.com/TR/Xk4CAArPklDYxA9fKfKNaYu_3G93Rtq8GNonGzCOLSsHWTbd7U7EBrqATjrMuj2XH8WLPZEB_RhnPlQhE%3D/3/full.json?AWSAccessKeyId=AKIAJRDFEY23UEVW42BQ&amp;Expires=1415343693&amp;Signature=0m%2BNyFrvt9ma64wxXZzW5nlKrsw%3D</analysis_url><energy>0.837461</energy><liveness>0.113777</liveness><tempo>137.983</tempo><speechiness>0.073884</speechiness><acousticness>0.000162</acousticness><instrumentalness>0.918766</instrumentalness><mode>0</mode><time_signature>4</time_signature><duration>401.41288</duration><loudness>-9.818</loudness><audio_md5 /><valence>0.203865</valence><danceability>0.570491</danceability></audio_summary><title>Love Me Right (Oh Sheila) (Seraque Remix)</title></song><song><artist_id>ARPGDZM122988F41B6</artist_id><artist_name>The Angel City Brass</artist_name><id>SOAEATL131712D13BD</id><audio_summary><key>5</key><analysis_url>http://echonest-analysis.s3.amazonaws.com/TR/w0dcCwX3U3mL2gckSPM6gsi-pKFCv4zYhevOIjWS_MNb7aO1-YtRLOOZvCDC0AxO2fMuvchj5sU9sOjwo%3D/3/full.json?AWSAccessKeyId=AKIAJRDFEY23UEVW42BQ&amp;Expires=1415343693&amp;Signature=D08rsEIK1bNSnrdGb7eO9RnXo/E%3D</analysis_url><energy>0.300909</energy><liveness>0.05528</liveness><tempo>98.762</tempo><speechiness>0.043114</speechiness><acousticness>0.993206</acousticness><instrumentalness>0.859487</instrumentalness><mode>1</mode><time_signature>4</time_signature><duration>93.49288</duration><loudness>-9.998</loudness><audio_md5 /><valence>0.814806</valence><danceability>0.852889</danceability></audio_summary><title>Deck the Halls</title></song><song><artist_id>AR02TB61187FB5355B</artist_id><artist_name>Angel City Chorale</artist_name><id>SOAFOVD1312A8A4005</id><audio_summary><key>9</key><analysis_url>http://echonest-analysis.s3.amazonaws.com/TR/WFkk_wtPRnoFZcSfOgKDiNEhOQCAErWHL68dDQnMun5or4wOadF1Tlf0bCKlTGL73GcgSQImAEKAdVaSg%3D/3/full.json?AWSAccessKeyId=AKIAJRDFEY23UEVW42BQ&amp;Expires=1415343693&amp;Signature=QMkt9D%2B8QR4Bxm2V2U3mVhogqMY%3D</analysis_url><energy>0.197366</energy><liveness>0.075191</liveness><tempo>89.119</tempo><speechiness>0.040371</speechiness><acousticness>0.99318</acousticness><instrumentalness>0.952317</instrumentalness><mode>1</mode><time_signature>3</time_signature><duration>230.71955</duration><loudness>-18.25</loudness><audio_md5 /><valence>0.134526</valence><danceability>0.170883</danceability></audio_summary><title>Big</title></song><song><artist_id>AR02TB61187FB5355B</artist_id><artist_name>Angel City Chorale</artist_name><id>SOAGWGE131343963F3</id><audio_summary><key>2</key><analysis_url>http://echonest-analysis.s3.amazonaws.com/TR/9gDL2A-aAEBGsUrOl0XEK3gY-m2_vahZpqMhxBa_Vvp1ChP7vIFMUSKcw2idL35_JChlwhJ7GUKwhwbs0%3D/3/full.json?AWSAccessKeyId=AKIAJRDFEY23UEVW42BQ&amp;Expires=1415343693&amp;Signature=dGNkRadQsSbZwzVm9QI5ha2QRFg%3D</analysis_url><energy>0.262933</energy><liveness>0.155985</liveness><tempo>73.167</tempo><speechiness>0.028637</speechiness><acousticness>0.900354</acousticness><instrumentalness>0.008944</instrumentalness><mode>1</mode><time_signature>4</time_signature><duration>171.59955</duration><loudness>-15.9</loudness><audio_md5 /><valence>0.550635</valence><danceability>0.428616</danceability></audio_summary><title>Hard Times Come Again No More</title></song><song><artist_id>AR1LNDR1187FB400B0</artist_id><artist_name>Angel City Outcasts</artist_name><id>SOJMQDV1315CD47B7E</id><audio_summary><key>7</key><analysis_url>http://echonest-analysis.s3.amazonaws.com/TR/7R235wKGV9ZM6N-siN1kfsKsTWBuHgan_MhqpForg4yZCrhoURxO4xlaToYvd9o-2b1SeaP24ub6Tqf4g%3D/3/full.json?AWSAccessKeyId=AKIAJRDFEY23UEVW42BQ&amp;Expires=1415343693&amp;Signature=Th1a3hVPn%2BYRrZABfxy4CMvsDOU%3D</analysis_url><energy>0.951992</energy><liveness>0.308783</liveness><tempo>80.548</tempo><speechiness>0.099944</speechiness><acousticness>0.092986</acousticness><instrumentalness>0.000552</instrumentalness><mode>1</mode><time_signature>4</time_signature><duration>299.61288</duration><loudness>-4.116</loudness><audio_md5>42cd52db6f8776f1a8b9cd96de0e5b1d</audio_md5><valence>0.636893</valence><danceability>0.24643</danceability></audio_summary><title>Popeye In Afghanistan</title></song><song><artist_id>AR1LNDR1187FB400B0</artist_id><artist_name>Angel City Outcasts</artist_name><id>SOBRPBX1315CD47307</id><audio_summary><key>5</key><analysis_url>http://echonest-analysis.s3.amazonaws.com/TR/Lqtfmg1atxhZDZB1cE2TymtyKn7nV7-Vsjo1UBoZu5-3piy7j-lYi9duPIflpBHLFDdOZe1_SW0WTq31Q%3D/3/full.json?AWSAccessKeyId=AKIAJRDFEY23UEVW42BQ&amp;Expires=1415343693&amp;Signature=zwNa9tmtgyco9zZUgrZhIDny6xA%3D</analysis_url><energy>0.9769</energy><liveness>0.271051</liveness><tempo>130.508</tempo><speechiness>0.152522</speechiness><acousticness>0.014467</acousticness><instrumentalness>0.008264</instrumentalness><mode>1</mode><time_signature>4</time_signature><duration>200.99955</duration><loudness>-3.327</loudness><audio_md5 /><valence>0.721069</valence><danceability>0.330473</danceability></audio_summary><title>I'm An A.C.O.</title></song><song><artist_id>AR1LNDR1187FB400B0</artist_id><artist_name>Angel City Outcasts</artist_name><id>SOJNMEG12AB017F24D</id><audio_summary><key>0</key><analysis_url>http://echonest-analysis.s3.amazonaws.com/TR/BrMV_Qp6Uu8UwZirna4RdzulNxXQeviQg2EulKyPuOV7Tpn2cw0QcakJ8toz9Ke7jZFkJZmW9pGxVhJ0Q%3D/3/full.json?AWSAccessKeyId=AKIAJRDFEY23UEVW42BQ&amp;Expires=1415343693&amp;Signature=BPYmubS74lJVBhuWit7zvTcjnmw%3D</analysis_url><energy>0.983774</energy><liveness>0.074338</liveness><tempo>190.228</tempo><speechiness>0.153738</speechiness><acousticness>0.009968</acousticness><instrumentalness>0.0</instrumentalness><mode>1</mode><time_signature>4</time_signature><duration>287.69288</duration><loudness>-3.541</loudness><audio_md5 /><valence>0.332028</valence><danceability>0.238489</danceability></audio_summary><title>No One Alone</title></song><song><artist_id>AR1LNDR1187FB400B0</artist_id><artist_name>Angel City Outcasts</artist_name><id>SOIEQOF13134391522</id><audio_summary><key>0</key><analysis_url>http://echonest-analysis.s3.amazonaws.com/TR/64wMnArJRR0fPTyKdO2loaXQLVpsH9MuqTnPUCeuI6strrblYYRr_FTOQRXb8sU_4mXy_yCMKuH6nyfNY%3D/3/full.json?AWSAccessKeyId=AKIAJRDFEY23UEVW42BQ&amp;Expires=1415343693&amp;Signature=4nEGJRyGUvt8glKfBSHRq8XrDfE%3D</analysis_url><energy>0.983101</energy><liveness>0.138178</liveness><tempo>122.511</tempo><speechiness>0.172783</speechiness><acousticness>0.060322</acousticness><instrumentalness>3e-06</instrumentalness><mode>1</mode><time_signature>4</time_signature><duration>200.39955</duration><loudness>-2.288</loudness><audio_md5>f2f12dea022cbae96744a7a2d1656a08</audio_md5><valence>0.516522</valence><danceability>0.4033</danceability></audio_summary><title>Word To The Wise</title></song><song><artist_id>AR1LNDR1187FB400B0</artist_id><artist_name>Angel City Outcasts</artist_name><id>SOEYUVT12A8C13E715</id><audio_summary><key>7</key><analysis_url>http://echonest-analysis.s3.amazonaws.com/TR/9tExTgUu8sKKAEZw2Sj270SzkUJJY4sMNmraj4PFLDE2KiA00sZKizyjPnxXD_c4z7PuMo1at1-HYMe8Q%3D/3/full.json?AWSAccessKeyId=AKIAJRDFEY23UEVW42BQ&amp;Expires=1415343693&amp;Signature=MKx5TXyrWZ6pgsiXY69F9PLxoW0%3D</analysis_url><energy>0.988647</energy><liveness>0.895118</liveness><tempo>169.89</tempo><speechiness>0.062164</speechiness><acousticness>0.007288</acousticness><instrumentalness>0.060692</instrumentalness><mode>1</mode><time_signature>4</time_signature><duration>107.54621</duration><loudness>-3.375</loudness><audio_md5 /><valence>0.655006</valence><danceability>0.312774</danceability></audio_summary><title>Youth Rebellion (Revisited)</title></song><song><artist_id>AR1LNDR1187FB400B0</artist_id><artist_name>Angel City Outcasts</artist_name><id>SOEBBGC1315CD46EF2</id><audio_summary><key>8</key><analysis_url>http://echonest-analysis.s3.amazonaws.com/TR/ijDw0wkNy7BK1JQTMZfTJZqXhR8c9K9inB8Nw0jxjfDlLZIP5wGFjsFp69kDUM7MWLSytNYnhPTL-ba4A%3D/3/full.json?AWSAccessKeyId=AKIAJRDFEY23UEVW42BQ&amp;Expires=1415343693&amp;Signature=LcqhSZ%2BMOWE9ibN1T8kG3K2zDlA%3D</analysis_url><energy>0.528983</energy><liveness>0.769177</liveness><tempo>93.558</tempo><speechiness>0.885062</speechiness><acousticness>0.989733</acousticness><instrumentalness>0.0</instrumentalness><mode>1</mode><time_signature>3</time_signature><duration>37.50621</duration><loudness>-15.583</loudness><audio_md5 /><valence>0.498417</valence><danceability>0.788227</danceability></audio_summary><title>Trent</title></song><song><artist_id>AR1LNDR1187FB400B0</artist_id><artist_name>Angel City Outcasts</artist_name><id>SOLCJXI1315CD47FA9</id><audio_summary><key>10</key><analysis_url>http://echonest-analysis.s3.amazonaws.com/TR/cSlvNA0vfqqf2gN8Jwg0VUq-iTKAp8OVaAsJddhkE0pLP9HSfFPA5WsNB6VRCgoeVZ9D9MlcJnz5DY1zY%3D/3/full.json?AWSAccessKeyId=AKIAJRDFEY23UEVW42BQ&amp;Expires=1415343693&amp;Signature=dIjriXrDqCWL6aV14zltAGB2W7Y%3D</analysis_url><energy>0.991295</energy><liveness>0.383163</liveness><tempo>138.266</tempo><speechiness>0.152108</speechiness><acousticness>0.009638</acousticness><instrumentalness>0.000195</instrumentalness><mode>0</mode><time_signature>4</time_signature><duration>219.74621</duration><loudness>-4.021</loudness><audio_md5 /><valence>0.327196</valence><danceability>0.360089</danceability></audio_summary><title>The Chase</title></song><song><artist_id>AR1LNDR1187FB400B0</artist_id><artist_name>Angel City Outcasts</artist_name><id>SORSOAC12A8C13E72A</id><audio_summary><key>0</key><analysis_url>http://echonest-analysis.s3.amazonaws.com/TR/z5q5RAffy5Ht5bOSyXPuw6UKkN5t9mwKVhdgqOVc1SS3tPbsW4TKAO3Wxg97-QDjfoq5vIWoMeb8GqM3M%3D/3/full.json?AWSAccessKeyId=AKIAJRDFEY23UEVW42BQ&amp;Expires=1415343693&amp;Signature=HReyrYgilrK7tjQKsZWtA82vXhU%3D</analysis_url><energy>0.97727</energy><liveness>0.36892</liveness><tempo>132.213</tempo><speechiness>0.076184</speechiness><acousticness>0.003297</acousticness><instrumentalness>0.000122</instrumentalness><mode>1</mode><time_signature>4</time_signature><duration>227.13288</duration><loudness>-3.206</loudness><audio_md5 /><valence>0.70981</valence><danceability>0.280215</danceability></audio_summary><title>Let It Ride</title></song><song><artist_id>AR1LNDR1187FB400B0</artist_id><artist_name>Angel City Outcasts</artist_name><id>SOYAPDT137431FE69B</id><audio_summary><key>7</key><analysis_url>http://echonest-analysis.s3.amazonaws.com/TR/n16DIARdQpQfXqMcRILQZ-Hmb0W9P3AwmmSTyArdVpiQK5dHytPp2m6-W-SkmlEYwFays-IHGZ9LsVIKQ%3D/3/full.json?AWSAccessKeyId=AKIAJRDFEY23UEVW42BQ&amp;Expires=1415343693&amp;Signature=uF/x9vFwIGP0ctTrQ%2BbHoDDyh2k%3D</analysis_url><energy>0.985513</energy><liveness>0.331487</liveness><tempo>179.17</tempo><speechiness>0.172683</speechiness><acousticness>0.004988</acousticness><instrumentalness>2.6e-05</instrumentalness><mode>1</mode><time_signature>4</time_signature><duration>143.94621</duration><loudness>-3.704</loudness><audio_md5 /><valence>0.561244</valence><danceability>0.203467</danceability></audio_summary><title>Black Suits On Table Three</title></song><song><artist_id>AR1LNDR1187FB400B0</artist_id><artist_name>Angel City Outcasts</artist_name><id>SOJRHJF1315CD47EF8</id><audio_summary><key>10</key><analysis_url>http://echonest-analysis.s3.amazonaws.com/TR/gkAOAQtvP5m6YJZMCjp3jrKuvvXfK2xoTZZjn3SdP-3a7iF_6MpATKw3forLddr6TcaadVqfudZaCuAgU%3D/3/full.json?AWSAccessKeyId=AKIAJRDFEY23UEVW42BQ&amp;Expires=1415343693&amp;Signature=hBLgLFYCYnuUFQcToz2DC6%2BeKZY%3D</analysis_url><energy>0.980209</energy><liveness>0.36033</liveness><tempo>126.593</tempo><speechiness>0.139378</speechiness><acousticness>0.026378</acousticness><instrumentalness>6e-05</instrumentalness><mode>0</mode><time_signature>4</time_signature><duration>168.37288</duration><loudness>-2.539</loudness><audio_md5>8d6234b289c09408ca3f7450abebad1d</audio_md5><valence>0.55273</valence><danceability>0.437916</danceability></audio_summary><title>LA Rock City</title></song><song><artist_id>AR1LNDR1187FB400B0</artist_id><artist_name>Angel City Outcasts</artist_name><id>SOQNOGG12A8C13C058</id><audio_summary><key>0</key><analysis_url>http://echonest-analysis.s3.amazonaws.com/TR/HHnUHQ3ltaJ4phroPbhpJaMEttYJSZeQ33FnYNsyHncdXWxkmxVwdJA4NAR1oo9Ov2rj394eqxJfO9-1Y%3D/3/full.json?AWSAccessKeyId=AKIAJRDFEY23UEVW42BQ&amp;Expires=1415343693&amp;Signature=5bPXGy/RQTVEwYGX0zenSYdXwFM%3D</analysis_url><energy>0.947107</energy><liveness>0.42954</liveness><tempo>141.158</tempo><speechiness>0.10464</speechiness><acousticness>0.000262</acousticness><instrumentalness>0.919316</instrumentalness><mode>1</mode><time_signature>4</time_signature><duration>73.89288</duration><loudness>-4.793</loudness><audio_md5>2bbfd2fa174ad430b4a8d9937bc7c79a</audio_md5><valence>0.28306</valence><danceability>0.27368</danceability></audio_summary><title>A New Breed Of Rock N' Roll</title></song><song><artist_id>AR1LNDR1187FB400B0</artist_id><artist_name>Angel City Outcasts</artist_name><id>SOAZIJE12A8C13C055</id><audio_summary><key>2</key><analysis_url>http://echonest-analysis.s3.amazonaws.com/TR/UJwMYAL7eTYUB0vT2M6SiXhW2k-gjr5KysQLlZzbbsfAJ_jtKmtHlwR_2AzXZuf4DmO0-wX9TrjUi4zCA%3D/3/full.json?AWSAccessKeyId=AKIAJRDFEY23UEVW42BQ&amp;Expires=1415343693&amp;Signature=Pi9nEUCiZqjL18p9%2BRTer2bmbJI%3D</analysis_url><energy>0.979696</energy><liveness>0.400879</liveness><tempo>121.92</tempo><speechiness>0.105341</speechiness><acousticness>0.024705</acousticness><instrumentalness>6e-06</instrumentalness><mode>1</mode><time_signature>3</time_signature><duration>196.25288</duration><loudness>-3.271</loudness><audio_md5 /><valence>0.589483</valence><danceability>0.324219</danceability></audio_summary><title>Keep On</title></song><song><artist_id>AR1LNDR1187FB400B0</artist_id><artist_name>Angel City Outcasts</artist_name><id>SOSGJPC148A649DCF3</id><audio_summary><key>3</key><analysis_url>http://echonest-analysis.s3.amazonaws.com/TR/fCwY4ArReK9YOu9m2T8F2YAsEYIkEuLHfAy93Cij307SaGKJB-NGwYHWU_yOqFUyokrd1P8QFs4y36mOw%3D/3/full.json?AWSAccessKeyId=AKIAJRDFEY23UEVW42BQ&amp;Expires=1415343693&amp;Signature=7D5/B7MawS8e9LS2HvpxgJ00NMI%3D</analysis_url><energy>0.865475</energy><liveness>0.564228</liveness><tempo>86.606</tempo><speechiness>0.055638</speechiness><acousticness>0.000105</acousticness><instrumentalness>5e-06</instrumentalness><mode>1</mode><time_signature>4</time_signature><duration>276.14621</duration><loudness>-2.936</loudness><audio_md5 /><valence>0.396974</valence><danceability>0.125876</danceability></audio_summary><title>Five Guns West</title></song><song><artist_id>AR1LNDR1187FB400B0</artist_id><artist_name>Angel City Outcasts</artist_name><id>SOYQONS1393A702857</id><audio_summary><key>3</key><analysis_url>http://echonest-analysis.s3.amazonaws.com/TR/q9oUOQoexxCUaHQVGPC_IZAaxVe2iKqOIBMcdBhtWKqUiUO3JYpBFEl8WveOaCDd1EuEtt-Cg2iwXRd6c%3D/3/full.json?AWSAccessKeyId=AKIAJRDFEY23UEVW42BQ&amp;Expires=1415343693&amp;Signature=wRUzwyblH8Q/gwBWV60bv2bBhx8%3D</analysis_url><energy>0.829095</energy><liveness>0.609721</liveness><tempo>91.763</tempo><speechiness>0.052522</speechiness><acousticness>1.7e-05</acousticness><instrumentalness>0.000528</instrumentalness><mode>1</mode><time_signature>4</time_signature><duration>277.55955</duration><loudness>-4.602</loudness><audio_md5 /><valence>0.3853</valence><danceability>0.140063</danceability></audio_summary><title>Five Guns West</title></song><song><artist_id>AR1LNDR1187FB400B0</artist_id><artist_name>Angel City Outcasts</artist_name><id>SOYQYCP131343A56D4</id><audio_summary><key>5</key><analysis_url>http://echonest-analysis.s3.amazonaws.com/TR/rmhpewob-5VRyO09uI7JejPRNpEEQV4xHGAmUkmveRdtLIFWXeY2fNSw5OY7Cc-Vy3M4LGk8P-zWZZ3XI%3D/3/full.json?AWSAccessKeyId=AKIAJRDFEY23UEVW42BQ&amp;Expires=1415343693&amp;Signature=qYen3uAoNTgTf5XJXxyMr6OGmcA%3D</analysis_url><energy>0.901521</energy><liveness>0.369951</liveness><tempo>95.018</tempo><speechiness>0.054013</speechiness><acousticness>0.000184</acousticness><instrumentalness>0.000414</instrumentalness><mode>0</mode><time_signature>4</time_signature><duration>277.10621</duration><loudness>-4.599</loudness><audio_md5>6a9588541196ba7e2371c720a540d633</audio_md5><valence>0.47425</valence><danceability>0.426937</danceability></audio_summary><title>Five Guns West</title></song><song><artist_id>AR1LNDR1187FB400B0</artist_id><artist_name>Angel City Outcasts</artist_name><id>SONQMVO12AF72A3775</id><audio_summary><key>5</key><analysis_url>http://echonest-analysis.s3.amazonaws.com/TR/C4yb7Q_0i-72GDPcApaDEiMifNbphzQxYSNhynuq25_esfm7GvkDEuP5rTBsZB1fvqMMjqCHsmB7RnIEo%3D/3/full.json?AWSAccessKeyId=AKIAJRDFEY23UEVW42BQ&amp;Expires=1415343693&amp;Signature=knQyhHMo2EQWfp2nmuLEZ32jaI0%3D</analysis_url><energy>0.831148</energy><liveness>0.154491</liveness><tempo>122.528</tempo><speechiness>0.05027</speechiness><acousticness>0.00013</acousticness><instrumentalness>0.283583</instrumentalness><mode>0</mode><time_signature>4</time_signature><duration>223.62621</duration><loudness>-5.017</loudness><audio_md5>d9d187882e33ecf6ba4aecaffc935bf7</audio_md5><valence>0.486925</valence><danceability>0.559893</danceability></audio_summary><title>Sinnamon</title></song><song><artist_id>AR1LNDR1187FB400B0</artist_id><artist_name>Angel City Outcasts</artist_name><id>SOJKHHT12AF72A3776</id><audio_summary><key>10</key><analysis_url>http://echonest-analysis.s3.amazonaws.com/TR/c-uE1Qra8YHKY6eCMHDXEiBWJ8w-d334zUxV-6OD7eA71w1aZlWXT22K15W9lT9NevAfxk41SX1sTcZNQ%3D/3/full.json?AWSAccessKeyId=AKIAJRDFEY23UEVW42BQ&amp;Expires=1415343693&amp;Signature=ftYx8disnAL9uiVpBY7/1gy3HHg%3D</analysis_url><energy>0.763176</energy><liveness>0.226126</liveness><tempo>119.983</tempo><speechiness>0.052306</speechiness><acousticness>0.011093</acousticness><instrumentalness>0.000517</instrumentalness><mode>1</mode><time_signature>4</time_signature><duration>164.63955</duration><loudness>-4.348</loudness><audio_md5>c3f2f9ee87452b57e18f94d617d5e557</audio_md5><valence>0.545416</valence><danceability>0.574616</danceability></audio_summary><title>Left For My Own</title></song><song><artist_id>AR1LNDR1187FB400B0</artist_id><artist_name>Angel City Outcasts</artist_name><id>SOSAJFL1312FE01F65</id><audio_summary><key>0</key><analysis_url>http://echonest-analysis.s3.amazonaws.com/TR/3p2bdw84MBJUGfOXoT9TxI0uT4CqzfOsCVBNB4HUaxtleDwbETrSwA40y9HDbQamQYfeSW2SQzwlLCgNw%3D/3/full.json?AWSAccessKeyId=AKIAJRDFEY23UEVW42BQ&amp;Expires=1415343693&amp;Signature=Sj3l9VEW97nhaJ0xO2ibvbYLUlU%3D</analysis_url><energy>0.637889</energy><liveness>0.145906</liveness><tempo>104.934</tempo><speechiness>0.027336</speechiness><acousticness>0.544511</acousticness><instrumentalness>6.4e-05</instrumentalness><mode>1</mode><time_signature>4</time_signature><duration>230.71955</duration><loudness>-6.724</loudness><audio_md5>3850dd25577f1cdc0a7b511ab7ed3239</audio_md5><valence>0.343317</valence><danceability>0.600882</danceability></audio_summary><title>Wild Hearts</title></song><song><artist_id>ARPGDZM122988F41B6</artist_id><artist_name>The Angel City Brass</artist_name><id>SODWHIU131712CF956</id><audio_summary><key>0</key><analysis_url>http://echonest-analysis.s3.amazonaws.com/TR/a4q-XwpU1cVJekS7VU6RS95bHjEIZTs0QP3UFEGSVP5qOgtAccrpgUFwJzSA4CVe1yu6noDwjmaiJfnvU%3D/3/full.json?AWSAccessKeyId=AKIAJRDFEY23UEVW42BQ&amp;Expires=1415343693&amp;Signature=PuKTE5B4cYGqw5t4zgcW7ic5ekI%3D</analysis_url><energy>0.498397</energy><liveness>0.128137</liveness><tempo>103.169</tempo><speechiness>0.045937</speechiness><acousticness>0.991158</acousticness><instrumentalness>0.855124</instrumentalness><mode>0</mode><time_signature>4</time_signature><duration>79.34621</duration><loudness>-10.363</loudness><audio_md5 /><valence>0.915493</valence><danceability>0.877299</danceability></audio_summary><title>Up on the Rooftop</title></song><song><artist_id>ARPGDZM122988F41B6</artist_id><artist_name>The Angel City Brass</artist_name><id>SOLUENX131712CFA19</id><audio_summary><key>3</key><analysis_url>http://echonest-analysis.s3.amazonaws.com/TR/vIpWzgNJ9b-XTj5Rz_UonrJTQ95WxX9ml2Fh3iF6jajwoHAwVLu_x6JY0rTKGa59YT_GzdtjwCy4DiLic%3D/3/full.json?AWSAccessKeyId=AKIAJRDFEY23UEVW42BQ&amp;Expires=1415343693&amp;Signature=bH0sxbl8vvXS5AbIMv9B4fIDT5Q%3D</analysis_url><energy>0.151046</energy><liveness>0.141686</liveness><tempo>90.244</tempo><speechiness>0.037248</speechiness><acousticness>0.994538</acousticness><instrumentalness>0.906233</instrumentalness><mode>1</mode><time_signature>3</time_signature><duration>143.14621</duration><loudness>-9.251</loudness><audio_md5 /><valence>0.239131</valence><danceability>0.576548</danceability></audio_summary><title>Oh Tannebaum</title></song><song><artist_id>ARPGDZM122988F41B6</artist_id><artist_name>The Angel City Brass</artist_name><id>SOGCQIY131712CFFE7</id><audio_summary><key>7</key><analysis_url>http://echonest-analysis.s3.amazonaws.com/TR/mXFBWQDAWVVZ5b411V5xPKSIYAINyOJXI7udgXozZ1dXEnISBXMAe609C_FiBqD7dsdLgzCd8DO0JrsJA%3D/3/full.json?AWSAccessKeyId=AKIAJRDFEY23UEVW42BQ&amp;Expires=1415343693&amp;Signature=N83/zn0RnL0DSSpidn5w4gjRWu4%3D</analysis_url><energy>0.352308</energy><liveness>0.103206</liveness><tempo>175.844</tempo><speechiness>0.140625</speechiness><acousticness>0.995172</acousticness><instrumentalness>0.892371</instrumentalness><mode>0</mode><time_signature>3</time_signature><duration>77.22621</duration><loudness>-11.841</loudness><audio_md5 /><valence>0.642834</valence><danceability>0.61384</danceability></audio_summary><title>Carol of the Bells</title></song><song><artist_id>AR1LNDR1187FB400B0</artist_id><artist_name>Angel City Outcasts</artist_name><id>SOJKMXA1311AFDDB5A</id><audio_summary><key>0</key><analysis_url>http://echonest-analysis.s3.amazonaws.com/TR/-tFhVg1qu67ckY6ZjaMHHO7F1YQ9Hyjiv5-NELlavGhkwN2Lm8U3YEFWxG3xkmMsGggqIL-17k45E632c%3D/3/full.json?AWSAccessKeyId=AKIAJRDFEY23UEVW42BQ&amp;Expires=1415343693&amp;Signature=KmFG2d7E3df%2B7CERLYtO%2B42JQZs%3D</analysis_url><energy>0.908966</energy><liveness>0.353116</liveness><tempo>174.019</tempo><speechiness>0.041728</speechiness><acousticness>0.000548</acousticness><instrumentalness>0.006715</instrumentalness><mode>1</mode><time_signature>4</time_signature><duration>199.29288</duration><loudness>-4.25</loudness><audio_md5 /><valence>0.710966</valence><danceability>0.417168</danceability></audio_summary><title>Don't Break Me Down</title></song><song><artist_id>AR1LNDR1187FB400B0</artist_id><artist_name>Angel City Outcasts</artist_name><id>SONXGYT1312A8AAAA3</id><audio_summary><key>7</key><analysis_url>http://echonest-analysis.s3.amazonaws.com/TR/SuoxyAtP5VOTx1pWnwJOYuG4GBX_IceZuxK7EubuJjHEJuwOrAJ3P4h76cFqcbfgJb3BJRBYKir9MetMA%3D/3/full.json?AWSAccessKeyId=AKIAJRDFEY23UEVW42BQ&amp;Expires=1415343693&amp;Signature=pmYQlTpYzQ32EmUokgCeBR97/5M%3D</analysis_url><energy>0.881049</energy><liveness>0.387095</liveness><tempo>87.6</tempo><speechiness>0.037708</speechiness><acousticness>0.001314</acousticness><instrumentalness>0.0</instrumentalness><mode>1</mode><time_signature>4</time_signature><duration>241.90621</duration><loudness>-3.857</loudness><audio_md5>aa2e9ea7e5074972bc814d0089ade63e</audio_md5><valence>0.534641</valence><danceability>0.491854</danceability></audio_summary><title>Get It Right</title></song><song><artist_id>AR1LNDR1187FB400B0</artist_id><artist_name>Angel City Outcasts</artist_name><id>SOMOETM12AF72A3774</id><audio_summary><key>5</key><analysis_url>http://echonest-analysis.s3.amazonaws.com/TR/wCmZ-AHOfRYXL43njskIeUIAQU6r45yFvwtZ_A_KyOHgsLK9B76Kor6rIvYxGW01D_C-A_Z7nbEOUZmtA%3D/3/full.json?AWSAccessKeyId=AKIAJRDFEY23UEVW42BQ&amp;Expires=1415343693&amp;Signature=wqjGa/y7HaM%2BtTn4DzTf5rfDo0c%3D</analysis_url><energy>0.868595</energy><liveness>0.252337</liveness><tempo>107.495</tempo><speechiness>0.041261</speechiness><acousticness>8.5e-05</acousticness><instrumentalness>0.000251</instrumentalness><mode>1</mode><time_signature>4</time_signature><duration>214.23955</duration><loudness>-4.591</loudness><audio_md5>9b52db8d6082f0e0f89a6c044ce91119</audio_md5><valence>0.446513</valence><danceability>0.441436</danceability></audio_summary><title>Lift Me Up</title></song><song><artist_id>AR1LNDR1187FB400B0</artist_id><artist_name>Angel City Outcasts</artist_name><id>SOQLQEQ12AB017F238</id><audio_summary><key>5</key><analysis_url>http://echonest-analysis.s3.amazonaws.com/TR/pKzH8gUAIrZyzCsk0nHTOJIxrVpSfvZoyZS-uWj0rv6NSLRqpResAaPugOqRtQSeFDlot39bDm8J-HhEI%3D/3/full.json?AWSAccessKeyId=AKIAJRDFEY23UEVW42BQ&amp;Expires=1415343693&amp;Signature=%2B6VlW1tZUBC7RRZIWrjiR17nDws%3D</analysis_url><energy>0.987217</energy><liveness>0.099518</liveness><tempo>91.32</tempo><speechiness>0.20871</speechiness><acousticness>0.030466</acousticness><instrumentalness>8e-06</instrumentalness><mode>0</mode><time_signature>4</time_signature><duration>213.79955</duration><loudness>-2.553</loudness><audio_md5 /><valence>0.468846</valence><danceability>0.353436</danceability></audio_summary><title>Cutthroat</title></song><song><artist_id>AR1LNDR1187FB400B0</artist_id><artist_name>Angel City Outcasts</artist_name><id>SOJXBAC1311AFD7EC7</id><audio_summary><key>5</key><analysis_url>http://echonest-analysis.s3.amazonaws.com/TR/8rNRIg4KS3NzbrwBUQYejvBZQD18l9Z8BXfYwCFRvtfW7qQYp8BLjlnzRmii7YkhqkLlcaNCaO3lZiiY8%3D/3/full.json?AWSAccessKeyId=AKIAJRDFEY23UEVW42BQ&amp;Expires=1415343693&amp;Signature=VKWhBMzvBULiC31BnfvSLiU6U20%3D</analysis_url><energy>0.985843</energy><liveness>0.102512</liveness><tempo>171.979</tempo><speechiness>0.134342</speechiness><acousticness>0.00949</acousticness><instrumentalness>8.8e-05</instrumentalness><mode>1</mode><time_signature>4</time_signature><duration>266.82621</duration><loudness>-2.274</loudness><audio_md5 /><valence>0.387456</valence><danceability>0.18406</danceability></audio_summary><title>Made For This</title></song><song><artist_id>AR1LNDR1187FB400B0</artist_id><artist_name>Angel City Outcasts</artist_name><id>SOFGBYX1313438BD87</id><audio_summary><key>2</key><analysis_url>http://echonest-analysis.s3.amazonaws.com/TR/E4gBgwOyIZsvFBJNGDJv-_mUkFfNTQ4uEjUrFbl8DTBupWQJodoQNBVVCS8FWzUozhbe0wS0d7nwCJSeE%3D/3/full.json?AWSAccessKeyId=AKIAJRDFEY23UEVW42BQ&amp;Expires=1415343693&amp;Signature=%2B6HTfddK3QjP%2BiIYngCojuDAPVs%3D</analysis_url><energy>0.963085</energy><liveness>0.077672</liveness><tempo>169.998</tempo><speechiness>0.074851</speechiness><acousticness>0.002317</acousticness><instrumentalness>0.00113</instrumentalness><mode>1</mode><time_signature>4</time_signature><duration>225.99955</duration><loudness>-3.42</loudness><audio_md5 /><valence>0.717705</valence><danceability>0.404626</danceability></audio_summary><title>Sunset Sultan</title></song><song><artist_id>AR1LNDR1187FB400B0</artist_id><artist_name>Angel City Outcasts</artist_name><id>SOHEOSF1313439057E</id><audio_summary><key>0</key><analysis_url>http://echonest-analysis.s3.amazonaws.com/TR/8NC-KQxSMx9SijJWwBU-AGs-LL39eKmFZhgOywTj6oaZDtjM6L_MqF5KKKRtS-fBZin1xFM6CIY-fTPQQ%3D/3/full.json?AWSAccessKeyId=AKIAJRDFEY23UEVW42BQ&amp;Expires=1415343693&amp;Signature=A5IfVFGwMGsfUdrD6DFPr2NZ%2BrM%3D</analysis_url><energy>0.507794</energy><liveness>0.463589</liveness><tempo>119.946</tempo><speechiness>0.031679</speechiness><acousticness>0.711816</acousticness><instrumentalness>0.967116</instrumentalness><mode>1</mode><time_signature>4</time_signature><duration>101.99955</duration><loudness>-11.171</loudness><audio_md5 /><valence>0.392946</valence><danceability>0.619784</danceability></audio_summary><title>Bleeding Heart Saloon</title></song><song><artist_id>AR1LNDR1187FB400B0</artist_id><artist_name>Angel City Outcasts</artist_name><id>SOGXMFC1312A8AAA6C</id><audio_summary><key>5</key><analysis_url>http://echonest-analysis.s3.amazonaws.com/TR/LCz13QPL3VJc-lZooKvTe8KDZJAKtIdYyY4QszCOWDz5XChE67LBUJWwAZRagqoR33rfwYaBQTv9H35FA%3D/3/full.json?AWSAccessKeyId=AKIAJRDFEY23UEVW42BQ&amp;Expires=1415343693&amp;Signature=s0w/HbVG%2BxqPiSZkcAWG1uOsJps%3D</analysis_url><energy>0.991875</energy><liveness>0.30662</liveness><tempo>125.075</tempo><speechiness>0.143615</speechiness><acousticness>0.034628</acousticness><instrumentalness>9e-06</instrumentalness><mode>1</mode><time_signature>4</time_signature><duration>225.75955</duration><loudness>-2.613</loudness><audio_md5 /><valence>0.495171</valence><danceability>0.475813</danceability></audio_summary><title>Rev It Up, Turn It Loose</title></song><song><artist_id>AR1LNDR1187FB400B0</artist_id><artist_name>Angel City Outcasts</artist_name><id>SOAINCV1311AFEA15C</id><audio_summary><key>11</key><analysis_url>http://echonest-analysis.s3.amazonaws.com/TR/vq9OLgbuma9JjlEJfsdPWosVUd-7QkFc97lXjUWFmPU8wm8Ux1UoZVkGgBTHuhIcYGhsPwz6oZpsuXmh4%3D/3/full.json?AWSAccessKeyId=AKIAJRDFEY23UEVW42BQ&amp;Expires=1415343693&amp;Signature=7Gbi%2BN6Kutntl0fRf1mWBH8ywBc%3D</analysis_url><energy>0.735781</energy><liveness>0.335732</liveness><tempo>89.945</tempo><speechiness>0.038195</speechiness><acousticness>0.016305</acousticness><instrumentalness>0.016927</instrumentalness><mode>0</mode><time_signature>4</time_signature><duration>366.13288</duration><loudness>-7.512</loudness><audio_md5 /><valence>0.340335</valence><danceability>0.597926</danceability></audio_summary><title>On My Way/Exodus</title></song><song><artist_id>AR1LNDR1187FB400B0</artist_id><artist_name>Angel City Outcasts</artist_name><id>SORHWDV12AF72A3771</id><audio_summary><key>7</key><analysis_url>http://echonest-analysis.s3.amazonaws.com/TR/6uRN2Q7G2GIXRC3xh0jX1Ley_P3F8Mt01rUXHoQ41Vh70vrRquhT6h6X-KuUa9GVehc_ZMaKG50qqsFbM%3D/3/full.json?AWSAccessKeyId=AKIAJRDFEY23UEVW42BQ&amp;Expires=1415343693&amp;Signature=Zj3FEPBJSQ6LrCaL0w09BK9vUp8%3D</analysis_url><energy>0.831877</energy><liveness>0.040169</liveness><tempo>110.013</tempo><speechiness>0.048859</speechiness><acousticness>0.006005</acousticness><instrumentalness>3e-06</instrumentalness><mode>0</mode><time_signature>4</time_signature><duration>201.53288</duration><loudness>-4.624</loudness><audio_md5>a80676d20968fcafa59654688cb92f20</audio_md5><valence>0.549492</valence><danceability>0.570726</danceability></audio_summary><title>Doghouse Blues</title></song><song><artist_id>AR1LNDR1187FB400B0</artist_id><artist_name>Angel City Outcasts</artist_name><id>SONFHSV1311AFE3A38</id><audio_summary><key>0</key><analysis_url>http://echonest-analysis.s3.amazonaws.com/TR/yKJV_AJ6q9NcoIUjTiMD7q_zTdTNyxgtSCa15V8HlrCssi-fZu1TzthRTq5gCdJEWcEF1tB7_WdBx2H2k%3D/3/full.json?AWSAccessKeyId=AKIAJRDFEY23UEVW42BQ&amp;Expires=1415343693&amp;Signature=STb4Xse1AxWVCxjym1rtyIBWwRQ%3D</analysis_url><energy>0.839042</energy><liveness>0.070541</liveness><tempo>164.991</tempo><speechiness>0.038166</speechiness><acousticness>0.000816</acousticness><instrumentalness>0.000217</instrumentalness><mode>1</mode><time_signature>4</time_signature><duration>256.63955</duration><loudness>-5.016</loudness><audio_md5>fb1aea5e1ca2a06271be0c0f5efd5e6a</audio_md5><valence>0.57398</valence><danceability>0.39342</danceability></audio_summary><title>Hold On</title></song><song><artist_id>AR1LNDR1187FB400B0</artist_id><artist_name>Angel City Outcasts</artist_name><id>SOIDUOB12AF72A376D</id><audio_summary><key>7</key><analysis_url>http://echonest-analysis.s3.amazonaws.com/TR/RMV44AUfMFJXXVK0_XmVemCKhnIF4fm9pnc7tPPPdRgfzZmrJk0_163zVA1jlp-ZH_tl6P8OzAHvOz0-0%3D/3/full.json?AWSAccessKeyId=AKIAJRDFEY23UEVW42BQ&amp;Expires=1415343693&amp;Signature=Tu7S7F88d4YFzzuyYHdz1oEzxHw%3D</analysis_url><energy>0.850853</energy><liveness>0.317348</liveness><tempo>99.887</tempo><speechiness>0.049103</speechiness><acousticness>0.003899</acousticness><instrumentalness>0.001311</instrumentalness><mode>1</mode><time_signature>4</time_signature><duration>204.11955</duration><loudness>-4.227</loudness><audio_md5>b382f9b4312f54b56e8b24020f525960</audio_md5><valence>0.558857</valence><danceability>0.522319</danceability></audio_summary><title>Going Crazy</title></song><song><artist_id>AR1LNDR1187FB400B0</artist_id><artist_name>Angel City Outcasts</artist_name><id>SOFTYZL1313439DA0A</id><audio_summary><key>5</key><analysis_url>http://echonest-analysis.s3.amazonaws.com/TR/VesEVAdRZHBLOtPT_g-9T15SyNUyaw65qEWimrAWqVqQbdVrPoBJMtr0ixuINZN-AIlg_zumYTP2hsAy4%3D/3/full.json?AWSAccessKeyId=AKIAJRDFEY23UEVW42BQ&amp;Expires=1415343693&amp;Signature=NzUEHVjrJI%2BiweQzL2GCKJK60y4%3D</analysis_url><energy>0.967663</energy><liveness>0.115899</liveness><tempo>106.01</tempo><speechiness>0.081255</speechiness><acousticness>0.006075</acousticness><instrumentalness>0.001069</instrumentalness><mode>1</mode><time_signature>4</time_signature><duration>278.03955</duration><loudness>-2.95</loudness><audio_md5>63c897fb17d666ee9045fc084a7b4584</audio_md5><valence>0.620548</valence><danceability>0.470582</danceability></audio_summary><title>Ten After Midnight</title></song><song><artist_id>AR02TB61187FB5355B</artist_id><artist_name>Angel City Chorale</artist_name><id>SOSANME1313439EE29</id><audio_summary><key>0</key><analysis_url>http://echonest-analysis.s3.amazonaws.com/TR/iMMdgQk78Mwi0EJCcrKQp6MXq5mzrMDQlmPATxutkwCzKLIP7uZl2lSNuW5o6LarezNSXT8JCJSXsqiOE%3D/3/full.json?AWSAccessKeyId=AKIAJRDFEY23UEVW42BQ&amp;Expires=1415343693&amp;Signature=b7bUP8jwvKRj4qFTAHPIiTC5fs0%3D</analysis_url><energy>0.201318</energy><liveness>0.092186</liveness><tempo>101.846</tempo><speechiness>0.036989</speechiness><acousticness>0.973751</acousticness><instrumentalness>4.9e-05</instrumentalness><mode>0</mode><time_signature>3</time_signature><duration>101.73288</duration><loudness>-19.762</loudness><audio_md5 /><valence>0.126346</valence><danceability>0.196766</danceability></audio_summary><title>Durme, Durme</title></song></songs></response>