<response><status><version>4.2</version><code>0</code><message>Success</message></status><songs><song><artist_id>ARJOYKV1187B98C26F</artist_id><artist_name>Angelis</artist_name><id>SOFXTXH12D8578C2C9</id><audio_summary><key>0</key><analysis_url>http://echonest-analysis.s3.amazonaws.com/TR/HLtfeg9IXEhymMP79TpPjvHjnJpFOQp9aYMHPa5Q6LVl3ZGY7Q5X46xc2tR96HQ5DOrAE-fJrjkjXptXU%3D/3/full.json?AWSAccessKeyId=AKIAJRDFEY23UEVW42BQ&amp;Expires=1415343729&amp;Signature=SbG1igr8pHTyk/B96dlntIJKP8Q%3D</analysis_url><energy>0.226086</energy><liveness>0.104351</liveness><tempo>79.399</tempo><speechiness>0.0346</speechiness><acousticness>0.66666</acousticness><instrumentalness>3e-05</instrumentalness><mode>0</mode><time_signature>4</time_signature><duration>250.83955</duration><loudness>-12.707</loudness><audio_md5 /><valence>0.039098</valence><danceability>0.148763</danceability></audio_summary><title>Even Though You're Gone</title></song><song><artist_id>ARJOYKV1187B98C26F</artist_id><artist_name>Angelis</artist_name><id>SOGIOJZ136719C26E9</id><audio_summary><key>0</key><analysis_url>http://echonest-analysis.s3.amazonaws.com/TR/6fKsGg7mwuau8lHtj-B25CuBJSAqAXSr9Y2cB71RqB4LDDLnoK2UoDdXgH43zwvM6Qap5NHRSXVzbVfbo%3D/3/full.json?AWSAccessKeyId=AKIAJRDFEY23UEVW42BQ&amp;Expires=1415343729&amp;Signature=LKovGGDiGCOrMUt2NNCn2F1S%2BFk%3D</analysis_url><energy>0.264251</energy><liveness>0.14217</liveness><tempo>128.484</tempo><speechiness>0.034006</speechiness><acousticness>0.893879</acousticness><instrumentalness>0.001408</instrumentalness><mode>1</mode><time_signature>5</time_signature><duration>133.94621</duration><loudness>-10.028</loudness><audio_md5 /><valence>0.067925</valence><danceability>0.203862</danceability></audio_summary><title>Silent Night</title></song><song><artist_id>ARJOYKV1187B98C26F</artist_id><artist_name>Angelis</artist_name><id>SOHSNMA12A8C13ECFF</id><audio_summary><key>2</key><analysis_url>http://echonest-analysis.s3.amazonaws.com/TR/OQFAkgAru-Xh84pfFN0Nz9hI3gCLaE-tBATyzxWP6CoJ0M5L8BUj2sEFqjixmNRL9wvFwn6qljb-r3dbw%3D/3/full.json?AWSAccessKeyId=AKIAJRDFEY23UEVW42BQ&amp;Expires=1415343729&amp;Signature=X5V7lTKeEUYH3agJ661KihQS7v0%3D</analysis_url><energy>0.221112</energy><liveness>0.065154</liveness><tempo>180.566</tempo><speechiness>0.034665</speechiness><acousticness>0.860375</acousticness><instrumentalness>1e-06</instrumentalness><mode>0</mode><time_signature>4</time_signature><duration>231.34621</duration><loudness>-10.777</loudness><audio_md5 /><valence>0.056914</valence><danceability>0.156682</danceability></audio_summary><title>Walking in the Air</title></song><song><artist_id>ARJOYKV1187B98C26F</artist_id><artist_name>Angelis</artist_name><id>SOMTYHQ1315CD429B2</id><audio_summary><key>0</key><analysis_url>http://echonest-analysis.s3.amazonaws.com/TR/g4mWYAFGuH3UzXVAotZSNLf_6rNy_FvQRGDPqCVvuadw7FG7lfALzFBxBF9nEuj9WLlRT7oo8dGwvVn70%3D/3/full.json?AWSAccessKeyId=AKIAJRDFEY23UEVW42BQ&amp;Expires=1415343729&amp;Signature=aQonk4BG3YfvxZ0gvzbEvzDWQhY%3D</analysis_url><energy>0.320444</energy><liveness>0.124118</liveness><tempo>134.793</tempo><speechiness>0.028481</speechiness><acousticness>0.767972</acousticness><instrumentalness>0.705214</instrumentalness><mode>1</mode><time_signature>4</time_signature><duration>282.59016</duration><loudness>-13.282</loudness><audio_md5 /><valence>0.239093</valence><danceability>0.307115</danceability></audio_summary><title>Amanecer</title></song><song><artist_id>ARJOYKV1187B98C26F</artist_id><artist_name>Angelis</artist_name><id>SONSDTV12A8C13ED04</id><audio_summary><key>3</key><analysis_url>http://echonest-analysis.s3.amazonaws.com/TR/ihGj6AXB54e4A5fyKe18BUQEYdFwCYu3fAkZiNwNTS3q_0-eKLz9KZHHB8MwyoCFsDwKVaUvjDNHW6D0Y%3D/3/full.json?AWSAccessKeyId=AKIAJRDFEY23UEVW42BQ&amp;Expires=1415343729&amp;Signature=jLmxSdzYFZ%2B3cKveO09nHRNBwP0%3D</analysis_url><energy>0.228226</energy><liveness>0.102862</liveness><tempo>87.383</tempo><speechiness>0.035873</speechiness><acousticness>0.837816</acousticness><instrumentalness>0.00312</instrumentalness><mode>1</mode><time_signature>3</time_signature><duration>255.51193</duration><loudness>-10.781</loudness><audio_md5 /><valence>0.045031</valence><danceability>0.111006</danceability></audio_summary><title>Oh Holy Night</title></song><song><artist_id>ARJOYKV1187B98C26F</artist_id><artist_name>Angelis</artist_name><id>SOOFKJR12A8C13ED00</id><audio_summary><key>7</key><analysis_url>http://echonest-analysis.s3.amazonaws.com/TR/vERv6AoFQIsyNzUqd7dQl1pT_mk_1ckW3YS_WK0VyblZJNiyMLyiVz62FiST6uEf-CWVf6Tkj0mx_aHqI%3D/3/full.json?AWSAccessKeyId=AKIAJRDFEY23UEVW42BQ&amp;Expires=1415343729&amp;Signature=hQGhZCpgfd2jLh2P0eAW8UF6NTk%3D</analysis_url><energy>0.201227</energy><liveness>0.09293</liveness><tempo>90.236</tempo><speechiness>0.033607</speechiness><acousticness>0.958341</acousticness><instrumentalness>0.000173</instrumentalness><mode>1</mode><time_signature>3</time_signature><duration>170.15955</duration><loudness>-12.896</loudness><audio_md5 /><valence>0.060328</valence><danceability>0.148841</danceability></audio_summary><title>Morning Has Broken</title></song><song><artist_id>ARJOYKV1187B98C26F</artist_id><artist_name>Angelis</artist_name><id>SOYUBKD12A8C13ECF7</id><audio_summary><key>3</key><analysis_url>http://echonest-analysis.s3.amazonaws.com/TR/MSQvQglmy86JlXbynmOg_iMgY9QrD4C5y5fIhKL8YjbKNs_F2ZpCDuLOJL-OEjQA9BUnOkvsDuZ5dQc0E%3D/3/full.json?AWSAccessKeyId=AKIAJRDFEY23UEVW42BQ&amp;Expires=1415343729&amp;Signature=zS7ehIPtPxAQ%2Ba1VvXsv3ff8NtA%3D</analysis_url><energy>0.282011</energy><liveness>0.11186</liveness><tempo>90.219</tempo><speechiness>0.031117</speechiness><acousticness>0.880487</acousticness><instrumentalness>0.0</instrumentalness><mode>1</mode><time_signature>5</time_signature><duration>265.81288</duration><loudness>-9.744</loudness><audio_md5 /><valence>0.137462</valence><danceability>0.255032</danceability></audio_summary><title>Angel</title></song><song><artist_id>ARJOYKV1187B98C26F</artist_id><artist_name>Angelis</artist_name><id>SOQPFWS12A8C13ED03</id><audio_summary><key>8</key><analysis_url>http://echonest-analysis.s3.amazonaws.com/TR/XyBRqwGvzR5LwCrk6060gx7nnjpenLv5HgEWdgqDUEOfrjTmfs6nVwzZpLSRCkyqWhowhabe1wcAuSgdY%3D/3/full.json?AWSAccessKeyId=AKIAJRDFEY23UEVW42BQ&amp;Expires=1415343729&amp;Signature=uoP6dLQqSRJWbrr8rU3MKV55qO8%3D</analysis_url><energy>0.32962</energy><liveness>0.10013</liveness><tempo>116.225</tempo><speechiness>0.031899</speechiness><acousticness>0.870962</acousticness><instrumentalness>0.000955</instrumentalness><mode>1</mode><time_signature>4</time_signature><duration>241.99955</duration><loudness>-9.554</loudness><audio_md5 /><valence>0.040231</valence><danceability>0.219637</danceability></audio_summary><title>Cantero</title></song><song><artist_id>ARJOYKV1187B98C26F</artist_id><artist_name>Angelis</artist_name><id>SOIKGPA12A8C144079</id><audio_summary><key>8</key><analysis_url>http://echonest-analysis.s3.amazonaws.com/TR/xvdfxwCOYPOrhRVbC6pSdhxk93baAbUHuONsTZkNMPKj1ERR1q5wzVzpN_oT0EFmfvvXSN6Im6IkvmlH4%3D/3/full.json?AWSAccessKeyId=AKIAJRDFEY23UEVW42BQ&amp;Expires=1415343729&amp;Signature=3aK/0eYmDe7wZKOaW8ASWFiCOzQ%3D</analysis_url><energy>0.252026</energy><liveness>0.112936</liveness><tempo>60.482</tempo><speechiness>0.03106</speechiness><acousticness>0.821948</acousticness><instrumentalness>0.000284</instrumentalness><mode>1</mode><time_signature>3</time_signature><duration>194.83955</duration><loudness>-11.215</loudness><audio_md5 /><valence>0.038752</valence><danceability>0.150646</danceability></audio_summary><title>Pie Jesu</title></song><song><artist_id>ARJOYKV1187B98C26F</artist_id><artist_name>Angelis</artist_name><id>SOYUHGP12A8C13ECFA</id><audio_summary><key>1</key><analysis_url>http://echonest-analysis.s3.amazonaws.com/TR/tN60kA3xwr7rgMawLBsHbEw-rluqs7rYBNVn_Q8pxl294Ako3bAOYTgePhSlZ88cYvEIDp3ictf_v6pco%3D/3/full.json?AWSAccessKeyId=AKIAJRDFEY23UEVW42BQ&amp;Expires=1415343729&amp;Signature=XhbWnd3nzIgmySa2XIVX77wwrU0%3D</analysis_url><energy>0.155804</energy><liveness>0.16977</liveness><tempo>125.495</tempo><speechiness>0.036945</speechiness><acousticness>0.910788</acousticness><instrumentalness>1e-05</instrumentalness><mode>1</mode><time_signature>4</time_signature><duration>214.53288</duration><loudness>-12.871</loudness><audio_md5 /><valence>0.078283</valence><danceability>0.22775</danceability></audio_summary><title>Over The Rainbow</title></song><song><artist_id>ARJOYKV1187B98C26F</artist_id><artist_name>Angelis</artist_name><id>SOXEFPR12A8C13ECFD</id><audio_summary><key>7</key><analysis_url>http://echonest-analysis.s3.amazonaws.com/TR/lfzlrQOyaNcIsRNqcMWdiwVpd3GlN3xjeDnE2cyDJqmSVnnHOuil73hDYNNxIQoXe-IxLm1_544fzIxa0%3D/3/full.json?AWSAccessKeyId=AKIAJRDFEY23UEVW42BQ&amp;Expires=1415343729&amp;Signature=TpVeGV5CB%2BnDXvQd4XJZbkEnKjo%3D</analysis_url><energy>0.339059</energy><liveness>0.088977</liveness><tempo>86.763</tempo><speechiness>0.031946</speechiness><acousticness>0.709967</acousticness><instrumentalness>0.00033</instrumentalness><mode>1</mode><time_signature>4</time_signature><duration>156.39955</duration><loudness>-9.604</loudness><audio_md5 /><valence>0.057806</valence><danceability>0.174574</danceability></audio_summary><title>Pokarekare Ana</title></song><song><artist_id>ARJOYKV1187B98C26F</artist_id><artist_name>Angelis</artist_name><id>SOWRDGS12A8C13ED01</id><audio_summary><key>9</key><analysis_url>http://echonest-analysis.s3.amazonaws.com/TR/i6C7ngNlQnlDrF-kr04zpbOznc8hibBrm-kcZFEwL1i5C8dVqstvLxiSz9IWRx_LfAc3Iu0zdb6qUwMtk%3D/3/full.json?AWSAccessKeyId=AKIAJRDFEY23UEVW42BQ&amp;Expires=1415343729&amp;Signature=4NKTH25V8nL/m/pua6s53lQYrk4%3D</analysis_url><energy>0.229931</energy><liveness>0.106488</liveness><tempo>88.409</tempo><speechiness>0.033265</speechiness><acousticness>0.888973</acousticness><instrumentalness>0.000178</instrumentalness><mode>1</mode><time_signature>4</time_signature><duration>228.95959</duration><loudness>-14.293</loudness><audio_md5 /><valence>0.053703</valence><danceability>0.135689</danceability></audio_summary><title>May It Be</title></song><song><artist_id>AR3QA111187B98C270</artist_id><artist_name>Kim Angelis</artist_name><id>SOAABBI1311AFD54B4</id><audio_summary><key>7</key><analysis_url>http://echonest-analysis.s3.amazonaws.com/TR/YoW7rQivdUL9kf9_qcASBp36KoHClICDGotUWKw-bIM3eX6oN6W3rN61Sy0Eo_ClnOZHPM0I1Bq2uHbxk%3D/3/full.json?AWSAccessKeyId=AKIAJRDFEY23UEVW42BQ&amp;Expires=1415343729&amp;Signature=0RNEZ7LJ6Lh0l8hvt%2BB1Rwhm6jU%3D</analysis_url><energy>0.264846</energy><liveness>0.767693</liveness><tempo>169.519</tempo><speechiness>0.032467</speechiness><acousticness>0.766952</acousticness><instrumentalness>3e-06</instrumentalness><mode>0</mode><time_signature>4</time_signature><duration>229.99955</duration><loudness>-13.809</loudness><audio_md5 /><valence>0.304091</valence><danceability>0.235975</danceability></audio_summary><title>Lachryma Montis (Tear of the Mountain)</title></song><song><artist_id>ARCLSZP136658E5F5B</artist_id><artist_name>Edoardo Angelis</artist_name><id>SOAGLLR1374057061A</id><audio_summary><key>9</key><analysis_url>http://echonest-analysis.s3.amazonaws.com/TR/P8yD0gw_FzLuQEOvtbC-mCA3KIY3kO9OXF2kNm6AtMTNtDQLXiALQdUEuzDyC--Vll3WOKkl0-uYytc3U%3D/3/full.json?AWSAccessKeyId=AKIAJRDFEY23UEVW42BQ&amp;Expires=1415343729&amp;Signature=ucE9LtNZPiQTVtAfLb6VsGWJNaU%3D</analysis_url><energy>0.596868</energy><liveness>0.317925</liveness><tempo>156.837</tempo><speechiness>0.032186</speechiness><acousticness>0.651588</acousticness><instrumentalness>0.41674</instrumentalness><mode>1</mode><time_signature>4</time_signature><duration>172.06621</duration><loudness>-13.248</loudness><audio_md5 /><valence>0.884338</valence><danceability>0.546555</danceability></audio_summary><title>Piccola Storia Di LIbertà</title></song><song><artist_id>AR3QA111187B98C270</artist_id><artist_name>Kim Angelis</artist_name><id>SOIGPFI130516DBA25</id><audio_summary><key>9</key><analysis_url>http://echonest-analysis.s3.amazonaws.com/TR/cDjMSAqVROxqhfMkRQdW0shFCTxaUUENTCr5H3D37FajjaAeJH_BBenNnebwul2C4MfacVy63sT4--VTE%3D/3/full.json?AWSAccessKeyId=AKIAJRDFEY23UEVW42BQ&amp;Expires=1415343729&amp;Signature=2NwC3OaVRw7B0Y70iduepvadwB8%3D</analysis_url><energy>0.419913</energy><liveness>0.175191</liveness><tempo>76.678</tempo><speechiness>0.048129</speechiness><acousticness>0.802984</acousticness><instrumentalness>0.075176</instrumentalness><mode>0</mode><time_signature>4</time_signature><duration>361.03955</duration><loudness>-10.191</loudness><audio_md5 /><valence>0.374051</valence><danceability>0.323695</danceability></audio_summary><title>The Legend of Joaquin</title></song><song><artist_id>AR3QA111187B98C270</artist_id><artist_name>Kim Angelis</artist_name><id>SOEKCAA131712D0494</id><audio_summary><key>4</key><analysis_url>http://echonest-analysis.s3.amazonaws.com/TR/pezTcAqA9wde5msaHPzPycO0T2OKe1fSCCPP06W8jQGx--OW5W5J8PRAIefUfxkwgmlTyQI_UCoptF7TI%3D/3/full.json?AWSAccessKeyId=AKIAJRDFEY23UEVW42BQ&amp;Expires=1415343729&amp;Signature=D7%2B4TySigt93AMZ6bM%2BAKfKURV0%3D</analysis_url><energy>0.183245</energy><liveness>0.325981</liveness><tempo>107.063</tempo><speechiness>0.044039</speechiness><acousticness>0.945365</acousticness><instrumentalness>0.314436</instrumentalness><mode>0</mode><time_signature>3</time_signature><duration>231.22621</duration><loudness>-16.588</loudness><audio_md5 /><valence>0.317904</valence><danceability>0.23758</danceability></audio_summary><title>Psalm 42</title></song><song><artist_id>ARNTRBR1241B9CC59B</artist_id><artist_name>Roberto Angelis</artist_name><id>SOBBUWK1307A7E86BF</id><audio_summary><key>10</key><analysis_url>http://echonest-analysis.s3.amazonaws.com/TR/2ORXugsPEj6q_36U17XxnHijL_02E7ur7Jf25yS1ou7tTQhK_13XXD96KLlNuOXU6EU7dcWW1RJN5S_vg%3D/3/full.json?AWSAccessKeyId=AKIAJRDFEY23UEVW42BQ&amp;Expires=1415343729&amp;Signature=sCP2x4UcD2BtH8SdCuHSkIPTDxk%3D</analysis_url><energy>0.320453</energy><liveness>0.239242</liveness><tempo>81.261</tempo><speechiness>0.553737</speechiness><acousticness>0.822275</acousticness><instrumentalness>1e-06</instrumentalness><mode>0</mode><time_signature>3</time_signature><duration>173.82621</duration><loudness>-19.61</loudness><audio_md5 /><valence>0.303664</valence><danceability>0.28225</danceability></audio_summary><title>UnTitLed</title></song><song><artist_id>ARHJZTR11E8F5C112A</artist_id><artist_name>Linda Angelis</artist_name><id>SOAXIAY12AF72A0B86</id><audio_summary><key>0</key><analysis_url>http://echonest-analysis.s3.amazonaws.com/TR/2ur0Bw2SnP37_9jpWo9ZHURoWKp1_lv1HajJt8kfluMhNUvamxcgfEzfI2AXPyvQpZBVMkDvV4v0qlu5k%3D/3/full.json?AWSAccessKeyId=AKIAJRDFEY23UEVW42BQ&amp;Expires=1415343729&amp;Signature=Qs8/kUM0jndgBLYinHjVXk6oB2Q%3D</analysis_url><energy>0.358595</energy><liveness>0.112322</liveness><tempo>126.652</tempo><speechiness>0.032797</speechiness><acousticness>0.777805</acousticness><instrumentalness>0.089407</instrumentalness><mode>0</mode><time_signature>4</time_signature><duration>310.69288</duration><loudness>-10.495</loudness><audio_md5 /><valence>0.31226</valence><danceability>0.329517</danceability></audio_summary><title>The Veil</title></song><song><artist_id>ARHJZTR11E8F5C112A</artist_id><artist_name>Linda Angelis</artist_name><id>SOAPDWE136A74C556F</id><audio_summary><key>0</key><analysis_url>http://echonest-analysis.s3.amazonaws.com/TR/ml5Csw0NtJQ38ZpxxIdFnS7KKqWLO9AYvVg53A/3/full.json?AWSAccessKeyId=AKIAJRDFEY23UEVW42BQ&amp;Expires=1415343729&amp;Signature=4%2BkjwCwD7mYwzUkJkRg9hVxC8xs%3D</analysis_url><energy>0.335452</energy><liveness>0.173647</liveness><tempo>85.135</tempo><speechiness>0.030058</speechiness><acousticness>0.963266</acousticness><instrumentalness>0.040895</instrumentalness><mode>0</mode><time_signature>4</time_signature><duration>245.65506</duration><loudness>-10.114</loudness><audio_md5 /><valence>0.124967</valence><danceability>0.222938</danceability></audio_summary><title>Floating On Air</title></song><song><artist_id>ARYZVKI1269FCD121C</artist_id><artist_name>Dimi Angélis</artist_name><id>SOATMRP146EA1F081D</id><audio_summary><key>11</key><analysis_url>http://echonest-analysis.s3.amazonaws.com/TR/C0QAnQ647-Ek1ceAJf4g-DUe3zGmnUcyK5MTocWYEu1Kz9mggUkBPmgUzNhFmP-vdIF1QE3ghcM7onLaI%3D/3/full.json?AWSAccessKeyId=AKIAJRDFEY23UEVW42BQ&amp;Expires=1415343729&amp;Signature=qthHwWgf40EfRIPe4hBLWi72yqY%3D</analysis_url><energy>0.975255</energy><liveness>0.109775</liveness><tempo>138.908</tempo><speechiness>0.073739</speechiness><acousticness>0.004347</acousticness><instrumentalness>0.907281</instrumentalness><mode>0</mode><time_signature>4</time_signature><duration>498.45288</duration><loudness>-10.579</loudness><audio_md5 /><valence>0.039065</valence><danceability>0.611814</danceability></audio_summary><title>Sleepless</title></song><song><artist_id>ARCLSZP136658E5F5B</artist_id><artist_name>Edoardo Angelis</artist_name><id>SOAUMSS13740572085</id><audio_summary><key>7</key><analysis_url>http://echonest-analysis.s3.amazonaws.com/TR/NbEyxQPjfBOMHHBvicx84CSB_3VnID7eNTjPgwJvo1iGv1CBot_OsUb1ihbCwHmg2c7f1DIuPYUGVBFgI%3D/3/full.json?AWSAccessKeyId=AKIAJRDFEY23UEVW42BQ&amp;Expires=1415343729&amp;Signature=sc/XQS85V6g2U1CiWcoY2ekSFdM%3D</analysis_url><energy>0.238992</energy><liveness>0.111405</liveness><tempo>158.419</tempo><speechiness>0.043788</speechiness><acousticness>0.932598</acousticness><instrumentalness>0.847865</instrumentalness><mode>1</mode><time_signature>3</time_signature><duration>124.19955</duration><loudness>-19.854</loudness><audio_md5 /><valence>0.496725</valence><danceability>0.393152</danceability></audio_summary><title>Fagiolino</title></song><song><artist_id>ARHJZTR11E8F5C112A</artist_id><artist_name>Linda Angelis</artist_name><id>SOASZWJ136A7435EA5</id><audio_summary><key>2</key><analysis_url>http://echonest-analysis.s3.amazonaws.com/TR/IbCTSgzGtf_bpB78XyN1LcequKFn2Y_x0-FQr0/3/full.json?AWSAccessKeyId=AKIAJRDFEY23UEVW42BQ&amp;Expires=1415343729&amp;Signature=t4dMSlxDdJsEEWsmyr6h0WLqpnQ%3D</analysis_url><energy>0.52337</energy><liveness>0.164984</liveness><tempo>136.984</tempo><speechiness>0.037398</speechiness><acousticness>0.917961</acousticness><instrumentalness>0.000243</instrumentalness><mode>1</mode><time_signature>4</time_signature><duration>212.11383</duration><loudness>-9.077</loudness><audio_md5 /><valence>0.486113</valence><danceability>0.46474</danceability></audio_summary><title>Oh Lori</title></song><song><artist_id>AR3QA111187B98C270</artist_id><artist_name>Kim Angelis</artist_name><id>SOANBRY130516DD483</id><audio_summary><key>11</key><analysis_url>http://echonest-analysis.s3.amazonaws.com/TR/Aqz8CQmQdoc3OnbjjHTiOwD8jNM9GnNAT_jgwx8c9EGOGhJlldVt3L812PIfbc7t2rkLJVpvR9aTiek7s%3D/3/full.json?AWSAccessKeyId=AKIAJRDFEY23UEVW42BQ&amp;Expires=1415343729&amp;Signature=9uZwT6tsF3EimFYsjRpMVBt%2BzxQ%3D</analysis_url><energy>0.365236</energy><liveness>0.089091</liveness><tempo>69.05</tempo><speechiness>0.040937</speechiness><acousticness>0.809163</acousticness><instrumentalness>0.15572</instrumentalness><mode>0</mode><time_signature>4</time_signature><duration>513.39955</duration><loudness>-7.039</loudness><audio_md5 /><valence>0.332949</valence><danceability>0.37985</danceability></audio_summary><title>Father's Favorite</title></song><song><artist_id>AR3QA111187B98C270</artist_id><artist_name>Kim Angelis</artist_name><id>SOQEYFZ136A9ADBC0C</id><audio_summary><key>11</key><analysis_url>http://echonest-analysis.s3.amazonaws.com/TR/zdZWkwp3ajBEAl-N9LWz1Qu48B_Fy-opVNTxst45Gr-Nm8BADFpwT2Ykjq_3pf2aq4KHWR4wS_uOF8wDQ%3D/3/full.json?AWSAccessKeyId=AKIAJRDFEY23UEVW42BQ&amp;Expires=1415343729&amp;Signature=qaxE1kADlAHOGQOKj9Cgbb1pIL4%3D</analysis_url><energy>0.268659</energy><liveness>0.08155</liveness><tempo>173.83</tempo><speechiness>0.041874</speechiness><acousticness>0.931937</acousticness><instrumentalness>0.00035</instrumentalness><mode>0</mode><time_signature>3</time_signature><duration>355.74621</duration><loudness>-8.107</loudness><audio_md5 /><valence>0.276864</valence><danceability>0.212647</danceability></audio_summary><title>Shadows of Dreams</title></song><song><artist_id>ARNGARB138A059637B</artist_id><artist_name>T. Angelis</artist_name><id>SOIWKIL13B4EFDDAC6</id><audio_summary><key>7</key><analysis_url>http://echonest-analysis.s3.amazonaws.com/TR/4m2CZQGSE6m73n-b8MWzKoLVaiTXofNLwIOPE5/3/full.json?AWSAccessKeyId=AKIAJRDFEY23UEVW42BQ&amp;Expires=1415343729&amp;Signature=G6WireBySpP6XH827r9%2BDaZqq70%3D</analysis_url><energy>0.421532</energy><liveness>0.198385</liveness><tempo>86.065</tempo><speechiness>0.041809</speechiness><acousticness>0.973319</acousticness><instrumentalness>0.062825</instrumentalness><mode>1</mode><time_signature>4</time_signature><duration>188.85288</duration><loudness>-10.639</loudness><audio_md5 /><valence>0.915792</valence><danceability>0.675369</danceability></audio_summary><title>Chrysoula (Hrisoula Eheis T' Onoma)</title></song><song><artist_id>AR3QA111187B98C270</artist_id><artist_name>Kim Angelis</artist_name><id>SOSBNHK130516DB2DA</id><audio_summary><key>7</key><analysis_url>http://echonest-analysis.s3.amazonaws.com/TR/U26vGwPtIzVZe4Aat6542-SIC1asLaIF3SpVdv9CY_hebTEMy1-NO1N4hDCsCNhbgz2zT-aUhiywtkSb4%3D/3/full.json?AWSAccessKeyId=AKIAJRDFEY23UEVW42BQ&amp;Expires=1415343729&amp;Signature=cgqj9AkWSvnjd9nSGc0SxmwtCvw%3D</analysis_url><energy>0.184132</energy><liveness>0.092777</liveness><tempo>78.533</tempo><speechiness>0.033711</speechiness><acousticness>0.918347</acousticness><instrumentalness>0.754568</instrumentalness><mode>1</mode><time_signature>4</time_signature><duration>301.86621</duration><loudness>-14.004</loudness><audio_md5 /><valence>0.243081</valence><danceability>0.313675</danceability></audio_summary><title>A Song or Freddy</title></song><song><artist_id>ARYZVKI1269FCD121C</artist_id><artist_name>Dimi Angélis</artist_name><id>SOSERCI1403CD69A96</id><audio_summary><key>11</key><analysis_url>http://echonest-analysis.s3.amazonaws.com/TR/k9L3jAXqcYw-7pcjxdgBQQxrjRSC-9HYLwT2jWEepD2QxjyBjwtJbbivsbU7D22CshnQly5JVTYwExkXM%3D/3/full.json?AWSAccessKeyId=AKIAJRDFEY23UEVW42BQ&amp;Expires=1415343729&amp;Signature=2/ZMtMCFnvGXQHptZ/w/dF2nV6c%3D</analysis_url><energy>0.847089</energy><liveness>0.086116</liveness><tempo>127.991</tempo><speechiness>0.074344</speechiness><acousticness>0.104621</acousticness><instrumentalness>0.935909</instrumentalness><mode>0</mode><time_signature>4</time_signature><duration>400.55188</duration><loudness>-9.969</loudness><audio_md5 /><valence>0.874275</valence><danceability>0.909281</danceability></audio_summary><title>Partitio</title></song><song><artist_id>ARNTRBR1241B9CC59B</artist_id><artist_name>Roberto Angelis</artist_name><id>SORVKAG13688EF3B5E</id><audio_summary><key>0</key><analysis_url>http://echonest-analysis.s3.amazonaws.com/TR/BGgMJAc0j4ZvPcDruZCD6cSryPO3okXEl7SZizVQukdz_E1rq7zkix5Xpypn-H_kASW7i3oZV8VXweCsk%3D/3/full.json?AWSAccessKeyId=AKIAJRDFEY23UEVW42BQ&amp;Expires=1415343729&amp;Signature=%2BVbb88y7PbPvQ44PksWXmeHAFCA%3D</analysis_url><energy>0.131799</energy><liveness>0.122012</liveness><tempo>109.594</tempo><speechiness>0.03345</speechiness><acousticness>0.779867</acousticness><instrumentalness>0.000102</instrumentalness><mode>1</mode><time_signature>4</time_signature><duration>185.38621</duration><loudness>-14.624</loudness><audio_md5 /><valence>0.151085</valence><danceability>0.466856</danceability></audio_summary><title>Water Is Wide</title></song><song><artist_id>ARVHQGS11F50C4B205</artist_id><artist_name>Kris Angelis</artist_name><id>SORVTFD13FC7EB5519</id><audio_summary><key>4</key><analysis_url>http://echonest-analysis.s3.amazonaws.com/TR/kUGnUQZs3qiHW8WauNAqeL6yc4NlpEnfx-Pqjp/3/full.json?AWSAccessKeyId=AKIAJRDFEY23UEVW42BQ&amp;Expires=1415343729&amp;Signature=/F9V9ZiiJ68gsvUs5zfX1k4dzCE%3D</analysis_url><energy>0.518908</energy><liveness>0.089048</liveness><tempo>171.649</tempo><speechiness>0.031903</speechiness><acousticness>0.05118</acousticness><instrumentalness>0.0</instrumentalness><mode>0</mode><time_signature>4</time_signature><duration>246.12526</duration><loudness>-7.643</loudness><audio_md5 /><valence>0.185772</valence><danceability>0.481102</danceability></audio_summary><title>Half as Afraid</title></song><song><artist_id>AR3QA111187B98C270</artist_id><artist_name>Kim Angelis</artist_name><id>SORXBPR13DBAB4915C</id><audio_summary><key>9</key><analysis_url>http://echonest-analysis.s3.amazonaws.com/TR/hWBMgwwv8hnXk-0jbVKJWyuXaJM58ilGjnp_x3eVwAc1ypcKIlQ3EdzCoL9kzUguKC769dBvieajT-lwc%3D/3/full.json?AWSAccessKeyId=AKIAJRDFEY23UEVW42BQ&amp;Expires=1415343729&amp;Signature=HffCC2y%2B8DPEWVxbMBXw/Df%2B5a8%3D</analysis_url><energy>0.288295</energy><liveness>0.355178</liveness><tempo>97.804</tempo><speechiness>0.043228</speechiness><acousticness>0.910135</acousticness><instrumentalness>0.000248</instrumentalness><mode>0</mode><time_signature>4</time_signature><duration>281.66621</duration><loudness>-12.376</loudness><audio_md5 /><valence>0.373657</valence><danceability>0.342858</danceability></audio_summary><title>Last Waltz in Bodie</title></song><song><artist_id>ARHJZTR11E8F5C112A</artist_id><artist_name>Linda Angelis</artist_name><id>SOTRVMM131343A22CD</id><audio_summary><key>7</key><analysis_url>http://echonest-analysis.s3.amazonaws.com/TR/a4bpyQs2A4asU_Dx8e7ZIFeRooklXRyZE9LX0B9sQ_DXT64zReBj1p8TJsvFSajTDdN23jJTILfg5MYNM%3D/3/full.json?AWSAccessKeyId=AKIAJRDFEY23UEVW42BQ&amp;Expires=1415343729&amp;Signature=WycAVWRjqY/qV%2BH99A0iUTG5QL8%3D</analysis_url><energy>0.394195</energy><liveness>0.156129</liveness><tempo>76.058</tempo><speechiness>0.025679</speechiness><acousticness>0.881399</acousticness><instrumentalness>0.001851</instrumentalness><mode>0</mode><time_signature>4</time_signature><duration>276.53288</duration><loudness>-10.03</loudness><audio_md5 /><valence>0.210973</valence><danceability>0.47335</danceability></audio_summary><title>Dare To Be</title></song><song><artist_id>ARNTRBR1241B9CC59B</artist_id><artist_name>Roberto Angelis</artist_name><id>SOTSUAW12AF729DC4F</id><audio_summary><key>7</key><analysis_url>http://echonest-analysis.s3.amazonaws.com/TR/H9FPLg9Qbgbfma2rSNXMpb-IwsNBnd4WnXuZdW6N3mjfa0VULqmo-lEQFm-w2LrK3hYuA9v3tUuShFF2M%3D/3/full.json?AWSAccessKeyId=AKIAJRDFEY23UEVW42BQ&amp;Expires=1415343729&amp;Signature=hVJDoq21IHYvvDrqxw3rSljVRsA%3D</analysis_url><energy>0.740021</energy><liveness>0.102645</liveness><tempo>105.014</tempo><speechiness>0.039447</speechiness><acousticness>0.037897</acousticness><instrumentalness>0.017054</instrumentalness><mode>0</mode><time_signature>4</time_signature><duration>312.79955</duration><loudness>-10.095</loudness><audio_md5 /><valence>0.692245</valence><danceability>0.735081</danceability></audio_summary><title>Heroes</title></song><song><artist_id>AREJJMD1452303FE2C</artist_id><artist_name>Eve Angelis</artist_name><id>SOTTZLA1452631B3C6</id><audio_summary><key>9</key><analysis_url>http://echonest-analysis.s3.amazonaws.com/TR/oc1dvgS4vvH3GJVSTIEYd9rDqPYc5tLW5b-UnYj2WuWxBPvB_2VgxNb_2VI8ii1ZljxCjPaQ1XEjIpKo8%3D/3/full.json?AWSAccessKeyId=AKIAJRDFEY23UEVW42BQ&amp;Expires=1415343729&amp;Signature=e5dyAGTSS4HgvdzlndZST/7EGZ8%3D</analysis_url><energy>0.548957</energy><liveness>0.315531</liveness><tempo>120.306</tempo><speechiness>0.031281</speechiness><acousticness>0.356058</acousticness><instrumentalness>0.0</instrumentalness><mode>1</mode><time_signature>4</time_signature><duration>254.79955</duration><loudness>-9.008</loudness><audio_md5 /><valence>0.529741</valence><danceability>0.688534</danceability></audio_summary><title>Rainbows and Dreams</title></song><song><artist_id>ARLZMWG14551DFD647</artist_id><artist_name>Vasilis Angelis</artist_name><id>SOOYMRO1315CD4B3CB</id><audio_summary><key>0</key><analysis_url>http://echonest-analysis.s3.amazonaws.com/TR/za6lywf2sb09AFHDkJtQFxN0nyIFibleOdTv7Pp-OvnyrM_j5dmQFJK1f561gOrSXgAuBxTkFgUIkHK78%3D/3/full.json?AWSAccessKeyId=AKIAJRDFEY23UEVW42BQ&amp;Expires=1415343729&amp;Signature=wuO0u7uFXYEf6wORpseDwIR%2BZns%3D</analysis_url><energy>0.300116</energy><liveness>0.093865</liveness><tempo>105.048</tempo><speechiness>0.039724</speechiness><acousticness>0.002178</acousticness><instrumentalness>0.611735</instrumentalness><mode>1</mode><time_signature>4</time_signature><duration>559.71084</duration><loudness>-17.714</loudness><audio_md5 /><valence>0.053556</valence><danceability>0.254934</danceability></audio_summary><title>The Things to Come</title></song><song><artist_id>ARCLSZP136658E5F5B</artist_id><artist_name>Edoardo Angelis</artist_name><id>SOTOPJA13740571B0C</id><audio_summary><key>7</key><analysis_url>http://echonest-analysis.s3.amazonaws.com/TR/SuivNAPnwNemAnTt0D3iRmVx9I_t7DUd6WiovXGkHj6pTIqkbEcUxhqaKBwhLng4cu1kC8tcOnvtppjRI%3D/3/full.json?AWSAccessKeyId=AKIAJRDFEY23UEVW42BQ&amp;Expires=1415343729&amp;Signature=vdcsVHCZTDhQgvmaBEsPsDf/0qk%3D</analysis_url><energy>0.44017</energy><liveness>0.237576</liveness><tempo>91.055</tempo><speechiness>0.028793</speechiness><acousticness>0.83641</acousticness><instrumentalness>0.230199</instrumentalness><mode>1</mode><time_signature>4</time_signature><duration>242.66621</duration><loudness>-12.059</loudness><audio_md5 /><valence>0.636918</valence><danceability>0.43057</danceability></audio_summary><title>Briciola Di Pane</title></song><song><artist_id>ARVHQGS11F50C4B205</artist_id><artist_name>Kris Angelis</artist_name><id>SOTJGFR148A5621597</id><audio_summary><key>9</key><analysis_url>http://echonest-analysis.s3.amazonaws.com/TR/aoAB9gmo0S1f8n14LDtRLzUmkHbLIHSxAY0ukuQUzOS0TWwM8y1TZtUXUJrge0nSrwRPArJdvDjftkdkU%3D/3/full.json?AWSAccessKeyId=AKIAJRDFEY23UEVW42BQ&amp;Expires=1415343729&amp;Signature=JEMVkNqN6UIgrXQDKHR3/HT5GYk%3D</analysis_url><energy>0.874864</energy><liveness>0.398836</liveness><tempo>126.006</tempo><speechiness>0.046128</speechiness><acousticness>0.115189</acousticness><instrumentalness>0.00021</instrumentalness><mode>0</mode><time_signature>4</time_signature><duration>388.57098</duration><loudness>-6.795</loudness><audio_md5 /><valence>0.777281</valence><danceability>0.872992</danceability></audio_summary><title>If You Ain't Got Soul - Vocal Club Mix</title></song><song><artist_id>ARHJZTR11E8F5C112A</artist_id><artist_name>Linda Angelis</artist_name><id>SOTKTKP1311AFE9341</id><audio_summary><key>7</key><analysis_url>http://echonest-analysis.s3.amazonaws.com/TR/7D69TA2WiWZF-hSd1sXLrFhigbeifkxIgzEWoJ2Qow7U-8Wlxnny_BpfAhFvvynQqTykMZU5qOs07ndQQ%3D/3/full.json?AWSAccessKeyId=AKIAJRDFEY23UEVW42BQ&amp;Expires=1415343729&amp;Signature=44A5QHaPKqjV1E7vXAKk2Qqgc1o%3D</analysis_url><energy>0.582383</energy><liveness>0.203984</liveness><tempo>135.943</tempo><speechiness>0.032362</speechiness><acousticness>0.859824</acousticness><instrumentalness>8e-06</instrumentalness><mode>1</mode><time_signature>4</time_signature><duration>219.29288</duration><loudness>-8.056</loudness><audio_md5 /><valence>0.386817</valence><danceability>0.635844</danceability></audio_summary><title>Oh Lori</title></song><song><artist_id>ARHJZTR11E8F5C112A</artist_id><artist_name>Linda Angelis</artist_name><id>SOSZDAQ12AF72A0B7F</id><audio_summary><key>7</key><analysis_url>http://echonest-analysis.s3.amazonaws.com/TR/T_fLyARaqS_WjW8yCtXcma8ZwzZKmkU-WltQ_pQ-kf115ZHSeExGU7IyJIaEZUGaSpQYEucyrye7N-Wuo%3D/3/full.json?AWSAccessKeyId=AKIAJRDFEY23UEVW42BQ&amp;Expires=1415343729&amp;Signature=rivF3OGTInp8sod6pfdj8DdbibA%3D</analysis_url><energy>0.399826</energy><liveness>0.11911</liveness><tempo>125.157</tempo><speechiness>0.031007</speechiness><acousticness>0.499541</acousticness><instrumentalness>7e-06</instrumentalness><mode>1</mode><time_signature>3</time_signature><duration>331.03955</duration><loudness>-11.264</loudness><audio_md5 /><valence>0.1331</valence><danceability>0.363762</danceability></audio_summary><title>Love Yourself</title></song><song><artist_id>AR3QA111187B98C270</artist_id><artist_name>Kim Angelis</artist_name><id>SOTBFUE13DC3786AE9</id><audio_summary><key>7</key><analysis_url>http://echonest-analysis.s3.amazonaws.com/TR/O__3Uwc69SfdlqWkYt6wP8r3HzccVqvHrHqlJGINN1i0knrz6_8REkDFFSYd6qYjQ_O2LbfAdSGTs1V0A%3D/3/full.json?AWSAccessKeyId=AKIAJRDFEY23UEVW42BQ&amp;Expires=1415343729&amp;Signature=BeG/uK2MHfZO6CljXmZvAWC69r8%3D</analysis_url><energy>0.324016</energy><liveness>0.118034</liveness><tempo>90.2</tempo><speechiness>0.040703</speechiness><acousticness>0.889041</acousticness><instrumentalness>0.029311</instrumentalness><mode>0</mode><time_signature>4</time_signature><duration>268.87955</duration><loudness>-9.414</loudness><audio_md5 /><valence>0.372381</valence><danceability>0.343521</danceability></audio_summary><title>Like a Bird in a Cage</title></song><song><artist_id>AR3QA111187B98C270</artist_id><artist_name>Kim Angelis</artist_name><id>SOTDOWQ13DBABC5B8F</id><audio_summary><key>7</key><analysis_url>http://echonest-analysis.s3.amazonaws.com/TR/HFhlnAwX6ne983b3FzxiuI63MnkPRXE_3XjcC1bW0y-S79Dtd0ta4KDf8IQkQD3KwRq0qbZ2IHtoiYHzE%3D/3/full.json?AWSAccessKeyId=AKIAJRDFEY23UEVW42BQ&amp;Expires=1415343729&amp;Signature=pAXr2ljTlvf2hYw5y9o7EljaF6E%3D</analysis_url><energy>0.385779</energy><liveness>0.168449</liveness><tempo>116.334</tempo><speechiness>0.044369</speechiness><acousticness>0.592672</acousticness><instrumentalness>0.0</instrumentalness><mode>0</mode><time_signature>4</time_signature><duration>211.49288</duration><loudness>-10.181</loudness><audio_md5 /><valence>0.757229</valence><danceability>0.708224</danceability></audio_summary><title>Taipei Taxi</title></song><song><artist_id>AR3QA111187B98C270</artist_id><artist_name>Kim Angelis</artist_name><id>SOTDOWZ13DBAC0FF4E</id><audio_summary><key>2</key><analysis_url>http://echonest-analysis.s3.amazonaws.com/TR/E-ac0A2ijM3Rlb1zeWJWSJm2O9nRg4B0i5I6KA1saBJrAhOXz5Ae7b6sB0tj_dV0nM0zvDJT2PRpu4njs%3D/3/full.json?AWSAccessKeyId=AKIAJRDFEY23UEVW42BQ&amp;Expires=1415343729&amp;Signature=jiVTedBNFO35XA40M/%2BONH6Jw3g%3D</analysis_url><energy>0.243565</energy><liveness>0.29571</liveness><tempo>97.179</tempo><speechiness>0.038158</speechiness><acousticness>0.982401</acousticness><instrumentalness>0.001818</instrumentalness><mode>0</mode><time_signature>3</time_signature><duration>311.99955</duration><loudness>-13.26</loudness><audio_md5 /><valence>0.434602</valence><danceability>0.231282</danceability></audio_summary><title>Orofino Moon</title></song><song><artist_id>ARCLSZP136658E5F5B</artist_id><artist_name>Edoardo Angelis</artist_name><id>SOUHVLE13740571B56</id><audio_summary><key>2</key><analysis_url>http://echonest-analysis.s3.amazonaws.com/TR/kR2R5ALLQLEmbbiaaryeChcBD2pUyZ_U8oyhWuHACnKjiN_nNos8PVbqojum4Wq1BSZREl-nY2JcvqTo0%3D/3/full.json?AWSAccessKeyId=AKIAJRDFEY23UEVW42BQ&amp;Expires=1415343729&amp;Signature=Rwiw2xAProvAdqEcnEJrI7kjUCE%3D</analysis_url><energy>0.398233</energy><liveness>0.098468</liveness><tempo>95.56</tempo><speechiness>0.061997</speechiness><acousticness>0.589967</acousticness><instrumentalness>0.008206</instrumentalness><mode>1</mode><time_signature>3</time_signature><duration>193.09669</duration><loudness>-13.158</loudness><audio_md5 /><valence>0.934321</valence><danceability>0.520705</danceability></audio_summary><title>Geografia</title></song><song><artist_id>AR3QA111187B98C270</artist_id><artist_name>Kim Angelis</artist_name><id>SOWEWHP13134396525</id><audio_summary><key>4</key><analysis_url>http://echonest-analysis.s3.amazonaws.com/TR/EtbObwxcrw6RBAWJMfMysk7zRZd4uldDS44Y4Zr86yCiuSQCPTZGRhaw9G4z-JNcH9DqqIpX9Q46obbIc%3D/3/full.json?AWSAccessKeyId=AKIAJRDFEY23UEVW42BQ&amp;Expires=1415343729&amp;Signature=zHEp8jBbkDomVw%2BJrvie2Ys%2B9Mk%3D</analysis_url><energy>0.419834</energy><liveness>0.095762</liveness><tempo>108.552</tempo><speechiness>0.066124</speechiness><acousticness>0.340899</acousticness><instrumentalness>0.024507</instrumentalness><mode>0</mode><time_signature>4</time_signature><duration>209.90621</duration><loudness>-13.735</loudness><audio_md5 /><valence>0.814019</valence><danceability>0.717658</danceability></audio_summary><title>Frogsong</title></song><song><artist_id>ARVHQGS11F50C4B205</artist_id><artist_name>Kris Angelis</artist_name><id>SOVSKJR13FC7FC76B9</id><audio_summary><key>2</key><analysis_url>http://echonest-analysis.s3.amazonaws.com/TR/yPYLognB_y92o93eVCBZYuFLWhRvQ6t6IBn77n/3/full.json?AWSAccessKeyId=AKIAJRDFEY23UEVW42BQ&amp;Expires=1415343729&amp;Signature=DYOJoLqb/ZbECPZ9HAm/yzpN19g%3D</analysis_url><energy>0.30789</energy><liveness>0.110596</liveness><tempo>161.995</tempo><speechiness>0.091797</speechiness><acousticness>0.872854</acousticness><instrumentalness>2e-06</instrumentalness><mode>1</mode><time_signature>4</time_signature><duration>163.36934</duration><loudness>-8.55</loudness><audio_md5 /><valence>0.55805</valence><danceability>0.790468</danceability></audio_summary><title>Rhyme nor Reason</title></song><song><artist_id>ARHJZTR11E8F5C112A</artist_id><artist_name>Linda Angelis</artist_name><id>SOVTPZE1312A8AB0CD</id><audio_summary><key>1</key><analysis_url>http://echonest-analysis.s3.amazonaws.com/TR/dkcwrwTEb6nQWg29bgUixy11Lr0VSXd5YGivOX2DTKETO2XDgI0Bzbe5a4vjTwVgL2DVDW7mr9O9jxdzo%3D/3/full.json?AWSAccessKeyId=AKIAJRDFEY23UEVW42BQ&amp;Expires=1415343729&amp;Signature=jfHhce0TROXaixFmd6EDl3743H0%3D</analysis_url><energy>0.605718</energy><liveness>0.132554</liveness><tempo>96.001</tempo><speechiness>0.033068</speechiness><acousticness>0.423371</acousticness><instrumentalness>1e-05</instrumentalness><mode>0</mode><time_signature>4</time_signature><duration>236.54621</duration><loudness>-6.971</loudness><audio_md5 /><valence>0.32833</valence><danceability>0.630159</danceability></audio_summary><title>Longing</title></song><song><artist_id>AR3QA111187B98C270</artist_id><artist_name>Kim Angelis</artist_name><id>SOUAKFD131712CEFBC</id><audio_summary><key>2</key><analysis_url>http://echonest-analysis.s3.amazonaws.com/TR/-25diQbB83W3eb3rLCsllFzJtuq57oRoJUyyTUDHc3XRBeEI_S27K_yiGveQ8IKM_aABzD7GcDP24xDwE%3D/3/full.json?AWSAccessKeyId=AKIAJRDFEY23UEVW42BQ&amp;Expires=1415343729&amp;Signature=Hmw/bFoMJzK56oez/uLQuQ2XNj4%3D</analysis_url><energy>0.122846</energy><liveness>0.060355</liveness><tempo>174.27</tempo><speechiness>0.036851</speechiness><acousticness>0.958289</acousticness><instrumentalness>0.093486</instrumentalness><mode>0</mode><time_signature>3</time_signature><duration>193.33288</duration><loudness>-16.398</loudness><audio_md5 /><valence>0.705997</valence><danceability>0.405396</danceability></audio_summary><title>Rusty's Mazurka</title></song><song><artist_id>ARHJZTR11E8F5C112A</artist_id><artist_name>Linda Angelis</artist_name><id>SOUANMS12AF72A0B83</id><audio_summary><key>9</key><analysis_url>http://echonest-analysis.s3.amazonaws.com/TR/Vc06tganK_eKDUIbVWw7G2vrGgTZZEGNI02mlkNDnGphIgXM9i8U3fGFedXoWB600Ko3JJSQw02lEOxoQ%3D/3/full.json?AWSAccessKeyId=AKIAJRDFEY23UEVW42BQ&amp;Expires=1415343729&amp;Signature=yX5RQddvuPCujk3SUuuVGYhFP0Y%3D</analysis_url><energy>0.396337</energy><liveness>0.150905</liveness><tempo>85.808</tempo><speechiness>0.032665</speechiness><acousticness>0.848544</acousticness><instrumentalness>0.01449</instrumentalness><mode>0</mode><time_signature>3</time_signature><duration>316.71955</duration><loudness>-9.991</loudness><audio_md5 /><valence>0.232826</valence><danceability>0.228476</danceability></audio_summary><title>New World</title></song><song><artist_id>ARCLSZP136658E5F5B</artist_id><artist_name>Edoardo Angelis</artist_name><id>SORAETE13740570FF1</id><audio_summary><key>7</key><analysis_url>http://echonest-analysis.s3.amazonaws.com/TR/mKhvgwL5iqt4VOx5CeX2_C3a6SYAWMSEHQRu483FI_kuu55Q7nxES-RNusEvHa6LMMc5E2scGqwlAE8u0%3D/3/full.json?AWSAccessKeyId=AKIAJRDFEY23UEVW42BQ&amp;Expires=1415343729&amp;Signature=sdAZ9fKpOtquQ24mWmorrDy0sNs%3D</analysis_url><energy>0.33271</energy><liveness>0.089646</liveness><tempo>130.689</tempo><speechiness>0.036824</speechiness><acousticness>0.833785</acousticness><instrumentalness>0.476505</instrumentalness><mode>1</mode><time_signature>4</time_signature><duration>98.73288</duration><loudness>-14.443</loudness><audio_md5 /><valence>0.638944</valence><danceability>0.680901</danceability></audio_summary><title>Lillo</title></song><song><artist_id>AR3QA111187B98C270</artist_id><artist_name>Kim Angelis</artist_name><id>SOROWGA13DC370ED4A</id><audio_summary><key>2</key><analysis_url>http://echonest-analysis.s3.amazonaws.com/TR/PifKxQ1JZU0YuqHtz894n8OokDzTXV6LsJFNzPAYeIt6MQYhXpn_2PlDT6SpgIpWpi_XP9SAfEWZDMRto%3D/3/full.json?AWSAccessKeyId=AKIAJRDFEY23UEVW42BQ&amp;Expires=1415343729&amp;Signature=7lkjzCBI5wqPXYkv5aZA9Obt%2BXw%3D</analysis_url><energy>0.374574</energy><liveness>0.050762</liveness><tempo>88.567</tempo><speechiness>0.052959</speechiness><acousticness>0.862762</acousticness><instrumentalness>0.028933</instrumentalness><mode>0</mode><time_signature>4</time_signature><duration>555.42621</duration><loudness>-10.199</loudness><audio_md5 /><valence>0.523875</valence><danceability>0.379177</danceability></audio_summary><title>Songs of the Harvest</title></song><song><artist_id>ARNTRBR1241B9CC59B</artist_id><artist_name>Roberto Angelis</artist_name><id>SOQYBYY12AF72A2CB4</id><audio_summary><key>9</key><analysis_url>http://echonest-analysis.s3.amazonaws.com/TR/TRHBPZQ1264E4D959B/3/full.json?AWSAccessKeyId=AKIAJRDFEY23UEVW42BQ&amp;Expires=1415343729&amp;Signature=WIhyYyzc3RQ1KnN95nkU03NTU0w%3D</analysis_url><energy>0.305952</energy><liveness>0.095517</liveness><tempo>125.056</tempo><speechiness>0.03433</speechiness><acousticness>0.927226</acousticness><instrumentalness>0.678009</instrumentalness><mode>1</mode><time_signature>4</time_signature><duration>229.22404</duration><loudness>-11.306</loudness><audio_md5 /><valence>0.3004</valence><danceability>0.581078</danceability></audio_summary><title>? (feat. Wolfgang, Rain, River)</title></song><song><artist_id>AR3QA111187B98C270</artist_id><artist_name>Kim Angelis</artist_name><id>SOQNIKM130516DBF39</id><audio_summary><key>0</key><analysis_url>http://echonest-analysis.s3.amazonaws.com/TR/n1N4tQmXFplzFK4HhyGwg9x4OCUhKy6WV6sjvGDOECMgEXyHqS1EmfiiUxEKeznhSoagrEgmr4Kt5G_Oc%3D/3/full.json?AWSAccessKeyId=AKIAJRDFEY23UEVW42BQ&amp;Expires=1415343729&amp;Signature=aeoHbWx9EOo3x2ljrHoXp3feRJY%3D</analysis_url><energy>0.407934</energy><liveness>0.091695</liveness><tempo>179.783</tempo><speechiness>0.038593</speechiness><acousticness>0.913115</acousticness><instrumentalness>0.088796</instrumentalness><mode>0</mode><time_signature>3</time_signature><duration>410.11955</duration><loudness>-5.818</loudness><audio_md5 /><valence>0.234364</valence><danceability>0.274411</danceability></audio_summary><title>Aleutian Prayer</title></song><song><artist_id>ARVHQGS11F50C4B205</artist_id><artist_name>Kris Angelis</artist_name><id>SOQTNXS13FC7E48955</id><audio_summary><key>0</key><analysis_url>http://echonest-analysis.s3.amazonaws.com/TR/jNyRFA1DCwceaL-k4L1as1UmWQ9BpSMFgXiwmp/3/full.json?AWSAccessKeyId=AKIAJRDFEY23UEVW42BQ&amp;Expires=1415343729&amp;Signature=Tp4tJuQccj7Q0oMfiYh/PNVdqU4%3D</analysis_url><energy>0.598447</energy><liveness>0.078024</liveness><tempo>119.976</tempo><speechiness>0.031797</speechiness><acousticness>0.656716</acousticness><instrumentalness>0.079277</instrumentalness><mode>1</mode><time_signature>4</time_signature><duration>230.5824</duration><loudness>-8.121</loudness><audio_md5 /><valence>0.182431</valence><danceability>0.77688</danceability></audio_summary><title>Not Your Fault</title></song><song><artist_id>ARCLSZP136658E5F5B</artist_id><artist_name>Edoardo Angelis</artist_name><id>SOQUKKN137405714DD</id><audio_summary><key>7</key><analysis_url>http://echonest-analysis.s3.amazonaws.com/TR/UQdGpggvR2mGV7Y-1GEA7m_4PpsFPLqqmGGRYIcFadIjkjZEIjeScYnX2hyL6trlLZPi0aPPECbzHFQ9E%3D/3/full.json?AWSAccessKeyId=AKIAJRDFEY23UEVW42BQ&amp;Expires=1415343729&amp;Signature=RjPxBpyW8t/Ui4ahZNqfX6BwjVw%3D</analysis_url><energy>0.182321</energy><liveness>0.113162</liveness><tempo>99.531</tempo><speechiness>0.03136</speechiness><acousticness>0.839896</acousticness><instrumentalness>0.388179</instrumentalness><mode>1</mode><time_signature>4</time_signature><duration>175.7746</duration><loudness>-18.677</loudness><audio_md5 /><valence>0.271244</valence><danceability>0.460106</danceability></audio_summary><title>Non Ammazzate Anna</title></song><song><artist_id>AR3QA111187B98C270</artist_id><artist_name>Kim Angelis</artist_name><id>SOSNPEO130516DBF7A</id><audio_summary><key>4</key><analysis_url>http://echonest-analysis.s3.amazonaws.com/TR/nDk2XAcrJH4aNcKT7YAhDjq0KDdq5CFIk0l1HC/3/full.json?AWSAccessKeyId=AKIAJRDFEY23UEVW42BQ&amp;Expires=1415343729&amp;Signature=AZjBQlcH7AiSsD7RJcDmlGM9Frk%3D</analysis_url><energy>0.346313</energy><liveness>0.178121</liveness><tempo>85.072</tempo><speechiness>0.039019</speechiness><acousticness>0.83865</acousticness><instrumentalness>0.488887</instrumentalness><mode>0</mode><time_signature>4</time_signature><duration>511.23048</duration><loudness>-12.387</loudness><audio_md5 /><valence>0.357624</valence><danceability>0.457317</danceability></audio_summary><title>Esperanza</title></song><song><artist_id>AR3QA111187B98C270</artist_id><artist_name>Kim Angelis</artist_name><id>SOSOJDM13DC36EFAD0</id><audio_summary><key>7</key><analysis_url>http://echonest-analysis.s3.amazonaws.com/TR/TK3J0QI4SXWRNAbEILE9wRj9-xZkqkFXpF8Zi7M2MLocEYpGJyanK6zbg2xrtVrkOOOCyBRLJoVHXI74I%3D/3/full.json?AWSAccessKeyId=AKIAJRDFEY23UEVW42BQ&amp;Expires=1415343729&amp;Signature=4Lj/WwPyL0Q7sm23V7H4TzFTxoI%3D</analysis_url><energy>0.451991</energy><liveness>0.093801</liveness><tempo>115.184</tempo><speechiness>0.06631</speechiness><acousticness>0.783573</acousticness><instrumentalness>0.116935</instrumentalness><mode>1</mode><time_signature>4</time_signature><duration>245.18621</duration><loudness>-9.672</loudness><audio_md5 /><valence>0.751777</valence><danceability>0.561265</danceability></audio_summary><title>Cruzat's Fiddle</title></song><song><artist_id>AR3QA111187B98C270</artist_id><artist_name>Kim Angelis</artist_name><id>SOSRMRY130516DBD80</id><audio_summary><key>11</key><analysis_url>http://echonest-analysis.s3.amazonaws.com/TR/0VgALg8a8EVQHZJPeMwvJpY3vaBk0DOoRsJHVQjlPtKSnxU1etgFEMy_cKvWamHqiFiGpPnMia37DL76A%3D/3/full.json?AWSAccessKeyId=AKIAJRDFEY23UEVW42BQ&amp;Expires=1415343729&amp;Signature=A5BD2x9%2BV8PBX3COyVpwMbtzrYk%3D</analysis_url><energy>0.147402</energy><liveness>0.135573</liveness><tempo>100.439</tempo><speechiness>0.035004</speechiness><acousticness>0.934114</acousticness><instrumentalness>0.006195</instrumentalness><mode>0</mode><time_signature>3</time_signature><duration>84.43955</duration><loudness>-11.797</loudness><audio_md5 /><valence>0.35312</valence><danceability>0.251566</danceability></audio_summary><title>Interlude</title></song><song><artist_id>AR3QA111187B98C270</artist_id><artist_name>Kim Angelis</artist_name><id>SOSQCNI130516DCBA3</id><audio_summary><key>0</key><analysis_url>http://echonest-analysis.s3.amazonaws.com/TR/wcO_zgNWHR8_sSTVbDjKL7-qmoJpZ3zxE_z2SARarNRehqC9zLCDnPLTMj0Vt9NAZZtStYycfrH_8-9XM%3D/3/full.json?AWSAccessKeyId=AKIAJRDFEY23UEVW42BQ&amp;Expires=1415343729&amp;Signature=hLCBtObiMNHlYeaSR/jGiZRMLPI%3D</analysis_url><energy>0.432025</energy><liveness>0.140547</liveness><tempo>123.131</tempo><speechiness>0.03236</speechiness><acousticness>0.800282</acousticness><instrumentalness>0.210648</instrumentalness><mode>0</mode><time_signature>4</time_signature><duration>349.70621</duration><loudness>-5.983</loudness><audio_md5 /><valence>0.393038</valence><danceability>0.44323</danceability></audio_summary><title>Far From Home</title></song><song><artist_id>AR3QA111187B98C270</artist_id><artist_name>Kim Angelis</artist_name><id>SOQONBL1312FE002A3</id><audio_summary><key>2</key><analysis_url>http://echonest-analysis.s3.amazonaws.com/TR/bWoWpgCfyczE4Kh1YN03b5o7TfDkynYyedEeahJPJMcOweGruc-62fTMDsdPAUfrs06PENIbQqQKxd8ZM%3D/3/full.json?AWSAccessKeyId=AKIAJRDFEY23UEVW42BQ&amp;Expires=1415343729&amp;Signature=mtFOhxQQRKPpU8vUSf%2BoDXGO8zw%3D</analysis_url><energy>0.150785</energy><liveness>0.152467</liveness><tempo>162.052</tempo><speechiness>0.036488</speechiness><acousticness>0.921266</acousticness><instrumentalness>0.348986</instrumentalness><mode>1</mode><time_signature>3</time_signature><duration>212.06621</duration><loudness>-14.315</loudness><audio_md5 /><valence>0.689426</valence><danceability>0.33672</danceability></audio_summary><title>Amanda's Waltz</title></song><song><artist_id>ARNTRBR1241B9CC59B</artist_id><artist_name>Roberto Angelis</artist_name><id>SOVHUKP12AF72A17EB</id><audio_summary><key>9</key><analysis_url>http://echonest-analysis.s3.amazonaws.com/TR/vvtfqAYaA1TEmG4Iigbx8ECHRQC8tG_tihd6ZPGxuelF-X1dyU-Gm5yKn-T_dpPdg5vwT82_fcwFNfOu8%3D/3/full.json?AWSAccessKeyId=AKIAJRDFEY23UEVW42BQ&amp;Expires=1415343729&amp;Signature=dmXuJL214HIqCvs85xBjEJ8pjWI%3D</analysis_url><energy>0.694636</energy><liveness>0.076104</liveness><tempo>170.044</tempo><speechiness>0.049305</speechiness><acousticness>0.218597</acousticness><instrumentalness>0.02257</instrumentalness><mode>0</mode><time_signature>4</time_signature><duration>310.54621</duration><loudness>-10.175</loudness><audio_md5 /><valence>0.535656</valence><danceability>0.578668</danceability></audio_summary><title>Beautiful Somewhere</title></song><song><artist_id>ARCLSZP136658E5F5B</artist_id><artist_name>Edoardo Angelis</artist_name><id>SOSDRHE1374057140A</id><audio_summary><key>11</key><analysis_url>http://echonest-analysis.s3.amazonaws.com/TR/i16nywCqOjxNlrHMxTzp_h-LYVdxBLLy8bm0BNFDkWE0NQBK1S9CYWL-IaEa7Si3y6bb7Nfpi0V7Q4ddE%3D/3/full.json?AWSAccessKeyId=AKIAJRDFEY23UEVW42BQ&amp;Expires=1415343729&amp;Signature=EyFwej3PXHeVjXuhuYxNRTZh3l4%3D</analysis_url><energy>0.357199</energy><liveness>0.132169</liveness><tempo>81.876</tempo><speechiness>0.031564</speechiness><acousticness>0.530566</acousticness><instrumentalness>0.133165</instrumentalness><mode>1</mode><time_signature>3</time_signature><duration>244.73288</duration><loudness>-13.984</loudness><audio_md5 /><valence>0.223709</valence><danceability>0.52336</danceability></audio_summary><title>Io Sono Qui</title></song><song><artist_id>ARNTRBR1241B9CC59B</artist_id><artist_name>Roberto Angelis</artist_name><id>SOSFIZO12A58A77D21</id><audio_summary><key>5</key><analysis_url>http://echonest-analysis.s3.amazonaws.com/TR/7QNU5grEPC0paEnDDQ1Wj4r5WPxP_QIk6Rcoabe2wO041eOydj_4zA_kk1Slvoy8MX5qCOvpf-rP8xEaw%3D/3/full.json?AWSAccessKeyId=AKIAJRDFEY23UEVW42BQ&amp;Expires=1415343729&amp;Signature=7ep/L6scYWfvIBts3AYlAdbo1Co%3D</analysis_url><energy>0.241194</energy><liveness>0.111083</liveness><tempo>68.067</tempo><speechiness>0.03653</speechiness><acousticness>0.893816</acousticness><instrumentalness>0.000202</instrumentalness><mode>1</mode><time_signature>4</time_signature><duration>83.83955</duration><loudness>-13.811</loudness><audio_md5 /><valence>0.057063</valence><danceability>0.324342</danceability></audio_summary><title>Blue Again</title></song><song><artist_id>AR3QA111187B98C270</artist_id><artist_name>Kim Angelis</artist_name><id>SONTWXR130516DC71D</id><audio_summary><key>11</key><analysis_url>http://echonest-analysis.s3.amazonaws.com/TR/jLPFbAElLLy5qD2IV_lRW_qaNumiC9Wok5BzN8FXevjuXVrQTjgxNlRh-HGUTstjeHkoRmGHy_H8FvwMA%3D/3/full.json?AWSAccessKeyId=AKIAJRDFEY23UEVW42BQ&amp;Expires=1415343729&amp;Signature=CMsceUK8ZcfvEmUzzuZTSB8f2Ik%3D</analysis_url><energy>0.233107</energy><liveness>0.081114</liveness><tempo>102.11</tempo><speechiness>0.0379</speechiness><acousticness>0.991844</acousticness><instrumentalness>0.864323</instrumentalness><mode>0</mode><time_signature>4</time_signature><duration>108.66621</duration><loudness>-9.901</loudness><audio_md5 /><valence>0.704392</valence><danceability>0.461943</danceability></audio_summary><title>Pharaoh's Fugue</title></song><song><artist_id>AREJJMD1452303FE2C</artist_id><artist_name>Eve Angelis</artist_name><id>SONUOQZ1452631E9A8</id><audio_summary><key>0</key><analysis_url>http://echonest-analysis.s3.amazonaws.com/TR/x5P6jQYGVISgGsq9TjGd2aDEyW3J7WoWBQUEgfBA-p_vmDt5s6azrNcaK3fSNr3583AwyM5gm1ir27Rxo%3D/3/full.json?AWSAccessKeyId=AKIAJRDFEY23UEVW42BQ&amp;Expires=1415343729&amp;Signature=0/Hm/vbDtGaSnlaVK4cgeYESd5c%3D</analysis_url><energy>0.439535</energy><liveness>0.065557</liveness><tempo>160.47</tempo><speechiness>0.035148</speechiness><acousticness>0.293423</acousticness><instrumentalness>0.000468</instrumentalness><mode>1</mode><time_signature>4</time_signature><duration>232.39955</duration><loudness>-8.525</loudness><audio_md5 /><valence>0.576637</valence><danceability>0.700985</danceability></audio_summary><title>Sometimes</title></song><song><artist_id>ARNTRBR1241B9CC59B</artist_id><artist_name>Roberto Angelis</artist_name><id>SOLRWPO13694D73924</id><audio_summary><key>5</key><analysis_url>http://echonest-analysis.s3.amazonaws.com/TR/ISW64gkYfTdy0Fn7VfNo2BPAHh-EbmxVipNnAhN5Mp_aI1w5Iw4xuhIuWdrVz1-jmfFey7HwDxYcqMpSc%3D/3/full.json?AWSAccessKeyId=AKIAJRDFEY23UEVW42BQ&amp;Expires=1415343729&amp;Signature=OozCeDP9SZnqX/Pn/fSO80%2BnCUw%3D</analysis_url><energy>0.579968</energy><liveness>0.10442</liveness><tempo>164.112</tempo><speechiness>0.037835</speechiness><acousticness>0.114904</acousticness><instrumentalness>0.0</instrumentalness><mode>0</mode><time_signature>4</time_signature><duration>313.53288</duration><loudness>-8.339</loudness><audio_md5 /><valence>0.218023</valence><danceability>0.428662</danceability></audio_summary><title>Teresa (feat. SOF [Sisters Of Fate] Ambre McLean, Anna Rogers, Danielle Todd, Kenny Munshaw, Katalin Kiss, Gwen Swick)</title></song><song><artist_id>AREJJMD1452303FE2C</artist_id><artist_name>Eve Angelis</artist_name><id>SOLRJCI1452631D004</id><audio_summary><key>4</key><analysis_url>http://echonest-analysis.s3.amazonaws.com/TR/qtEj9QlqdO3X1Za9snamLAzKjbaKLJ_gWvOWi7uU-HR0ugITMxaRB5c495Ws3JsuHdgyLEcGhrp1iYvFg%3D/3/full.json?AWSAccessKeyId=AKIAJRDFEY23UEVW42BQ&amp;Expires=1415343729&amp;Signature=Vt7cUIKUu5eibngKzLVHLcP2h/I%3D</analysis_url><energy>0.268805</energy><liveness>0.077084</liveness><tempo>92.034</tempo><speechiness>0.053033</speechiness><acousticness>0.566538</acousticness><instrumentalness>0.0</instrumentalness><mode>0</mode><time_signature>4</time_signature><duration>187.67955</duration><loudness>-17.126</loudness><audio_md5 /><valence>0.516281</valence><danceability>0.885989</danceability></audio_summary><title>Just Do It</title></song><song><artist_id>AREJJMD1452303FE2C</artist_id><artist_name>Eve Angelis</artist_name><id>SONALRV134EE36B624</id><audio_summary><key>11</key><analysis_url>http://echonest-analysis.s3.amazonaws.com/TR/vALXRA7pW_9tp4ClAcUx76u8pkfHEV5o4WHnIsvTa4Wg-Id2Fbik5jidU2X6JwFmimJnAMbTDjMd-MsqE%3D/3/full.json?AWSAccessKeyId=AKIAJRDFEY23UEVW42BQ&amp;Expires=1415343729&amp;Signature=Zp1h5w7E3hvpotQo24nzSCAIsnk%3D</analysis_url><energy>0.474384</energy><liveness>0.360214</liveness><tempo>90.353</tempo><speechiness>0.028374</speechiness><acousticness>0.222352</acousticness><instrumentalness>0.000149</instrumentalness><mode>0</mode><time_signature>1</time_signature><duration>256.54621</duration><loudness>-9.054</loudness><audio_md5 /><valence>0.211125</valence><danceability>0.384601</danceability></audio_summary><title>Midnight Train</title></song><song><artist_id>ARNTRBR1241B9CC59B</artist_id><artist_name>Roberto Angelis</artist_name><id>SONJGFL12A58A7A0D4</id><audio_summary><key>3</key><analysis_url>http://echonest-analysis.s3.amazonaws.com/TR/udISVAoUgYjzEKS9l9wihVaVL4TNcfktpctXlzZc_yU9wt1g5I2rcQ-YmsIYB1WUTUm9na3bpB2TYkClA%3D/3/full.json?AWSAccessKeyId=AKIAJRDFEY23UEVW42BQ&amp;Expires=1415343729&amp;Signature=/GHhDvaSRUPaDrcjkNmaatrrOK4%3D</analysis_url><energy>0.55192</energy><liveness>0.101099</liveness><tempo>145.025</tempo><speechiness>0.029658</speechiness><acousticness>0.318341</acousticness><instrumentalness>6.6e-05</instrumentalness><mode>1</mode><time_signature>4</time_signature><duration>319.66621</duration><loudness>-9.616</loudness><audio_md5 /><valence>0.58088</valence><danceability>0.602491</danceability></audio_summary><title>You In My Life</title></song><song><artist_id>ARCLSZP136658E5F5B</artist_id><artist_name>Edoardo Angelis</artist_name><id>SOMWYJG13740570C4A</id><audio_summary><key>7</key><analysis_url>http://echonest-analysis.s3.amazonaws.com/TR/qGNuRAWrTyYDh1GrklpJnaCi0Rzf0Pk3RLq39P8vi7SdyAKp0dEBCvoNn0FlNuT617eog0ipo1cjaUfE4%3D/3/full.json?AWSAccessKeyId=AKIAJRDFEY23UEVW42BQ&amp;Expires=1415343729&amp;Signature=e2mMxuvjjvWhLDcUPD8N%2BROEdAA%3D</analysis_url><energy>0.327358</energy><liveness>0.134042</liveness><tempo>146.481</tempo><speechiness>0.029126</speechiness><acousticness>0.920118</acousticness><instrumentalness>0.931096</instrumentalness><mode>1</mode><time_signature>4</time_signature><duration>176.50621</duration><loudness>-16.195</loudness><audio_md5 /><valence>0.621761</valence><danceability>0.535459</danceability></audio_summary><title>Giorgia Non E' L'America</title></song><song><artist_id>AR3QA111187B98C270</artist_id><artist_name>Kim Angelis</artist_name><id>SOOOYXT1312A8AC3DF</id><audio_summary><key>9</key><analysis_url>http://echonest-analysis.s3.amazonaws.com/TR/_OWWLwZ3AW_fKn5XXp_AtGiuAnq0Ui18lXaeN8uey1OfNs6OhPW_ujHfU9JYZUxpiqHRcU9u1nH-Bi0ro%3D/3/full.json?AWSAccessKeyId=AKIAJRDFEY23UEVW42BQ&amp;Expires=1415343729&amp;Signature=VyB50eYD2snI0HhEKW3EtWCEM9c%3D</analysis_url><energy>0.198468</energy><liveness>0.070723</liveness><tempo>96.123</tempo><speechiness>0.032034</speechiness><acousticness>0.861912</acousticness><instrumentalness>3.5e-05</instrumentalness><mode>1</mode><time_signature>4</time_signature><duration>182.19955</duration><loudness>-14.89</loudness><audio_md5 /><valence>0.649848</valence><danceability>0.488144</danceability></audio_summary><title>Eastern Serenade</title></song><song><artist_id>ARVHQGS11F50C4B205</artist_id><artist_name>Kris Angelis</artist_name><id>SOOHYKM13134393C38</id><audio_summary><key>3</key><analysis_url>http://echonest-analysis.s3.amazonaws.com/TR/WUxu5AOCp-EtzPSN8YTYSuFGEvxtdmF1kLo-zxcycq7-MCtz0A-1IOydaNUWWKUCRDTHURQpqbAIm5dM0%3D/3/full.json?AWSAccessKeyId=AKIAJRDFEY23UEVW42BQ&amp;Expires=1415343729&amp;Signature=hNSU5Lx5iY8ARDCCrT8brD0SjLY%3D</analysis_url><energy>0.293449</energy><liveness>0.169926</liveness><tempo>81.756</tempo><speechiness>0.029107</speechiness><acousticness>0.77003</acousticness><instrumentalness>0.001222</instrumentalness><mode>1</mode><time_signature>4</time_signature><duration>248.47955</duration><loudness>-8.197</loudness><audio_md5 /><valence>0.180274</valence><danceability>0.481554</danceability></audio_summary><title>Painted Eyes</title></song><song><artist_id>AR3QA111187B98C270</artist_id><artist_name>Kim Angelis</artist_name><id>SOOFUFN130516DB775</id><audio_summary><key>4</key><analysis_url>http://echonest-analysis.s3.amazonaws.com/TR/cRO0xQbJ3hbxz3UB-2y9AEj27vnztCr7bg_gxHGCDgvkpw0Mnzd3A0sPLCNpEJq2juRbGTCJ3K7Zx56TM%3D/3/full.json?AWSAccessKeyId=AKIAJRDFEY23UEVW42BQ&amp;Expires=1415343729&amp;Signature=Pz/Vd6TsL0Yrg%2BPNV7auoY468Kc%3D</analysis_url><energy>0.103071</energy><liveness>0.106516</liveness><tempo>76.336</tempo><speechiness>0.038251</speechiness><acousticness>0.979316</acousticness><instrumentalness>0.822381</instrumentalness><mode>1</mode><time_signature>4</time_signature><duration>107.26621</duration><loudness>-17.275</loudness><audio_md5 /><valence>0.361126</valence><danceability>0.22181</danceability></audio_summary><title>Illusions</title></song><song><artist_id>ARVHQGS11F50C4B205</artist_id><artist_name>Kris Angelis</artist_name><id>SOOEAYH1311AFE4A9D</id><audio_summary><key>11</key><analysis_url>http://echonest-analysis.s3.amazonaws.com/TR/9EqzdQvodlbg31txscutBK6g_fFhWM-c3tFAgHBpEsw67DUkluMgbp2ck-M55tn85WYQKBo5oFMaMGiYw%3D/3/full.json?AWSAccessKeyId=AKIAJRDFEY23UEVW42BQ&amp;Expires=1415343729&amp;Signature=CGk7hKVXS1av5D4GfgCW9wG7f4g%3D</analysis_url><energy>0.24847</energy><liveness>0.105187</liveness><tempo>92.962</tempo><speechiness>0.030044</speechiness><acousticness>0.693667</acousticness><instrumentalness>0.0</instrumentalness><mode>0</mode><time_signature>4</time_signature><duration>191.23955</duration><loudness>-9.113</loudness><audio_md5 /><valence>0.376461</valence><danceability>0.69472</danceability></audio_summary><title>Brief Sounds</title></song><song><artist_id>ARCLSZP136658E5F5B</artist_id><artist_name>Edoardo Angelis</artist_name><id>SOPMFKC13740572353</id><audio_summary><key>2</key><analysis_url>http://echonest-analysis.s3.amazonaws.com/TR/AnMTlgjycvJhEND_BmCoIQMED5IXL-jo3-uAstuHLvJedW7llDxeMLChfay5h3M6CfRZX4AJuBzns2OA4%3D/3/full.json?AWSAccessKeyId=AKIAJRDFEY23UEVW42BQ&amp;Expires=1415343729&amp;Signature=lTzNjAnj5SgqWOWq515xkjwtJaI%3D</analysis_url><energy>0.275097</energy><liveness>0.107742</liveness><tempo>110.679</tempo><speechiness>0.043154</speechiness><acousticness>0.884417</acousticness><instrumentalness>0.068249</instrumentalness><mode>1</mode><time_signature>4</time_signature><duration>150.49288</duration><loudness>-16.7</loudness><audio_md5 /><valence>0.497198</valence><danceability>0.630716</danceability></audio_summary><title>Tre Quarti Dolce</title></song><song><artist_id>AR3QA111187B98C270</artist_id><artist_name>Kim Angelis</artist_name><id>SONYKEZ13DBABC39E8</id><audio_summary><key>0</key><analysis_url>http://echonest-analysis.s3.amazonaws.com/TR/_eMjNQ6Kb09XW6PpPRnZaJbAKwdC-4MPXRw7NyTUwon3R7SCjYiNpjh5s2mmxGLq9lV9EqpyrWGMt3gac%3D/3/full.json?AWSAccessKeyId=AKIAJRDFEY23UEVW42BQ&amp;Expires=1415343729&amp;Signature=xg97dJC4rc4mwxlR5fzyz0me/ec%3D</analysis_url><energy>0.71497</energy><liveness>0.101287</liveness><tempo>149.029</tempo><speechiness>0.053083</speechiness><acousticness>0.515644</acousticness><instrumentalness>0.000414</instrumentalness><mode>0</mode><time_signature>4</time_signature><duration>292.23955</duration><loudness>-8.922</loudness><audio_md5 /><valence>0.665701</valence><danceability>0.509602</danceability></audio_summary><title>Full Circle</title></song><song><artist_id>ARHJZTR11E8F5C112A</artist_id><artist_name>Linda Angelis</artist_name><id>SOPWLEB12AF72A0B7D</id><audio_summary><key>7</key><analysis_url>http://echonest-analysis.s3.amazonaws.com/TR/bou8fAqR6GceaVUEpq9Piv1cx5NtnjhGGpf7hM0k1Dzi1QfH-Mbb4d0GegqeSFErWaezA8yzy2nApYo00%3D/3/full.json?AWSAccessKeyId=AKIAJRDFEY23UEVW42BQ&amp;Expires=1415343729&amp;Signature=lgT1v4okskXuSBIcjHpnB0WxhzE%3D</analysis_url><energy>0.500014</energy><liveness>0.099226</liveness><tempo>110.707</tempo><speechiness>0.033003</speechiness><acousticness>0.477111</acousticness><instrumentalness>0.001274</instrumentalness><mode>0</mode><time_signature>3</time_signature><duration>273.85288</duration><loudness>-12.363</loudness><audio_md5 /><valence>0.296176</valence><danceability>0.398728</danceability></audio_summary><title>Ring Of Fantasy</title></song><song><artist_id>ARNTRBR1241B9CC59B</artist_id><artist_name>Roberto Angelis</artist_name><id>SOPYDAM131343843B2</id><audio_summary><key>0</key><analysis_url>http://echonest-analysis.s3.amazonaws.com/TR/KVAMWAP8QmnIdJAyT7Fjk0YFhUAN16TsqdxH_BPA3Z16y3I0WV49rLo9JvXp1q2r7pd1r3OUAbOWOVDsY%3D/3/full.json?AWSAccessKeyId=AKIAJRDFEY23UEVW42BQ&amp;Expires=1415343729&amp;Signature=OS/B82JZb/E86fITy3YXlsKLyNU%3D</analysis_url><energy>0.431839</energy><liveness>0.087808</liveness><tempo>145.111</tempo><speechiness>0.037202</speechiness><acousticness>0.309129</acousticness><instrumentalness>4e-06</instrumentalness><mode>1</mode><time_signature>4</time_signature><duration>239.78621</duration><loudness>-8.609</loudness><audio_md5 /><valence>0.149381</valence><danceability>0.319019</danceability></audio_summary><title>Bob (feat. Roberto Angelis, Bob Bowers, Wolfgang)</title></song><song><artist_id>ARYZVKI1269FCD121C</artist_id><artist_name>Dimi Angélis</artist_name><id>SOPNZXS14720B1AA27</id><audio_summary><key>10</key><analysis_url>http://echonest-analysis.s3.amazonaws.com/TR/UihjqQRr5-A1xFy-dr62glsXlD1kwQ3zm9HZGdz62x4klpDgzvGEg9thYxpJjx8E1ZB4TRuHsgzKxTnrc%3D/3/full.json?AWSAccessKeyId=AKIAJRDFEY23UEVW42BQ&amp;Expires=1415343729&amp;Signature=4rGMTJ1o%2BrT6nUx2cud84E9bIB4%3D</analysis_url><energy>0.466464</energy><liveness>0.434382</liveness><tempo>139.0</tempo><speechiness>0.095951</speechiness><acousticness>0.145026</acousticness><instrumentalness>0.909472</instrumentalness><mode>0</mode><time_signature>4</time_signature><duration>564.47955</duration><loudness>-17.03</loudness><audio_md5 /><valence>0.26807</valence><danceability>0.788378</danceability></audio_summary><title>Absence</title></song><song><artist_id>ARVHQGS11F50C4B205</artist_id><artist_name>Kris Angelis</artist_name><id>SOPNYHN13FC7E9C508</id><audio_summary><key>7</key><analysis_url>http://echonest-analysis.s3.amazonaws.com/TR/M22GGgk62LQzpQFgk9aBVy5vscDSoHG62cSRei/3/full.json?AWSAccessKeyId=AKIAJRDFEY23UEVW42BQ&amp;Expires=1415343729&amp;Signature=2Z%2BP4WxFjJbd4Egdg44oDyZFv74%3D</analysis_url><energy>0.463518</energy><liveness>0.182533</liveness><tempo>95.989</tempo><speechiness>0.030741</speechiness><acousticness>0.447679</acousticness><instrumentalness>0.0</instrumentalness><mode>1</mode><time_signature>3</time_signature><duration>249.18159</duration><loudness>-7.894</loudness><audio_md5 /><valence>0.254832</valence><danceability>0.325834</danceability></audio_summary><title>Walk With You</title></song><song><artist_id>ARHJZTR11E8F5C112A</artist_id><artist_name>Linda Angelis</artist_name><id>SOQHRZS12AB018511A</id><audio_summary><key>4</key><analysis_url>http://echonest-analysis.s3.amazonaws.com/TR/T2iLVQ8bGX8FXhvCep5GGaOS4WPu_7E-wcoY0HWQURutSzmuqpxN9BQ-UvMl5Q8HSfR6ZJHxRNAuiJbJM%3D/3/full.json?AWSAccessKeyId=AKIAJRDFEY23UEVW42BQ&amp;Expires=1415343729&amp;Signature=ffLboB%2BbiPm42Wj%2B0B%2BYppAgQno%3D</analysis_url><energy>0.493861</energy><liveness>0.12729</liveness><tempo>111.717</tempo><speechiness>0.044379</speechiness><acousticness>0.778566</acousticness><instrumentalness>0.000147</instrumentalness><mode>0</mode><time_signature>4</time_signature><duration>296.06621</duration><loudness>-9.46</loudness><audio_md5 /><valence>0.294446</valence><danceability>0.35635</danceability></audio_summary><title>Just Believe</title></song><song><artist_id>ARHJZTR11E8F5C112A</artist_id><artist_name>Linda Angelis</artist_name><id>SOPRFJT1312A8A61C0</id><audio_summary><key>7</key><analysis_url>http://echonest-analysis.s3.amazonaws.com/TR/8TEqOwDF3tU5DWAb6s1SHkbxh6XaK8bvzfiowpQSmnAgVY79_9jmu9fXEqBdfAIgG3XWioHVoEWnhaAj0%3D/3/full.json?AWSAccessKeyId=AKIAJRDFEY23UEVW42BQ&amp;Expires=1415343729&amp;Signature=cqBjXH9MTr%2BBOqVTz0tzUPJ0N5I%3D</analysis_url><energy>0.443334</energy><liveness>0.109289</liveness><tempo>124.991</tempo><speechiness>0.033724</speechiness><acousticness>0.800141</acousticness><instrumentalness>0.0</instrumentalness><mode>0</mode><time_signature>4</time_signature><duration>243.49288</duration><loudness>-8.03</loudness><audio_md5 /><valence>0.324841</valence><danceability>0.533809</danceability></audio_summary><title>Walk and Talk</title></song><song><artist_id>ARCLSZP136658E5F5B</artist_id><artist_name>Edoardo Angelis</artist_name><id>SONQEGV13740571E4E</id><audio_summary><key>0</key><analysis_url>http://echonest-analysis.s3.amazonaws.com/TR/zVUCHAN8iSzTVZcFGTANyYTt0PedHT9fRg1hI1QnViSlcR715wguY3tF3Rt49GUIpQ6aFFYkTolmr9fTM%3D/3/full.json?AWSAccessKeyId=AKIAJRDFEY23UEVW42BQ&amp;Expires=1415343729&amp;Signature=K/XjCNZXy3UumOCl%2Bb0gJC/FkIA%3D</analysis_url><energy>0.320341</energy><liveness>0.099287</liveness><tempo>91.066</tempo><speechiness>0.035871</speechiness><acousticness>0.906524</acousticness><instrumentalness>0.635727</instrumentalness><mode>1</mode><time_signature>4</time_signature><duration>214.69125</duration><loudness>-16.157</loudness><audio_md5 /><valence>0.375714</valence><danceability>0.527144</danceability></audio_summary><title>Acqua Salata</title></song><song><artist_id>AR3QA111187B98C270</artist_id><artist_name>Kim Angelis</artist_name><id>SONSCTZ13DC3748A70</id><audio_summary><key>0</key><analysis_url>http://echonest-analysis.s3.amazonaws.com/TR/EmdqEwd5i3eRbZf5QOZJ_l3LRdxfe17RKWH9dTv8FclB5UtaIamtIoDlBcKGCgkreLUbQYZKXgTym1MfA%3D/3/full.json?AWSAccessKeyId=AKIAJRDFEY23UEVW42BQ&amp;Expires=1415343729&amp;Signature=x4/LTnA4iSJ8/P5N1f1/gSaXN48%3D</analysis_url><energy>0.422406</energy><liveness>0.13326</liveness><tempo>152.111</tempo><speechiness>0.041158</speechiness><acousticness>0.501297</acousticness><instrumentalness>0.677865</instrumentalness><mode>1</mode><time_signature>4</time_signature><duration>277.30621</duration><loudness>-7.652</loudness><audio_md5 /><valence>0.591151</valence><danceability>0.503976</danceability></audio_summary><title>Dancing to Zion</title></song><song><artist_id>ARCLSZP136658E5F5B</artist_id><artist_name>Edoardo Angelis</artist_name><id>SONRNOX1374057243A</id><audio_summary><key>2</key><analysis_url>http://echonest-analysis.s3.amazonaws.com/TR/an66ZgWROAmStLei9FGKqvbWazGNqwh8-q-s1prqZcCyuRdKC5bm8ZwroU9Tm9UfjY4gAs9ciM0YF7wAk%3D/3/full.json?AWSAccessKeyId=AKIAJRDFEY23UEVW42BQ&amp;Expires=1415343729&amp;Signature=Yllxj/qrNbyDkYn0fbj/fU1pqJw%3D</analysis_url><energy>0.287561</energy><liveness>0.112254</liveness><tempo>111.711</tempo><speechiness>0.037471</speechiness><acousticness>0.900296</acousticness><instrumentalness>0.946528</instrumentalness><mode>1</mode><time_signature>3</time_signature><duration>250.1249</duration><loudness>-17.172</loudness><audio_md5 /><valence>0.353714</valence><danceability>0.496756</danceability></audio_summary><title>Come Passa Il Tempo</title></song><song><artist_id>AR3QA111187B98C270</artist_id><artist_name>Kim Angelis</artist_name><id>SOPBZZS13DBABB7CDF</id><audio_summary><key>7</key><analysis_url>http://echonest-analysis.s3.amazonaws.com/TR/rAoDCQPY7fBjpK9y2_R270LJtiyFi8tUFbZPSIOfVr43EvTS_3myUjcGPjk08_khoggDFc53UvBrowdGM%3D/3/full.json?AWSAccessKeyId=AKIAJRDFEY23UEVW42BQ&amp;Expires=1415343729&amp;Signature=6gnEwd0fDFnIj48q6YrMPYW4VTM%3D</analysis_url><energy>0.343285</energy><liveness>0.125015</liveness><tempo>104.043</tempo><speechiness>0.047788</speechiness><acousticness>0.896191</acousticness><instrumentalness>0.116423</instrumentalness><mode>0</mode><time_signature>4</time_signature><duration>407.46621</duration><loudness>-12.231</loudness><audio_md5 /><valence>0.453074</valence><danceability>0.496655</danceability></audio_summary><title>Argus' Rhapsody</title></song><song><artist_id>ARVHQGS11F50C4B205</artist_id><artist_name>Kris Angelis</artist_name><id>SONLNPN13FC79C4F52</id><audio_summary><key>11</key><analysis_url>http://echonest-analysis.s3.amazonaws.com/TR/fyce9Q6zZhAuelislwp5VVOdAqIGre16Sl5EJD/3/full.json?AWSAccessKeyId=AKIAJRDFEY23UEVW42BQ&amp;Expires=1415343729&amp;Signature=4LiYcsahq0r/ZXksDFTsZtkwhzI%3D</analysis_url><energy>0.1612</energy><liveness>0.123433</liveness><tempo>102.604</tempo><speechiness>0.032039</speechiness><acousticness>0.937407</acousticness><instrumentalness>0.001763</instrumentalness><mode>1</mode><time_signature>3</time_signature><duration>208.06485</duration><loudness>-10.276</loudness><audio_md5 /><valence>0.123624</valence><danceability>0.356163</danceability></audio_summary><title>How Much?</title></song><song><artist_id>AR3QA111187B98C270</artist_id><artist_name>Kim Angelis</artist_name><id>SOOVHMM130516DC43A</id><audio_summary><key>11</key><analysis_url>http://echonest-analysis.s3.amazonaws.com/TR/urqWXAkwc6LS77VlP1sQJhyEa38tP1EDbBJwlx0DqBE2f4lfNWL6TjrKHpBCKX0Za27t33WCyh7P0bsMI%3D/3/full.json?AWSAccessKeyId=AKIAJRDFEY23UEVW42BQ&amp;Expires=1415343729&amp;Signature=PA82KP/uim1A5rhiFEzPT%2BrWYRA%3D</analysis_url><energy>0.534682</energy><liveness>0.073994</liveness><tempo>99.999</tempo><speechiness>0.053877</speechiness><acousticness>0.814822</acousticness><instrumentalness>0.039874</instrumentalness><mode>0</mode><time_signature>4</time_signature><duration>408.17288</duration><loudness>-6.572</loudness><audio_md5 /><valence>0.602725</valence><danceability>0.485927</danceability></audio_summary><title>The Triumph</title></song><song><artist_id>AR3QA111187B98C270</artist_id><artist_name>Kim Angelis</artist_name><id>SONPLJK130516DCDB9</id><audio_summary><key>0</key><analysis_url>http://echonest-analysis.s3.amazonaws.com/TR/mVGEEAWYEsqmVraQzq47-yauHtFFh17RT_Cw6NuRyH-PNJIwZjd4XylRB1_xKC8st0o4LGSnv1j62EZ8Q%3D/3/full.json?AWSAccessKeyId=AKIAJRDFEY23UEVW42BQ&amp;Expires=1415343729&amp;Signature=8BVspEhK0dJpkM%2BLPM2KUKMgB7U%3D</analysis_url><energy>0.17841</energy><liveness>0.120758</liveness><tempo>137.376</tempo><speechiness>0.039004</speechiness><acousticness>0.960584</acousticness><instrumentalness>0.012586</instrumentalness><mode>0</mode><time_signature>4</time_signature><duration>287.82621</duration><loudness>-15.154</loudness><audio_md5 /><valence>0.171207</valence><danceability>0.244769</danceability></audio_summary><title>Ramona</title></song><song><artist_id>AR3QA111187B98C270</artist_id><artist_name>Kim Angelis</artist_name><id>SOOPYUL1312FDFE18F</id><audio_summary><key>11</key><analysis_url>http://echonest-analysis.s3.amazonaws.com/TR/Hx0ezw_LvMDJPdQCzlL-bN-ZvfC99htHJcZCtgRk28epnXSvQ-RPTW-MjnB6vQHW6YL4257G_Q-eT-b_Y%3D/3/full.json?AWSAccessKeyId=AKIAJRDFEY23UEVW42BQ&amp;Expires=1415343729&amp;Signature=84Vu3jc5rYnSHp%2BPTAPJe5mvR1Q%3D</analysis_url><energy>0.33073</energy><liveness>0.172793</liveness><tempo>97.442</tempo><speechiness>0.056528</speechiness><acousticness>0.68667</acousticness><instrumentalness>0.772913</instrumentalness><mode>0</mode><time_signature>4</time_signature><duration>314.79955</duration><loudness>-12.874</loudness><audio_md5 /><valence>0.350661</valence><danceability>0.462136</danceability></audio_summary><title>Gypsy Dances, Part I: Zingaro!</title></song><song><artist_id>ARCLSZP136658E5F5B</artist_id><artist_name>Edoardo Angelis</artist_name><id>SOOQBNV13740571689</id><audio_summary><key>7</key><analysis_url>http://echonest-analysis.s3.amazonaws.com/TR/7vuTRQ-e32IJrM7VBOtXcH-3ld6H55V6G20iarCRu2y2djbruug1RtRIHq1rx68KIgJPg1RBgj0h0G34s%3D/3/full.json?AWSAccessKeyId=AKIAJRDFEY23UEVW42BQ&amp;Expires=1415343729&amp;Signature=RgZSfdWsO6VjpUhtDctn0ZbkIV0%3D</analysis_url><energy>0.446755</energy><liveness>0.093075</liveness><tempo>76.617</tempo><speechiness>0.031318</speechiness><acousticness>0.888923</acousticness><instrumentalness>0.817228</instrumentalness><mode>1</mode><time_signature>4</time_signature><duration>289.27374</duration><loudness>-13.798</loudness><audio_md5 /><valence>0.259991</valence><danceability>0.454871</danceability></audio_summary><title>Rosso E Nero</title></song><song><artist_id>ARCLSZP136658E5F5B</artist_id><artist_name>Edoardo Angelis</artist_name><id>SOQLTHG13740572709</id><audio_summary><key>0</key><analysis_url>http://echonest-analysis.s3.amazonaws.com/TR/Du4-3g9R6YL-9iCgshc1P3_3asFZzyA1gQoK77l4tHQY_3eSUnwwhil2D2DKVVO9nK2zY3EDS-tpIencw%3D/3/full.json?AWSAccessKeyId=AKIAJRDFEY23UEVW42BQ&amp;Expires=1415343729&amp;Signature=mCdUf9feDc9AzcVBHS/9s2es00Y%3D</analysis_url><energy>0.4123</energy><liveness>0.12338</liveness><tempo>90.382</tempo><speechiness>0.035167</speechiness><acousticness>0.866566</acousticness><instrumentalness>0.002636</instrumentalness><mode>1</mode><time_signature>4</time_signature><duration>249.38186</duration><loudness>-14.621</loudness><audio_md5 /><valence>0.479292</valence><danceability>0.451129</danceability></audio_summary><title>Faccia D'Angelo</title></song><song><artist_id>ARHJZTR11E8F5C112A</artist_id><artist_name>Linda Angelis</artist_name><id>SOEZLYO136A7435695</id><audio_summary><key>4</key><analysis_url>http://echonest-analysis.s3.amazonaws.com/TR/JwwhxgxX-EGOuJtUX124ugq-fqTkijA_HEVMTT/3/full.json?AWSAccessKeyId=AKIAJRDFEY23UEVW42BQ&amp;Expires=1415343729&amp;Signature=IK7UhkLyE5soKtjoO93SnlBCd2I%3D</analysis_url><energy>0.536798</energy><liveness>0.432321</liveness><tempo>119.993</tempo><speechiness>0.03095</speechiness><acousticness>0.832743</acousticness><instrumentalness>0.20641</instrumentalness><mode>0</mode><time_signature>4</time_signature><duration>218.80118</duration><loudness>-8.981</loudness><audio_md5 /><valence>0.554389</valence><danceability>0.634537</danceability></audio_summary><title>Angel of Wonder</title></song><song><artist_id>ARYZVKI1269FCD121C</artist_id><artist_name>Dimi Angélis</artist_name><id>SOEZTXZ147203AB974</id><audio_summary><key>7</key><analysis_url>http://echonest-analysis.s3.amazonaws.com/TR/8xmA5QZEmTsDufesUFi4Kf1iCRt0shiay4MYcCqy6zLfgkxwBubSybx_yJkaE1bZLeAe6d83OGiuTV1ro%3D/3/full.json?AWSAccessKeyId=AKIAJRDFEY23UEVW42BQ&amp;Expires=1415343729&amp;Signature=l456wP4biHe2VbaGmHscF/kWeqc%3D</analysis_url><energy>0.921837</energy><liveness>0.068978</liveness><tempo>142.926</tempo><speechiness>0.086106</speechiness><acousticness>0.006374</acousticness><instrumentalness>0.720575</instrumentalness><mode>1</mode><time_signature>4</time_signature><duration>366.93288</duration><loudness>-8.398</loudness><audio_md5 /><valence>0.552032</valence><danceability>0.731253</danceability></audio_summary><title>Creation Ground</title></song><song><artist_id>ARVHQGS11F50C4B205</artist_id><artist_name>Kris Angelis</artist_name><id>SOFKIST13134389235</id><audio_summary><key>3</key><analysis_url>http://echonest-analysis.s3.amazonaws.com/TR/Lj7UjAvgRWUdUGhJMb2Ma5TIUjwCQ8K4xghuybb3YRO1gHsjs4p54LD5MFvfJLzpMl3IgQcH9bQpAQHaw%3D/3/full.json?AWSAccessKeyId=AKIAJRDFEY23UEVW42BQ&amp;Expires=1415343729&amp;Signature=OAZB%2BQyDdAaht8wXmrA9DgWvHt8%3D</analysis_url><energy>0.489251</energy><liveness>0.123455</liveness><tempo>171.927</tempo><speechiness>0.032388</speechiness><acousticness>0.678203</acousticness><instrumentalness>0.0</instrumentalness><mode>1</mode><time_signature>3</time_signature><duration>195.73288</duration><loudness>-6.076</loudness><audio_md5 /><valence>0.408683</valence><danceability>0.334654</danceability></audio_summary><title>A Few More Coins</title></song><song><artist_id>AR3QA111187B98C270</artist_id><artist_name>Kim Angelis</artist_name><id>SOFJKRG13DBBC41B3D</id><audio_summary><key>2</key><analysis_url>http://echonest-analysis.s3.amazonaws.com/TR/pA-E9gL1yRql4f3yZUpPfei4DzUWoIKt21rcAaU8M3k_vWN82fDEu6JB2Wv0Lm_93AselWHm53Ioc69qs%3D/3/full.json?AWSAccessKeyId=AKIAJRDFEY23UEVW42BQ&amp;Expires=1415343729&amp;Signature=0h0wk1rjoDTDCR2WxMORKC2/6/4%3D</analysis_url><energy>0.364946</energy><liveness>0.353016</liveness><tempo>142.743</tempo><speechiness>0.046563</speechiness><acousticness>0.838423</acousticness><instrumentalness>0.086419</instrumentalness><mode>0</mode><time_signature>4</time_signature><duration>240.59955</duration><loudness>-10.851</loudness><audio_md5 /><valence>0.796268</valence><danceability>0.487745</danceability></audio_summary><title>The Dancing Gypsy</title></song><song><artist_id>ARVHQGS11F50C4B205</artist_id><artist_name>Kris Angelis</artist_name><id>SOGKCDF1313439B88E</id><audio_summary><key>3</key><analysis_url>http://echonest-analysis.s3.amazonaws.com/TR/9YBffAm24vMZ_9MULwN7BjsPoxEye2J5Vu_mQefqduTNGsCDhX0GlctwPA3OBNiEHFQRNhDbAzucoZhr0%3D/3/full.json?AWSAccessKeyId=AKIAJRDFEY23UEVW42BQ&amp;Expires=1415343729&amp;Signature=V5GsrBED4rvpmVmk7LnVADq3b/A%3D</analysis_url><energy>0.309724</energy><liveness>0.169705</liveness><tempo>81.634</tempo><speechiness>0.027753</speechiness><acousticness>0.836463</acousticness><instrumentalness>0.000198</instrumentalness><mode>1</mode><time_signature>4</time_signature><duration>373.97288</duration><loudness>-7.021</loudness><audio_md5 /><valence>0.186812</valence><danceability>0.533031</danceability></audio_summary><title>Painted Eyes</title></song><song><artist_id>ARHJZTR11E8F5C112A</artist_id><artist_name>Linda Angelis</artist_name><id>SOGGWFH1311AFE010E</id><audio_summary><key>5</key><analysis_url>http://echonest-analysis.s3.amazonaws.com/TR/ETlJ1As-AisJ9pWVWDxqP9wWc3oAq_vwYudd8eDjZCsUbceC2-n0lsNBa_BLzu43KdlquEHjeEKF5GNFo%3D/3/full.json?AWSAccessKeyId=AKIAJRDFEY23UEVW42BQ&amp;Expires=1415343729&amp;Signature=B2Y4tdQJdNTNySn%2BJFNNfluX%2Bc4%3D</analysis_url><energy>0.521064</energy><liveness>0.048052</liveness><tempo>134.04</tempo><speechiness>0.033513</speechiness><acousticness>0.522457</acousticness><instrumentalness>2.1e-05</instrumentalness><mode>1</mode><time_signature>4</time_signature><duration>241.99955</duration><loudness>-8.581</loudness><audio_md5 /><valence>0.482492</valence><danceability>0.643193</danceability></audio_summary><title>Everlasting Circles</title></song><song><artist_id>ARVHQGS11F50C4B205</artist_id><artist_name>Kris Angelis</artist_name><id>SOETIRY13FC79A9159</id><audio_summary><key>1</key><analysis_url>http://echonest-analysis.s3.amazonaws.com/TR/Ql3fbAqHDamU4pPmDbKcceWMjgthhKiEmyDTNb/3/full.json?AWSAccessKeyId=AKIAJRDFEY23UEVW42BQ&amp;Expires=1415343729&amp;Signature=JVlUpYJb9haN%2Bmfqf00RcR7%2BALQ%3D</analysis_url><energy>0.510568</energy><liveness>0.119259</liveness><tempo>141.882</tempo><speechiness>0.068148</speechiness><acousticness>0.300019</acousticness><instrumentalness>0.0</instrumentalness><mode>1</mode><time_signature>4</time_signature><duration>152.0322</duration><loudness>-7.526</loudness><audio_md5 /><valence>0.539679</valence><danceability>0.698772</danceability></audio_summary><title>Neverland</title></song><song><artist_id>ARNTRBR1241B9CC59B</artist_id><artist_name>Roberto Angelis</artist_name><id>SOFRFGP136942103F7</id><audio_summary><key>5</key><analysis_url>http://echonest-analysis.s3.amazonaws.com/TR/oGqOkw5-vQ87N60vW_j_B5QdNkLJ3icwSWQYKrdkXrFZ-8AJznfPmVLrxe9Pk_8LceG0I2xLzP_jumL0g%3D/3/full.json?AWSAccessKeyId=AKIAJRDFEY23UEVW42BQ&amp;Expires=1415343729&amp;Signature=tqesakyHvjsOGBxXwMbauPdyqAs%3D</analysis_url><energy>0.582021</energy><liveness>0.103444</liveness><tempo>163.951</tempo><speechiness>0.038782</speechiness><acousticness>0.113993</acousticness><instrumentalness>0.0</instrumentalness><mode>0</mode><time_signature>4</time_signature><duration>315.53288</duration><loudness>-8.33</loudness><audio_md5 /><valence>0.215557</valence><danceability>0.430584</danceability></audio_summary><title>Teresa</title></song><song><artist_id>ARVHQGS11F50C4B205</artist_id><artist_name>Kris Angelis</artist_name><id>SOFQMZE1312FE00EC4</id><audio_summary><key>11</key><analysis_url>http://echonest-analysis.s3.amazonaws.com/TR/0_OobAyoRvcYCHs01c_krDpkeX-r1A1Z5lo0K1jYsUDPpQVodwkJGifxlOV11EDQd7SLs2GaJbFOTnevE%3D/3/full.json?AWSAccessKeyId=AKIAJRDFEY23UEVW42BQ&amp;Expires=1415343729&amp;Signature=jd9y5D03VswFw4x3gPHAfVz51B8%3D</analysis_url><energy>0.111838</energy><liveness>0.360194</liveness><tempo>73.981</tempo><speechiness>0.048977</speechiness><acousticness>0.664724</acousticness><instrumentalness>1e-06</instrumentalness><mode>1</mode><time_signature>4</time_signature><duration>226.63955</duration><loudness>-15.675</loudness><audio_md5 /><valence>0.161602</valence><danceability>0.44524</danceability></audio_summary><title>Long Way Down</title></song><song><artist_id>AR3QA111187B98C270</artist_id><artist_name>Kim Angelis</artist_name><id>SOEYPGW1311AFEAFAB</id><audio_summary><key>9</key><analysis_url>http://echonest-analysis.s3.amazonaws.com/TR/UfJNtQDBSkoLTLogRl4MZfsTR4TJe7esg_procEiJrDgtEZnlpgiX4-t55AwZHOWalCArbCPzxBsnBRiQ%3D/3/full.json?AWSAccessKeyId=AKIAJRDFEY23UEVW42BQ&amp;Expires=1415343729&amp;Signature=D8HSSNqyF8mtsfSVUJgOvZ7jik4%3D</analysis_url><energy>0.150706</energy><liveness>0.174963</liveness><tempo>101.772</tempo><speechiness>0.050713</speechiness><acousticness>0.95385</acousticness><instrumentalness>0.021495</instrumentalness><mode>0</mode><time_signature>4</time_signature><duration>65.19955</duration><loudness>-14.46</loudness><audio_md5 /><valence>0.19865</valence><danceability>0.204572</danceability></audio_summary><title>Wayfaring Stranger</title></song></songs></response>