<response><status><version>4.2</version><code>0</code><message>Success</message></status><songs><song><artist_id>AR75SGJ1187B9B80DA</artist_id><artist_name>Anthony Hamilton</artist_name><id>SOADAZR13729F88180</id><audio_summary><key>6</key><analysis_url>http://echonest-analysis.s3.amazonaws.com/TR/bXkpmQk4ad-jVlo9fRKrmmlR9ySqTwvQ1UXaGmb91yQZTp89toz9TvQMCUspTpI2tsIoUbYVIQ76ZLvJw%3D/3/full.json?AWSAccessKeyId=AKIAJRDFEY23UEVW42BQ&amp;Expires=1415343819&amp;Signature=CJ2CVmwCgjiNNQ2ConJELahd/yc%3D</analysis_url><energy>0.7871</energy><liveness>0.186671</liveness><tempo>160.212</tempo><speechiness>0.417989</speechiness><acousticness>0.064459</acousticness><instrumentalness>0.0</instrumentalness><mode>0</mode><time_signature>4</time_signature><duration>276.46621</duration><loudness>-7.514</loudness><audio_md5 /><valence>0.599213</valence><danceability>0.609187</danceability></audio_summary><title>Comin' From Where I'm From (Remix)</title></song><song><artist_id>AR75SGJ1187B9B80DA</artist_id><artist_name>Anthony Hamilton</artist_name><id>SOAJFVP12AF72A2CAD</id><audio_summary><key>10</key><analysis_url>http://echonest-analysis.s3.amazonaws.com/TR/XoirWQjo4DI4gg57-oa_2Rvh9CKdsFiH45wR4cqDyBlOSZBnKcyan3apEQLnX59E56riggMndvF2nTp-Q%3D/3/full.json?AWSAccessKeyId=AKIAJRDFEY23UEVW42BQ&amp;Expires=1415343819&amp;Signature=NoRZBUCOWlwHzRbz99SveX7%2BgcQ%3D</analysis_url><energy>0.646164</energy><liveness>0.77785</liveness><tempo>85.996</tempo><speechiness>0.233306</speechiness><acousticness>0.090056</acousticness><instrumentalness>0.0</instrumentalness><mode>0</mode><time_signature>4</time_signature><duration>224.99955</duration><loudness>-6.805</loudness><audio_md5 /><valence>0.653622</valence><danceability>0.729161</danceability></audio_summary><title>So Clear</title></song><song><artist_id>AR75SGJ1187B9B80DA</artist_id><artist_name>Anthony Hamilton</artist_name><id>SOYSLOZ13729F89E4A</id><audio_summary><key>5</key><analysis_url>http://echonest-analysis.s3.amazonaws.com/TR/YefFwQx_i82BYGJNN5wX_kEdrqfUap0i2SO2JyuVSJ9LPWf3DXy0L8YvfRIof9BQn2Xt10RmC30vTXfJI%3D/3/full.json?AWSAccessKeyId=AKIAJRDFEY23UEVW42BQ&amp;Expires=1415343819&amp;Signature=mDRiGIVgDQxjN/vqVIOmH3xw%2Bsk%3D</analysis_url><energy>0.59277</energy><liveness>0.975222</liveness><tempo>111.172</tempo><speechiness>0.067349</speechiness><acousticness>0.655764</acousticness><instrumentalness>0.0</instrumentalness><mode>0</mode><time_signature>4</time_signature><duration>438.86621</duration><loudness>-7.03</loudness><audio_md5 /><valence>0.354986</valence><danceability>0.42931</danceability></audio_summary><title>Charlene (Live from Atlanta)</title></song><song><artist_id>AR75SGJ1187B9B80DA</artist_id><artist_name>Anthony Hamilton</artist_name><id>SOASIBS137405D8D38</id><audio_summary><key>10</key><analysis_url>http://echonest-analysis.s3.amazonaws.com/TR/5kGHhAZ2kO2AfwXqb5o8IL3L53oMPgfSVH2jH9DQ3SVjcI7oUOwven3ApbEamuY2SIyPJFJohXYrluUXk%3D/3/full.json?AWSAccessKeyId=AKIAJRDFEY23UEVW42BQ&amp;Expires=1415343819&amp;Signature=QFxZtmpCDHa%2B0wUlgikYCf0kTVE%3D</analysis_url><energy>0.085114</energy><liveness>0.247226</liveness><tempo>79.883</tempo><speechiness>0.420313</speechiness><acousticness>0.630876</acousticness><instrumentalness>0.0</instrumentalness><mode>0</mode><time_signature>4</time_signature><duration>88.27955</duration><loudness>-23.713</loudness><audio_md5 /><valence>0.402563</valence><danceability>0.718938</danceability></audio_summary><title>About Who's Loving You (Commentary)</title></song><song><artist_id>AR75SGJ1187B9B80DA</artist_id><artist_name>Anthony Hamilton</artist_name><id>SOIIIIU1312FE022FC</id><audio_summary><key>10</key><analysis_url>http://echonest-analysis.s3.amazonaws.com/TR/DPy0ZA2w0ZBYjZJrGANKYppq35etVadjbE9369FS0IRLMabggmkrUSDI-TnDjzD-aVyWTlkWvZ2JVvMqQ%3D/3/full.json?AWSAccessKeyId=AKIAJRDFEY23UEVW42BQ&amp;Expires=1415343819&amp;Signature=cwRP2q7mMyLxDSJ1XUjXWl4xKes%3D</analysis_url><energy>0.764026</energy><liveness>0.089684</liveness><tempo>147.901</tempo><speechiness>0.058556</speechiness><acousticness>0.001422</acousticness><instrumentalness>3e-06</instrumentalness><mode>0</mode><time_signature>4</time_signature><duration>178.29288</duration><loudness>-5.607</loudness><audio_md5>70613deec662a1acf26cd165182ccf72</audio_md5><valence>0.892225</valence><danceability>0.667542</danceability></audio_summary><title>Soul Music</title></song><song><artist_id>AR75SGJ1187B9B80DA</artist_id><artist_name>Anthony Hamilton</artist_name><id>SOCIUDS1313438D247</id><audio_summary><key>1</key><analysis_url>http://echonest-analysis.s3.amazonaws.com/TR/vIQgsQFExmBkgaK1Hbqdz7ILDTlc_usuTcuYrS76pI6dKr8KIglssHKVVmVj-9DETeBRPP4cbRAjv6hFc%3D/3/full.json?AWSAccessKeyId=AKIAJRDFEY23UEVW42BQ&amp;Expires=1415343819&amp;Signature=2oi5Lmx8x6abhi%2BJ5iGl3cmVAgA%3D</analysis_url><energy>0.605389</energy><liveness>0.112122</liveness><tempo>76.036</tempo><speechiness>0.111583</speechiness><acousticness>0.059725</acousticness><instrumentalness>1e-05</instrumentalness><mode>0</mode><time_signature>4</time_signature><duration>208.69288</duration><loudness>-7.412</loudness><audio_md5 /><valence>0.526468</valence><danceability>0.408829</danceability></audio_summary><title>Where Did It Go Wrong? (Main Version)</title></song><song><artist_id>AR75SGJ1187B9B80DA</artist_id><artist_name>Anthony Hamilton</artist_name><id>SOTLDQG137405D8CDC</id><audio_summary><key>8</key><analysis_url>http://echonest-analysis.s3.amazonaws.com/TR/SnLBxwULZ3sr-tKvbrrrPyPpjd57wsIy7cHlJdJH_bCAuBh26vs_QU5uO_JXL-Gw2nJTafPOoosSP3i38%3D/3/full.json?AWSAccessKeyId=AKIAJRDFEY23UEVW42BQ&amp;Expires=1415343819&amp;Signature=ygFHWZOSl1os7TyQqtVlAltf7Ls%3D</analysis_url><energy>0.111863</energy><liveness>0.412082</liveness><tempo>88.014</tempo><speechiness>0.716342</speechiness><acousticness>0.486555</acousticness><instrumentalness>0.0</instrumentalness><mode>0</mode><time_signature>3</time_signature><duration>101.09288</duration><loudness>-19.984</loudness><audio_md5 /><valence>0.483689</valence><danceability>0.697885</danceability></audio_summary><title>About Sucka For You (Commentary)</title></song><song><artist_id>AR75SGJ1187B9B80DA</artist_id><artist_name>Anthony Hamilton</artist_name><id>SOYBACM13729F87BE0</id><audio_summary><key>6</key><analysis_url>http://echonest-analysis.s3.amazonaws.com/TR/8mhNcwn-ozt5SatWuLtQ00YMGIkGAqsraHX4_vFvSxDN5m72a5QyQ9il8k_D2cfW77JsFoaiCKafjOpn4%3D/3/full.json?AWSAccessKeyId=AKIAJRDFEY23UEVW42BQ&amp;Expires=1415343819&amp;Signature=/dWSrz1kvu5vhec4m83Gxe%2BweUM%3D</analysis_url><energy>0.740837</energy><liveness>0.955195</liveness><tempo>85.321</tempo><speechiness>0.224696</speechiness><acousticness>0.188521</acousticness><instrumentalness>0.0</instrumentalness><mode>0</mode><time_signature>4</time_signature><duration>1430.66621</duration><loudness>-6.167</loudness><audio_md5 /><valence>0.442794</valence><danceability>0.418686</danceability></audio_summary><title>Comin' From Where I'm From (Live from Atlanta)</title></song><song><artist_id>AR75SGJ1187B9B80DA</artist_id><artist_name>Anthony Hamilton</artist_name><id>SOIPTVP137405D8C35</id><audio_summary><key>8</key><analysis_url>http://echonest-analysis.s3.amazonaws.com/TR/5hAiggy2a7KwPknmGhv9fCVroc5PtBi6FFcr5lgQpwx3OiEAuC0ryt_YDsptyAlQ4bi7_jB2FxlqSMX_s%3D/3/full.json?AWSAccessKeyId=AKIAJRDFEY23UEVW42BQ&amp;Expires=1415343819&amp;Signature=cvkrwlU9aN8tOwXIraWcS%2BTgXFQ%3D</analysis_url><energy>0.059384</energy><liveness>0.237687</liveness><tempo>94.594</tempo><speechiness>0.549622</speechiness><acousticness>0.340729</acousticness><instrumentalness>0.0</instrumentalness><mode>0</mode><time_signature>4</time_signature><duration>63.53288</duration><loudness>-24.639</loudness><audio_md5 /><valence>0.500493</valence><danceability>0.681518</danceability></audio_summary><title>About Best Of Me (Commentary)</title></song><song><artist_id>AR75SGJ1187B9B80DA</artist_id><artist_name>Anthony Hamilton</artist_name><id>SOIJLWA134EDB04A28</id><audio_summary><key>5</key><analysis_url>http://echonest-analysis.s3.amazonaws.com/TR/ySsNFgDdoB9-VcNhH2rivqO6wf4yoUpl0dm1FS9ByzXxw6hTw%3D/3/full.json?AWSAccessKeyId=AKIAJRDFEY23UEVW42BQ&amp;Expires=1415343819&amp;Signature=S5DivQD1YSeXMFz5AUAMdp45lkk%3D</analysis_url><energy>0.388909</energy><liveness>0.075804</liveness><tempo>147.929</tempo><speechiness>0.031799</speechiness><acousticness>0.33234</acousticness><instrumentalness>4e-05</instrumentalness><mode>1</mode><time_signature>4</time_signature><duration>333.84444</duration><loudness>-9.608</loudness><audio_md5 /><valence>0.481884</valence><danceability>0.661252</danceability></audio_summary><title>Nowhere</title></song><song><artist_id>AR75SGJ1187B9B80DA</artist_id><artist_name>Anthony Hamilton</artist_name><id>SOBSIIO137405D8CCD</id><audio_summary><key>10</key><analysis_url>http://echonest-analysis.s3.amazonaws.com/TR/OA3pJwblDl4tlDZAJ9BFdEAcqMi_Bdh80ikjJ5LPaG3gvTHSlovhFWTwGjJNEyiwfTmGpMCMOfusFWNJk%3D/3/full.json?AWSAccessKeyId=AKIAJRDFEY23UEVW42BQ&amp;Expires=1415343819&amp;Signature=lOqYV37bcM/RjLZbwp2ezzFCvjQ%3D</analysis_url><energy>0.089745</energy><liveness>0.128079</liveness><tempo>58.189</tempo><speechiness>0.419316</speechiness><acousticness>0.492622</acousticness><instrumentalness>0.0</instrumentalness><mode>0</mode><time_signature>4</time_signature><duration>76.25288</duration><loudness>-22.16</loudness><audio_md5 /><valence>0.446756</valence><danceability>0.741103</danceability></audio_summary><title>About I'll Wait (To Fall In Love) (Commentary)</title></song><song><artist_id>AR75SGJ1187B9B80DA</artist_id><artist_name>Anthony Hamilton</artist_name><id>SOIQDDV137405D8D1D</id><audio_summary><key>11</key><analysis_url>http://echonest-analysis.s3.amazonaws.com/TR/3KsFzQ-sLpwb7Nb-dDmh4yu2lu892wkSBYOIx0_aMuemC_V3kN0UAy2jS2W8hj5rwWGvFxkkDBfCtmNXk%3D/3/full.json?AWSAccessKeyId=AKIAJRDFEY23UEVW42BQ&amp;Expires=1415343819&amp;Signature=QIAf6/5CmHwk5IpZefkdvHSxA5I%3D</analysis_url><energy>0.084903</energy><liveness>0.107451</liveness><tempo>120.436</tempo><speechiness>0.579048</speechiness><acousticness>0.639591</acousticness><instrumentalness>0.0</instrumentalness><mode>1</mode><time_signature>3</time_signature><duration>156.97288</duration><loudness>-21.189</loudness><audio_md5 /><valence>0.382123</valence><danceability>0.703466</danceability></audio_summary><title>About Life Has A Way (Commentary)</title></song><song><artist_id>AR75SGJ1187B9B80DA</artist_id><artist_name>Anthony Hamilton</artist_name><id>SODTGPQ1374050835D</id><audio_summary><key>3</key><analysis_url>http://echonest-analysis.s3.amazonaws.com/TR/9zPm5A3kAV489-RjPGYuHCNZPod1FxT5AI-6aTHuIQi4p29GMkEZH2oOwgytJi5EbLAXMzc40rOYHqqGY%3D/3/full.json?AWSAccessKeyId=AKIAJRDFEY23UEVW42BQ&amp;Expires=1415343819&amp;Signature=9SdLImuzNXPnZTYp/63PEaVBRZU%3D</analysis_url><energy>0.218315</energy><liveness>0.136481</liveness><tempo>102.879</tempo><speechiness>0.041022</speechiness><acousticness>0.889983</acousticness><instrumentalness>0.0</instrumentalness><mode>1</mode><time_signature>4</time_signature><duration>454.59982</duration><loudness>-11.925</loudness><audio_md5 /><valence>0.308885</valence><danceability>0.433883</danceability></audio_summary><title>Charlene (iTunes Originals Acoustic Version)</title></song><song><artist_id>AR75SGJ1187B9B80DA</artist_id><artist_name>Anthony Hamilton</artist_name><id>SOPCCLW12A6D4F93B8</id><audio_summary><key>8</key><analysis_url>http://echonest-analysis.s3.amazonaws.com/TR/omPnWQC8WyZp9G24-WhQCJ-PmfKFN4so2J44Nc4YGKha77UuXBJnsj4iTVrkej-nzHY8OLzkp0UxT1Ug8%3D/3/full.json?AWSAccessKeyId=AKIAJRDFEY23UEVW42BQ&amp;Expires=1415343819&amp;Signature=cUOIL8LvVCOTUn8zep8h2uYYyKo%3D</analysis_url><energy>0.648965</energy><liveness>0.350866</liveness><tempo>172.007</tempo><speechiness>0.150702</speechiness><acousticness>0.250304</acousticness><instrumentalness>2e-06</instrumentalness><mode>1</mode><time_signature>4</time_signature><duration>232.61288</duration><loudness>-4.56</loudness><audio_md5>1bc0a34d378c067d9a6d34b15517c526</audio_md5><valence>0.467125</valence><danceability>0.68231</danceability></audio_summary><title>Struggle No More (Main Event) Performed by Anthony Hamilton, Jaheim &amp; Musiq Soulchild</title></song><song><artist_id>AR75SGJ1187B9B80DA</artist_id><artist_name>Anthony Hamilton</artist_name><id>SOEQKSR1315CD4A2A8</id><audio_summary><key>8</key><analysis_url>http://echonest-analysis.s3.amazonaws.com/TR/4PIVHw18llRrxzDjHAcAi5zO-DyXzSHGDTzvQbjXsK5EYW6e_UPtmodE6K9aCY14pFCL3EZYAslS4OUcQ%3D/3/full.json?AWSAccessKeyId=AKIAJRDFEY23UEVW42BQ&amp;Expires=1415343819&amp;Signature=fli%2BAV88tXFGyKbMtN2L9mT%2Bfd4%3D</analysis_url><energy>0.783297</energy><liveness>0.652426</liveness><tempo>86.013</tempo><speechiness>0.188271</speechiness><acousticness>0.199824</acousticness><instrumentalness>0.0</instrumentalness><mode>1</mode><time_signature>4</time_signature><duration>234.45288</duration><loudness>-4.133</loudness><audio_md5>615033d4115d5c0e953b554fcd6bc3fd</audio_md5><valence>0.658657</valence><danceability>0.70844</danceability></audio_summary><title>Struggle No More</title></song><song><artist_id>AR75SGJ1187B9B80DA</artist_id><artist_name>Anthony Hamilton</artist_name><id>SOCMJPG12AB018098E</id><audio_summary><key>8</key><analysis_url>http://echonest-analysis.s3.amazonaws.com/TR/hesRrwJBt2LN0TM1jGsIoGrPhIAjxw8hjksbYZCc2Fcd2pg-f9JB-Y_oFnDLaDFGsCKk6C5R2W84FIMKA%3D/3/full.json?AWSAccessKeyId=AKIAJRDFEY23UEVW42BQ&amp;Expires=1415343819&amp;Signature=b/n/MpNuEdSqmVaTEn/FXjb6fSE%3D</analysis_url><energy>0.434951</energy><liveness>0.044713</liveness><tempo>145.966</tempo><speechiness>0.053805</speechiness><acousticness>0.504316</acousticness><instrumentalness>1e-06</instrumentalness><mode>1</mode><time_signature>4</time_signature><duration>284.29288</duration><loudness>-7.482</loudness><audio_md5 /><valence>0.650123</valence><danceability>0.72502</danceability></audio_summary><title>Better Love</title></song><song><artist_id>AR75SGJ1187B9B80DA</artist_id><artist_name>Anthony Hamilton</artist_name><id>SOOXBMP1312A8A5DA8</id><audio_summary><key>4</key><analysis_url>http://echonest-analysis.s3.amazonaws.com/TR/65i9lAWYKRrwXY0KLM6P2SLoH5JynpZvYXvW7iCq0ux8KpGV0EBuMP_RNoJbtppADLOmY3ZH0SxQDZ3SA%3D/3/full.json?AWSAccessKeyId=AKIAJRDFEY23UEVW42BQ&amp;Expires=1415343819&amp;Signature=BLm9fhT/8YZvb%2BV%2BGVD%2B%2BnjLN0Q%3D</analysis_url><energy>0.664409</energy><liveness>0.096791</liveness><tempo>168.414</tempo><speechiness>0.310754</speechiness><acousticness>0.129983</acousticness><instrumentalness>3e-06</instrumentalness><mode>1</mode><time_signature>4</time_signature><duration>322.94621</duration><loudness>-5.19</loudness><audio_md5>15a89d9b391806f602a17323679d928b</audio_md5><valence>0.639685</valence><danceability>0.715417</danceability></audio_summary><title>Love And War</title></song><song><artist_id>AR75SGJ1187B9B80DA</artist_id><artist_name>Anthony Hamilton</artist_name><id>SOASRPJ135B8C0A59C</id><audio_summary><key>0</key><analysis_url>http://echonest-analysis.s3.amazonaws.com/TR/3UislwUgseLxQSHkq4smPaE40Qst2-k6OA9u5tWZ2mFLIwfgmvbsqp6ed55dhIcQo4DBoFA87h4WlAQnE%3D/3/full.json?AWSAccessKeyId=AKIAJRDFEY23UEVW42BQ&amp;Expires=1415343819&amp;Signature=pDSgL%2BjugzGh3rFQWvOl4EmlCdU%3D</analysis_url><energy>0.637557</energy><liveness>0.151862</liveness><tempo>82.648</tempo><speechiness>0.031516</speechiness><acousticness>0.054946</acousticness><instrumentalness>0.039879</instrumentalness><mode>1</mode><time_signature>4</time_signature><duration>235.89288</duration><loudness>-4.469</loudness><audio_md5 /><valence>0.566746</valence><danceability>0.548523</danceability></audio_summary><title>Do You Feel Me (Main Version - Clean)</title></song><song><artist_id>AR75SGJ1187B9B80DA</artist_id><artist_name>Anthony Hamilton</artist_name><id>SOGMUKI1311AFE169B</id><audio_summary><key>1</key><analysis_url>http://echonest-analysis.s3.amazonaws.com/TR/ncHsBArxRA9o806T6cX6k5gxV3EO6v8RzSyGRg9UEag0ifYQ1D4YdJUkV_l3cuZPc0SR_bFsV-x6hcNiM%3D/3/full.json?AWSAccessKeyId=AKIAJRDFEY23UEVW42BQ&amp;Expires=1415343819&amp;Signature=WpjVa51Z83/WNZQILfklkICD7a4%3D</analysis_url><energy>0.646131</energy><liveness>0.073951</liveness><tempo>201.968</tempo><speechiness>0.085359</speechiness><acousticness>0.031656</acousticness><instrumentalness>3.3e-05</instrumentalness><mode>1</mode><time_signature>4</time_signature><duration>239.99955</duration><loudness>-7.773</loudness><audio_md5>aed576d6fe516f2691f4a1729e04ff5a</audio_md5><valence>0.886995</valence><danceability>0.71241</danceability></audio_summary><title>Sista Big Bones (Main Version)</title></song><song><artist_id>AR75SGJ1187B9B80DA</artist_id><artist_name>Anthony Hamilton</artist_name><id>SOUJSKI1374050849D</id><audio_summary><key>6</key><analysis_url>http://echonest-analysis.s3.amazonaws.com/TR/L_RS3gcifKnNEZeiJ5Vn1iAw3PuJkg2W-ET7quQlhFKNslNRyvhceKOeHDfj9IFRXTPSGMffwm9yl_UxY%3D/3/full.json?AWSAccessKeyId=AKIAJRDFEY23UEVW42BQ&amp;Expires=1415343819&amp;Signature=0y1N92GmHKy6fAvce00wL05gdqs%3D</analysis_url><energy>0.228366</energy><liveness>0.092081</liveness><tempo>79.114</tempo><speechiness>0.034868</speechiness><acousticness>0.926463</acousticness><instrumentalness>0.000111</instrumentalness><mode>0</mode><time_signature>4</time_signature><duration>315.14077</duration><loudness>-11.977</loudness><audio_md5 /><valence>0.476639</valence><danceability>0.426171</danceability></audio_summary><title>What's Going On (iTunes Original Version)</title></song><song><artist_id>AR75SGJ1187B9B80DA</artist_id><artist_name>Anthony Hamilton</artist_name><id>SOTIMKX13740507ACB</id><audio_summary><key>6</key><analysis_url>http://echonest-analysis.s3.amazonaws.com/TR/xDH9ZQWyWk4GVU05fZ6E0lKqr8DUnftHBgmKYFi8RJSjqo6QG1trXTpF5jMLU-qkIBmIU2U3M4JpnMH7w%3D/3/full.json?AWSAccessKeyId=AKIAJRDFEY23UEVW42BQ&amp;Expires=1415343819&amp;Signature=%2BqyO7zE/zXpOl37D8tcpQha4qeQ%3D</analysis_url><energy>0.14056</energy><liveness>0.127071</liveness><tempo>80.155</tempo><speechiness>0.202382</speechiness><acousticness>0.728456</acousticness><instrumentalness>3.2e-05</instrumentalness><mode>0</mode><time_signature>4</time_signature><duration>500.71465</duration><loudness>-13.769</loudness><audio_md5 /><valence>0.372701</valence><danceability>0.542451</danceability></audio_summary><title>Comin' From Where I'm From (iTunes Original Version)</title></song><song><artist_id>AR75SGJ1187B9B80DA</artist_id><artist_name>Anthony Hamilton</artist_name><id>SOUBAKR1372F9528F5</id><audio_summary><key>0</key><analysis_url>http://echonest-analysis.s3.amazonaws.com/TR/Hn68QAlWG_1ix81tzkM8UyICg3JNhkzgj1FZHLOk9we9vgm2Wu5muxU9G5Ni_4vAp1SDuS4EyCTzdGzqA%3D/3/full.json?AWSAccessKeyId=AKIAJRDFEY23UEVW42BQ&amp;Expires=1415343819&amp;Signature=i3GrFbdaOhxiwTCLFnibQaaaRIw%3D</analysis_url><energy>0.584432</energy><liveness>0.233721</liveness><tempo>145.906</tempo><speechiness>0.041017</speechiness><acousticness>0.251304</acousticness><instrumentalness>0.0</instrumentalness><mode>1</mode><time_signature>4</time_signature><duration>201.37288</duration><loudness>-6.074</loudness><audio_md5 /><valence>0.209209</valence><danceability>0.389887</danceability></audio_summary><title>We Shall Overcome</title></song><song><artist_id>AR75SGJ1187B9B80DA</artist_id><artist_name>Anthony Hamilton</artist_name><id>SORPOAF13740508327</id><audio_summary><key>1</key><analysis_url>http://echonest-analysis.s3.amazonaws.com/TR/T2_3OgiClKu4ZiqV3P9kUN-DKGwm2wIbo37eONgLvb-npQF9ilyc0yvy_DcLyaoOzXsOWrqTAHWEgTq3w%3D/3/full.json?AWSAccessKeyId=AKIAJRDFEY23UEVW42BQ&amp;Expires=1415343819&amp;Signature=jwKM6JHuXr9bX1/al5t7PDNu2yE%3D</analysis_url><energy>0.26743</energy><liveness>0.375255</liveness><tempo>92.169</tempo><speechiness>0.926553</speechiness><acousticness>0.411402</acousticness><instrumentalness>0.0</instrumentalness><mode>0</mode><time_signature>4</time_signature><duration>52.29088</duration><loudness>-24.274</loudness><audio_md5 /><valence>0.625191</valence><danceability>0.650809</danceability></audio_summary><title>About Charlene (Interview)</title></song><song><artist_id>AR75SGJ1187B9B80DA</artist_id><artist_name>Anthony Hamilton</artist_name><id>SORJKTY1372F9525B4</id><audio_summary><key>4</key><analysis_url>http://echonest-analysis.s3.amazonaws.com/TR/1xNNTQLZLPk8SO-Y0NyVBkmGb26mfSQ8R7ndtJUPvDSVlCQxjbRbBxUVqaEe_rHKaX6rG4nLeDYxdjR_Q%3D/3/full.json?AWSAccessKeyId=AKIAJRDFEY23UEVW42BQ&amp;Expires=1415343819&amp;Signature=JsubLEF1NBV5PqNfo0BaFFpBuhU%3D</analysis_url><energy>0.678627</energy><liveness>0.109431</liveness><tempo>78.986</tempo><speechiness>0.060596</speechiness><acousticness>0.31683</acousticness><instrumentalness>0.0</instrumentalness><mode>0</mode><time_signature>4</time_signature><duration>211.19955</duration><loudness>-5.553</loudness><audio_md5 /><valence>0.684343</valence><danceability>0.605171</danceability></audio_summary><title>This May Be The Last Time</title></song><song><artist_id>AR75SGJ1187B9B80DA</artist_id><artist_name>Anthony Hamilton</artist_name><id>SORCBKA13740507CD0</id><audio_summary><key>1</key><analysis_url>http://echonest-analysis.s3.amazonaws.com/TR/R5a_WQDMkiDSlsOJzaSETaECwgLy0Zf4UzVtS0VjEW7nsLxNmPN5fC-tzTQ-goaJuJ77u8ohukuj8_0rM%3D/3/full.json?AWSAccessKeyId=AKIAJRDFEY23UEVW42BQ&amp;Expires=1415343819&amp;Signature=gME8mkwD%2B0WLrluVv306EwCm6FE%3D</analysis_url><energy>0.167046</energy><liveness>0.215314</liveness><tempo>86.762</tempo><speechiness>0.942287</speechiness><acousticness>0.396025</acousticness><instrumentalness>0.0</instrumentalness><mode>1</mode><time_signature>4</time_signature><duration>96.22304</duration><loudness>-24.195</loudness><audio_md5 /><valence>0.536417</valence><danceability>0.716881</danceability></audio_summary><title>How I write my music (Interview)</title></song><song><artist_id>AR75SGJ1187B9B80DA</artist_id><artist_name>Anthony Hamilton</artist_name><id>SOQUFPY13740507B2F</id><audio_summary><key>11</key><analysis_url>http://echonest-analysis.s3.amazonaws.com/TR/nOKR3AIKe6P63gxOJUI2PD08On96aiTBoegjGdHgd3wl29a_sK6YIViEx4SL500MX6ZbxERuha3XjUaKQ%3D/3/full.json?AWSAccessKeyId=AKIAJRDFEY23UEVW42BQ&amp;Expires=1415343819&amp;Signature=TCTmgtgcUqWIQJRPMlw6xPpKVWM%3D</analysis_url><energy>0.121864</energy><liveness>0.127026</liveness><tempo>66.424</tempo><speechiness>0.782763</speechiness><acousticness>0.38176</acousticness><instrumentalness>0.0</instrumentalness><mode>1</mode><time_signature>5</time_signature><duration>35.52608</duration><loudness>-24.017</loudness><audio_md5 /><valence>0.862172</valence><danceability>0.778998</danceability></audio_summary><title>The starting page of the whole book (Interview)</title></song><song><artist_id>AR75SGJ1187B9B80DA</artist_id><artist_name>Anthony Hamilton</artist_name><id>SOPLOUM1315CD4FA2D</id><audio_summary><key>6</key><analysis_url>http://echonest-analysis.s3.amazonaws.com/TR/pEOflQipYhWyw6QEnYeJu0r55dPjXx6LZnkUL2u_049nApxDAczVDQzVKuUrDMVx5J7Zw7vYwYNgiUbnI%3D/3/full.json?AWSAccessKeyId=AKIAJRDFEY23UEVW42BQ&amp;Expires=1415343819&amp;Signature=n0IWI08qvoLHvpkj9dzsTmlsnZs%3D</analysis_url><energy>0.647694</energy><liveness>0.095242</liveness><tempo>182.763</tempo><speechiness>0.349934</speechiness><acousticness>0.042244</acousticness><instrumentalness>0.0</instrumentalness><mode>0</mode><time_signature>4</time_signature><duration>296.05397</duration><loudness>-4.838</loudness><audio_md5 /><valence>0.689356</valence><danceability>0.482488</danceability></audio_summary><title>When We First Met (feat. Anthony Hamilton)</title></song><song><artist_id>AR75SGJ1187B9B80DA</artist_id><artist_name>Anthony Hamilton</artist_name><id>SONESAN13739502188</id><audio_summary><key>6</key><analysis_url>http://echonest-analysis.s3.amazonaws.com/TR/TRHMGWB12BEA95D938/3/full.json?AWSAccessKeyId=AKIAJRDFEY23UEVW42BQ&amp;Expires=1415343819&amp;Signature=YYp9b0Ncqvb3iCiqe6Q3WU9ONZo%3D</analysis_url><energy>0.195041</energy><liveness>0.398269</liveness><tempo>142.383</tempo><speechiness>0.41304</speechiness><acousticness>0.060047</acousticness><instrumentalness>0.0</instrumentalness><mode>1</mode><time_signature>4</time_signature><duration>205.11302</duration><loudness>-17.246</loudness><audio_md5 /><valence>0.661165</valence><danceability>0.510735</danceability></audio_summary><title>I'M COOL (NO RAP)</title></song><song><artist_id>AR75SGJ1187B9B80DA</artist_id><artist_name>Anthony Hamilton</artist_name><id>SONODJG1374C743AFF</id><audio_summary><key>0</key><analysis_url>http://echonest-analysis.s3.amazonaws.com/TR/TRTJDKU12BEA95D92F/3/full.json?AWSAccessKeyId=AKIAJRDFEY23UEVW42BQ&amp;Expires=1415343819&amp;Signature=YuA%2BK2IQL76iLDtlY0Jrv/KAvPg%3D</analysis_url><energy>0.078398</energy><liveness>0.104675</liveness><tempo>108.038</tempo><speechiness>0.119425</speechiness><acousticness>0.691758</acousticness><instrumentalness>0.0</instrumentalness><mode>0</mode><time_signature>3</time_signature><duration>247.97995</duration><loudness>-21.352</loudness><audio_md5 /><valence>0.417416</valence><danceability>0.512772</danceability></audio_summary><title>CHARLENE (Radio Mix)/(LYRICS!)</title></song><song><artist_id>AR75SGJ1187B9B80DA</artist_id><artist_name>Anthony Hamilton</artist_name><id>SONONDG12C0DD038BE</id><audio_summary><key>0</key><analysis_url>http://echonest-analysis.s3.amazonaws.com/TR/TROWKYI12BEA95D931/3/full.json?AWSAccessKeyId=AKIAJRDFEY23UEVW42BQ&amp;Expires=1415343819&amp;Signature=k5KDdD/sMsKQd7d869FcYSKZiUI%3D</analysis_url><energy>0.085132</energy><liveness>0.122651</liveness><tempo>98.829</tempo><speechiness>0.030964</speechiness><acousticness>0.957201</acousticness><instrumentalness>1e-06</instrumentalness><mode>0</mode><time_signature>4</time_signature><duration>276.13995</duration><loudness>-20.014</loudness><audio_md5 /><valence>0.287448</valence><danceability>0.390173</danceability></audio_summary><title>CHARLENE (Stripped Live)</title></song><song><artist_id>AR75SGJ1187B9B80DA</artist_id><artist_name>Anthony Hamilton</artist_name><id>SOPOALM137405D8C0A</id><audio_summary><key>11</key><analysis_url>http://echonest-analysis.s3.amazonaws.com/TR/2g6cRwCssl3m1lCqbood5ZZe_nSpgCqRwcOO2g5nM0qz_ZN34z0kvbn6aU3eq3fFW1ZS_s5kB0Lxc-RkI%3D/3/full.json?AWSAccessKeyId=AKIAJRDFEY23UEVW42BQ&amp;Expires=1415343819&amp;Signature=ocf3DeGol0u/eDXBfzgeihS82Sg%3D</analysis_url><energy>0.128227</energy><liveness>0.336661</liveness><tempo>111.016</tempo><speechiness>0.455996</speechiness><acousticness>0.343197</acousticness><instrumentalness>0.0</instrumentalness><mode>1</mode><time_signature>1</time_signature><duration>95.57288</duration><loudness>-18.906</loudness><audio_md5 /><valence>0.702643</valence><danceability>0.763851</danceability></audio_summary><title>About Pray For Me (Commentary)</title></song><song><artist_id>AR75SGJ1187B9B80DA</artist_id><artist_name>Anthony Hamilton</artist_name><id>SOPPMQZ12C0DD038BC</id><audio_summary><key>2</key><analysis_url>http://echonest-analysis.s3.amazonaws.com/TR/TRVWRQP12BEA95D92A/3/full.json?AWSAccessKeyId=AKIAJRDFEY23UEVW42BQ&amp;Expires=1415343819&amp;Signature=KSEmtgz5PvYuGDaA8npf%2BintQuw%3D</analysis_url><energy>0.124685</energy><liveness>0.111387</liveness><tempo>65.34</tempo><speechiness>0.064229</speechiness><acousticness>0.947119</acousticness><instrumentalness>0.0</instrumentalness><mode>0</mode><time_signature>4</time_signature><duration>269.26975</duration><loudness>-18.865</loudness><audio_md5 /><valence>0.557996</valence><danceability>0.454652</danceability></audio_summary><title>AIN'T NOBODY WORRYIN' (Stripped Live)/(CONTENT!)</title></song><song><artist_id>AR75SGJ1187B9B80DA</artist_id><artist_name>Anthony Hamilton</artist_name><id>SONPZUN137405080D7</id><audio_summary><key>8</key><analysis_url>http://echonest-analysis.s3.amazonaws.com/TR/MHSwJgFl0ReeHC0VM-aPv54hSgq0Cvc22wcNVG18RyIZKNOr_kiIa-btjF2JwAh0jbjPifFhQAxhjhyMs%3D/3/full.json?AWSAccessKeyId=AKIAJRDFEY23UEVW42BQ&amp;Expires=1415343819&amp;Signature=2oSrB5evRMdOEvsIvCiykkLTmWA%3D</analysis_url><energy>0.193582</energy><liveness>0.141964</liveness><tempo>126.322</tempo><speechiness>0.907252</speechiness><acousticness>0.654</acousticness><instrumentalness>0.0</instrumentalness><mode>0</mode><time_signature>5</time_signature><duration>48.66857</duration><loudness>-23.649</loudness><audio_md5 /><valence>0.743115</valence><danceability>0.710588</danceability></audio_summary><title>If mom didn't know how to love me (Interview)</title></song><song><artist_id>AR75SGJ1187B9B80DA</artist_id><artist_name>Anthony Hamilton</artist_name><id>SONUBNZ1315CD431E5</id><audio_summary><key>6</key><analysis_url>http://echonest-analysis.s3.amazonaws.com/TR/hLsx5Asfpu0wondFPgukyt4fmw3CE-4wU_hpGfKsYQQyK57ZnR1uwbgNwcy1vuicTxXRBaFRsLf5FqmXk%3D/3/full.json?AWSAccessKeyId=AKIAJRDFEY23UEVW42BQ&amp;Expires=1415343819&amp;Signature=XbEowelCjFWsA194yuw4jCXVE5w%3D</analysis_url><energy>0.763739</energy><liveness>0.203041</liveness><tempo>160.936</tempo><speechiness>0.53999</speechiness><acousticness>0.013237</acousticness><instrumentalness>0.0</instrumentalness><mode>0</mode><time_signature>4</time_signature><duration>269.85288</duration><loudness>-10.026</loudness><audio_md5 /><valence>0.619458</valence><danceability>0.440965</danceability></audio_summary><title>In My Blood</title></song><song><artist_id>AR75SGJ1187B9B80DA</artist_id><artist_name>Anthony Hamilton</artist_name><id>SOQNCLJ1374050827F</id><audio_summary><key>1</key><analysis_url>http://echonest-analysis.s3.amazonaws.com/TR/AIC-PwYiiDN1ojhxiD-4XVLwFmxvUlGqS7G5vkKyUiiytMiM1eOEGE8Wgjf3Mz7SW9dltLIlkYYu03vpc%3D/3/full.json?AWSAccessKeyId=AKIAJRDFEY23UEVW42BQ&amp;Expires=1415343819&amp;Signature=/8M9VQ2cMWyGsS80rBMUEE6zoX8%3D</analysis_url><energy>0.11798</energy><liveness>0.122921</liveness><tempo>172.915</tempo><speechiness>0.936073</speechiness><acousticness>0.595688</acousticness><instrumentalness>0.0</instrumentalness><mode>1</mode><time_signature>3</time_signature><duration>97.61624</duration><loudness>-25.018</loudness><audio_md5 /><valence>0.773331</valence><danceability>0.617367</danceability></audio_summary><title>Working with Jermaine, Angie and Nappy Roots (Interview)</title></song><song><artist_id>AR75SGJ1187B9B80DA</artist_id><artist_name>Anthony Hamilton</artist_name><id>SOGQGXW13740507CA4</id><audio_summary><key>1</key><analysis_url>http://echonest-analysis.s3.amazonaws.com/TR/Of_BiwVz78ZWF5Y0ltDJRVZADQddeoZlhipgmczr8Mm4xVXB3p_9fLNxC3LqPSf6AIrlBJFpzQiJ0D10U%3D/3/full.json?AWSAccessKeyId=AKIAJRDFEY23UEVW42BQ&amp;Expires=1415343819&amp;Signature=4qWaC5bn3397nWyZiVQmRqdQfjA%3D</analysis_url><energy>0.168277</energy><liveness>0.285221</liveness><tempo>65.204</tempo><speechiness>0.935625</speechiness><acousticness>0.634247</acousticness><instrumentalness>0.0</instrumentalness><mode>0</mode><time_signature>4</time_signature><duration>79.13315</duration><loudness>-24.648</loudness><audio_md5 /><valence>0.677392</valence><danceability>0.74415</danceability></audio_summary><title>Why my first three albums never came out (Interview)</title></song><song><artist_id>AR75SGJ1187B9B80DA</artist_id><artist_name>Anthony Hamilton</artist_name><id>SOGIKHC1472778E828</id><audio_summary><key>5</key><analysis_url>http://echonest-analysis.s3.amazonaws.com/TR/27VlNw4-8I-Y3E5cDXGCi42laA2tEZOXwJSSbhcWl1Z8bm7_3sQxOHsh5etOFH9l8HdJsB4iCcewAanD8%3D/3/full.json?AWSAccessKeyId=AKIAJRDFEY23UEVW42BQ&amp;Expires=1415343819&amp;Signature=Okjx4d9JUWf86CmCFiYbx5NrKk0%3D</analysis_url><energy>0.450012</energy><liveness>0.268324</liveness><tempo>128.02</tempo><speechiness>0.044562</speechiness><acousticness>0.363006</acousticness><instrumentalness>0.0</instrumentalness><mode>1</mode><time_signature>4</time_signature><duration>234.65288</duration><loudness>-5.17</loudness><audio_md5 /><valence>0.255168</valence><danceability>0.816178</danceability></audio_summary><title>Pray For Me - Radio Edit</title></song><song><artist_id>AR75SGJ1187B9B80DA</artist_id><artist_name>Anthony Hamilton</artist_name><id>SOGKXEE13740508425</id><audio_summary><key>8</key><analysis_url>http://echonest-analysis.s3.amazonaws.com/TR/xLK36AtSdig6lL6tEqrd3S_aDwz8196FjW0_JzjgDuY22-edRZZofjrBwoeFK1xzOVnk9Luu2j-qHHClU%3D/3/full.json?AWSAccessKeyId=AKIAJRDFEY23UEVW42BQ&amp;Expires=1415343819&amp;Signature=tVFL2g4T750GiLwZU5OvT4FnUnQ%3D</analysis_url><energy>0.149085</energy><liveness>0.169077</liveness><tempo>37.235</tempo><speechiness>0.90786</speechiness><acousticness>0.497303</acousticness><instrumentalness>0.0</instrumentalness><mode>1</mode><time_signature>3</time_signature><duration>68.86993</duration><loudness>-25.074</loudness><audio_md5 /><valence>0.641742</valence><danceability>0.788796</danceability></audio_summary><title>Ask a lot of questions (Interview)</title></song><song><artist_id>AR75SGJ1187B9B80DA</artist_id><artist_name>Anthony Hamilton</artist_name><id>SOFQWWP137405D8C8E</id><audio_summary><key>11</key><analysis_url>http://echonest-analysis.s3.amazonaws.com/TR/3rX6AgeKrzTCk3H2Z4M_hJWh94GBqjGYeNhLaQeg9QA4VBoP6zZzE3ERkHq_XpTsso5Fe01eJl0vdWjh4%3D/3/full.json?AWSAccessKeyId=AKIAJRDFEY23UEVW42BQ&amp;Expires=1415343819&amp;Signature=j6n0rVOrJxvF8VgvY%2Bifyyu%2Bkzw%3D</analysis_url><energy>0.14109</energy><liveness>0.394139</liveness><tempo>100.993</tempo><speechiness>0.406621</speechiness><acousticness>0.242757</acousticness><instrumentalness>0.0</instrumentalness><mode>1</mode><time_signature>3</time_signature><duration>71.58621</duration><loudness>-20.026</loudness><audio_md5 /><valence>0.498209</valence><danceability>0.713681</danceability></audio_summary><title>About Back To Love (Commentary)</title></song><song><artist_id>AR75SGJ1187B9B80DA</artist_id><artist_name>Anthony Hamilton</artist_name><id>SOHTJLL13740508147</id><audio_summary><key>8</key><analysis_url>http://echonest-analysis.s3.amazonaws.com/TR/St9xLwQgUs1E3HJ7ED2VOTBRxD7mp_rBPMnx7f1h-QPhaDn9opBm38HQgnf8O3KE_jUfA60H9THdFvpvc%3D/3/full.json?AWSAccessKeyId=AKIAJRDFEY23UEVW42BQ&amp;Expires=1415343819&amp;Signature=PNnM7JV3ezBvGiS28JJqasi4TSo%3D</analysis_url><energy>0.149563</energy><liveness>0.321157</liveness><tempo>87.02</tempo><speechiness>0.939841</speechiness><acousticness>0.384784</acousticness><instrumentalness>0.0</instrumentalness><mode>1</mode><time_signature>4</time_signature><duration>104.25714</duration><loudness>-27.45</loudness><audio_md5 /><valence>0.592673</valence><danceability>0.726229</danceability></audio_summary><title>The big green couch (Interview)</title></song><song><artist_id>AR75SGJ1187B9B80DA</artist_id><artist_name>Anthony Hamilton</artist_name><id>SOHSENS1373384CB06</id><audio_summary><key>10</key><analysis_url>http://echonest-analysis.s3.amazonaws.com/TR/TRBQNUK12BEA95D937/3/full.json?AWSAccessKeyId=AKIAJRDFEY23UEVW42BQ&amp;Expires=1415343819&amp;Signature=VgO2fXs4VGoxP9Hu6QS3tRHmGfI%3D</analysis_url><energy>0.168985</energy><liveness>0.147</liveness><tempo>144.572</tempo><speechiness>0.340891</speechiness><acousticness>0.377178</acousticness><instrumentalness>1e-06</instrumentalness><mode>0</mode><time_signature>3</time_signature><duration>225.12281</duration><loudness>-18.589</loudness><audio_md5 /><valence>0.571464</valence><danceability>0.478126</danceability></audio_summary><title>I'M A MESS (Radio Edit)</title></song><song><artist_id>AR75SGJ1187B9B80DA</artist_id><artist_name>Anthony Hamilton</artist_name><id>SOFXPWP13134389941</id><audio_summary><key>0</key><analysis_url>http://echonest-analysis.s3.amazonaws.com/TR/Bf0kAA8WsP-2j3U0OdyTF2Ci9VmW6Yv69QypdHu79L1Fe1SPVeJC2f2mBLLJ0vEVYHyWwkOlCmm2OzyoQ%3D/3/full.json?AWSAccessKeyId=AKIAJRDFEY23UEVW42BQ&amp;Expires=1415343819&amp;Signature=IVkTTWEcoFxN8evEg%2B7y1w3b3Dk%3D</analysis_url><energy>0.210258</energy><liveness>0.104372</liveness><tempo>148.619</tempo><speechiness>0.036882</speechiness><acousticness>0.929708</acousticness><instrumentalness>0.926246</instrumentalness><mode>0</mode><time_signature>4</time_signature><duration>332.66621</duration><loudness>-15.757</loudness><audio_md5>207e0eb03f33e7da0fda5c044813d1ad</audio_md5><valence>0.340519</valence><danceability>0.248838</danceability></audio_summary><title>Voices of Spring</title></song><song><artist_id>AR75SGJ1187B9B80DA</artist_id><artist_name>Anthony Hamilton</artist_name><id>SOFUSKB137405D8D40</id><audio_summary><key>11</key><analysis_url>http://echonest-analysis.s3.amazonaws.com/TR/yl7FtA-RY1sdoZYnENjc4X81cK3HwvAK7EX5bvb1ktwkRRCNdkAjNjJpqztudYa3-RkUw2sF3RHP7vUls%3D/3/full.json?AWSAccessKeyId=AKIAJRDFEY23UEVW42BQ&amp;Expires=1415343819&amp;Signature=1C6seuhh5sNSitEf4oioeJ0pPhQ%3D</analysis_url><energy>0.097657</energy><liveness>0.178353</liveness><tempo>58.313</tempo><speechiness>0.550389</speechiness><acousticness>0.454836</acousticness><instrumentalness>0.0</instrumentalness><mode>1</mode><time_signature>4</time_signature><duration>118.46621</duration><loudness>-23.633</loudness><audio_md5 /><valence>0.470892</valence><danceability>0.725912</danceability></audio_summary><title>About Baby Girl (Commentary)</title></song><song><artist_id>AR75SGJ1187B9B80DA</artist_id><artist_name>Anthony Hamilton</artist_name><id>SOJNLGG137405D9791</id><audio_summary><key>5</key><analysis_url>http://echonest-analysis.s3.amazonaws.com/TR/jj88NgcjJkdZKdOua5eQePd7uRwCUlFaIBuwT6K-tBxJ-ICMao2P-dz1g5hmCx7egcJ12ozTzJJujPkEU%3D/3/full.json?AWSAccessKeyId=AKIAJRDFEY23UEVW42BQ&amp;Expires=1415343819&amp;Signature=XjMuNAh8x79byZHkLBpz8a/UhII%3D</analysis_url><energy>0.169883</energy><liveness>0.163386</liveness><tempo>84.097</tempo><speechiness>0.520731</speechiness><acousticness>0.389831</acousticness><instrumentalness>0.0</instrumentalness><mode>0</mode><time_signature>3</time_signature><duration>61.98621</duration><loudness>-17.663</loudness><audio_md5 /><valence>0.584908</valence><danceability>0.727002</danceability></audio_summary><title>About Writing On The Wall (Commentary)</title></song><song><artist_id>AR75SGJ1187B9B80DA</artist_id><artist_name>Anthony Hamilton</artist_name><id>SOJBWXQ13E65B63792</id><audio_summary><key>8</key><analysis_url>http://echonest-analysis.s3.amazonaws.com/TR/cQNF9QI6vPwgYts7daG_z3JisFboRA-s8lY-qvw4ku8uVNEzBba169_noR_X5OtbV3iWs1/3/full.json?AWSAccessKeyId=AKIAJRDFEY23UEVW42BQ&amp;Expires=1415343819&amp;Signature=nQgFCrupTvhMXt4FoRTBEJW%2BJJU%3D</analysis_url><energy>0.332346</energy><liveness>0.456675</liveness><tempo>93.057</tempo><speechiness>0.389458</speechiness><acousticness>0.091888</acousticness><instrumentalness>1.1e-05</instrumentalness><mode>1</mode><time_signature>4</time_signature><duration>154.74893</duration><loudness>-13.472</loudness><audio_md5>a51657f3b597789b89d1eb8b731cc59e</audio_md5><valence>0.547133</valence><danceability>0.839032</danceability></audio_summary><title>Oh Lord</title></song><song><artist_id>AR75SGJ1187B9B80DA</artist_id><artist_name>Anthony Hamilton</artist_name><id>SOUDPIK1312A8A9396</id><audio_summary><key>1</key><analysis_url>http://echonest-analysis.s3.amazonaws.com/TR/INc49wZ04XpY4k1eAHnwmmIRC1koSQUyDraXSTDRqVtR4Bkb_Od6ZYHCvik68DEEnwbm9VHup4t1wAAxI%3D/3/full.json?AWSAccessKeyId=AKIAJRDFEY23UEVW42BQ&amp;Expires=1415343819&amp;Signature=94qRzNyI2BikbbUszK4crtdkCX8%3D</analysis_url><energy>0.638482</energy><liveness>0.09908</liveness><tempo>77.013</tempo><speechiness>0.223861</speechiness><acousticness>0.077006</acousticness><instrumentalness>7.6e-05</instrumentalness><mode>0</mode><time_signature>4</time_signature><duration>261.94621</duration><loudness>-5.007</loudness><audio_md5>893d07e2882ff4f43777182f1d904c83</audio_md5><valence>0.683773</valence><danceability>0.779067</danceability></audio_summary><title>Day Dreamin'</title></song><song><artist_id>AR75SGJ1187B9B80DA</artist_id><artist_name>Anthony Hamilton</artist_name><id>SOZWVXX12AB0180977</id><audio_summary><key>8</key><analysis_url>http://echonest-analysis.s3.amazonaws.com/TR/qSmfYQcOj4O2RA0sqMN1R9UE2M4Z42rpRp9-YA6Tn5EuWuCdCz6xA1CHhJ9LPlYi-GKzN9PtP9C7tOkoA%3D/3/full.json?AWSAccessKeyId=AKIAJRDFEY23UEVW42BQ&amp;Expires=1415343819&amp;Signature=Tc3adFyVlF7MFw1l95yH45YMSTk%3D</analysis_url><energy>0.479065</energy><liveness>0.056853</liveness><tempo>148.775</tempo><speechiness>0.354532</speechiness><acousticness>0.089337</acousticness><instrumentalness>0.0</instrumentalness><mode>0</mode><time_signature>4</time_signature><duration>259.10621</duration><loudness>-6.747</loudness><audio_md5>4b9db215de0c6dc197eb8d586b67d1b7</audio_md5><valence>0.73397</valence><danceability>0.750558</danceability></audio_summary><title>Trouble</title></song><song><artist_id>AR75SGJ1187B9B80DA</artist_id><artist_name>Anthony Hamilton</artist_name><id>SOMPLKJ136655480A9</id><audio_summary><key>11</key><analysis_url>http://echonest-analysis.s3.amazonaws.com/TR/sk1D7wiBYgE2PSvQP2sxXmNr5JNpcd_Q8_6vASSbJHkGWHTB7a5qADrNQ_U9gprvMhuv0QeddAGynRvB0%3D/3/full.json?AWSAccessKeyId=AKIAJRDFEY23UEVW42BQ&amp;Expires=1415343819&amp;Signature=k1HxQMol6FcdW84aaMqggvMhBPw%3D</analysis_url><energy>0.669113</energy><liveness>0.147396</liveness><tempo>122.489</tempo><speechiness>0.079869</speechiness><acousticness>0.280256</acousticness><instrumentalness>0.0</instrumentalness><mode>1</mode><time_signature>5</time_signature><duration>233.69288</duration><loudness>-6.235</loudness><audio_md5>10c5a6e3c9ecf0b7716abc66d8438562</audio_md5><valence>0.41355</valence><danceability>0.667523</danceability></audio_summary><title>I'm Ready</title></song><song><artist_id>AR75SGJ1187B9B80DA</artist_id><artist_name>Anthony Hamilton</artist_name><id>SOYSREG12AF72A87BD</id><audio_summary><key>3</key><analysis_url>http://echonest-analysis.s3.amazonaws.com/TR/KPVdhwMEcSzOdHaP2YAHcUiwaaqEQhOwbLv2sXPzWHBsvGuWTMbpZBRcPI7Mbnu8LYaZfzWtGci_pYL5s%3D/3/full.json?AWSAccessKeyId=AKIAJRDFEY23UEVW42BQ&amp;Expires=1415343819&amp;Signature=J7QY19OQ9/Y%2BBqyKtUYqKWSlI1s%3D</analysis_url><energy>0.762755</energy><liveness>0.111501</liveness><tempo>170.096</tempo><speechiness>0.05468</speechiness><acousticness>0.057852</acousticness><instrumentalness>0.0</instrumentalness><mode>0</mode><time_signature>4</time_signature><duration>267.63955</duration><loudness>-6.584</loudness><audio_md5 /><valence>0.584047</valence><danceability>0.612276</danceability></audio_summary><title>Glad U Called</title></song><song><artist_id>AR75SGJ1187B9B80DA</artist_id><artist_name>Anthony Hamilton</artist_name><id>SOASGWL12AB0180969</id><audio_summary><key>1</key><analysis_url>http://echonest-analysis.s3.amazonaws.com/TR/6m23dAwZrb6TU2po_B1ASR3jwU8HzOucSUUyCsOwkuTenN0IJBwK2djacpKkY4EsU4HkiWi0GekbcLy5w%3D/3/full.json?AWSAccessKeyId=AKIAJRDFEY23UEVW42BQ&amp;Expires=1415343819&amp;Signature=ADXzbIC9s44iuPGT42ELCfB8CXI%3D</analysis_url><energy>0.57249</energy><liveness>0.124083</liveness><tempo>87.116</tempo><speechiness>0.037601</speechiness><acousticness>0.006182</acousticness><instrumentalness>1e-06</instrumentalness><mode>1</mode><time_signature>4</time_signature><duration>265.02621</duration><loudness>-9.364</loudness><audio_md5 /><valence>0.769072</valence><danceability>0.715127</danceability></audio_summary><title>Fallin In Love Again</title></song><song><artist_id>AR75SGJ1187B9B80DA</artist_id><artist_name>Anthony Hamilton</artist_name><id>SODAVMO13664C474E6</id><audio_summary><key>1</key><analysis_url>http://echonest-analysis.s3.amazonaws.com/TR/Wm5GGwE-4gz5QwcNkb1S8fyVK-9A8bMDM4D04sESZIoEm8AQoHf8NPdWWAz6WU4UQRV8yApDyluicXoAQ%3D/3/full.json?AWSAccessKeyId=AKIAJRDFEY23UEVW42BQ&amp;Expires=1415343819&amp;Signature=AGrnFaMSvEZ0JpsQtPp5n207Hjc%3D</analysis_url><energy>0.798933</energy><liveness>0.115802</liveness><tempo>130.972</tempo><speechiness>0.048937</speechiness><acousticness>0.104373</acousticness><instrumentalness>0.0</instrumentalness><mode>1</mode><time_signature>4</time_signature><duration>259.11955</duration><loudness>-7.247</loudness><audio_md5 /><valence>0.886569</valence><danceability>0.779815</danceability></audio_summary><title>Sucka For You</title></song><song><artist_id>AR75SGJ1187B9B80DA</artist_id><artist_name>Anthony Hamilton</artist_name><id>SODMEYS12A8C13B195</id><audio_summary><key>9</key><analysis_url>http://echonest-analysis.s3.amazonaws.com/TR/MAilnAf9pbWBct0p66eGfamIilF-wYlDdyC4m6hmISkFMMNjYDPkzlTUPFAQYAAW5saT2yIGiPXN5Xc1c%3D/3/full.json?AWSAccessKeyId=AKIAJRDFEY23UEVW42BQ&amp;Expires=1415343819&amp;Signature=WBoRG014gqQ5%2BQVc6kQzIVMb6GA%3D</analysis_url><energy>0.786266</energy><liveness>0.086417</liveness><tempo>149.91</tempo><speechiness>0.263973</speechiness><acousticness>0.00109</acousticness><instrumentalness>9.2e-05</instrumentalness><mode>1</mode><time_signature>4</time_signature><duration>280.35955</duration><loudness>-7.788</loudness><audio_md5 /><valence>0.872654</valence><danceability>0.861019</danceability></audio_summary><title>Ol' Keeper</title></song><song><artist_id>AR75SGJ1187B9B80DA</artist_id><artist_name>Anthony Hamilton</artist_name><id>SOBWHYN12A8C13DB4F</id><audio_summary><key>7</key><analysis_url>http://echonest-analysis.s3.amazonaws.com/TR/LJrVcgZn1-Njy1Lb1Khu9YbxPmFD-SRz9lH-D_GiuhrlAAD67nGugjIOSP0HQuvv6SNVwMBzL1TL-H1fM%3D/3/full.json?AWSAccessKeyId=AKIAJRDFEY23UEVW42BQ&amp;Expires=1415343819&amp;Signature=y2B1OCwUD3KQgHuPczLFjd5EIaU%3D</analysis_url><energy>0.745206</energy><liveness>0.101051</liveness><tempo>175.934</tempo><speechiness>0.219598</speechiness><acousticness>0.281959</acousticness><instrumentalness>0.0</instrumentalness><mode>0</mode><time_signature>4</time_signature><duration>324.39955</duration><loudness>-5.923</loudness><audio_md5 /><valence>0.539366</valence><danceability>0.61609</danceability></audio_summary><title>Preacher's Daughter featuring Tarsha McMillian</title></song><song><artist_id>AR75SGJ1187B9B80DA</artist_id><artist_name>Anthony Hamilton</artist_name><id>SONNWPJ14692E2DA31</id><audio_summary><key>1</key><analysis_url>http://echonest-analysis.s3.amazonaws.com/TR/a7psuwEdClgpXPb6HhXN3Mr08d5HIpKgWswf3vXfCFLgrnHow-zvMIzDwrZKJg74ycpsZ91IORJ6YOHtQ%3D/3/full.json?AWSAccessKeyId=AKIAJRDFEY23UEVW42BQ&amp;Expires=1415343819&amp;Signature=fG48S6hVPgi7%2ByH54vWp5Oc2KJ0%3D</analysis_url><energy>0.613996</energy><liveness>0.300638</liveness><tempo>102.759</tempo><speechiness>0.148644</speechiness><acousticness>0.002606</acousticness><instrumentalness>0.0</instrumentalness><mode>1</mode><time_signature>4</time_signature><duration>167.83955</duration><loudness>-8.27</loudness><audio_md5>1987a2dc989602dfb228ca4b16a4cd43</audio_md5><valence>0.637267</valence><danceability>0.828463</danceability></audio_summary><title>Nobody Else</title></song><song><artist_id>AR75SGJ1187B9B80DA</artist_id><artist_name>Anthony Hamilton</artist_name><id>SOGHOQZ144EE479C55</id><audio_summary><key>2</key><analysis_url>http://echonest-analysis.s3.amazonaws.com/TR/iMU-sAd44u3-8gTBNhiCeXaiHSejJnw75QAne72KeWwFNQiMdXS9uVrUIFwdlc5U2UuN56iOows-DHcD0%3D/3/full.json?AWSAccessKeyId=AKIAJRDFEY23UEVW42BQ&amp;Expires=1415343819&amp;Signature=oC28b1Hl5Xi4P5JmPduFh0VFTsI%3D</analysis_url><energy>0.741914</energy><liveness>0.124386</liveness><tempo>86.541</tempo><speechiness>0.043689</speechiness><acousticness>0.05158</acousticness><instrumentalness>1e-06</instrumentalness><mode>1</mode><time_signature>4</time_signature><duration>289.35955</duration><loudness>-6.161</loudness><audio_md5>9d2a447b5809319eb8e6fb4d55bb904c</audio_md5><valence>0.596955</valence><danceability>0.650077</danceability></audio_summary><title>Icing On The Cake</title></song><song><artist_id>AR75SGJ1187B9B80DA</artist_id><artist_name>Anthony Hamilton</artist_name><id>SOGVCQG12A58A7BBB6</id><audio_summary><key>0</key><analysis_url>http://echonest-analysis.s3.amazonaws.com/TR/Iy4XKgvsGsNyxfonT565K0BmeL7h06LkyJz_LrUZFH7sgDAxPNHW9vVnKELzHPDjKaad03ULYhSMKyhfs%3D/3/full.json?AWSAccessKeyId=AKIAJRDFEY23UEVW42BQ&amp;Expires=1415343819&amp;Signature=NcbBUYrIDY/3uUy25Qb9DpjJNPo%3D</analysis_url><energy>0.671926</energy><liveness>0.109426</liveness><tempo>136.207</tempo><speechiness>0.100944</speechiness><acousticness>0.103043</acousticness><instrumentalness>9e-06</instrumentalness><mode>1</mode><time_signature>4</time_signature><duration>399.39955</duration><loudness>-4.88</loudness><audio_md5>74e7818b63d0d1ec73b2ad0f28e28388</audio_md5><valence>0.653995</valence><danceability>0.774903</danceability></audio_summary><title>Exclusively (LP Version)</title></song><song><artist_id>AR75SGJ1187B9B80DA</artist_id><artist_name>Anthony Hamilton</artist_name><id>SOTHYWG12A58A7BC18</id><audio_summary><key>8</key><analysis_url>http://echonest-analysis.s3.amazonaws.com/TR/vu9Kcw_9KW33o6xnF_wFz88AwDvwCmVdIVgujr7-uFlc7j0utcnh3ZEVcSZfwkUP6H4GFemHI0OZkMSnw%3D/3/full.json?AWSAccessKeyId=AKIAJRDFEY23UEVW42BQ&amp;Expires=1415343819&amp;Signature=ejbH2icMHuAMBi034aSjPvcJQj0%3D</analysis_url><energy>0.678005</energy><liveness>0.069815</liveness><tempo>133.996</tempo><speechiness>0.162166</speechiness><acousticness>0.065006</acousticness><instrumentalness>0.0</instrumentalness><mode>1</mode><time_signature>4</time_signature><duration>267.09288</duration><loudness>-6.253</loudness><audio_md5 /><valence>0.655087</valence><danceability>0.796438</danceability></audio_summary><title>Never Give Up</title></song><song><artist_id>AR75SGJ1187B9B80DA</artist_id><artist_name>Anthony Hamilton</artist_name><id>SOAIXNJ13134391BA5</id><audio_summary><key>0</key><analysis_url>http://echonest-analysis.s3.amazonaws.com/TR/rQHM1w9fi70MAXVNVu0I-_uq1JiatRk05gsqGByfDe4GMWQObgx4lNKrSgqXeh8MhhEO2ANQ4Uc3DlXUg%3D/3/full.json?AWSAccessKeyId=AKIAJRDFEY23UEVW42BQ&amp;Expires=1415343819&amp;Signature=i2ag1IdzYa3EOaY2YgaQ6I0Dh%2Bw%3D</analysis_url><energy>0.668857</energy><liveness>0.134428</liveness><tempo>140.048</tempo><speechiness>0.084047</speechiness><acousticness>0.069897</acousticness><instrumentalness>0.0</instrumentalness><mode>1</mode><time_signature>4</time_signature><duration>239.90621</duration><loudness>-7.186</loudness><audio_md5 /><valence>0.737934</valence><danceability>0.810533</danceability></audio_summary><title>Southern Stuff (Main Version)</title></song><song><artist_id>AR75SGJ1187B9B80DA</artist_id><artist_name>Anthony Hamilton</artist_name><id>SOSVUPM12A8C13DB87</id><audio_summary><key>0</key><analysis_url>http://echonest-analysis.s3.amazonaws.com/TR/MoDlfgH3TuyRpi66-IbgC8yPkV-k5nfH6pMTH2Z_WcA-r4c4gqcwGI8H0TTIxcqhvsW1lO0Pvhki57zCA%3D/3/full.json?AWSAccessKeyId=AKIAJRDFEY23UEVW42BQ&amp;Expires=1415343819&amp;Signature=QZJqwKte5DMzg%2BhxNQJdnM2gO0w%3D</analysis_url><energy>0.412871</energy><liveness>0.081766</liveness><tempo>193.113</tempo><speechiness>0.223778</speechiness><acousticness>0.707544</acousticness><instrumentalness>2.1e-05</instrumentalness><mode>0</mode><time_signature>3</time_signature><duration>272.66621</duration><loudness>-9.627</loudness><audio_md5>2082b3bfcfb920250b25a1038b6b93e5</audio_md5><valence>0.505537</valence><danceability>0.395512</danceability></audio_summary><title>I Know What Love's All About</title></song><song><artist_id>AR75SGJ1187B9B80DA</artist_id><artist_name>Anthony Hamilton</artist_name><id>SOKMHJD1315CD4A3C4</id><audio_summary><key>0</key><analysis_url>http://echonest-analysis.s3.amazonaws.com/TR/4GMpdwwF69Bw-12kgPYFYKnZc00lhWGLCvhSbJjnSj8U8RGHXHTGi1ZpFYl2l9p0OLe4NcTyOnyJ7Oa1U%3D/3/full.json?AWSAccessKeyId=AKIAJRDFEY23UEVW42BQ&amp;Expires=1415343819&amp;Signature=vwXYFLhoBj4DLd8Tpa021f6qAZY%3D</analysis_url><energy>0.598004</energy><liveness>0.085314</liveness><tempo>69.049</tempo><speechiness>0.053792</speechiness><acousticness>0.134637</acousticness><instrumentalness>0.0</instrumentalness><mode>1</mode><time_signature>4</time_signature><duration>252.41288</duration><loudness>-5.153</loudness><audio_md5>e318f193debf25471f1fa1946b07823d</audio_md5><valence>0.253642</valence><danceability>0.60996</danceability></audio_summary><title>Hard To Breathe</title></song><song><artist_id>AR75SGJ1187B9B80DA</artist_id><artist_name>Anthony Hamilton</artist_name><id>SOQGZFY12A58A7D964</id><audio_summary><key>4</key><analysis_url>http://echonest-analysis.s3.amazonaws.com/TR/7Ik0-g84wyc1ar8Cpi_RX9ezCHSzFZ3pC1H4IJjadgIsREceI_6hLOujdHvS5xVpX3FQe1H1de1o9WOYI%3D/3/full.json?AWSAccessKeyId=AKIAJRDFEY23UEVW42BQ&amp;Expires=1415343819&amp;Signature=LLMiPP0OQubB/sZmvX471whaXrI%3D</analysis_url><energy>0.66937</energy><liveness>0.127441</liveness><tempo>140.392</tempo><speechiness>0.106801</speechiness><acousticness>0.277151</acousticness><instrumentalness>0.0</instrumentalness><mode>0</mode><time_signature>4</time_signature><duration>355.63955</duration><loudness>-6.627</loudness><audio_md5>492361da7caa46adf354b79d853bedbd</audio_md5><valence>0.33005</valence><danceability>0.660776</danceability></audio_summary><title>Don't Say What You Won't Do</title></song><song><artist_id>AR75SGJ1187B9B80DA</artist_id><artist_name>Anthony Hamilton</artist_name><id>SOYFPCM13733A58546</id><audio_summary><key>2</key><analysis_url>http://echonest-analysis.s3.amazonaws.com/TR/TRIJNEE12BEA95D92B/3/full.json?AWSAccessKeyId=AKIAJRDFEY23UEVW42BQ&amp;Expires=1415343819&amp;Signature=dX%2BskMo4olQvOXqqyAqaaYBNGAY%3D</analysis_url><energy>0.258897</energy><liveness>0.116582</liveness><tempo>151.947</tempo><speechiness>0.070574</speechiness><acousticness>0.300061</acousticness><instrumentalness>0.000629</instrumentalness><mode>0</mode><time_signature>4</time_signature><duration>212.29669</duration><loudness>-17.91</loudness><audio_md5 /><valence>0.735638</valence><danceability>0.722247</danceability></audio_summary><title>BALL AND CHAIN (LYRICS!)</title></song><song><artist_id>AR75SGJ1187B9B80DA</artist_id><artist_name>Anthony Hamilton</artist_name><id>SOWBQFW12A58A7847F</id><audio_summary><key>1</key><analysis_url>http://echonest-analysis.s3.amazonaws.com/TR/ohrBHww3yPgtBeL8UD6YP_4NftR3nikyIQ0FQ2HtzEdoZLqNv4vAPq28dUe0CIQM0w23JnWXtHcwsyyVE%3D/3/full.json?AWSAccessKeyId=AKIAJRDFEY23UEVW42BQ&amp;Expires=1415343819&amp;Signature=afQWh2gjguc3hX0F24iwLifOMew%3D</analysis_url><energy>0.57562</energy><liveness>0.079093</liveness><tempo>106.582</tempo><speechiness>0.035323</speechiness><acousticness>0.180297</acousticness><instrumentalness>0.0</instrumentalness><mode>1</mode><time_signature>4</time_signature><duration>303.87955</duration><loudness>-9.828</loudness><audio_md5>172669a4a6222d8679996292a8346a9e</audio_md5><valence>0.960148</valence><danceability>0.872372</danceability></audio_summary><title>Magnolia's Room</title></song><song><artist_id>AR75SGJ1187B9B80DA</artist_id><artist_name>Anthony Hamilton</artist_name><id>SONELRL1313439A5BA</id><audio_summary><key>2</key><analysis_url>http://echonest-analysis.s3.amazonaws.com/TR/R5S80QYqQcGYr1aizGXKbpDMaLj8vuRebCY2GCM8cXjn8GnQOvuzWBu7ouL9NOWiEqDAUqmejDnWBMQkU%3D/3/full.json?AWSAccessKeyId=AKIAJRDFEY23UEVW42BQ&amp;Expires=1415343819&amp;Signature=fdbW3WfC/vtE51X9anLXc2c3bX4%3D</analysis_url><energy>0.612194</energy><liveness>0.084032</liveness><tempo>75.975</tempo><speechiness>0.053754</speechiness><acousticness>0.067998</acousticness><instrumentalness>3e-06</instrumentalness><mode>0</mode><time_signature>4</time_signature><duration>219.54621</duration><loudness>-5.692</loudness><audio_md5>ccba89874f3e7c04874c63eaeb9db4ba</audio_md5><valence>0.641578</valence><danceability>0.745371</danceability></audio_summary><title>Ball And Chain</title></song><song><artist_id>AR75SGJ1187B9B80DA</artist_id><artist_name>Anthony Hamilton</artist_name><id>SOMGLZI12AAF3B2D57</id><audio_summary><key>11</key><analysis_url>http://echonest-analysis.s3.amazonaws.com/TR/slGNWgygYzrcIIadqrlDU7rcRf1-yLEmhjape0p5bdrureSbAprQn5PX5gupM7UyViBe4anONkcJSOPII%3D/3/full.json?AWSAccessKeyId=AKIAJRDFEY23UEVW42BQ&amp;Expires=1415343819&amp;Signature=9EeuBzxfAl3BldbBf/Qdk8y/TbA%3D</analysis_url><energy>0.688261</energy><liveness>0.154673</liveness><tempo>114.906</tempo><speechiness>0.215272</speechiness><acousticness>0.369175</acousticness><instrumentalness>4e-06</instrumentalness><mode>0</mode><time_signature>4</time_signature><duration>473.86621</duration><loudness>-5.031</loudness><audio_md5>e034512be00b8da93f61614d47ebd176</audio_md5><valence>0.213698</valence><danceability>0.698484</danceability></audio_summary><title>Prayin' For You/Superman</title></song><song><artist_id>AR75SGJ1187B9B80DA</artist_id><artist_name>Anthony Hamilton</artist_name><id>SOHZCCL1372493BECE</id><audio_summary><key>11</key><analysis_url>http://echonest-analysis.s3.amazonaws.com/TR/BPoQiwlzhOlsmmh7Je3rNyzr-adlGZeqLZ9FXAV0I6U2ENGLvHkKYeWZUsVdfobE3anPIgEH37Q7QNirg%3D/3/full.json?AWSAccessKeyId=AKIAJRDFEY23UEVW42BQ&amp;Expires=1415343820&amp;Signature=oIkO3p0vTc8/Zje3tCquUrTcEpQ%3D</analysis_url><energy>0.819151</energy><liveness>0.104827</liveness><tempo>184.064</tempo><speechiness>0.046772</speechiness><acousticness>0.007461</acousticness><instrumentalness>0.0</instrumentalness><mode>0</mode><time_signature>4</time_signature><duration>250.22621</duration><loudness>-5.348</loudness><audio_md5>431e023509391cb38b0b5a79bc73cacd</audio_md5><valence>0.777237</valence><danceability>0.663617</danceability></audio_summary><title>More Than Enough</title></song><song><artist_id>AR75SGJ1187B9B80DA</artist_id><artist_name>Anthony Hamilton</artist_name><id>SORZMSX137331E66BB</id><audio_summary><key>0</key><analysis_url>http://echonest-analysis.s3.amazonaws.com/TR/TRHTQOY12BEA95D939/3/full.json?AWSAccessKeyId=AKIAJRDFEY23UEVW42BQ&amp;Expires=1415343820&amp;Signature=AbcVy3io12k9oZXnZ9b6o3F0W8w%3D</analysis_url><energy>0.212734</energy><liveness>0.580803</liveness><tempo>77.522</tempo><speechiness>0.048168</speechiness><acousticness>0.348187</acousticness><instrumentalness>0.006634</instrumentalness><mode>1</mode><time_signature>4</time_signature><duration>272.45669</duration><loudness>-16.795</loudness><audio_md5 /><valence>0.452304</valence><danceability>0.664962</danceability></audio_summary><title>My First Love</title></song><song><artist_id>AR75SGJ1187B9B80DA</artist_id><artist_name>Anthony Hamilton</artist_name><id>SOTZAWA1311AFD5FA3</id><audio_summary><key>0</key><analysis_url>http://echonest-analysis.s3.amazonaws.com/TR/MHqSNgcH7n12J7QCMvCQn6-VuTb4m9GeeCXAoqXtlveIVpwvMED39-3ovvN5Qc6jwHJvnZdJsN38igu4g%3D/3/full.json?AWSAccessKeyId=AKIAJRDFEY23UEVW42BQ&amp;Expires=1415343820&amp;Signature=h6Wfs5i3C%2Bik67uk6I1sgmEjcRM%3D</analysis_url><energy>0.512441</energy><liveness>0.757836</liveness><tempo>77.498</tempo><speechiness>0.056388</speechiness><acousticness>0.222611</acousticness><instrumentalness>0.0</instrumentalness><mode>1</mode><time_signature>4</time_signature><duration>370.95955</duration><loudness>-6.063</loudness><audio_md5>ba40c664783d797213e7eb3f4980425f</audio_md5><valence>0.361521</valence><danceability>0.632157</danceability></audio_summary><title>My First Love</title></song><song><artist_id>AR75SGJ1187B9B80DA</artist_id><artist_name>Anthony Hamilton</artist_name><id>SOWSFUP148C7D88D69</id><audio_summary><key>1</key><analysis_url>http://echonest-analysis.s3.amazonaws.com/TR/aOUupwITmlKZfz4vqTM9g0osiaF2aT4F0jzjz0-_M6di9_g5IuX9UbQZrirHnUeLvMNwBHWkT-eUfyBAg%3D/3/full.json?AWSAccessKeyId=AKIAJRDFEY23UEVW42BQ&amp;Expires=1415343820&amp;Signature=jhncMk5JKlwqgAl4ZwT/GZo47b0%3D</analysis_url><energy>0.408757</energy><liveness>0.16487</liveness><tempo>91.993</tempo><speechiness>0.027929</speechiness><acousticness>0.778998</acousticness><instrumentalness>0.0</instrumentalness><mode>0</mode><time_signature>4</time_signature><duration>227.94984</duration><loudness>-9.749</loudness><audio_md5 /><valence>0.358916</valence><danceability>0.677643</danceability></audio_summary><title>Home For The Holidays</title></song><song><artist_id>AR75SGJ1187B9B80DA</artist_id><artist_name>Anthony Hamilton</artist_name><id>SOBSVGT12AB017DA7E</id><audio_summary><key>7</key><analysis_url>http://echonest-analysis.s3.amazonaws.com/TR/RIfBvQcheEROK1Dwtbv-dKbrK9T3ZXPRpDfrYSAcwJxlSOBUPk42mOkHvm-7VJLGuw9lLOT8HANiWhKRk%3D/3/full.json?AWSAccessKeyId=AKIAJRDFEY23UEVW42BQ&amp;Expires=1415343820&amp;Signature=cjQoktKITxNUIlw%2Byj/SOGI8N4c%3D</analysis_url><energy>0.600941</energy><liveness>0.109412</liveness><tempo>93.094</tempo><speechiness>0.034495</speechiness><acousticness>0.326061</acousticness><instrumentalness>0.0</instrumentalness><mode>1</mode><time_signature>4</time_signature><duration>233.17288</duration><loudness>-6.734</loudness><audio_md5 /><valence>0.450774</valence><danceability>0.722292</danceability></audio_summary><title>Sailin Away</title></song><song><artist_id>AR75SGJ1187B9B80DA</artist_id><artist_name>Anthony Hamilton</artist_name><id>SOYGQCS148C7D8E002</id><audio_summary><key>7</key><analysis_url>http://echonest-analysis.s3.amazonaws.com/TR/KpxKOQMqlKNIururesnuTpLo-AkyvLABpXfg7wEAi52hXyO6gnoSOwuru98xFilvKCSVu18alyis9D9OM%3D/3/full.json?AWSAccessKeyId=AKIAJRDFEY23UEVW42BQ&amp;Expires=1415343820&amp;Signature=57Iu3NGUZ3x3VUh4JZ4GFroeiPA%3D</analysis_url><energy>0.21357</energy><liveness>0.133661</liveness><tempo>103.834</tempo><speechiness /><acousticness>0.751702</acousticness><instrumentalness>2e-05</instrumentalness><mode>0</mode><time_signature>4</time_signature><duration>214.37288</duration><loudness>-12.144</loudness><audio_md5 /><valence>0.243437</valence><danceability>0.433077</danceability></audio_summary><title>The Christmas Song</title></song><song><artist_id>AR75SGJ1187B9B80DA</artist_id><artist_name>Anthony Hamilton</artist_name><id>SOIYDAJ13134390CC6</id><audio_summary><key>1</key><analysis_url>http://echonest-analysis.s3.amazonaws.com/TR/BwlCUA7B384cSaeAju5LsxbE5L4I9aGEba_fq_AmVm7AAaOV2x2E5qKZsvXG9Ngaqg0BL57PBtGE_F-VE%3D/3/full.json?AWSAccessKeyId=AKIAJRDFEY23UEVW42BQ&amp;Expires=1415343820&amp;Signature=WO93XlJcHcFDg2hECuZ29ViNo1s%3D</analysis_url><energy>0.583495</energy><liveness>0.074171</liveness><tempo>133.738</tempo><speechiness>0.038043</speechiness><acousticness>0.14803</acousticness><instrumentalness>0.002222</instrumentalness><mode>1</mode><time_signature>3</time_signature><duration>233.98621</duration><loudness>-6.887</loudness><audio_md5>714cb11114882ac112bcf674805fec05</audio_md5><valence>0.790141</valence><danceability>0.702208</danceability></audio_summary><title>Georgie Parker</title></song><song><artist_id>AR75SGJ1187B9B80DA</artist_id><artist_name>Anthony Hamilton</artist_name><id>SOICGIN13664C4763D</id><audio_summary><key>10</key><analysis_url>http://echonest-analysis.s3.amazonaws.com/TR/HHE52gnGIk3lsnqdzj3pd-jldjAsYY9rfFZgRdvpkzhNz6H4_GWP86_b5wgBG4Li3vcNCDvJiOOefnaGg%3D/3/full.json?AWSAccessKeyId=AKIAJRDFEY23UEVW42BQ&amp;Expires=1415343820&amp;Signature=Aq9jJwA6afWkN2pUQCfQIprw3wk%3D</analysis_url><energy>0.654068</energy><liveness>0.081371</liveness><tempo>139.682</tempo><speechiness>0.038449</speechiness><acousticness>0.089386</acousticness><instrumentalness>0.0</instrumentalness><mode>1</mode><time_signature>3</time_signature><duration>227.15955</duration><loudness>-5.009</loudness><audio_md5>9e269dadcfd0a6a52e81587edee931bd</audio_md5><valence>0.169861</valence><danceability>0.413268</danceability></audio_summary><title>Who's Loving You</title></song><song><artist_id>AR75SGJ1187B9B80DA</artist_id><artist_name>Anthony Hamilton</artist_name><id>SOICOVQ13665547F18</id><audio_summary><key>5</key><analysis_url>http://echonest-analysis.s3.amazonaws.com/TR/oM1aTQgMm_7g33F3H6MNpcTJwZGd1kSEODnlPQQwR9qzaAQH6f0aZHh95QZTgkBSw5KrYGqHbE4UgECwA%3D/3/full.json?AWSAccessKeyId=AKIAJRDFEY23UEVW42BQ&amp;Expires=1415343820&amp;Signature=hSD0qmB1/p8yAwB%2BCuuHc6bbP5M%3D</analysis_url><energy>0.69297</energy><liveness>0.065805</liveness><tempo>84.018</tempo><speechiness>0.058971</speechiness><acousticness>0.101887</acousticness><instrumentalness>7e-06</instrumentalness><mode>0</mode><time_signature>4</time_signature><duration>199.58621</duration><loudness>-7.319</loudness><audio_md5>6f57da48f25cbd2a14154a2919bd1bab</audio_md5><valence>0.679269</valence><danceability>0.688167</danceability></audio_summary><title>Back To Love</title></song><song><artist_id>AR75SGJ1187B9B80DA</artist_id><artist_name>Anthony Hamilton</artist_name><id>SOORFYX1315CD47D59</id><audio_summary><key>1</key><analysis_url>http://echonest-analysis.s3.amazonaws.com/TR/cCnYGAeSSig6Mxl7SyVqh1xx2y7rwec50rUy0w-dsquL6kRICgMMrgb7nTP9P2O23sFYyo_1FQRziTN4I%3D/3/full.json?AWSAccessKeyId=AKIAJRDFEY23UEVW42BQ&amp;Expires=1415343820&amp;Signature=HwTq8VNABiUlH%2B91vcHF6Kb8qhU%3D</analysis_url><energy>0.873186</energy><liveness>0.29574</liveness><tempo>119.992</tempo><speechiness>0.036215</speechiness><acousticness>0.007226</acousticness><instrumentalness>2.3e-05</instrumentalness><mode>0</mode><time_signature>4</time_signature><duration>185.27955</duration><loudness>-3.546</loudness><audio_md5>66221889a31a8be428ceda406f6aa370</audio_md5><valence>0.771654</valence><danceability>0.700352</danceability></audio_summary><title>Fallin' In Love</title></song><song><artist_id>AR75SGJ1187B9B80DA</artist_id><artist_name>Anthony Hamilton</artist_name><id>SOIWHYP13664C4788E</id><audio_summary><key>7</key><analysis_url>http://echonest-analysis.s3.amazonaws.com/TR/Xp-Zzgs91MIa7cWZHtInQIcTC_aRfRxywvpShVjI1Mg3ULvcc689eiu3U1mJ75c7xnGoCgrR6L1ZkbOSs%3D/3/full.json?AWSAccessKeyId=AKIAJRDFEY23UEVW42BQ&amp;Expires=1415343820&amp;Signature=Wt6hvw4Fu9Re9RuJhOqrKebolZE%3D</analysis_url><energy>0.689669</energy><liveness>0.437863</liveness><tempo>129.932</tempo><speechiness>0.107055</speechiness><acousticness>0.277946</acousticness><instrumentalness>0.00238</instrumentalness><mode>0</mode><time_signature>4</time_signature><duration>331.57288</duration><loudness>-5.951</loudness><audio_md5>cf03d6f665297990a3f0821f8adc627c</audio_md5><valence>0.571868</valence><danceability>0.569819</danceability></audio_summary><title>Fair In Love</title></song><song><artist_id>AR75SGJ1187B9B80DA</artist_id><artist_name>Anthony Hamilton</artist_name><id>SORQBIN148D73582B3</id><audio_summary><key>11</key><analysis_url>http://echonest-analysis.s3.amazonaws.com/TR/tNnlIg2kBLRyV3x4Ch7wIm7_2-NzP7B4KNxHClcphbtdFM3dpGRUKDobqtp4wviNyVZ11gCer0Nb0s1P8%3D/3/full.json?AWSAccessKeyId=AKIAJRDFEY23UEVW42BQ&amp;Expires=1415343820&amp;Signature=g%2BhFZ6atHrPkPNw3%2BMgdAgESQUE%3D</analysis_url><energy>0.325509</energy><liveness>0.459089</liveness><tempo>126.121</tempo><speechiness>0.071735</speechiness><acousticness>0.60584</acousticness><instrumentalness>0.0</instrumentalness><mode>0</mode><time_signature>3</time_signature><duration>167.27955</duration><loudness>-8.888</loudness><audio_md5 /><valence>0.647059</valence><danceability>0.579135</danceability></audio_summary><title>Away In A Manger feat. ZZ Ward</title></song><song><artist_id>AR75SGJ1187B9B80DA</artist_id><artist_name>Anthony Hamilton</artist_name><id>SOJZKTO1311AFDCAAF</id><audio_summary><key>2</key><analysis_url>http://echonest-analysis.s3.amazonaws.com/TR/26TFkAciwFqM9ROQNoYUhpWycygo-hEvVJ0XtNqhAJbgtdnqmi1_2ymlC_44qC0BQKbrzfTOtzPiy8H_w%3D/3/full.json?AWSAccessKeyId=AKIAJRDFEY23UEVW42BQ&amp;Expires=1415343820&amp;Signature=MNwe5OUDXOP91wGkLfsrW1ralhU%3D</analysis_url><energy>0.521196</energy><liveness>0.307892</liveness><tempo>119.865</tempo><speechiness>0.043426</speechiness><acousticness>0.184352</acousticness><instrumentalness>0.0</instrumentalness><mode>1</mode><time_signature>4</time_signature><duration>239.97288</duration><loudness>-6.49</loudness><audio_md5>489e2d14de2a2a681ac553718568da6f</audio_md5><valence>0.221686</valence><danceability>0.564451</danceability></audio_summary><title>Chyna Black</title></song><song><artist_id>AR75SGJ1187B9B80DA</artist_id><artist_name>Anthony Hamilton</artist_name><id>SOFMVJO148D7358464</id><audio_summary><key>5</key><analysis_url>http://echonest-analysis.s3.amazonaws.com/TR/12yr_QhtmICBxeUZ8nOCLKxNi87lWpJaH2xyL9ZJ4IGH1eaXJbi8ZEbbxDpVQ6PT46z2QUiSfjXPlSv3Y%3D/3/full.json?AWSAccessKeyId=AKIAJRDFEY23UEVW42BQ&amp;Expires=1415343820&amp;Signature=M5jY5rtO02o%2BW0/0EO1nETUU3ns%3D</analysis_url><energy>0.108827</energy><liveness>0.148501</liveness><tempo>164.224</tempo><speechiness>0.064025</speechiness><acousticness>0.961053</acousticness><instrumentalness>5e-06</instrumentalness><mode>0</mode><time_signature>3</time_signature><duration>40.59955</duration><loudness>-18.062</loudness><audio_md5 /><valence>0.353302</valence><danceability>0.325053</danceability></audio_summary><title>Away In A Manger (Interlude)</title></song><song><artist_id>AR75SGJ1187B9B80DA</artist_id><artist_name>Anthony Hamilton</artist_name><id>SOGSBWT12A58A7D5C5</id><audio_summary><key>5</key><analysis_url>http://echonest-analysis.s3.amazonaws.com/TR/lHN6sQGa5ryCNgOjm5Qa_7DzfQARWlzWpxThMk78clHTDZyRwiTmrzaMtVwX0hd4PpKrUvdQXpvsRf7T8%3D/3/full.json?AWSAccessKeyId=AKIAJRDFEY23UEVW42BQ&amp;Expires=1415343820&amp;Signature=P2rI8g2YuxVPKC%2BLi0kNEq1HiNQ%3D</analysis_url><energy>0.856071</energy><liveness>0.075361</liveness><tempo>78.897</tempo><speechiness>0.118051</speechiness><acousticness>0.299605</acousticness><instrumentalness>1e-06</instrumentalness><mode>0</mode><time_signature>4</time_signature><duration>270.39955</duration><loudness>-6.207</loudness><audio_md5>de9b375de2c83ac4bc38387855b1f9b1</audio_md5><valence>0.787616</valence><danceability>0.612639</danceability></audio_summary><title>They Don't Know</title></song><song><artist_id>AR75SGJ1187B9B80DA</artist_id><artist_name>Anthony Hamilton</artist_name><id>SOJIDVI12A58A7CA67</id><audio_summary><key>6</key><analysis_url>http://echonest-analysis.s3.amazonaws.com/TR/oG3MnwsSvPgyxKG06xRtj6TxoBFquC-wukwH-mq3CzbfwhraIn3NXiKUwlXk6qP8swJQpbvzlgfpBvL8g%3D/3/full.json?AWSAccessKeyId=AKIAJRDFEY23UEVW42BQ&amp;Expires=1415343820&amp;Signature=X6F8teXZd1Hoh5PotBq24ydiSF8%3D</analysis_url><energy>0.41766</energy><liveness>0.366106</liveness><tempo>112.95</tempo><speechiness>0.036461</speechiness><acousticness>0.142721</acousticness><instrumentalness>0.0</instrumentalness><mode>1</mode><time_signature>3</time_signature><duration>341.61288</duration><loudness>-7.587</loudness><audio_md5>3694c6241e2f0884cbb2832c9e7e7312</audio_md5><valence>0.385166</valence><danceability>0.615872</danceability></audio_summary><title>Float</title></song><song><artist_id>AR75SGJ1187B9B80DA</artist_id><artist_name>Anthony Hamilton</artist_name><id>SOFDXZI148C7D87829</id><audio_summary><key>5</key><analysis_url>http://echonest-analysis.s3.amazonaws.com/TR/iW2QWAXLdxiShWk56JiSC16hqZEUbX_avkXB0KlLNyS5Y3-Q4HX8uZmHY3vDG23TMnXJEtEq7DCKNSfN8%3D/3/full.json?AWSAccessKeyId=AKIAJRDFEY23UEVW42BQ&amp;Expires=1415343820&amp;Signature=j1SgqR8kCgjBmma/2UM7Ex/74uI%3D</analysis_url><energy>0.066156</energy><liveness>0.095172</liveness><tempo>115.765</tempo><speechiness>0.03679</speechiness><acousticness>0.860422</acousticness><instrumentalness>0.000104</instrumentalness><mode>1</mode><time_signature>4</time_signature><duration>96.90621</duration><loudness>-24.831</loudness><audio_md5 /><valence>0.35541</valence><danceability>0.583059</danceability></audio_summary><title>Little Drummer Boy (Interlude)</title></song><song><artist_id>AR75SGJ1187B9B80DA</artist_id><artist_name>Anthony Hamilton</artist_name><id>SONFNXC12AAF3B2D3B</id><audio_summary><key>6</key><analysis_url>http://echonest-analysis.s3.amazonaws.com/TR/8UfKGgP1tKRq1tL6WiYcGgy838wIVIpQhV_gwFYfFbE7r82pYsgMR2zad_4cDumZUgTMMkCg-FihIrqr4%3D/3/full.json?AWSAccessKeyId=AKIAJRDFEY23UEVW42BQ&amp;Expires=1415343820&amp;Signature=vt0tvW%2B6tRctPqr8OAyMrwJ7GK0%3D</analysis_url><energy>0.772751</energy><liveness>0.103181</liveness><tempo>124.742</tempo><speechiness>0.168881</speechiness><acousticness>0.0357</acousticness><instrumentalness>0.0</instrumentalness><mode>0</mode><time_signature>4</time_signature><duration>199.30621</duration><loudness>-5.825</loudness><audio_md5>dad47af8a9462102c50bbc29924afca1</audio_md5><valence>0.477142</valence><danceability>0.860471</danceability></audio_summary><title>I Did It For Sho</title></song><song><artist_id>AR75SGJ1187B9B80DA</artist_id><artist_name>Anthony Hamilton</artist_name><id>SOINUJU12AF72A9C23</id><audio_summary><key>7</key><analysis_url>http://echonest-analysis.s3.amazonaws.com/TR/6k7RrACAOLSt5g8CSR2OkscMFHv9U_0AcGeK1BtK-qQccPe4S91tn74FubnK4arpib_44PUUX36Gk36M4%3D/3/full.json?AWSAccessKeyId=AKIAJRDFEY23UEVW42BQ&amp;Expires=1415343820&amp;Signature=ZJahcDoahU/tXAAeWlxVfxn6rm4%3D</analysis_url><energy>0.625828</energy><liveness>0.117771</liveness><tempo>75.001</tempo><speechiness>0.114298</speechiness><acousticness>0.125753</acousticness><instrumentalness>6.4e-05</instrumentalness><mode>1</mode><time_signature>4</time_signature><duration>270.33288</duration><loudness>-5.621</loudness><audio_md5>f7d8595ce20828200e35e5d3596492f9</audio_md5><valence>0.493822</valence><danceability>0.550882</danceability></audio_summary><title>Fine Again</title></song><song><artist_id>AR75SGJ1187B9B80DA</artist_id><artist_name>Anthony Hamilton</artist_name><id>SOKLIUH148C7D87EDA</id><audio_summary><key>5</key><analysis_url>http://echonest-analysis.s3.amazonaws.com/TR/8sBM4gfMeL2drjOdrO_66epedtyS713F5Yu72-_T2lUpK5KUFtBnE9J7VKgMhi8RrJ6PPVsEYh0_9Piwg%3D/3/full.json?AWSAccessKeyId=AKIAJRDFEY23UEVW42BQ&amp;Expires=1415343820&amp;Signature=lEep9VGpxaFGHw8E/POFouaYvMA%3D</analysis_url><energy>0.900012</energy><liveness>0.053021</liveness><tempo>79.907</tempo><speechiness>0.16986</speechiness><acousticness>0.13069</acousticness><instrumentalness>0.001349</instrumentalness><mode>1</mode><time_signature>4</time_signature><duration>262.45288</duration><loudness>-5.811</loudness><audio_md5 /><valence>0.961884</valence><danceability>0.69667</danceability></audio_summary><title>Little Drummer Boy</title></song><song><artist_id>AR75SGJ1187B9B80DA</artist_id><artist_name>Anthony Hamilton</artist_name><id>SOFIYRT1312A8A561E</id><audio_summary><key>6</key><analysis_url>http://echonest-analysis.s3.amazonaws.com/TR/GfkT6QMRnW6tREZnthD2cwcgsC4BD64fZqJtELPSq7GONqP3erbNLWkW7rT2s3aq01aJm_KMvricO7RNs%3D/3/full.json?AWSAccessKeyId=AKIAJRDFEY23UEVW42BQ&amp;Expires=1415343820&amp;Signature=mrLtEDflkGKgMGPRJXIYSoYJ5YM%3D</analysis_url><energy>0.680802</energy><liveness>0.337113</liveness><tempo>74.724</tempo><speechiness>0.222844</speechiness><acousticness>0.058129</acousticness><instrumentalness>0.0</instrumentalness><mode>0</mode><time_signature>4</time_signature><duration>250.99955</duration><loudness>-6.656</loudness><audio_md5>5e793f81ca3fcd911499ac9f34f19824</audio_md5><valence>0.796153</valence><danceability>0.603019</danceability></audio_summary><title>Everybody</title></song><song><artist_id>AR75SGJ1187B9B80DA</artist_id><artist_name>Anthony Hamilton</artist_name><id>SOVMEYM148C7D868F5</id><audio_summary><key>0</key><analysis_url>http://echonest-analysis.s3.amazonaws.com/TR/wvfObwi2PcB42M636YyawLJ6qYsaWTP3dFXhG1eU6-P6Nl0LHExzsbFVHlaSHlHGhbz8oSXHiIhcXoHnM%3D/3/full.json?AWSAccessKeyId=AKIAJRDFEY23UEVW42BQ&amp;Expires=1415343820&amp;Signature=4qpOiw6%2BMWAt/1sRchEXcNvVLN0%3D</analysis_url><energy>0.51573</energy><liveness>0.315091</liveness><tempo>101.941</tempo><speechiness>0.054582</speechiness><acousticness>0.071412</acousticness><instrumentalness>1.6e-05</instrumentalness><mode>1</mode><time_signature>3</time_signature><duration>184.93288</duration><loudness>-7.604</loudness><audio_md5 /><valence>0.530901</valence><danceability>0.814868</danceability></audio_summary><title>Santa Claus Go Straight To The Ghetto</title></song><song><artist_id>AR75SGJ1187B9B80DA</artist_id><artist_name>Anthony Hamilton</artist_name><id>SOMSQND148C7D85818</id><audio_summary><key>0</key><analysis_url>http://echonest-analysis.s3.amazonaws.com/TR/BFyGTQ-y-8Ks8KoMKS-_2oAgjrTOidLicL0VzH5YBqicompTeWBHdOEi0B9jWK3SOXNlK84Z0wiGULleA%3D/3/full.json?AWSAccessKeyId=AKIAJRDFEY23UEVW42BQ&amp;Expires=1415343820&amp;Signature=MlYZ6M7FO%2BCqbhZsPmEhh9O2QAc%3D</analysis_url><energy>0.821417</energy><liveness>0.119111</liveness><tempo>204.198</tempo><speechiness>0.168544</speechiness><acousticness>0.043456</acousticness><instrumentalness>0.0</instrumentalness><mode>1</mode><time_signature>4</time_signature><duration>257.62494</duration><loudness>-5.25</loudness><audio_md5 /><valence>0.899224</valence><danceability>0.563522</danceability></audio_summary><title>Spend Christmas With You</title></song><song><artist_id>AR75SGJ1187B9B80DA</artist_id><artist_name>Anthony Hamilton</artist_name><id>SOKGPHX1313439C192</id><audio_summary><key>7</key><analysis_url>http://echonest-analysis.s3.amazonaws.com/TR/UQm0VwGRZ0vMXYB1nFUPO9h1BmovUt-4xHeqpXVS6WVZ4u4Yd3Hb9S0ATOZ52jteWriPelL3wwUDGPOL4%3D/3/full.json?AWSAccessKeyId=AKIAJRDFEY23UEVW42BQ&amp;Expires=1415343820&amp;Signature=seV1YxtdqUbf3Vx126aWIjRD0hg%3D</analysis_url><energy>0.7265</energy><liveness>0.257487</liveness><tempo>89.853</tempo><speechiness>0.043711</speechiness><acousticness>0.03917</acousticness><instrumentalness>0.005979</instrumentalness><mode>0</mode><time_signature>4</time_signature><duration>351.14621</duration><loudness>-3.586</loudness><audio_md5>bdc8dbe22dfbb640483cb783f47e86f5</audio_md5><valence>0.221402</valence><danceability>0.677237</danceability></audio_summary><title>I Used To Love Someone</title></song><song><artist_id>AR75SGJ1187B9B80DA</artist_id><artist_name>Anthony Hamilton</artist_name><id>SORYAJO13672FB619F</id><audio_summary><key>6</key><analysis_url>http://echonest-analysis.s3.amazonaws.com/TR/TRARMXI12BEA95D93D/3/full.json?AWSAccessKeyId=AKIAJRDFEY23UEVW42BQ&amp;Expires=1415343820&amp;Signature=2QaOe7a3o7tIXR53%2BRDJEWT3MwE%3D</analysis_url><energy>0.152796</energy><liveness>0.377659</liveness><tempo>151.628</tempo><speechiness>0.474807</speechiness><acousticness>0.07104</acousticness><instrumentalness>0.0</instrumentalness><mode>0</mode><time_signature>4</time_signature><duration>246.64771</duration><loudness>-20.005</loudness><audio_md5 /><valence>0.61569</valence><danceability>0.682526</danceability></audio_summary><title>I'M COOL</title></song><song><artist_id>AR75SGJ1187B9B80DA</artist_id><artist_name>Anthony Hamilton</artist_name><id>SOKSFRQ148D73584BC</id><audio_summary><key>2</key><analysis_url>http://echonest-analysis.s3.amazonaws.com/TR/C-8jBQ3fxXDznJF1pN5wl2WBOgwRVNE4A4keVostjv_jRnoaCiW7ryn7kHawjawzN0KC3NnBf1sYSOAoQ%3D/3/full.json?AWSAccessKeyId=AKIAJRDFEY23UEVW42BQ&amp;Expires=1415343820&amp;Signature=nM5AIM3pglCbemkgHg3QaGYozFs%3D</analysis_url><energy>0.252377</energy><liveness>0.184536</liveness><tempo>87.532</tempo><speechiness>0.050664</speechiness><acousticness>0.771149</acousticness><instrumentalness>0.0</instrumentalness><mode>0</mode><time_signature>4</time_signature><duration>200.47955</duration><loudness>-12.379</loudness><audio_md5 /><valence>0.347007</valence><danceability>0.407308</danceability></audio_summary><title>Coming Home</title></song><song><artist_id>AR75SGJ1187B9B80DA</artist_id><artist_name>Anthony Hamilton</artist_name><id>SOTSJQR1315CD480BE</id><audio_summary><key>7</key><analysis_url>http://echonest-analysis.s3.amazonaws.com/TR/GqTh4QkCm9eOyYH-eCuyVsTfX8oaytTFsSM6GHagAQwuLPm4KOOmzZr_CquS8M8FT6J5RQhFkpyCwhOu0%3D/3/full.json?AWSAccessKeyId=AKIAJRDFEY23UEVW42BQ&amp;Expires=1415343820&amp;Signature=iAchJOqHvA/zGC5ePvtsfgCFUjQ%3D</analysis_url><energy>0.653701</energy><liveness>0.106485</liveness><tempo>140.692</tempo><speechiness>0.041454</speechiness><acousticness>0.029519</acousticness><instrumentalness>0.0</instrumentalness><mode>1</mode><time_signature>4</time_signature><duration>217.53288</duration><loudness>-3.332</loudness><audio_md5>f1e65f8c4c126cf15cf0aa44b412c927</audio_md5><valence>0.21072</valence><danceability>0.42796</danceability></audio_summary><title>Diamond In The Rough</title></song><song><artist_id>AR75SGJ1187B9B80DA</artist_id><artist_name>Anthony Hamilton</artist_name><id>SOLAIKT148C7D8D40B</id><audio_summary><key>7</key><analysis_url>http://echonest-analysis.s3.amazonaws.com/TR/cDliAgwlARSay6AEvondaNfRODoPnyOoZTxiTG09lNRLoLxQZeNxRL9OVb9vYKKE74Q2hEn5ICOqphXTs%3D/3/full.json?AWSAccessKeyId=AKIAJRDFEY23UEVW42BQ&amp;Expires=1415343820&amp;Signature=cQFlaINnvM1XPPzJDOnpvtASMxY%3D</analysis_url><energy>0.448839</energy><liveness>0.12008</liveness><tempo>182.906</tempo><speechiness>0.049963</speechiness><acousticness>0.345215</acousticness><instrumentalness>0.0</instrumentalness><mode>1</mode><time_signature>3</time_signature><duration>176.67955</duration><loudness>-7.545</loudness><audio_md5 /><valence>0.478131</valence><danceability>0.471294</danceability></audio_summary><title>Please Come Home For Christmas</title></song><song><artist_id>AR75SGJ1187B9B80DA</artist_id><artist_name>Anthony Hamilton</artist_name><id>SOGIMLY1315CD44BAE</id><audio_summary><key>0</key><analysis_url>http://echonest-analysis.s3.amazonaws.com/TR/hbSuMgPH_EChnhzuOqwz1mouBGELe0_DDNRL3R2VJNXsRNHDMKYaYkRuuXh-ZroC1ejOszGYWBJZ7RG-4%3D/3/full.json?AWSAccessKeyId=AKIAJRDFEY23UEVW42BQ&amp;Expires=1415343820&amp;Signature=e7DPq/AxOwGCS6b%2Bomu96N7zD7U%3D</analysis_url><energy>0.926315</energy><liveness>0.031326</liveness><tempo>116.178</tempo><speechiness>0.040388</speechiness><acousticness>0.02231</acousticness><instrumentalness>0.645317</instrumentalness><mode>1</mode><time_signature>4</time_signature><duration>246.02621</duration><loudness>-5.829</loudness><audio_md5>ef7181dae8b69a4a4bfec0c2f8d1679b</audio_md5><valence>0.946692</valence><danceability>0.759296</danceability></audio_summary><title>Stone Cold</title></song><song><artist_id>AR75SGJ1187B9B80DA</artist_id><artist_name>Anthony Hamilton</artist_name><id>SOSCDSG148C7D8A284</id><audio_summary><key>9</key><analysis_url>http://echonest-analysis.s3.amazonaws.com/TR/pd6T4gk1S0xvLBkI0hmo9XMGoF5M-uDDzXomP2g8LxK3Pn1gwANeKw9lwvca02LOfLb9a0_l2CWWkAax8%3D/3/full.json?AWSAccessKeyId=AKIAJRDFEY23UEVW42BQ&amp;Expires=1415343820&amp;Signature=tf1YISQoN5%2BsmNKugS8cXadZSj4%3D</analysis_url><energy>0.523722</energy><liveness>0.041706</liveness><tempo>129.021</tempo><speechiness>0.02867</speechiness><acousticness>0.033769</acousticness><instrumentalness>0.0</instrumentalness><mode>1</mode><time_signature>4</time_signature><duration>249.37288</duration><loudness>-7.803</loudness><audio_md5 /><valence>0.302154</valence><danceability>0.531157</danceability></audio_summary><title>What Do The Lonely Do At Christmas</title></song><song><artist_id>AR75SGJ1187B9B80DA</artist_id><artist_name>Anthony Hamilton</artist_name><id>SOHYVQM13664C47819</id><audio_summary><key>10</key><analysis_url>http://echonest-analysis.s3.amazonaws.com/TR/o-r_SQiOL4xTNoMVQ9Aj9A97-Y1HU_cn3AfmVjOr4EXRv_KiPIWEoZDWyDzGPWSjancZwRkLnwnJ0ZkmU%3D/3/full.json?AWSAccessKeyId=AKIAJRDFEY23UEVW42BQ&amp;Expires=1415343820&amp;Signature=cnbwmnK5c6VgTZY88h%2B2/WDTyCE%3D</analysis_url><energy>0.446673</energy><liveness>0.081266</liveness><tempo>79.021</tempo><speechiness>0.096175</speechiness><acousticness>0.401949</acousticness><instrumentalness>0.0</instrumentalness><mode>1</mode><time_signature>1</time_signature><duration>290.39955</duration><loudness>-8.254</loudness><audio_md5>86a325b6a1d7106e19a61865720d9028</audio_md5><valence>0.103398</valence><danceability>0.664288</danceability></audio_summary><title>Broken Man</title></song><song><artist_id>AR75SGJ1187B9B80DA</artist_id><artist_name>Anthony Hamilton</artist_name><id>SOBWFJN135B8C0A529</id><audio_summary><key>0</key><analysis_url>http://echonest-analysis.s3.amazonaws.com/TR/fX3eDwBXQ8u0yrSAF0RYl3bOmQCuron2weCuuuNjwf1R8ZBuWLLPddq_NJE1vPa1HACq3tJlZxlbhPxqs%3D/3/full.json?AWSAccessKeyId=AKIAJRDFEY23UEVW42BQ&amp;Expires=1415343820&amp;Signature=CY%2B6pSi%2Bk/5uN6TNXao9hSbETmI%3D</analysis_url><energy>0.542421</energy><liveness>0.119171</liveness><tempo>82.672</tempo><speechiness>0.035738</speechiness><acousticness>0.060704</acousticness><instrumentalness>0.083614</instrumentalness><mode>1</mode><time_signature>4</time_signature><duration>236.42621</duration><loudness>-6.642</loudness><audio_md5>77e5beb17bef0c9fe5b4c91218702a5a</audio_md5><valence>0.642568</valence><danceability>0.574909</danceability></audio_summary><title>Do You Feel Me</title></song><song><artist_id>AR75SGJ1187B9B80DA</artist_id><artist_name>Anthony Hamilton</artist_name><id>SOAXCJE131343845B4</id><audio_summary><key>5</key><analysis_url>http://echonest-analysis.s3.amazonaws.com/TR/pP0YKAlPzJ4o2glAh9pJwqAfrycCkHjMSvxGr253EPz3zIbpGJtotDDDTWgAmPHy5DKFF6WEJ0OCq5qoY%3D/3/full.json?AWSAccessKeyId=AKIAJRDFEY23UEVW42BQ&amp;Expires=1415343820&amp;Signature=vDpBd4e%2Bin1zO9zLp4aLvuewoXw%3D</analysis_url><energy>0.487088</energy><liveness>0.076451</liveness><tempo>141.135</tempo><speechiness>0.044188</speechiness><acousticness>0.174302</acousticness><instrumentalness>2e-06</instrumentalness><mode>1</mode><time_signature>3</time_signature><duration>280.97288</duration><loudness>-7.63</loudness><audio_md5 /><valence>0.404349</valence><danceability>0.386907</danceability></audio_summary><title>Change Your World</title></song><song><artist_id>AR75SGJ1187B9B80DA</artist_id><artist_name>Anthony Hamilton</artist_name><id>SOMNJBT1315CD49C48</id><audio_summary><key>1</key><analysis_url>http://echonest-analysis.s3.amazonaws.com/TR/vAtrnAq53y8XxmpvrqHuDBOarFfqrG8dD4SRfBZvU-Mnx3J6Fg38jVvLb2gyIjIbesaoawhdqaR9gIxHs%3D/3/full.json?AWSAccessKeyId=AKIAJRDFEY23UEVW42BQ&amp;Expires=1415343820&amp;Signature=%2BsWwDxvXqpjOrVnpFku5hb7lIAU%3D</analysis_url><energy>0.683091</energy><liveness>0.364588</liveness><tempo>75.992</tempo><speechiness>0.299891</speechiness><acousticness>0.052315</acousticness><instrumentalness>0.0</instrumentalness><mode>0</mode><time_signature>4</time_signature><duration>255.81288</duration><loudness>-4.971</loudness><audio_md5>fd7953b14af09a03da9102df35afc1ae</audio_md5><valence>0.480474</valence><danceability>0.715506</danceability></audio_summary><title>Cool</title></song><song><artist_id>AR75SGJ1187B9B80DA</artist_id><artist_name>Anthony Hamilton</artist_name><id>SOWEUPF148C7D84B02</id><audio_summary><key>1</key><analysis_url>http://echonest-analysis.s3.amazonaws.com/TR/5yLLHgsGQmwpPj0yxVazFV533ocs_muPfefI3UPn0tjoQ40kZ_ha11ix9gk60jiBA4oZjsdZ5dTzU1JIo%3D/3/full.json?AWSAccessKeyId=AKIAJRDFEY23UEVW42BQ&amp;Expires=1415343820&amp;Signature=dYbQMILALQR5y3Y2Cfs%2BpSHxX%2BU%3D</analysis_url><energy>0.786841</energy><liveness>0.038933</liveness><tempo>125.958</tempo><speechiness>0.043555</speechiness><acousticness>0.010238</acousticness><instrumentalness>0.000243</instrumentalness><mode>1</mode><time_signature>4</time_signature><duration>281.05288</duration><loudness>-7.417</loudness><audio_md5 /><valence>0.763077</valence><danceability>0.781609</danceability></audio_summary><title>It's Christmas</title></song></songs></response>