<response><status><version>4.2</version><code>0</code><message>Success</message></status><songs><song><artist_id>ARDAF601187FB4CD05</artist_id><artist_name>Ashanti</artist_name><id>SOALOIS1441597B233</id><audio_summary><key>10</key><analysis_url>http://echonest-analysis.s3.amazonaws.com/TR/u45rGw1Y7XLn-C6NNKYHvegJVGWZRIO0zWetmS0tjcFMZFqsxtwfchuSx7U4FouGoZGXy_zV27Os-60yo%3D/3/full.json?AWSAccessKeyId=AKIAJRDFEY23UEVW42BQ&amp;Expires=1415343892&amp;Signature=MMClR47snivA7aqjww3g0wG73po%3D</analysis_url><energy>0.63948</energy><liveness>0.100805</liveness><tempo>83.743</tempo><speechiness>0.035502</speechiness><acousticness>0.672751</acousticness><instrumentalness>0.892176</instrumentalness><mode>0</mode><time_signature>4</time_signature><duration>224.67955</duration><loudness>-8.516</loudness><audio_md5 /><valence>0.711266</valence><danceability>0.613061</danceability></audio_summary><title>Akumal</title></song><song><artist_id>ARDAF601187FB4CD05</artist_id><artist_name>Ashanti</artist_name><id>SOOBJPW1315CD46794</id><audio_summary><key>2</key><analysis_url>http://echonest-analysis.s3.amazonaws.com/TR/jhv7KQARXk2YCmNEUetHVpQCQAw8VyHxmTdPZruFxGVXjm5y-J59-gSuq4M2CYbfskhAIXDjQrN_iPYTg%3D/3/full.json?AWSAccessKeyId=AKIAJRDFEY23UEVW42BQ&amp;Expires=1415343892&amp;Signature=QvQ/b6F3TFNDuvxaLzqfYLYe9GI%3D</analysis_url><energy>0.354863</energy><liveness>0.064427</liveness><tempo>143.98</tempo><speechiness>0.056364</speechiness><acousticness>0.567709</acousticness><instrumentalness>4.3e-05</instrumentalness><mode>1</mode><time_signature>4</time_signature><duration>255.19955</duration><loudness>-9.498</loudness><audio_md5>0c5ce2106f7c1e8ad7d17db014370e5e</audio_md5><valence>0.493209</valence><danceability>0.803359</danceability></audio_summary><title>Sharing Christmas</title></song><song><artist_id>ARDAF601187FB4CD05</artist_id><artist_name>Ashanti</artist_name><id>SOPLTRN1369DF15CDA</id><audio_summary><key>2</key><analysis_url>http://echonest-analysis.s3.amazonaws.com/TR/TRJEFBB12BEA95DCCD/3/full.json?AWSAccessKeyId=AKIAJRDFEY23UEVW42BQ&amp;Expires=1415343892&amp;Signature=pegVKxu8kZCYRhtfVpTNU%2BcSAb0%3D</analysis_url><energy>0.26364</energy><liveness>0.113071</liveness><tempo>88.505</tempo><speechiness>0.029076</speechiness><acousticness>0.538554</acousticness><instrumentalness>0.001585</instrumentalness><mode>1</mode><time_signature>4</time_signature><duration>239.75138</duration><loudness>-15.951</loudness><audio_md5 /><valence>0.753432</valence><danceability>0.73015</danceability></audio_summary><title>HAPPY (Radio Edit)</title></song><song><artist_id>ARDAF601187FB4CD05</artist_id><artist_name>Ashanti</artist_name><id>SOALRAC144404AE835</id><audio_summary><key>10</key><analysis_url>http://echonest-analysis.s3.amazonaws.com/TR/5LqF4QczyNv_HYP0VPBtG1OTPNn-Gk-1MSpIp7k64T0zrodDDXTDu6EAM3nq-ChApJOAoFySjLzf9V8zc%3D/3/full.json?AWSAccessKeyId=AKIAJRDFEY23UEVW42BQ&amp;Expires=1415343892&amp;Signature=uikkiXzQ1diOA62gYp8b/QDrfaw%3D</analysis_url><energy>0.763213</energy><liveness>0.121795</liveness><tempo>106.885</tempo><speechiness>0.043237</speechiness><acousticness>0.136919</acousticness><instrumentalness>0.868406</instrumentalness><mode>0</mode><time_signature>4</time_signature><duration>305.85288</duration><loudness>-10.494</loudness><audio_md5 /><valence>0.475679</valence><danceability>0.669707</danceability></audio_summary><title>Samfunk</title></song><song><artist_id>ARDAF601187FB4CD05</artist_id><artist_name>Ashanti</artist_name><id>SOOUPYT12A8C14130C</id><audio_summary><key>11</key><analysis_url>http://echonest-analysis.s3.amazonaws.com/TR/sYSOYgA-1B0xzGDQx-dPUnFvb-gB91f_tfxSllW08tzLrx12jeoDYu1fLl9CEGx2QeUGuO8RiAJoOHnWI%3D/3/full.json?AWSAccessKeyId=AKIAJRDFEY23UEVW42BQ&amp;Expires=1415343892&amp;Signature=07MCPjItzvtNXSTm%2B2e0L8yOQno%3D</analysis_url><energy>0.770616</energy><liveness>0.10765</liveness><tempo>171.213</tempo><speechiness>0.181014</speechiness><acousticness>0.160392</acousticness><instrumentalness>5e-06</instrumentalness><mode>0</mode><time_signature>3</time_signature><duration>160.81288</duration><loudness>-4.061</loudness><audio_md5 /><valence>0.695745</valence><danceability>0.500329</danceability></audio_summary><title>Dola Dola</title></song><song><artist_id>ARDAF601187FB4CD05</artist_id><artist_name>Ashanti</artist_name><id>SOQKPZR142D2D4D5D6</id><audio_summary><key>10</key><analysis_url>http://echonest-analysis.s3.amazonaws.com/TR/xOBKxgBUhMagU7jUiINPvRdT31QKiG60M30_2s/3/full.json?AWSAccessKeyId=AKIAJRDFEY23UEVW42BQ&amp;Expires=1415343892&amp;Signature=wWY88hHrhMpypyN7wiXUml1mNVg%3D</analysis_url><energy>0.542974</energy><liveness>0.0609</liveness><tempo>155.995</tempo><speechiness>0.031888</speechiness><acousticness>0.147862</acousticness><instrumentalness>0.0</instrumentalness><mode>0</mode><time_signature>4</time_signature><duration>225.01832</duration><loudness>-5.987</loudness><audio_md5 /><valence>0.310492</valence><danceability>0.606396</danceability></audio_summary><title>It's Christmas</title></song><song><artist_id>ARDAF601187FB4CD05</artist_id><artist_name>Ashanti</artist_name><id>SOCABVI12AB017D2ED</id><audio_summary><key>11</key><analysis_url>http://echonest-analysis.s3.amazonaws.com/TR/DTuvAwlTNqan35zdOmrNM3j95FMQxrcRaAFQQZzp8d6ShCEQqL2JUDRfzN7gvGJDOoB3sl0tNub4BP5Pc%3D/3/full.json?AWSAccessKeyId=AKIAJRDFEY23UEVW42BQ&amp;Expires=1415343892&amp;Signature=YQV5%2BVMYdllzLHyu3JCeOCgNkXw%3D</analysis_url><energy>0.641568</energy><liveness>0.083775</liveness><tempo>110.426</tempo><speechiness>0.045836</speechiness><acousticness>0.462494</acousticness><instrumentalness>6e-06</instrumentalness><mode>1</mode><time_signature>4</time_signature><duration>248.03955</duration><loudness>-5.51</loudness><audio_md5 /><valence>0.471061</valence><danceability>0.80163</danceability></audio_summary><title>Let's Do Something Crazy</title></song><song><artist_id>ARDAF601187FB4CD05</artist_id><artist_name>Ashanti</artist_name><id>SOCTXZB1315CD49CFB</id><audio_summary><key>11</key><analysis_url>http://echonest-analysis.s3.amazonaws.com/TR/xLM5dAhyMeEBm29uIabcVifHftwPqNwySIyCHe1o5zah2ObpfKVH64LIckB3TWGco_4Z9_yLYzNEKubsc%3D/3/full.json?AWSAccessKeyId=AKIAJRDFEY23UEVW42BQ&amp;Expires=1415343892&amp;Signature=Omu0A3Ly50pH4QMBNgSGlu55vkY%3D</analysis_url><energy>0.813108</energy><liveness>0.22155</liveness><tempo>87.319</tempo><speechiness>0.41112</speechiness><acousticness>0.089974</acousticness><instrumentalness>0.0</instrumentalness><mode>0</mode><time_signature>4</time_signature><duration>88.23537</duration><loudness>-4.966</loudness><audio_md5 /><valence>0.479508</valence><danceability>0.749266</danceability></audio_summary><title>Black Child (Skit)</title></song><song><artist_id>ARDAF601187FB4CD05</artist_id><artist_name>Ashanti</artist_name><id>SOKGABI1311AFD6C61</id><audio_summary><key>1</key><analysis_url>http://echonest-analysis.s3.amazonaws.com/TR/83cHYQE5cL2uD21U33IQguuV5nCx4FxLi4dotN/3/full.json?AWSAccessKeyId=AKIAJRDFEY23UEVW42BQ&amp;Expires=1415343892&amp;Signature=WdsCPUoybdh1ub8ipSS/QTdLbtU%3D</analysis_url><energy>0.669695</energy><liveness>0.096868</liveness><tempo>85.909</tempo><speechiness>0.258418</speechiness><acousticness>0.251582</acousticness><instrumentalness>0.0</instrumentalness><mode>1</mode><time_signature>4</time_signature><duration>261.00354</duration><loudness>-7.628</loudness><audio_md5>2b9f53ccc4d9d426313b67f79a2c7c94</audio_md5><valence>0.820594</valence><danceability>0.809493</danceability></audio_summary><title>To The Club</title></song><song><artist_id>ARDAF601187FB4CD05</artist_id><artist_name>Ashanti</artist_name><id>SOEQAUV12A6701E808</id><audio_summary><key>10</key><analysis_url>http://echonest-analysis.s3.amazonaws.com/TR/d9iiYwAsQOKaoTFZezo0U7lx3LwJSXQCntT9AcswFA4yQUxEjjkhW8EExnVMCBRoFK_jEeu4bF8i6m1e0%3D/3/full.json?AWSAccessKeyId=AKIAJRDFEY23UEVW42BQ&amp;Expires=1415343892&amp;Signature=iWm8snEIZeoU0e4k1X17Q3LsaHc%3D</analysis_url><energy>0.332706</energy><liveness>0.089874</liveness><tempo>133.658</tempo><speechiness>0.041763</speechiness><acousticness>0.776</acousticness><instrumentalness>0.0</instrumentalness><mode>1</mode><time_signature>4</time_signature><duration>134.58621</duration><loudness>-9.733</loudness><audio_md5 /><valence>0.236232</valence><danceability>0.623193</danceability></audio_summary><title>Winter Wonderland</title></song><song><artist_id>ARDAF601187FB4CD05</artist_id><artist_name>Ashanti</artist_name><id>SOCQZTW149600B3F13</id><audio_summary><key>10</key><analysis_url>http://echonest-analysis.s3.amazonaws.com/TR/H5AylgFGrRSqW2LfY8LAN0P-DMeUbxbN9oA4OPHGFdOsGoPqokR6_wAS4Q85acC_LPnmAsZk9cartCm9s%3D/3/full.json?AWSAccessKeyId=AKIAJRDFEY23UEVW42BQ&amp;Expires=1415343892&amp;Signature=ERHwqyAr7a1NIJjGwxvg8d49hvQ%3D</analysis_url><energy>0.524596</energy><liveness>0.094924</liveness><tempo>78.055</tempo><speechiness>0.031093</speechiness><acousticness>0.105969</acousticness><instrumentalness>4e-06</instrumentalness><mode>0</mode><time_signature>4</time_signature><duration>236.27234</duration><loudness>-7.578</loudness><audio_md5 /><valence>0.366623</valence><danceability>0.627187</danceability></audio_summary><title>It's Christmas</title></song><song><artist_id>ARDAF601187FB4CD05</artist_id><artist_name>Ashanti</artist_name><id>SOFJGXQ1311AFE6869</id><audio_summary><key>6</key><analysis_url>http://echonest-analysis.s3.amazonaws.com/TR/XIUzvg_1vwxR_fpEcVKy9LxxqEZajff45rfRqF/3/full.json?AWSAccessKeyId=AKIAJRDFEY23UEVW42BQ&amp;Expires=1415343892&amp;Signature=aVYDK6JCUn1mASaO8ru0xOStHLQ%3D</analysis_url><energy>0.380339</energy><liveness>0.134475</liveness><tempo>132.118</tempo><speechiness>0.032057</speechiness><acousticness>0.613254</acousticness><instrumentalness>0.0</instrumentalness><mode>1</mode><time_signature>4</time_signature><duration>220.99955</duration><loudness>-8.637</loudness><audio_md5 /><valence>0.413597</valence><danceability>0.602082</danceability></audio_summary><title>You Always Seem to Make Me Feel (Lg &amp; Krunchie Mix)</title></song><song><artist_id>ARDAF601187FB4CD05</artist_id><artist_name>Ashanti</artist_name><id>SOFZQSV135BEBFE458</id><audio_summary><key>2</key><analysis_url>http://echonest-analysis.s3.amazonaws.com/TR/u8stKgpKgsU6bHkyBeb1fLJbXkhHnjij7pfkxP1FO2PmPRcDj99pV709VC7kSaG3JAHgpsV2o1KXJM_D8%3D/3/full.json?AWSAccessKeyId=AKIAJRDFEY23UEVW42BQ&amp;Expires=1415343892&amp;Signature=LjcUlUcnxjMGdl7D%2BTCRdcfAFSE%3D</analysis_url><energy>0.862681</energy><liveness>0.644288</liveness><tempo>125.258</tempo><speechiness>0.291116</speechiness><acousticness>0.145568</acousticness><instrumentalness>0.0</instrumentalness><mode>0</mode><time_signature>4</time_signature><duration>235.38621</duration><loudness>-5.061</loudness><audio_md5 /><valence>0.185178</valence><danceability>0.394679</danceability></audio_summary><title>The Declaration/Outro</title></song><song><artist_id>ARDAF601187FB4CD05</artist_id><artist_name>Ashanti</artist_name><id>SOLVCAG142D297E733</id><audio_summary><key>7</key><analysis_url>http://echonest-analysis.s3.amazonaws.com/TR/uAI8EgoPbFfdf4Snphci8VXYr7gTy1vjRdL8shn3hAn6wDMNqlCW7nG_CZR1hU7K-hyneaWPOyGIzmZhc%3D/3/full.json?AWSAccessKeyId=AKIAJRDFEY23UEVW42BQ&amp;Expires=1415343892&amp;Signature=TlW%2BNnM0e1rawI2H9TIycmYJKis%3D</analysis_url><energy>0.691903</energy><liveness>0.260018</liveness><tempo>104.013</tempo><speechiness>0.032967</speechiness><acousticness>0.541476</acousticness><instrumentalness>0.0</instrumentalness><mode>1</mode><time_signature>4</time_signature><duration>125.44227</duration><loudness>-6.025</loudness><audio_md5 /><valence>0.747183</valence><danceability>0.83133</danceability></audio_summary><title>Sleigh Ride</title></song><song><artist_id>ARDAF601187FB4CD05</artist_id><artist_name>Ashanti</artist_name><id>SODUEEI142D2D39D01</id><audio_summary><key>10</key><analysis_url>http://echonest-analysis.s3.amazonaws.com/TR/QjZa2AAMsH0CWQ4KydTuFnxhPxtigUsrhxrUzmQ6Vt41tk5Wtg17biWMFxf1Uzj2x9EOHikPxSGIm_uPs%3D/3/full.json?AWSAccessKeyId=AKIAJRDFEY23UEVW42BQ&amp;Expires=1415343892&amp;Signature=Nb8oeChexukplVc7uZeqCRXBm1Q%3D</analysis_url><energy>0.724457</energy><liveness>0.306727</liveness><tempo>150.001</tempo><speechiness>0.089052</speechiness><acousticness>0.47196</acousticness><instrumentalness>0.0</instrumentalness><mode>1</mode><time_signature>4</time_signature><duration>115.57873</duration><loudness>-6.676</loudness><audio_md5 /><valence>0.4193</valence><danceability>0.562889</danceability></audio_summary><title>Let It Snow</title></song><song><artist_id>ARDAF601187FB4CD05</artist_id><artist_name>Ashanti</artist_name><id>SOAOTZE1315CD4614F</id><audio_summary><key>1</key><analysis_url>http://echonest-analysis.s3.amazonaws.com/TR/JDugbAN5GDGWd_V2u6r0iY42jLO4y6HnvgDD8DQ99-Fb07vVhWEYYJtBTbMew4uJnaqguYH2Htc_ZzGK0%3D/3/full.json?AWSAccessKeyId=AKIAJRDFEY23UEVW42BQ&amp;Expires=1415343892&amp;Signature=kQ8Vk64uBnq1Tk5%2BFHThHcgODK8%3D</analysis_url><energy>0.902514</energy><liveness>0.297738</liveness><tempo>92.001</tempo><speechiness>0.283097</speechiness><acousticness>0.107334</acousticness><instrumentalness>0.0</instrumentalness><mode>1</mode><time_signature>4</time_signature><duration>224.15955</duration><loudness>-6.19</loudness><audio_md5 /><valence>0.388865</valence><danceability>0.795672</danceability></audio_summary><title>Breakup 2 Makeup Remix</title></song><song><artist_id>ARDAF601187FB4CD05</artist_id><artist_name>Ashanti</artist_name><id>SONYNMC13105FA43FB</id><audio_summary><key>10</key><analysis_url>http://echonest-analysis.s3.amazonaws.com/TR/5Ir0oA_1xQ7EkB5BjMNRLmrNowClxR4hlMs8LdCvhlfAeaiYuK3d4V_2u_D-xtstGaX3M0qk059VeUstw%3D/3/full.json?AWSAccessKeyId=AKIAJRDFEY23UEVW42BQ&amp;Expires=1415343892&amp;Signature=3R2f39U6/McKLyg7Z0f18Tembcw%3D</analysis_url><energy>0.249523</energy><liveness>0.402871</liveness><tempo>81.177</tempo><speechiness>0.036703</speechiness><acousticness>0.479324</acousticness><instrumentalness>0.0</instrumentalness><mode>1</mode><time_signature>4</time_signature><duration>150.54213</duration><loudness>-14.555</loudness><audio_md5>f6c1ac196661650e96705e69d3ea796f</audio_md5><valence>0.165263</valence><danceability>0.174741</danceability></audio_summary><title>Somewhere Over The Rainbow</title></song><song><artist_id>ARDAF601187FB4CD05</artist_id><artist_name>Ashanti</artist_name><id>SOWADFW144159381C1</id><audio_summary><key>0</key><analysis_url>http://echonest-analysis.s3.amazonaws.com/TR/29uRkQTmdg_90CcZHiWqCcY85R8bti7MOTyS32CGV8mdcVd0ZDOWX_UDQrZHLk08Hq2kjNsFXkZD31KfQ%3D/3/full.json?AWSAccessKeyId=AKIAJRDFEY23UEVW42BQ&amp;Expires=1415343892&amp;Signature=f/5b/WvxjZUg1%2BuGOgXRPCCp0DU%3D</analysis_url><energy>0.569636</energy><liveness>0.100187</liveness><tempo>187.054</tempo><speechiness>0.05274</speechiness><acousticness>0.602548</acousticness><instrumentalness>0.930556</instrumentalness><mode>0</mode><time_signature>3</time_signature><duration>277.66621</duration><loudness>-9.083</loudness><audio_md5>d251561a71a5c12bd836cc6f9678c18a</audio_md5><valence>0.568207</valence><danceability>0.350491</danceability></audio_summary><title>Caramelo</title></song><song><artist_id>ARDAF601187FB4CD05</artist_id><artist_name>Ashanti</artist_name><id>SOLGTWU12A670201B0</id><audio_summary><key>7</key><analysis_url>http://echonest-analysis.s3.amazonaws.com/TR/sj03xgYf9Ihn1C00H9_Jre7AU7RONOyiKQwdQxAveyFC0YTvAsQB-7c0AX0YZhoo85k6PxRHrcDhoIt6o%3D/3/full.json?AWSAccessKeyId=AKIAJRDFEY23UEVW42BQ&amp;Expires=1415343892&amp;Signature=/E9YBDIuRZS5ILh6801tBPaSkZs%3D</analysis_url><energy>0.589495</energy><liveness>0.330144</liveness><tempo>91.996</tempo><speechiness>0.124774</speechiness><acousticness>0.069454</acousticness><instrumentalness>0.000182</instrumentalness><mode>1</mode><time_signature>4</time_signature><duration>282.10621</duration><loudness>-7.289</loudness><audio_md5 /><valence>0.608936</valence><danceability>0.875557</danceability></audio_summary><title>I Know (International Explicit Version)</title></song><song><artist_id>ARDAF601187FB4CD05</artist_id><artist_name>Ashanti</artist_name><id>SOSPHLA12AAFF41A9C</id><audio_summary><key>1</key><analysis_url>http://echonest-analysis.s3.amazonaws.com/TR/ze5m_ARGz-8gdJXUuynIHoBo0faM5yHHyHtV_6/3/full.json?AWSAccessKeyId=AKIAJRDFEY23UEVW42BQ&amp;Expires=1415343892&amp;Signature=u9zBA/zG2GlDj3u2BDTecHpt38o%3D</analysis_url><energy>0.39683</energy><liveness>0.073192</liveness><tempo>130.024</tempo><speechiness>0.057301</speechiness><acousticness>0.341747</acousticness><instrumentalness>0.589376</instrumentalness><mode>1</mode><time_signature>4</time_signature><duration>206.33288</duration><loudness>-12.713</loudness><audio_md5 /><valence>0.767987</valence><danceability>0.782291</danceability></audio_summary><title>By My Side</title></song><song><artist_id>ARDAF601187FB4CD05</artist_id><artist_name>Ashanti</artist_name><id>SOMTZIM131343A1EA1</id><audio_summary><key>7</key><analysis_url>http://echonest-analysis.s3.amazonaws.com/TR/fviZvwVPe6Ngsvh6AAGxXegTNUrHhNKABPVe4a/3/full.json?AWSAccessKeyId=AKIAJRDFEY23UEVW42BQ&amp;Expires=1415343892&amp;Signature=E80vKqXi9Ssh484Ugh5t2Ul0luA%3D</analysis_url><energy>0.90827</energy><liveness>0.036593</liveness><tempo>126.986</tempo><speechiness>0.099827</speechiness><acousticness>8.5e-05</acousticness><instrumentalness>0.05214</instrumentalness><mode>1</mode><time_signature>4</time_signature><duration>240.75955</duration><loudness>-6.637</loudness><audio_md5 /><valence>0.678031</valence><danceability>0.75068</danceability></audio_summary><title>Baby Baby (LG &amp; Krunchie Mix)</title></song><song><artist_id>ARDAF601187FB4CD05</artist_id><artist_name>Ashanti</artist_name><id>SOKATVX1311AFDED68</id><audio_summary><key>1</key><analysis_url>http://echonest-analysis.s3.amazonaws.com/TR/7VwYwgMqq1p7f1QjYmbElF6RG1On_7G2WOOhogLoK7iTkwvYrBd6GRa5YLHaoKh8fw0uu_CGT9EcAwr6Y%3D/3/full.json?AWSAccessKeyId=AKIAJRDFEY23UEVW42BQ&amp;Expires=1415343892&amp;Signature=9FFGXYLnuLsDT7of8z/%2BwPCMbyQ%3D</analysis_url><energy>0.79154</energy><liveness>0.337328</liveness><tempo>130.009</tempo><speechiness>0.042843</speechiness><acousticness>0.000147</acousticness><instrumentalness>0.001184</instrumentalness><mode>1</mode><time_signature>4</time_signature><duration>233.23955</duration><loudness>-5.704</loudness><audio_md5 /><valence>0.790332</valence><danceability>0.751591</danceability></audio_summary><title>Baby (Red Rhythm Remix)</title></song><song><artist_id>ARDAF601187FB4CD05</artist_id><artist_name>Ashanti</artist_name><id>SOHXIWY14606E1A9E3</id><audio_summary><key>9</key><analysis_url>http://echonest-analysis.s3.amazonaws.com/TR/PWFQlw0x4TTwnjfvMz2DjAwMkspHp32YydrVcQNwVv6rxHbXdYe9M4JE2NUDxuJoWUyEPtsL01-5WU3Iw%3D/3/full.json?AWSAccessKeyId=AKIAJRDFEY23UEVW42BQ&amp;Expires=1415343892&amp;Signature=PK7L1PQCWzNmdaPQc2Dh6CfGuRU%3D</analysis_url><energy>0.436371</energy><liveness>0.094342</liveness><tempo>129.991</tempo><speechiness>0.079746</speechiness><acousticness>0.060448</acousticness><instrumentalness>0.9407</instrumentalness><mode>0</mode><time_signature>5</time_signature><duration>17.46073</duration><loudness>-17.355</loudness><audio_md5 /><valence>0.223866</valence><danceability>0.799248</danceability></audio_summary><title>By My Side</title></song><song><artist_id>ARDAF601187FB4CD05</artist_id><artist_name>Ashanti</artist_name><id>SOKLHHK1311AFD6531</id><audio_summary><key>10</key><analysis_url>http://echonest-analysis.s3.amazonaws.com/TR/bDi9ZQnWorfFSq0l0zeCMT7kjrTbd_-YS1X1Nn/3/full.json?AWSAccessKeyId=AKIAJRDFEY23UEVW42BQ&amp;Expires=1415343892&amp;Signature=giBHxSOgqPOa0UC1KPYmGG8DoVg%3D</analysis_url><energy>0.508215</energy><liveness>0.134618</liveness><tempo>169.999</tempo><speechiness>0.102652</speechiness><acousticness>0.005517</acousticness><instrumentalness>0.002692</instrumentalness><mode>0</mode><time_signature>4</time_signature><duration>291.43955</duration><loudness>-8.832</loudness><audio_md5 /><valence>0.782964</valence><danceability>0.694552</danceability></audio_summary><title>You Don't Have 2 Love Me</title></song><song><artist_id>ARDAF601187FB4CD05</artist_id><artist_name>Ashanti</artist_name><id>SOLNJNF12AB0189D48</id><audio_summary><key>1</key><analysis_url>http://echonest-analysis.s3.amazonaws.com/TR/TQFDoAApL9P1K_7D6g1n-MGyl0jhAzqQKvs-YOfG15k7vhksRCKZgZNKd4F1bWy4IxZ-a2MLXZwq0Vs6w%3D/3/full.json?AWSAccessKeyId=AKIAJRDFEY23UEVW42BQ&amp;Expires=1415343892&amp;Signature=FrqYGOCsBu36al3uHEkp%2BdC5rNA%3D</analysis_url><energy>0.603895</energy><liveness>0.119767</liveness><tempo>125.002</tempo><speechiness>0.043566</speechiness><acousticness>0.434661</acousticness><instrumentalness>0.000162</instrumentalness><mode>1</mode><time_signature>4</time_signature><duration>253.09288</duration><loudness>-5.301</loudness><audio_md5 /><valence>0.734845</valence><danceability>0.67436</danceability></audio_summary><title>Gotta Get Out (Migs Mix)</title></song><song><artist_id>ARDAF601187FB4CD05</artist_id><artist_name>Ashanti</artist_name><id>SOFJWVK1495C92447C</id><audio_summary><key>10</key><analysis_url>http://echonest-analysis.s3.amazonaws.com/TR/TWozdgXFyJsmk3fdmjdAx2RiGoWQHvlxdqZQXu6-DNG7R6GY3iMGu7kO2uVEXHwBDYNVb5ss5-Xf4KAmU%3D/3/full.json?AWSAccessKeyId=AKIAJRDFEY23UEVW42BQ&amp;Expires=1415343892&amp;Signature=JmhM2fIOp17kPDmuCRC/6VFCeeA%3D</analysis_url><energy>0.307869</energy><liveness>0.096</liveness><tempo>139.603</tempo><speechiness>0.027924</speechiness><acousticness>0.902443</acousticness><instrumentalness>0.0</instrumentalness><mode>1</mode><time_signature>4</time_signature><duration>272.54236</duration><loudness>-9.293</loudness><audio_md5 /><valence>0.137616</valence><danceability>0.507825</danceability></audio_summary><title>Christmas Is The Time</title></song><song><artist_id>ARDAF601187FB4CD05</artist_id><artist_name>Ashanti</artist_name><id>SOTHJBG144AD0451D1</id><audio_summary><key>7</key><analysis_url>http://echonest-analysis.s3.amazonaws.com/TR/301AWwQYQAc3H18dx-xxN2M7OT_Mik0h4bpdYffGq7PaxxDZSpwqujrzVA9ERpGFgxBU2ztbJOXARAmrc%3D/3/full.json?AWSAccessKeyId=AKIAJRDFEY23UEVW42BQ&amp;Expires=1415343892&amp;Signature=bLhG89K5rqmyU8EndZqkE/ZBKms%3D</analysis_url><energy>0.802469</energy><liveness>0.06289</liveness><tempo>103.116</tempo><speechiness>0.237406</speechiness><acousticness>0.055478</acousticness><instrumentalness>0.000199</instrumentalness><mode>1</mode><time_signature>4</time_signature><duration>263.15955</duration><loudness>-6.126</loudness><audio_md5 /><valence>0.93458</valence><danceability>0.790816</danceability></audio_summary><title>Rock Wit U (Awww Baby) (Taz &amp; Vangard Remix)</title></song><song><artist_id>ARDAF601187FB4CD05</artist_id><artist_name>Ashanti</artist_name><id>SOOYXGY13D20BCA85D</id><audio_summary><key>2</key><analysis_url>http://echonest-analysis.s3.amazonaws.com/TR/9Rf7ow7CFqwyNrVUtdT2UTbUUf-g2G1YeEnq_-q_yxyOrbHM6LvyZns2DUciDGSMjCg1AYwwEiAG4pN5M%3D/3/full.json?AWSAccessKeyId=AKIAJRDFEY23UEVW42BQ&amp;Expires=1415343892&amp;Signature=/2xBXzJhJA0ytwC2tcUXHXbPT2M%3D</analysis_url><energy>0.589595</energy><liveness>0.129025</liveness><tempo>89.459</tempo><speechiness>0.028548</speechiness><acousticness>0.278142</acousticness><instrumentalness>1e-06</instrumentalness><mode>0</mode><time_signature>4</time_signature><duration>239.89288</duration><loudness>-4.699</loudness><audio_md5 /><valence>0.703204</valence><danceability>0.693483</danceability></audio_summary><title>Happy - Radio Edit</title></song><song><artist_id>ARDAF601187FB4CD05</artist_id><artist_name>Ashanti</artist_name><id>SOPOZRZ1315CD46B26</id><audio_summary><key>7</key><analysis_url>http://echonest-analysis.s3.amazonaws.com/TR/0fQioQs0IYDAgaPC0SCRT0Gh_Vluh9zVsbxqxMjjJIHEtyu6evyaLzjn-20KjD0cnXgtTO0PzTSOT5nvU%3D/3/full.json?AWSAccessKeyId=AKIAJRDFEY23UEVW42BQ&amp;Expires=1415343892&amp;Signature=v4c8MSN3Tuf6QNbc9hSZBw%2Ba9/w%3D</analysis_url><energy>0.702661</energy><liveness>0.336665</liveness><tempo>107.26</tempo><speechiness>0.255817</speechiness><acousticness>0.011825</acousticness><instrumentalness>3e-06</instrumentalness><mode>1</mode><time_signature>4</time_signature><duration>207.01288</duration><loudness>-5.028</loudness><audio_md5 /><valence>0.361366</valence><danceability>0.780748</danceability></audio_summary><title>Focus Remix</title></song><song><artist_id>ARDAF601187FB4CD05</artist_id><artist_name>Ashanti</artist_name><id>SOGEKTS142D297F75B</id><audio_summary><key>10</key><analysis_url>http://echonest-analysis.s3.amazonaws.com/TR/K6ZUfQTgZki31mQIltzuEqXGhvp2OpZC-a770W/3/full.json?AWSAccessKeyId=AKIAJRDFEY23UEVW42BQ&amp;Expires=1415343892&amp;Signature=7KdcG6C3Cpv37mlYOBZiLPGHsOc%3D</analysis_url><energy>0.284377</energy><liveness>0.105213</liveness><tempo>139.865</tempo><speechiness>0.028638</speechiness><acousticness>0.885397</acousticness><instrumentalness>0.0</instrumentalness><mode>1</mode><time_signature>4</time_signature><duration>281.18159</duration><loudness>-10.219</loudness><audio_md5 /><valence>0.109836</valence><danceability>0.557691</danceability></audio_summary><title>Christmas Is The Time</title></song><song><artist_id>ARDAF601187FB4CD05</artist_id><artist_name>Ashanti</artist_name><id>SOLKWCW1374115068C</id><audio_summary><key>1</key><analysis_url>http://echonest-analysis.s3.amazonaws.com/TR/HEr1bgN1v5mDbBeZh1oL0Y_d65x6AZVMGlEz7jEfXcvbF0aIdTbn4bcArOfFRi4zuExNYuuS6sC59lpjY%3D/3/full.json?AWSAccessKeyId=AKIAJRDFEY23UEVW42BQ&amp;Expires=1415343892&amp;Signature=fbdNZ611NjiI501Y78J2pM3F3Ek%3D</analysis_url><energy>0.568688</energy><liveness>0.481547</liveness><tempo>167.431</tempo><speechiness>0.059222</speechiness><acousticness>0.106535</acousticness><instrumentalness>0.0</instrumentalness><mode>1</mode><time_signature>4</time_signature><duration>194.95955</duration><loudness>-6.585</loudness><audio_md5 /><valence>0.263985</valence><danceability>0.569422</danceability></audio_summary><title>Rain On Me (Melbeatz Remix)</title></song><song><artist_id>ARDAF601187FB4CD05</artist_id><artist_name>Ashanti</artist_name><id>SOLBKSQ12A6701E807</id><audio_summary><key>7</key><analysis_url>http://echonest-analysis.s3.amazonaws.com/TR/_MchwwTRgJ7s9e1V3lVemvwZziUDsJSSgVe3LfQys_MKffJ_NsEZaeuyhrDDWNW1meETX2yMidOpixkCA%3D/3/full.json?AWSAccessKeyId=AKIAJRDFEY23UEVW42BQ&amp;Expires=1415343892&amp;Signature=bJJLWqR5gcD/SHIfyIFs2UeuIHA%3D</analysis_url><energy>0.159498</energy><liveness>0.411882</liveness><tempo>169.297</tempo><speechiness>0.030763</speechiness><acousticness>0.901392</acousticness><instrumentalness>0.0</instrumentalness><mode>1</mode><time_signature>3</time_signature><duration>132.86621</duration><loudness>-11.824</loudness><audio_md5>dde6296bcd84d2ba459473ac858c1baa</audio_md5><valence>0.365444</valence><danceability>0.328979</danceability></audio_summary><title>Silent Night</title></song><song><artist_id>ARDAF601187FB4CD05</artist_id><artist_name>Ashanti</artist_name><id>SOBZLVS12CEBFCFFA8</id><audio_summary><key>10</key><analysis_url>http://echonest-analysis.s3.amazonaws.com/TR/cI-XwgKVk-fe5QoqJO1jIfh6dAGj958aZqs-RmB0KRkz2wCXHFF81AwmSsuMjBJEIjf8617DcmY4ztjiU%3D/3/full.json?AWSAccessKeyId=AKIAJRDFEY23UEVW42BQ&amp;Expires=1415343892&amp;Signature=WqkNn7yweh8yusQybpyJbZvvvkk%3D</analysis_url><energy>0.682518</energy><liveness>0.329702</liveness><tempo>98.415</tempo><speechiness>0.192997</speechiness><acousticness>0.429394</acousticness><instrumentalness>0.0</instrumentalness><mode>0</mode><time_signature>4</time_signature><duration>223.73288</duration><loudness>-5.869</loudness><audio_md5 /><valence>0.709363</valence><danceability>0.866978</danceability></audio_summary><title>All My</title></song><song><artist_id>ARDAF601187FB4CD05</artist_id><artist_name>Ashanti</artist_name><id>SOBQUZZ1315CD48232</id><audio_summary><key>6</key><analysis_url>http://echonest-analysis.s3.amazonaws.com/TR/OoGomgb0dO2hGLeSNsAkFJ6_VUonRq1aLy_roI5__7UsQTiD7-MjyeVLMzrYTJEel5ZSgIy2DGdFSqMzo%3D/3/full.json?AWSAccessKeyId=AKIAJRDFEY23UEVW42BQ&amp;Expires=1415343892&amp;Signature=8IPIknHx0VutjqWtUcKLRZtn05A%3D</analysis_url><energy>0.562354</energy><liveness>0.11421</liveness><tempo>175.999</tempo><speechiness>0.172429</speechiness><acousticness>0.082917</acousticness><instrumentalness>0.0</instrumentalness><mode>1</mode><time_signature>4</time_signature><duration>276.54621</duration><loudness>-5.246</loudness><audio_md5 /><valence>0.554082</valence><danceability>0.514288</danceability></audio_summary><title>Still Down Remix (Album Version (Explicit))</title></song><song><artist_id>ARDAF601187FB4CD05</artist_id><artist_name>Ashanti</artist_name><id>SOUMKIL1311AFEE727</id><audio_summary><key>1</key><analysis_url>http://echonest-analysis.s3.amazonaws.com/TR/j61KSwEUqem0YTIfybeyLf7uzb0fZTqjrSL2Ie/3/full.json?AWSAccessKeyId=AKIAJRDFEY23UEVW42BQ&amp;Expires=1415343892&amp;Signature=LjMYrlagRjgVXczewmYMFM9ypbA%3D</analysis_url><energy>0.798489</energy><liveness>0.326882</liveness><tempo>130.004</tempo><speechiness>0.042507</speechiness><acousticness>0.000129</acousticness><instrumentalness>0.000764</instrumentalness><mode>1</mode><time_signature>4</time_signature><duration>233.23955</duration><loudness>-5.73</loudness><audio_md5>4940e3f692427e8705332174637d8caf</audio_md5><valence>0.78431</valence><danceability>0.753797</danceability></audio_summary><title>Baby Baby (Red Rhythm Radio Edit)</title></song><song><artist_id>ARDAF601187FB4CD05</artist_id><artist_name>Ashanti</artist_name><id>SOSTHQL12AB0187626</id><audio_summary><key>7</key><analysis_url>http://echonest-analysis.s3.amazonaws.com/TR/MqZ3DACw16Xk4MIDP6oUQk0VSWs-gdFlC3mV-MaPXMuodIy4n_9LR_y9vG-7LfZERD9IV51A0DIQNcMzU%3D/3/full.json?AWSAccessKeyId=AKIAJRDFEY23UEVW42BQ&amp;Expires=1415343892&amp;Signature=WbDCwpTB9Jt3p9yEcVC3458QUtE%3D</analysis_url><energy>0.770109</energy><liveness>0.076963</liveness><tempo>78.776</tempo><speechiness>0.255218</speechiness><acousticness>0.026992</acousticness><instrumentalness>0.0</instrumentalness><mode>1</mode><time_signature>4</time_signature><duration>233.37288</duration><loudness>-3.266</loudness><audio_md5 /><valence>0.430413</valence><danceability>0.880223</danceability></audio_summary><title>Switch</title></song><song><artist_id>ARDAF601187FB4CD05</artist_id><artist_name>Ashanti</artist_name><id>SOZUPFO1315CD473BC</id><audio_summary><key>5</key><analysis_url>http://echonest-analysis.s3.amazonaws.com/TR/m2BhPQR_LQE3KDH3jRRoTjS34-2sGXsEjlySO_2L-T-M6yMwTsGyVNWKVNNC5FuHQYCylt_Y4fZlvrOAQ%3D/3/full.json?AWSAccessKeyId=AKIAJRDFEY23UEVW42BQ&amp;Expires=1415343892&amp;Signature=UtCf5xV9dLK%2BGlJtQezF43FRUiA%3D</analysis_url><energy>0.712285</energy><liveness>0.329583</liveness><tempo>118.741</tempo><speechiness>0.167593</speechiness><acousticness>0.193306</acousticness><instrumentalness>6e-06</instrumentalness><mode>1</mode><time_signature>4</time_signature><duration>270.14621</duration><loudness>-4.566</loudness><audio_md5 /><valence>0.724182</valence><danceability>0.883169</danceability></audio_summary><title>Hey Baby (After The Club)</title></song><song><artist_id>ARDAF601187FB4CD05</artist_id><artist_name>Ashanti</artist_name><id>SOKTVZH12AC3DFA3EA</id><audio_summary><key>10</key><analysis_url>http://echonest-analysis.s3.amazonaws.com/TR/3PHFagyvUbNgEMeOjkvTeXRHSz7-HTRpSDrW_0MzHUF-ANicMUhFFFrC60YMuKRqmcEtjr62ur2y0oDzc%3D/3/full.json?AWSAccessKeyId=AKIAJRDFEY23UEVW42BQ&amp;Expires=1415343892&amp;Signature=oEDgT6%2Bl00taMhmIlXrGc6wT370%3D</analysis_url><energy>0.443039</energy><liveness>0.114386</liveness><tempo>82.244</tempo><speechiness>0.042991</speechiness><acousticness>0.620458</acousticness><instrumentalness>8e-06</instrumentalness><mode>1</mode><time_signature>4</time_signature><duration>226.21288</duration><loudness>-6.723</loudness><audio_md5>f6d70e01ebd7634451a230051bc2854e</audio_md5><valence>0.280914</valence><danceability>0.534099</danceability></audio_summary><title>Colors Of The Wind</title></song><song><artist_id>ARDAF601187FB4CD05</artist_id><artist_name>Ashanti</artist_name><id>SOSNIFO13ED0D203B2</id><audio_summary><key>8</key><analysis_url>http://echonest-analysis.s3.amazonaws.com/TR/YV_q-QzQ3IYJDmhiJ3rn83Dm_9XRJT8FM6XJvR/3/full.json?AWSAccessKeyId=AKIAJRDFEY23UEVW42BQ&amp;Expires=1415343892&amp;Signature=TctLNAoA4aiaSszILnYMjkuXcno%3D</analysis_url><energy>0.665248</energy><liveness>0.155161</liveness><tempo>201.932</tempo><speechiness>0.062551</speechiness><acousticness>0.027012</acousticness><instrumentalness>1.2e-05</instrumentalness><mode>1</mode><time_signature>3</time_signature><duration>153.30068</duration><loudness>-3.718</loudness><audio_md5>a08a30b4d05fcf817a213cf88fbc0359</audio_md5><valence>0.481972</valence><danceability>0.418287</danceability></audio_summary><title>The Woman You Love (R&amp;B Mix)</title></song><song><artist_id>ARDAF601187FB4CD05</artist_id><artist_name>Ashanti</artist_name><id>SOFQNCL12A6702019E</id><audio_summary><key>0</key><analysis_url>http://echonest-analysis.s3.amazonaws.com/TR/jhZlcwuDJRPrWz4B7z3bpe3gfvD6ApPCKYw0fqLJD_ARtOJLYAoRmUeN94bxmRupLrn_c3TJ8zJkOrIKI%3D/3/full.json?AWSAccessKeyId=AKIAJRDFEY23UEVW42BQ&amp;Expires=1415343892&amp;Signature=0EKOJxrwLlt0R9De0gtEdQz6tCg%3D</analysis_url><energy>0.6367</energy><liveness>0.284338</liveness><tempo>127.403</tempo><speechiness>0.277861</speechiness><acousticness>0.543949</acousticness><instrumentalness>0.0</instrumentalness><mode>0</mode><time_signature>4</time_signature><duration>185.71955</duration><loudness>-6.977</loudness><audio_md5>453a4df125fd0763e6f53bf15a1e74ca</audio_md5><valence>0.272861</valence><danceability>0.801142</danceability></audio_summary><title>Shany's World</title></song><song><artist_id>ARDAF601187FB4CD05</artist_id><artist_name>Ashanti</artist_name><id>SOCVAYP136CAA2FD1A</id><audio_summary><key>6</key><analysis_url>http://echonest-analysis.s3.amazonaws.com/TR/_AyScwPNaOiQTN90CGc2sosrjphFwK1rYfkHBhCRyh01RQQOIfRSsf7k8GD8eis6G_RgqWhpGFRzUK8-U%3D/3/full.json?AWSAccessKeyId=AKIAJRDFEY23UEVW42BQ&amp;Expires=1415343892&amp;Signature=G59O9Duysrj2RG10jIegiGnZH5A%3D</analysis_url><energy>0.905582</energy><liveness>0.092824</liveness><tempo>96.308</tempo><speechiness>0.136875</speechiness><acousticness>0.046525</acousticness><instrumentalness>0.0</instrumentalness><mode>0</mode><time_signature>4</time_signature><duration>256.15955</duration><loudness>-4.42</loudness><audio_md5 /><valence>0.490948</valence><danceability>0.644629</danceability></audio_summary><title>Turn It Up</title></song><song><artist_id>ARDAF601187FB4CD05</artist_id><artist_name>Ashanti</artist_name><id>SOCXTUB1376DDF5CD3</id><audio_summary><key>0</key><analysis_url>http://echonest-analysis.s3.amazonaws.com/TR/BW9AEQysCmQcia3YFARrh3GjqzgNmoi8Xyw5XN9-xk90UOMebTT0ARsjMGNv083yLnNuR_ihwyuMUZkhE%3D/3/full.json?AWSAccessKeyId=AKIAJRDFEY23UEVW42BQ&amp;Expires=1415343892&amp;Signature=IVKFcqy9jFMkL5KwdzJ%2BbQo9zj0%3D</analysis_url><energy>0.647625</energy><liveness>0.07517</liveness><tempo>126.652</tempo><speechiness>0.367914</speechiness><acousticness>0.187908</acousticness><instrumentalness>0.0</instrumentalness><mode>0</mode><time_signature>4</time_signature><duration>58.25288</duration><loudness>-7.712</loudness><audio_md5 /><valence>0.482231</valence><danceability>0.693462</danceability></audio_summary><title>Outro</title></song><song><artist_id>ARDAF601187FB4CD05</artist_id><artist_name>Ashanti</artist_name><id>SOSCTMW1315CD474AF</id><audio_summary><key>1</key><analysis_url>http://echonest-analysis.s3.amazonaws.com/TR/jeny5QP6evVzIGs5g5pZAO0L7qdF4jyY5G9GO_-lJp0GZ-1BuwynuXE10xXRScxPxOCtOzY0Tw27CJTsg%3D/3/full.json?AWSAccessKeyId=AKIAJRDFEY23UEVW42BQ&amp;Expires=1415343892&amp;Signature=VtyJmlc6D66VbNJM1GRiSc9wyJU%3D</analysis_url><energy>0.546041</energy><liveness>0.195612</liveness><tempo>107.657</tempo><speechiness>0.070046</speechiness><acousticness>0.008828</acousticness><instrumentalness>0.054573</instrumentalness><mode>1</mode><time_signature>4</time_signature><duration>197.14621</duration><loudness>-6.538</loudness><audio_md5>13d2c2ed037aacb91e395712c8d6fabb</audio_md5><valence>0.328944</valence><danceability>0.837012</danceability></audio_summary><title>Focus</title></song><song><artist_id>ARDAF601187FB4CD05</artist_id><artist_name>Ashanti</artist_name><id>SOXARZP12AF72A026A</id><audio_summary><key>1</key><analysis_url>http://echonest-analysis.s3.amazonaws.com/TR/WTvjcwJ8WTPVZvV5zw4Dw-V5ZmNQTjqQpuF_R38C3Us0hldzWplAjsJNH-S3lS-sqpRP5ijwBxKREwBIQ%3D/3/full.json?AWSAccessKeyId=AKIAJRDFEY23UEVW42BQ&amp;Expires=1415343892&amp;Signature=MthWwJeVA2egblzOxqkjlrUjL40%3D</analysis_url><energy>0.377596</energy><liveness>0.044186</liveness><tempo>90.977</tempo><speechiness>0.028242</speechiness><acousticness>0.432306</acousticness><instrumentalness>0.0</instrumentalness><mode>1</mode><time_signature>4</time_signature><duration>243.99955</duration><loudness>-7.826</loudness><audio_md5>a91c188fb9420732b750e87dd3abbf75</audio_md5><valence>0.299174</valence><danceability>0.69295</danceability></audio_summary><title>Christmas Time Again</title></song><song><artist_id>ARDAF601187FB4CD05</artist_id><artist_name>Ashanti</artist_name><id>SOMQCKB13FB368F1D3</id><audio_summary><key>10</key><analysis_url>http://echonest-analysis.s3.amazonaws.com/TR/NIp09wXH_Ngc3-WAG6RcCW8wNOS58riQSouDGj/3/full.json?AWSAccessKeyId=AKIAJRDFEY23UEVW42BQ&amp;Expires=1415343892&amp;Signature=MxMpuLxpjlICWQ6uTcSqKIKOuO0%3D</analysis_url><energy>0.33696</energy><liveness>0.209377</liveness><tempo>90.989</tempo><speechiness>0.047456</speechiness><acousticness>0.575341</acousticness><instrumentalness>0.0</instrumentalness><mode>0</mode><time_signature>4</time_signature><duration>126.95465</duration><loudness>-8.483</loudness><audio_md5 /><valence>0.335886</valence><danceability>0.709741</danceability></audio_summary><title>Christmas Time Again</title></song><song><artist_id>ARDAF601187FB4CD05</artist_id><artist_name>Ashanti</artist_name><id>SOTCLAU136CB80BCA0</id><audio_summary><key>6</key><analysis_url>http://echonest-analysis.s3.amazonaws.com/TR/J8CNqAs8pruIJCzDCnuoMXBDHwdUeR3gkLA23YQn8LX68_34-Ef66yikk4ABag8HG2wXhzg90ygxFWKlE%3D/3/full.json?AWSAccessKeyId=AKIAJRDFEY23UEVW42BQ&amp;Expires=1415343892&amp;Signature=lhpuA1UtKXrRTbdoHSk1rjNU3Tk%3D</analysis_url><energy>0.311505</energy><liveness>0.559026</liveness><tempo>62.087</tempo><speechiness>0.495224</speechiness><acousticness>0.758682</acousticness><instrumentalness>0.0</instrumentalness><mode>0</mode><time_signature>4</time_signature><duration>78.93288</duration><loudness>-24.47</loudness><audio_md5>f1c7739ff9bb2fb57234a4429e91d08d</audio_md5><valence>0.308956</valence><danceability>0.475959</danceability></audio_summary><title>Fight (Over Skit)</title></song><song><artist_id>ARDAF601187FB4CD05</artist_id><artist_name>Ashanti</artist_name><id>SOUHKZI1315CD46797</id><audio_summary><key>0</key><analysis_url>http://echonest-analysis.s3.amazonaws.com/TR/XugtdwI8P_ctHIgBLn8UqiJWib6Go7PwflRvy_11Sa0SbGqK3Fc1C8ZG60T5DW9_mTKD9O7DbBpYP_Hyk%3D/3/full.json?AWSAccessKeyId=AKIAJRDFEY23UEVW42BQ&amp;Expires=1415343892&amp;Signature=zJ7sIlhdQyHdWKlieTfDW7H%2Bwe0%3D</analysis_url><energy>0.623568</energy><liveness>0.112407</liveness><tempo>138.588</tempo><speechiness>0.081096</speechiness><acousticness>0.093868</acousticness><instrumentalness>0.0</instrumentalness><mode>1</mode><time_signature>4</time_signature><duration>274.95955</duration><loudness>-7.6</loudness><audio_md5>6c3b8013e99caa727fb1f6997f6a1fb4</audio_md5><valence>0.270827</valence><danceability>0.599711</danceability></audio_summary><title>Struggle</title></song><song><artist_id>ARDAF601187FB4CD05</artist_id><artist_name>Ashanti</artist_name><id>SOFKFEO1315CD4730E</id><audio_summary><key>3</key><analysis_url>http://echonest-analysis.s3.amazonaws.com/TR/VegmbQJoJW3JX9cywngYVkHqu_cSeVtSKReMrz4EKudstvIOcrfiM5sR9k5RzxEW2eWHWlrl8SY9-5_Fk%3D/3/full.json?AWSAccessKeyId=AKIAJRDFEY23UEVW42BQ&amp;Expires=1415343892&amp;Signature=loy3B4MVJxviJGFfIVkvetJW1UI%3D</analysis_url><energy>0.211892</energy><liveness>0.106109</liveness><tempo>76.457</tempo><speechiness>0.041283</speechiness><acousticness>0.959478</acousticness><instrumentalness>0.001527</instrumentalness><mode>1</mode><time_signature>3</time_signature><duration>95.85288</duration><loudness>-12.856</loudness><audio_md5>980ada81c74a7a71667940212368e5b1</audio_md5><valence>0.533152</valence><danceability>0.588076</danceability></audio_summary><title>We Wish You A Merry Christmas</title></song><song><artist_id>ARDAF601187FB4CD05</artist_id><artist_name>Ashanti</artist_name><id>SOCGXYJ12AAF3B400D</id><audio_summary><key>1</key><analysis_url>http://echonest-analysis.s3.amazonaws.com/TR/JJyaQgNTclYHXudebqvaRkLot1aXRQuKtVK7hsavwJXeaoMCi44OtcS6j4UBBk3bf6tnpVsTz9ZfZRBXg%3D/3/full.json?AWSAccessKeyId=AKIAJRDFEY23UEVW42BQ&amp;Expires=1415343892&amp;Signature=Qm2lpj8WQC1Yd71oZ1m1i5nLm6w%3D</analysis_url><energy>0.779354</energy><liveness>0.15426</liveness><tempo>83.265</tempo><speechiness>0.252699</speechiness><acousticness>0.227537</acousticness><instrumentalness>0.0</instrumentalness><mode>1</mode><time_signature>4</time_signature><duration>315.19955</duration><loudness>-4.142</loudness><audio_md5 /><valence>0.473589</valence><danceability>0.560484</danceability></audio_summary><title>Rain On Me Remix</title></song><song><artist_id>ARDAF601187FB4CD05</artist_id><artist_name>Ashanti</artist_name><id>SOFUWCB137199F6157</id><audio_summary><key>1</key><analysis_url>http://echonest-analysis.s3.amazonaws.com/TR/A78lPgUGVHs5Ta6Q23OZXMy0yM0zKMURcFk2HC7pIxd0RX7WRu_jMwe3cYGWuJVQNlwQDL6L0Q25lU3CM%3D/3/full.json?AWSAccessKeyId=AKIAJRDFEY23UEVW42BQ&amp;Expires=1415343892&amp;Signature=PG%2BSNBSsNmo6l9QVtGalU1lhLGs%3D</analysis_url><energy>0.852452</energy><liveness>0.069673</liveness><tempo>89.598</tempo><speechiness>0.074514</speechiness><acousticness>0.199593</acousticness><instrumentalness>0.0</instrumentalness><mode>0</mode><time_signature>4</time_signature><duration>225.86621</duration><loudness>-4.619</loudness><audio_md5>b2f1296d5281be0841e9a5f851c055b7</audio_md5><valence>0.88138</valence><danceability>0.713118</danceability></audio_summary><title>Pretty Little Flower</title></song><song><artist_id>ARDAF601187FB4CD05</artist_id><artist_name>Ashanti</artist_name><id>SOFCBYA1315CD48F74</id><audio_summary><key>8</key><analysis_url>http://echonest-analysis.s3.amazonaws.com/TR/NTgR3A0kMhh0DBpw5EKth_Qy2phRmZYUfZxqUHeFycw8cbjtXaEQkpM_AyrVNolkRwBfMUylhxm9MYwaU%3D/3/full.json?AWSAccessKeyId=AKIAJRDFEY23UEVW42BQ&amp;Expires=1415343892&amp;Signature=IVyk5OADTdW94pypL2hGBbVH6js%3D</analysis_url><energy>0.730977</energy><liveness>0.336959</liveness><tempo>119.971</tempo><speechiness>0.087344</speechiness><acousticness>0.094244</acousticness><instrumentalness>1e-06</instrumentalness><mode>1</mode><time_signature>4</time_signature><duration>268.81288</duration><loudness>-8.524</loudness><audio_md5>23b0e6fae3cb878621e648500f8d0156</audio_md5><valence>0.619534</valence><danceability>0.699628</danceability></audio_summary><title>Things You Make Me Do</title></song><song><artist_id>ARDAF601187FB4CD05</artist_id><artist_name>Ashanti</artist_name><id>SOBIFWF12A6701E805</id><audio_summary><key>6</key><analysis_url>http://echonest-analysis.s3.amazonaws.com/TR/D7KUQQFusmMWohNimkW98u6FmOFqRtft5b7l--2NkuLzex_P6Ku5ahBGW6l3DbeNmbLEYTDc07x26Nk3s%3D/3/full.json?AWSAccessKeyId=AKIAJRDFEY23UEVW42BQ&amp;Expires=1415343892&amp;Signature=MZKInf4/e7QGTgFCGLx55oS7kNw%3D</analysis_url><energy>0.18214</energy><liveness>0.153882</liveness><tempo>100.526</tempo><speechiness>0.029159</speechiness><acousticness>0.961814</acousticness><instrumentalness>0.000159</instrumentalness><mode>1</mode><time_signature>3</time_signature><duration>198.05288</duration><loudness>-11.857</loudness><audio_md5 /><valence>0.214856</valence><danceability>0.531134</danceability></audio_summary><title>The Christmas Song</title></song><song><artist_id>ARDAF601187FB4CD05</artist_id><artist_name>Ashanti</artist_name><id>SOYAIKI1371966012C</id><audio_summary><key>1</key><analysis_url>http://echonest-analysis.s3.amazonaws.com/TR/u8za_Q71dtX2qwjUb8q1n0SqTq-6ULucRGfWYvSC_aO9IAMsk-bOlG8Q2wV6wL4k8P200ifGrUkZ9QpfE%3D/3/full.json?AWSAccessKeyId=AKIAJRDFEY23UEVW42BQ&amp;Expires=1415343892&amp;Signature=2LRaMPbwoTJ8NeknBRfSNe6lYAg%3D</analysis_url><energy>0.844216</energy><liveness>0.117062</liveness><tempo>179.191</tempo><speechiness>0.065092</speechiness><acousticness>0.169779</acousticness><instrumentalness>0.001319</instrumentalness><mode>0</mode><time_signature>4</time_signature><duration>240.75955</duration><loudness>-7.12</loudness><audio_md5>1d216a30afd09ecf83e01ab599070e9d</audio_md5><valence>0.502704</valence><danceability>0.506882</danceability></audio_summary><title>Saw Your Face</title></song><song><artist_id>ARDAF601187FB4CD05</artist_id><artist_name>Ashanti</artist_name><id>SOWMPHI13DBB01D67C</id><audio_summary><key>5</key><analysis_url>http://echonest-analysis.s3.amazonaws.com/TR/wGCDxQoJKUss_RLqz1JQrBmqfiWCdVm1g5WDz3lzRwLjaUqUyPAzrszGSP4stzgnR-GTdhch7CsYuF9OU%3D/3/full.json?AWSAccessKeyId=AKIAJRDFEY23UEVW42BQ&amp;Expires=1415343892&amp;Signature=iNp6Wmoo4jDVdZdocKgtmResQ4o%3D</analysis_url><energy>0.536984</energy><liveness>0.123068</liveness><tempo>119.461</tempo><speechiness>0.04776</speechiness><acousticness>0.153116</acousticness><instrumentalness>0.065496</instrumentalness><mode>0</mode><time_signature>4</time_signature><duration>250.6</duration><loudness>-13.1</loudness><audio_md5>d4fadb4c370bafbf3ebfaa4ed69a3984</audio_md5><valence>0.758653</valence><danceability>0.556221</danceability></audio_summary><title>Dance</title></song><song><artist_id>ARDAF601187FB4CD05</artist_id><artist_name>Ashanti</artist_name><id>SOFOCUE135BFA9E5DC</id><audio_summary><key>2</key><analysis_url>http://echonest-analysis.s3.amazonaws.com/TR/HE1Evw_nhpVwzQsafMSRWgODyhWnArwwq_hFq1jNkwcZLPb6XuXxGNuzjVdIulW6uqUvyeCSOgohUD-L8%3D/3/full.json?AWSAccessKeyId=AKIAJRDFEY23UEVW42BQ&amp;Expires=1415343892&amp;Signature=W4UfEBf4KPHmy9wauy5PMOR5kzo%3D</analysis_url><energy>0.887325</energy><liveness>0.306812</liveness><tempo>125.358</tempo><speechiness>0.177799</speechiness><acousticness>0.120162</acousticness><instrumentalness>0.0</instrumentalness><mode>0</mode><time_signature>4</time_signature><duration>215.07955</duration><loudness>-4.571</loudness><audio_md5>8d246aef761ba87b083bafbd9404f2ef</audio_md5><valence>0.260056</valence><danceability>0.411908</danceability></audio_summary><title>The Declaration</title></song><song><artist_id>ARDAF601187FB4CD05</artist_id><artist_name>Ashanti</artist_name><id>SODGDCO12A8C13F388</id><audio_summary><key>0</key><analysis_url>http://echonest-analysis.s3.amazonaws.com/TR/afDeKgautvQJjgL0MbdjvfFDfEpS1iP_g0CS6ypPfgo6P5MYVvvbJJr26qnkV6kRDjc-UAgcuOIBjsXbY%3D/3/full.json?AWSAccessKeyId=AKIAJRDFEY23UEVW42BQ&amp;Expires=1415343892&amp;Signature=hudkgZRhFxgw/GTt0%2BnSeXVBhNY%3D</analysis_url><energy>0.547585</energy><liveness>0.064388</liveness><tempo>172.408</tempo><speechiness>0.420005</speechiness><acousticness>0.133331</acousticness><instrumentalness>1e-06</instrumentalness><mode>1</mode><time_signature>4</time_signature><duration>253.23955</duration><loudness>-6.638</loudness><audio_md5 /><valence>0.606138</valence><danceability>0.61064</danceability></audio_summary><title>Still Down</title></song><song><artist_id>ARDAF601187FB4CD05</artist_id><artist_name>Ashanti</artist_name><id>SOMZJUO135CCD0CBBB</id><audio_summary><key>0</key><analysis_url>http://echonest-analysis.s3.amazonaws.com/TR/k0B7yQ10VgUpS-6MMqADJNBKwXY6Rq5jxwiMXQqJsXLBDLNt9nvJvoQIwGUAMH3Ohyyd23TEZYTjd196Y%3D/3/full.json?AWSAccessKeyId=AKIAJRDFEY23UEVW42BQ&amp;Expires=1415343892&amp;Signature=aC9eXKcJh6Kvrcf2YuHM8f5/PTM%3D</analysis_url><energy>0.640853</energy><liveness>0.16845</liveness><tempo>90.066</tempo><speechiness>0.078201</speechiness><acousticness>0.369291</acousticness><instrumentalness>0.0</instrumentalness><mode>1</mode><time_signature>4</time_signature><duration>212.45288</duration><loudness>-6.736</loudness><audio_md5 /><valence>0.764688</valence><danceability>0.608658</danceability></audio_summary><title>Foolish - Radio Edit</title></song><song><artist_id>ARDAF601187FB4CD05</artist_id><artist_name>Ashanti</artist_name><id>SOVBHUR135CCD0BA8E</id><audio_summary><key>0</key><analysis_url>http://echonest-analysis.s3.amazonaws.com/TR/M1ggrAt3vebBEkd-MWzvRy9k5zoEdo5kyfEKFPv0weXQOprBIyNlbeEFPeEHADrUoX1etaSC1BACG2cBc%3D/3/full.json?AWSAccessKeyId=AKIAJRDFEY23UEVW42BQ&amp;Expires=1415343892&amp;Signature=sAQ3tO3QQVjSJDYJcJtwmOLAsRw%3D</analysis_url><energy>0.541679</energy><liveness>0.183617</liveness><tempo>90.191</tempo><speechiness>0.076656</speechiness><acousticness>0.396996</acousticness><instrumentalness>0.0</instrumentalness><mode>1</mode><time_signature>4</time_signature><duration>228.07955</duration><loudness>-9.779</loudness><audio_md5 /><valence>0.762726</valence><danceability>0.6514</danceability></audio_summary><title>Foolish (Radio Edit)</title></song><song><artist_id>ARDAF601187FB4CD05</artist_id><artist_name>Ashanti</artist_name><id>SOHTMGR142D2D5E894</id><audio_summary><key>1</key><analysis_url>http://echonest-analysis.s3.amazonaws.com/TR/Uq09pQeYAEwlNKcJcjrDGQBIkZNxED0K_yi4IWUyJx17flEJIY0qg-uee2LfVodZgdBklFnMkVXkmQ8aY%3D/3/full.json?AWSAccessKeyId=AKIAJRDFEY23UEVW42BQ&amp;Expires=1415343892&amp;Signature=HKmeCdUU6ar3Lpk10KP2FVhboTg%3D</analysis_url><energy>0.623338</energy><liveness>0.12297</liveness><tempo>92.546</tempo><speechiness>0.031963</speechiness><acousticness>0.031475</acousticness><instrumentalness>2e-06</instrumentalness><mode>1</mode><time_signature>4</time_signature><duration>227.98449</duration><loudness>-5.068</loudness><audio_md5 /><valence>0.328367</valence><danceability>0.687362</danceability></audio_summary><title>This Christmas Love</title></song><song><artist_id>ARDAF601187FB4CD05</artist_id><artist_name>Ashanti</artist_name><id>SOKFKXX1373FD8F2C3</id><audio_summary><key>8</key><analysis_url>http://echonest-analysis.s3.amazonaws.com/TR/i1DL4Q6f96cWuj4GZkncvIuZwPSWzKMLFDa2EmoThBbpcBndUixUDSvobHO_QEx7QuV0iOACl2X91OssM%3D/3/full.json?AWSAccessKeyId=AKIAJRDFEY23UEVW42BQ&amp;Expires=1415343892&amp;Signature=4T4kdMTg8vnVfNVKDXBbVQmA/fg%3D</analysis_url><energy>0.60109</energy><liveness>0.481608</liveness><tempo>125.581</tempo><speechiness>0.176844</speechiness><acousticness>0.678503</acousticness><instrumentalness>0.670898</instrumentalness><mode>0</mode><time_signature>4</time_signature><duration>20.29288</duration><loudness>-15.516</loudness><audio_md5 /><valence>0.696542</valence><danceability>0.330574</danceability></audio_summary><title>Outro</title></song><song><artist_id>ARDAF601187FB4CD05</artist_id><artist_name>Ashanti</artist_name><id>SOFNAZJ1315CD466C3</id><audio_summary><key>6</key><analysis_url>http://echonest-analysis.s3.amazonaws.com/TR/rINilQptjAaEs7U0WrQmIhV9en13i7WIqm9SEXWPH83sgThj7fLB2EWQnq6iwdYVW0Hi0pR8X63OolwuM%3D/3/full.json?AWSAccessKeyId=AKIAJRDFEY23UEVW42BQ&amp;Expires=1415343892&amp;Signature=wN22vvvFK/K/4QxjyNuLfurZKzY%3D</analysis_url><energy>0.162892</energy><liveness>0.734273</liveness><tempo>98.817</tempo><speechiness>0.816632</speechiness><acousticness>0.831232</acousticness><instrumentalness>0.0</instrumentalness><mode>1</mode><time_signature>4</time_signature><duration>45.11955</duration><loudness>-16.661</loudness><audio_md5 /><valence>0.646023</valence><danceability>0.729775</danceability></audio_summary><title>Sister Stories (Skit)</title></song><song><artist_id>ARDAF601187FB4CD05</artist_id><artist_name>Ashanti</artist_name><id>SOGEIZB1311AFE7090</id><audio_summary><key>6</key><analysis_url>http://echonest-analysis.s3.amazonaws.com/TR/C87SygpUWJ-yYPyA97omwrNDwjwD2x5sloa-lo/3/full.json?AWSAccessKeyId=AKIAJRDFEY23UEVW42BQ&amp;Expires=1415343892&amp;Signature=d%2BsH7uHOCufNnTl6hk7BD5Bwi0E%3D</analysis_url><energy>0.424646</energy><liveness>0.057673</liveness><tempo>172.049</tempo><speechiness>0.036157</speechiness><acousticness>0.222077</acousticness><instrumentalness>0.0</instrumentalness><mode>1</mode><time_signature>4</time_signature><duration>258.53288</duration><loudness>-9.856</loudness><audio_md5 /><valence>0.294494</valence><danceability>0.648572</danceability></audio_summary><title>Believe</title></song><song><artist_id>ARDAF601187FB4CD05</artist_id><artist_name>Ashanti</artist_name><id>SOBEEGY1311AFDA41F</id><audio_summary><key>6</key><analysis_url>http://echonest-analysis.s3.amazonaws.com/TR/weCi0Q9IXjfyenRj0Q16XD3LaZofeImgtZAGpFvwaGNeueOFv5MydE8T5iYq7bDKnJgO2z7KrKKVSIIkQ%3D/3/full.json?AWSAccessKeyId=AKIAJRDFEY23UEVW42BQ&amp;Expires=1415343892&amp;Signature=E9qEOLCLNVVoiDmLVePtli5Yt6w%3D</analysis_url><energy>0.603413</energy><liveness>0.244662</liveness><tempo>125.979</tempo><speechiness>0.050418</speechiness><acousticness>0.524575</acousticness><instrumentalness>0.0</instrumentalness><mode>1</mode><time_signature>4</time_signature><duration>215.26621</duration><loudness>-6.173</loudness><audio_md5 /><valence>0.568785</valence><danceability>0.784769</danceability></audio_summary><title>Girls in the Move</title></song><song><artist_id>ARDAF601187FB4CD05</artist_id><artist_name>Ashanti</artist_name><id>SOHESFM136CB8243DF</id><audio_summary><key>5</key><analysis_url>http://echonest-analysis.s3.amazonaws.com/TR/TJk2QAoqVcWy8S7-YR__FMO63tuFyYZ1BLKsBA5jwfCyhV4oI1IARlVCSRdLINyfjPNN_Sf5sGAk_xZgA%3D/3/full.json?AWSAccessKeyId=AKIAJRDFEY23UEVW42BQ&amp;Expires=1415343892&amp;Signature=vyHWjaru7aQ7JmgHrpRZae680nI%3D</analysis_url><energy>0.137053</energy><liveness>0.367058</liveness><tempo>0.0</tempo><speechiness>0.906604</speechiness><acousticness>0.991567</acousticness><instrumentalness>0.0</instrumentalness><mode>1</mode><time_signature>0</time_signature><duration>14.90621</duration><loudness>-15.102</loudness><audio_md5 /><valence>0.0</valence><danceability>0.0</danceability></audio_summary><title>Shi Shi (Skit)</title></song><song><artist_id>ARDAF601187FB4CD05</artist_id><artist_name>Ashanti</artist_name><id>SOXAHGL12A67020191</id><audio_summary><key>7</key><analysis_url>http://echonest-analysis.s3.amazonaws.com/TR/KCdcZQc0aHdTf5APNCMswkiFO5xH5WkxSC-J2411BWu-BNh2WqKFVWPZCaqlqetHK0pgGrnSBdPNX4xO4%3D/3/full.json?AWSAccessKeyId=AKIAJRDFEY23UEVW42BQ&amp;Expires=1415343892&amp;Signature=U6V/D0Ju%2B9lAp2/YHRGoaqwYGtk%3D</analysis_url><energy>0.854379</energy><liveness>0.055973</liveness><tempo>133.865</tempo><speechiness>0.366599</speechiness><acousticness>0.010181</acousticness><instrumentalness>0.040871</instrumentalness><mode>1</mode><time_signature>4</time_signature><duration>293.83955</duration><loudness>-5.77</loudness><audio_md5>4c3e240921a232a30fe4ef00590fcbc7</audio_md5><valence>0.921963</valence><danceability>0.70073</danceability></audio_summary><title>Happy (DnD Vocal Mix)</title></song><song><artist_id>ARDAF601187FB4CD05</artist_id><artist_name>Ashanti</artist_name><id>SONSIRJ1312FDFBD41</id><audio_summary><key>8</key><analysis_url>http://echonest-analysis.s3.amazonaws.com/TR/bpYVqAx8Dm9kfZ7UBBUxilFsPTUzI1tzKRBkd0/3/full.json?AWSAccessKeyId=AKIAJRDFEY23UEVW42BQ&amp;Expires=1415343892&amp;Signature=FnNmyG0lvfOElrtfRpfm4LwpeQ4%3D</analysis_url><energy>0.460264</energy><liveness>0.094722</liveness><tempo>122.029</tempo><speechiness>0.031847</speechiness><acousticness>0.344954</acousticness><instrumentalness>2.1e-05</instrumentalness><mode>1</mode><time_signature>4</time_signature><duration>290.86621</duration><loudness>-7.782</loudness><audio_md5>6c838d792efa09f2eacb067b22ee8d23</audio_md5><valence>0.26014</valence><danceability>0.644899</danceability></audio_summary><title>More Than a Melody</title></song><song><artist_id>ARDAF601187FB4CD05</artist_id><artist_name>Ashanti</artist_name><id>SOJIRVG1312A8A4720</id><audio_summary><key>6</key><analysis_url>http://echonest-analysis.s3.amazonaws.com/TR/9SkNeQYjq2WcyyJs9Nfz9zRHdPgSkDsdXzcXha/3/full.json?AWSAccessKeyId=AKIAJRDFEY23UEVW42BQ&amp;Expires=1415343892&amp;Signature=HpwsGzvNPmeLmZmnbMluH1uSlxw%3D</analysis_url><energy>0.423162</energy><liveness>0.035487</liveness><tempo>149.909</tempo><speechiness>0.039663</speechiness><acousticness>0.203293</acousticness><instrumentalness>0.0</instrumentalness><mode>0</mode><time_signature>4</time_signature><duration>228.75955</duration><loudness>-8.946</loudness><audio_md5>d70f66dcbc1888d034b47902174d746f</audio_md5><valence>0.55225</valence><danceability>0.665648</danceability></audio_summary><title>Don't Ever Let Me Go</title></song><song><artist_id>ARDAF601187FB4CD05</artist_id><artist_name>Ashanti</artist_name><id>SOATVAU1315CD46D77</id><audio_summary><key>5</key><analysis_url>http://echonest-analysis.s3.amazonaws.com/TR/V3028wJaZKZmZv0tDAKTY8j1TNEz0wD9f2QoNr2OMtmCoQ13SryLQ7DRRy6iK8vx99_hqaChRxbDldQEM%3D/3/full.json?AWSAccessKeyId=AKIAJRDFEY23UEVW42BQ&amp;Expires=1415343892&amp;Signature=CAtvMNTAWQ5FiO49rAgfG9N1NC0%3D</analysis_url><energy>0.588461</energy><liveness>0.047106</liveness><tempo>170.039</tempo><speechiness>0.063094</speechiness><acousticness>0.557745</acousticness><instrumentalness>0.003194</instrumentalness><mode>0</mode><time_signature>4</time_signature><duration>236.31955</duration><loudness>-7.352</loudness><audio_md5 /><valence>0.778066</valence><danceability>0.667652</danceability></audio_summary><title>Every Lil' Thing</title></song><song><artist_id>ARDAF601187FB4CD05</artist_id><artist_name>Ashanti</artist_name><id>SOPWUVG13602A198C4</id><audio_summary><key>5</key><analysis_url>http://echonest-analysis.s3.amazonaws.com/TR/Gp4WagbkmxSjRrTicgnr8Reytm15gfXJMdE_ZWRIjq6lHaxlBvCxzQtSF2PBDPfsGaKB_MP8-BS3TsKyM%3D/3/full.json?AWSAccessKeyId=AKIAJRDFEY23UEVW42BQ&amp;Expires=1415343892&amp;Signature=1RfP4eBC%2BR6/fKIrBX/IEZp5pck%3D</analysis_url><energy>0.584592</energy><liveness>0.224052</liveness><tempo>95.972</tempo><speechiness>0.054368</speechiness><acousticness>0.148256</acousticness><instrumentalness>5e-06</instrumentalness><mode>1</mode><time_signature>4</time_signature><duration>97.33737</duration><loudness>-5.964</loudness><audio_md5 /><valence>0.619172</valence><danceability>0.818238</danceability></audio_summary><title>Come 2 Me</title></song><song><artist_id>ARDAF601187FB4CD05</artist_id><artist_name>Ashanti</artist_name><id>SOFASYQ1315CD4FD47</id><audio_summary><key>5</key><analysis_url>http://echonest-analysis.s3.amazonaws.com/TR/5-xXnAb6ToKKq5KYQUGwkRRLba_gO09Po--JtB/3/full.json?AWSAccessKeyId=AKIAJRDFEY23UEVW42BQ&amp;Expires=1415343892&amp;Signature=DwG9kNsaOVZPI%2BgFtdV0Q/BsbzI%3D</analysis_url><energy>0.572267</energy><liveness>0.134825</liveness><tempo>96.007</tempo><speechiness>0.03244</speechiness><acousticness>0.167488</acousticness><instrumentalness>4e-06</instrumentalness><mode>1</mode><time_signature>4</time_signature><duration>232.62621</duration><loudness>-6.499</loudness><audio_md5>9d85fd7f3a16deb5c160b27e35466955</audio_md5><valence>0.67842</valence><danceability>0.80582</danceability></audio_summary><title>Come 2 Me</title></song><song><artist_id>ARDAF601187FB4CD05</artist_id><artist_name>Ashanti</artist_name><id>SOSHPUI13270BE4383</id><audio_summary><key>6</key><analysis_url>http://echonest-analysis.s3.amazonaws.com/TR/3CwNSg_sNELMOFJv7ue-p0b1uOYAu4a91kkSz5GP0IGcWVKYQHs6-cwIbZymNd-1CBMfnv4VqUHZH-45U%3D/3/full.json?AWSAccessKeyId=AKIAJRDFEY23UEVW42BQ&amp;Expires=1415343892&amp;Signature=%2BwUrBFHcDSQoWM2C1wY/HN3UBR8%3D</analysis_url><energy>0.926371</energy><liveness>0.047763</liveness><tempo>97.984</tempo><speechiness>0.069034</speechiness><acousticness>0.038358</acousticness><instrumentalness>2.6e-05</instrumentalness><mode>1</mode><time_signature>4</time_signature><duration>247.70621</duration><loudness>-2.158</loudness><audio_md5 /><valence>0.816589</valence><danceability>0.69572</danceability></audio_summary><title>Rain On Me (Junk Yard Dog Remix)</title></song><song><artist_id>ARDAF601187FB4CD05</artist_id><artist_name>Ashanti</artist_name><id>SOTRVMV12AF72AB933</id><audio_summary><key>6</key><analysis_url>http://echonest-analysis.s3.amazonaws.com/TR/BTHnVQlS4pjhNik5lFx0fluUq36s2bTTayxVYwKeDXhiE8gpUJNkKePHjcpoabq-ZrHWBK-4hbAbP0KLU%3D/3/full.json?AWSAccessKeyId=AKIAJRDFEY23UEVW42BQ&amp;Expires=1415343892&amp;Signature=Y3ggt0pC9zKx74SIU14hPGBarnc%3D</analysis_url><energy>0.585275</energy><liveness>0.055882</liveness><tempo>85.872</tempo><speechiness>0.229799</speechiness><acousticness>0.284938</acousticness><instrumentalness>0.0</instrumentalness><mode>1</mode><time_signature>4</time_signature><duration>207.06621</duration><loudness>-6.266</loudness><audio_md5 /><valence>0.540538</valence><danceability>0.726747</danceability></audio_summary><title>To The Club (Remix - exclusive Amazon MP3 version)</title></song><song><artist_id>ARDAF601187FB4CD05</artist_id><artist_name>Ashanti</artist_name><id>SOTVIBP12A8C140A56</id><audio_summary><key>9</key><analysis_url>http://echonest-analysis.s3.amazonaws.com/TR/v2fj1wc6XuQG-AcXQ21mKVXg2IxmoD1V8D5KgwzzUqP66CPvOXj4CLBaFBLbNAafHRJsIdRdui_iRagmU%3D/3/full.json?AWSAccessKeyId=AKIAJRDFEY23UEVW42BQ&amp;Expires=1415343892&amp;Signature=o5Fe8MB0j7tCHwPiSYHo4psefSk%3D</analysis_url><energy>0.790334</energy><liveness>0.068143</liveness><tempo>157.778</tempo><speechiness>0.18148</speechiness><acousticness>0.180002</acousticness><instrumentalness>0.027694</instrumentalness><mode>0</mode><time_signature>4</time_signature><duration>274.70621</duration><loudness>-3.38</loudness><audio_md5 /><valence>0.792449</valence><danceability>0.469918</danceability></audio_summary><title>Baby (Remix (Edit))</title></song><song><artist_id>ARDAF601187FB4CD05</artist_id><artist_name>Ashanti</artist_name><id>SOTGBAN1441595B6EB</id><audio_summary><key>7</key><analysis_url>http://echonest-analysis.s3.amazonaws.com/TR/SKc6LQU807SvWopG7mMQ5kn_7dl5tpsGCxEG6cPZbWEt6ScBkPNZAyKLEbIU2H5AIlriImB2qhQ_BYYyI%3D/3/full.json?AWSAccessKeyId=AKIAJRDFEY23UEVW42BQ&amp;Expires=1415343892&amp;Signature=db/OUwTHZ%2BaYZrI%2BiRKWJHDla9Q%3D</analysis_url><energy>0.712148</energy><liveness>0.172211</liveness><tempo>122.092</tempo><speechiness>0.040583</speechiness><acousticness>0.138302</acousticness><instrumentalness>0.014597</instrumentalness><mode>0</mode><time_signature>4</time_signature><duration>225.94621</duration><loudness>-8.977</loudness><audio_md5 /><valence>0.871429</valence><danceability>0.667126</danceability></audio_summary><title>Nice Guys Finish Last</title></song><song><artist_id>ARDAF601187FB4CD05</artist_id><artist_name>Ashanti</artist_name><id>SOTHGXR1441596E1A5</id><audio_summary><key>5</key><analysis_url>http://echonest-analysis.s3.amazonaws.com/TR/Dmclzg70Z_xOA_cp2lnxjEph2ZabeMprb3SiQh3_q3OBJqR4kV_-HPvqk2Q7nVSRLJfWQ7-AHl5eaUZDY%3D/3/full.json?AWSAccessKeyId=AKIAJRDFEY23UEVW42BQ&amp;Expires=1415343892&amp;Signature=KjZTtzXACnvrCF681cchnC1j4xM%3D</analysis_url><energy>0.63701</energy><liveness>0.147731</liveness><tempo>129.854</tempo><speechiness>0.055663</speechiness><acousticness>0.724422</acousticness><instrumentalness>4e-05</instrumentalness><mode>1</mode><time_signature>4</time_signature><duration>313.67955</duration><loudness>-9.673</loudness><audio_md5 /><valence>0.497298</valence><danceability>0.589323</danceability></audio_summary><title>El Dia Que Me Quieras</title></song><song><artist_id>ARDAF601187FB4CD05</artist_id><artist_name>Ashanti</artist_name><id>SOVYQCG1444049D1F0</id><audio_summary><key>1</key><analysis_url>http://echonest-analysis.s3.amazonaws.com/TR/WJpZ_A_W9iPRApExApm2EVRVSPwq8kdIa4_yGLs8TL1N5dMmGCLT26OYbOKxBDRlExiR1VTBU0Sz4p5t8%3D/3/full.json?AWSAccessKeyId=AKIAJRDFEY23UEVW42BQ&amp;Expires=1415343892&amp;Signature=vVpY42534EedtfRnTH3DVNlKUXw%3D</analysis_url><energy>0.625472</energy><liveness>0.061471</liveness><tempo>127.757</tempo><speechiness>0.040176</speechiness><acousticness>0.523462</acousticness><instrumentalness>0.871655</instrumentalness><mode>1</mode><time_signature>4</time_signature><duration>240.46621</duration><loudness>-10.043</loudness><audio_md5 /><valence>0.696687</valence><danceability>0.625422</danceability></audio_summary><title>Veraneando</title></song><song><artist_id>ARDAF601187FB4CD05</artist_id><artist_name>Ashanti</artist_name><id>SOWAQYU1429D59148D</id><audio_summary><key>9</key><analysis_url>http://echonest-analysis.s3.amazonaws.com/TR/vs11tQI8KY7Cb14XYjs5Jq1Y60kcRY3wmm8oyqydzgaxuVZLqW1GPm7hl0FFls55984aXNI_gq9zZbtlA%3D/3/full.json?AWSAccessKeyId=AKIAJRDFEY23UEVW42BQ&amp;Expires=1415343892&amp;Signature=FUAPsRK4Zhhf/WA9PWi0KDGOoTs%3D</analysis_url><energy>0.662304</energy><liveness>0.075055</liveness><tempo>129.933</tempo><speechiness>0.031492</speechiness><acousticness>0.414459</acousticness><instrumentalness>0.896329</instrumentalness><mode>0</mode><time_signature>4</time_signature><duration>309.13288</duration><loudness>-7.977</loudness><audio_md5 /><valence>0.562019</valence><danceability>0.744488</danceability></audio_summary><title>Elan</title></song><song><artist_id>ARDAF601187FB4CD05</artist_id><artist_name>Ashanti</artist_name><id>SOWAIEE12A8C14130F</id><audio_summary><key>10</key><analysis_url>http://echonest-analysis.s3.amazonaws.com/TR/Ce38cgkpd5tr6GBBJAx3vxf204rlNKmSyGmVUWtVcH4boNw2GSHKSB-IZ15r-m_kZiGZPOzaZWepkvUsw%3D/3/full.json?AWSAccessKeyId=AKIAJRDFEY23UEVW42BQ&amp;Expires=1415343892&amp;Signature=7Kyt9eyWiiC0ncl9Dqrj4g5GOyA%3D</analysis_url><energy>0.762697</energy><liveness>0.305356</liveness><tempo>96.987</tempo><speechiness>0.054409</speechiness><acousticness>0.374164</acousticness><instrumentalness>0.001263</instrumentalness><mode>0</mode><time_signature>4</time_signature><duration>195.93288</duration><loudness>-5.927</loudness><audio_md5 /><valence>0.474263</valence><danceability>0.765898</danceability></audio_summary><title>My Lips Are Waiting (a.k.a. Goa Groove)</title></song><song><artist_id>ARDAF601187FB4CD05</artist_id><artist_name>Ashanti</artist_name><id>SOTZNDT1444170DAAB</id><audio_summary><key>5</key><analysis_url>http://echonest-analysis.s3.amazonaws.com/TR/rnEmsQUHkvg1DEevFd5uHsszGYee_vu5YP60BoJN6aHmCsVBeKVNjogMRWW3aYmCWHvL4Mnud0UOXOrKg%3D/3/full.json?AWSAccessKeyId=AKIAJRDFEY23UEVW42BQ&amp;Expires=1415343892&amp;Signature=1ytGnQoln0S18yQlv%2BHsZsjO0FM%3D</analysis_url><energy>0.608908</energy><liveness>0.230631</liveness><tempo>135.372</tempo><speechiness>0.039277</speechiness><acousticness>0.503711</acousticness><instrumentalness>0.896329</instrumentalness><mode>1</mode><time_signature>4</time_signature><duration>219.63955</duration><loudness>-8.86</loudness><audio_md5 /><valence>0.610438</valence><danceability>0.589574</danceability></audio_summary><title>Sambato</title></song><song><artist_id>ARDAF601187FB4CD05</artist_id><artist_name>Ashanti</artist_name><id>SOVWKEU144404CC9D3</id><audio_summary><key>2</key><analysis_url>http://echonest-analysis.s3.amazonaws.com/TR/_KZQ2AyH_lPLB9bvl1jA5Okn4rbXlG4aI4fHWCjwM-EHn40MxX2Tf6Nwdp4pIuVYhwwUqTJPlhV1XNyLs%3D/3/full.json?AWSAccessKeyId=AKIAJRDFEY23UEVW42BQ&amp;Expires=1415343892&amp;Signature=vPLPxthVQtPx67NloQL/rGHmYe4%3D</analysis_url><energy>0.785825</energy><liveness>0.156925</liveness><tempo>144.955</tempo><speechiness>0.060542</speechiness><acousticness>0.722061</acousticness><instrumentalness>0.783807</instrumentalness><mode>0</mode><time_signature>4</time_signature><duration>328.87955</duration><loudness>-7.757</loudness><audio_md5 /><valence>0.84228</valence><danceability>0.733701</danceability></audio_summary><title>Cha Ka</title></song><song><artist_id>ARDAF601187FB4CD05</artist_id><artist_name>Ashanti</artist_name><id>SORRFOC1411DB3ACF1</id><audio_summary><key>6</key><analysis_url>http://echonest-analysis.s3.amazonaws.com/TR/CqGeQw1boK_UODjHVWUv681HltFLwww2s1bVXI7dd3CLcnJBy1FnZAC3tCGqd1iH3sogcW4DDSW3leevU%3D/3/full.json?AWSAccessKeyId=AKIAJRDFEY23UEVW42BQ&amp;Expires=1415343892&amp;Signature=vVaABM1dSvGH0qOdvyejn4wfDAM%3D</analysis_url><energy>0.920945</energy><liveness>0.111679</liveness><tempo>96.332</tempo><speechiness>0.112598</speechiness><acousticness>0.042831</acousticness><instrumentalness>0.0</instrumentalness><mode>0</mode><time_signature>4</time_signature><duration>258.76272</duration><loudness>-3.607</loudness><audio_md5 /><valence>0.493592</valence><danceability>0.653313</danceability></audio_summary><title>Turn It Up featuring Ja Rule (Radio Edit)</title></song><song><artist_id>ARDAF601187FB4CD05</artist_id><artist_name>Ashanti</artist_name><id>SORFFNT14415940D4D</id><audio_summary><key>8</key><analysis_url>http://echonest-analysis.s3.amazonaws.com/TR/2cAgsgKGCh0ojG-q5cjIEvJ42Io8Fl_rJZZmSvIcO6u-bBZO7z6ROHeA2ryLZuYsuC7NYb8hW36Skimck%3D/3/full.json?AWSAccessKeyId=AKIAJRDFEY23UEVW42BQ&amp;Expires=1415343892&amp;Signature=goE48iFEWZQT0SWpNwc93AKIEMk%3D</analysis_url><energy>0.620342</energy><liveness>0.217857</liveness><tempo>130.146</tempo><speechiness>0.03272</speechiness><acousticness>0.529039</acousticness><instrumentalness>0.002675</instrumentalness><mode>1</mode><time_signature>4</time_signature><duration>206.95955</duration><loudness>-9.133</loudness><audio_md5 /><valence>0.960194</valence><danceability>0.789555</danceability></audio_summary><title>Frenesi</title></song><song><artist_id>ARDAF601187FB4CD05</artist_id><artist_name>Ashanti</artist_name><id>SOQSHCH1379E410804</id><audio_summary><key>3</key><analysis_url>http://echonest-analysis.s3.amazonaws.com/TR/TRRCGCU12BEA95DCC1/3/full.json?AWSAccessKeyId=AKIAJRDFEY23UEVW42BQ&amp;Expires=1415343892&amp;Signature=nboDugqMY0p2WNh49ZM64aX2Pqw%3D</analysis_url><energy>0.128456</energy><liveness>0.099108</liveness><tempo>156.659</tempo><speechiness>0.060726</speechiness><acousticness>0.060907</acousticness><instrumentalness>0.865505</instrumentalness><mode>0</mode><time_signature>4</time_signature><duration>263.70567</duration><loudness>-21.823</loudness><audio_md5 /><valence>0.511006</valence><danceability>0.645153</danceability></audio_summary><title>DON'T LET THEM (Radio)</title></song><song><artist_id>ARDAF601187FB4CD05</artist_id><artist_name>Ashanti</artist_name><id>SOQPSIA135BEBFBD19</id><audio_summary><key>5</key><analysis_url>http://echonest-analysis.s3.amazonaws.com/TR/zorhswJ62-bOnmkZnbF1yLXtanubrKQBtIeHytPTvKFC_mrtSyDYGFfbL_C8WHYMDvv1qykhdUXXvspBI%3D/3/full.json?AWSAccessKeyId=AKIAJRDFEY23UEVW42BQ&amp;Expires=1415343892&amp;Signature=B55woUUjzjX7yuVR/bDp%2B0trmqQ%3D</analysis_url><energy>0.701554</energy><liveness>0.334373</liveness><tempo>118.734</tempo><speechiness>0.182198</speechiness><acousticness>0.184048</acousticness><instrumentalness>7e-06</instrumentalness><mode>1</mode><time_signature>4</time_signature><duration>270.27955</duration><loudness>-4.54</loudness><audio_md5 /><valence>0.712305</valence><danceability>0.880612</danceability></audio_summary><title>Hey Baby (After The Club) (Extended Radio Version)</title></song><song><artist_id>ARDAF601187FB4CD05</artist_id><artist_name>Ashanti</artist_name><id>SONUXYD14440476CFA</id><audio_summary><key>10</key><analysis_url>http://echonest-analysis.s3.amazonaws.com/TR/Ctndigta6t2dNMXp5yZ5yYwzSKtsW58vmXIw0VNIRd9z--rm19qyb4hT3XmK6lYqyNOCN1ycth55r9pLM%3D/3/full.json?AWSAccessKeyId=AKIAJRDFEY23UEVW42BQ&amp;Expires=1415343892&amp;Signature=bjQieutQSOR4Z41x1A90SIGyxrE%3D</analysis_url><energy>0.355819</energy><liveness>0.13121</liveness><tempo>97.012</tempo><speechiness>0.025604</speechiness><acousticness>0.805747</acousticness><instrumentalness>0.007283</instrumentalness><mode>0</mode><time_signature>4</time_signature><duration>404.10621</duration><loudness>-13.005</loudness><audio_md5 /><valence>0.324454</valence><danceability>0.584822</danceability></audio_summary><title>Gracias</title></song><song><artist_id>ARDAF601187FB4CD05</artist_id><artist_name>Ashanti</artist_name><id>SONANGN1356FEDD650</id><audio_summary><key>0</key><analysis_url>http://echonest-analysis.s3.amazonaws.com/TR/Nj0pzA-Xm_kemVAjaf7LWof0hjHzGFy_x-LIuDhKuo4knFwjY%3D/3/full.json?AWSAccessKeyId=AKIAJRDFEY23UEVW42BQ&amp;Expires=1415343892&amp;Signature=iBgs%2BAa9G3yxJ9/ELFbFa0Qi/e4%3D</analysis_url><energy>0.609576</energy><liveness>0.078229</liveness><tempo>94.592</tempo><speechiness>0.041614</speechiness><acousticness>0.060147</acousticness><instrumentalness>0.000191</instrumentalness><mode>1</mode><time_signature>4</time_signature><duration>186.72281</duration><loudness>-5.341</loudness><audio_md5 /><valence>0.322331</valence><danceability>0.602504</danceability></audio_summary><title>Only U (Clean)</title></song><song><artist_id>ARDAF601187FB4CD05</artist_id><artist_name>Ashanti</artist_name><id>SOOMTZK1376753942B</id><audio_summary><key>11</key><analysis_url>http://echonest-analysis.s3.amazonaws.com/TR/tJw51QHyjmA9u0GkQNbUALYFIhcv7_USssM7w9FZWwB33Lnlfqn026PwwdyvJSmNyuRgyUspDDsXE6x-E%3D/3/full.json?AWSAccessKeyId=AKIAJRDFEY23UEVW42BQ&amp;Expires=1415343892&amp;Signature=u1w6Dr26kyFvykBHqulhrkGvYKI%3D</analysis_url><energy>0.771688</energy><liveness>0.084147</liveness><tempo>157.565</tempo><speechiness>0.218286</speechiness><acousticness>0.013448</acousticness><instrumentalness>0.0</instrumentalness><mode>0</mode><time_signature>4</time_signature><duration>288.43955</duration><loudness>-4.049</loudness><audio_md5 /><valence>0.553411</valence><danceability>0.558128</danceability></audio_summary><title>Baby (Remix (Edit))</title></song><song><artist_id>ARDAF601187FB4CD05</artist_id><artist_name>Ashanti</artist_name><id>SOOHHES1429D58A9DC</id><audio_summary><key>7</key><analysis_url>http://echonest-analysis.s3.amazonaws.com/TR/oqT37wE9f_bMWeWWM5uaQoIaVEkWQgLlCn90iDWzuz44w6YFYfjiut5gMHDraaFauoBPCxtr79RJwV9S4%3D/3/full.json?AWSAccessKeyId=AKIAJRDFEY23UEVW42BQ&amp;Expires=1415343892&amp;Signature=BNdUxFUe3HKxEH/DEcpV4qjq5sU%3D</analysis_url><energy>0.65684</energy><liveness>0.087822</liveness><tempo>119.9</tempo><speechiness>0.058915</speechiness><acousticness>0.311885</acousticness><instrumentalness>6.3e-05</instrumentalness><mode>0</mode><time_signature>4</time_signature><duration>247.62621</duration><loudness>-9.744</loudness><audio_md5 /><valence>0.667652</valence><danceability>0.780636</danceability></audio_summary><title>Oh Yeah</title></song><song><artist_id>ARDAF601187FB4CD05</artist_id><artist_name>Ashanti</artist_name><id>SOOAJWW1444047A35E</id><audio_summary><key>10</key><analysis_url>http://echonest-analysis.s3.amazonaws.com/TR/Fy12jQuwqmTPqT9wK5q2bhi0FIHXAMJELT4XZHiFMgdQkpPnOMx_ybgyoEAEjwdMw-3bxi69pfs2GpuIg%3D/3/full.json?AWSAccessKeyId=AKIAJRDFEY23UEVW42BQ&amp;Expires=1415343892&amp;Signature=8V3Z3qYDGOBy75jydzntEMcrStM%3D</analysis_url><energy>0.516128</energy><liveness>0.102463</liveness><tempo>76.017</tempo><speechiness>0.037881</speechiness><acousticness>0.726996</acousticness><instrumentalness>0.866501</instrumentalness><mode>0</mode><time_signature>4</time_signature><duration>306.03955</duration><loudness>-9.558</loudness><audio_md5 /><valence>0.416154</valence><danceability>0.556578</danceability></audio_summary><title>Adios June</title></song><song><artist_id>ARDAF601187FB4CD05</artist_id><artist_name>Ashanti</artist_name><id>SOPFKDX12A58A78FA0</id><audio_summary><key>6</key><analysis_url>http://echonest-analysis.s3.amazonaws.com/TR/LkGLewjg-OhFSt5JKnvDtQBg2SqiNuYlMNyreNuyOxygzJQcIXNgVRfbJufR23KBVvclFdwxgsQVcAGFg%3D/3/full.json?AWSAccessKeyId=AKIAJRDFEY23UEVW42BQ&amp;Expires=1415343892&amp;Signature=/GzCmByfhsV0TYfIuNo29PRaNBw%3D</analysis_url><energy>0.251818</energy><liveness>0.788952</liveness><tempo>110.858</tempo><speechiness>0.830089</speechiness><acousticness>0.966553</acousticness><instrumentalness>0.0</instrumentalness><mode>0</mode><time_signature>4</time_signature><duration>22.01288</duration><loudness>-20.93</loudness><audio_md5 /><valence>0.746975</valence><danceability>0.726973</danceability></audio_summary><title>Buck 3000 (Skit)</title></song><song><artist_id>ARDAF601187FB4CD05</artist_id><artist_name>Ashanti</artist_name><id>SOPIZOB135CC62F0C5</id><audio_summary><key>4</key><analysis_url>http://echonest-analysis.s3.amazonaws.com/TR/sf8IpgEXxGGoWfwR0ff-dix3Ld5bPR8CJmnP3MUAPdLhl01Qj5cIc-FRVJXN90JIAOr92_edXk2e8w0Gg%3D/3/full.json?AWSAccessKeyId=AKIAJRDFEY23UEVW42BQ&amp;Expires=1415343892&amp;Signature=X25um40hozEjq%2Bwjn4zXGM7AZFc%3D</analysis_url><energy>0.632632</energy><liveness>0.024023</liveness><tempo>157.572</tempo><speechiness>0.169678</speechiness><acousticness>0.009328</acousticness><instrumentalness>5e-06</instrumentalness><mode>0</mode><time_signature>4</time_signature><duration>268.79955</duration><loudness>-3.474</loudness><audio_md5 /><valence>0.498031</valence><danceability>0.617074</danceability></audio_summary><title>Baby (Radio Edit)</title></song><song><artist_id>ARDAF601187FB4CD05</artist_id><artist_name>Ashanti</artist_name><id>SOPLJKD145E8F8A255</id><audio_summary><key>7</key><analysis_url>http://echonest-analysis.s3.amazonaws.com/TR/eb0OoQbaDJLF1HogGdlgxtF9vAei_1FxQq8veny_hOzH3bYsN9puA4fBpZJNzT4trlRohZUeoq-a1-Ca0%3D/3/full.json?AWSAccessKeyId=AKIAJRDFEY23UEVW42BQ&amp;Expires=1415343892&amp;Signature=%2BH%2BL0sxv1ifC5dyLRF4DVD%2B%2Byhg%3D</analysis_url><energy>0.826926</energy><liveness>0.651964</liveness><tempo>78.811</tempo><speechiness>0.282747</speechiness><acousticness>0.055454</acousticness><instrumentalness>0.0</instrumentalness><mode>1</mode><time_signature>4</time_signature><duration>240.69288</duration><loudness>-4.69</loudness><audio_md5 /><valence>0.563803</valence><danceability>0.402314</danceability></audio_summary><title>No One</title></song><song><artist_id>ARDAF601187FB4CD05</artist_id><artist_name>Ashanti</artist_name><id>SOQCDJJ1366E44F2D9</id><audio_summary><key>4</key><analysis_url>http://echonest-analysis.s3.amazonaws.com/TR/TRWVCII12BEA95DCC2/3/full.json?AWSAccessKeyId=AKIAJRDFEY23UEVW42BQ&amp;Expires=1415343892&amp;Signature=QPoVPCPBCiR9gWrfKrxA9BscZmw%3D</analysis_url><energy>0.150342</energy><liveness>0.309608</liveness><tempo>92.537</tempo><speechiness>0.033698</speechiness><acousticness>0.706091</acousticness><instrumentalness>1.9e-05</instrumentalness><mode>1</mode><time_signature>4</time_signature><duration>207.72526</duration><loudness>-20.504</loudness><audio_md5 /><valence>0.197155</valence><danceability>0.550315</danceability></audio_summary><title>DREAMS (Radio Edit)</title></song><song><artist_id>ARDAF601187FB4CD05</artist_id><artist_name>Ashanti</artist_name><id>SOPOGQZ1366E45636B</id><audio_summary><key>1</key><analysis_url>http://echonest-analysis.s3.amazonaws.com/TR/TRZDGXF12BEA95DCD3/3/full.json?AWSAccessKeyId=AKIAJRDFEY23UEVW42BQ&amp;Expires=1415343892&amp;Signature=GD/W/XANoNZbVtntv0wGk6N9lMo%3D</analysis_url><energy>0.13245</energy><liveness>0.143186</liveness><tempo>127.103</tempo><speechiness>0.042957</speechiness><acousticness>0.296398</acousticness><instrumentalness>0.001262</instrumentalness><mode>0</mode><time_signature>4</time_signature><duration>243.3824</duration><loudness>-21.669</loudness><audio_md5 /><valence>0.313722</valence><danceability>0.604341</danceability></audio_summary><title>MOVIES (Clean)</title></song><song><artist_id>ARDAF601187FB4CD05</artist_id><artist_name>Ashanti</artist_name><id>SOMEVPS1356E72A0F2</id><audio_summary><key>4</key><analysis_url>http://echonest-analysis.s3.amazonaws.com/TR/7s0yYgUvOmlZJTpJ4mCNtHR_bBUmG3kT9kCa8D/3/full.json?AWSAccessKeyId=AKIAJRDFEY23UEVW42BQ&amp;Expires=1415343892&amp;Signature=9jcazMeEvOPb5azI5dah%2BEY2jKM%3D</analysis_url><energy>0.555915</energy><liveness>0.106894</liveness><tempo>94.567</tempo><speechiness>0.056833</speechiness><acousticness>0.053649</acousticness><instrumentalness>2.2e-05</instrumentalness><mode>0</mode><time_signature>4</time_signature><duration>211.76272</duration><loudness>-6.326</loudness><audio_md5 /><valence>0.222803</valence><danceability>0.585874</danceability></audio_summary><title>Only U (Clean)</title></song><song><artist_id>ARDAF601187FB4CD05</artist_id><artist_name>Ashanti</artist_name><id>SOMGMIG144404A17D4</id><audio_summary><key>5</key><analysis_url>http://echonest-analysis.s3.amazonaws.com/TR/rwIDowFcFCSPRzVxOyS-p4II6K7zXv-OCrVfPrXk0NFpjKXwivNexYL5GlGNiAfJebmAE62YekIGqkaGc%3D/3/full.json?AWSAccessKeyId=AKIAJRDFEY23UEVW42BQ&amp;Expires=1415343892&amp;Signature=v6De8g6z4y7y6O5ldhRz8WWW9Po%3D</analysis_url><energy>0.53671</energy><liveness>0.166594</liveness><tempo>113.955</tempo><speechiness>0.026625</speechiness><acousticness>0.76424</acousticness><instrumentalness>0.925891</instrumentalness><mode>1</mode><time_signature>4</time_signature><duration>323.01288</duration><loudness>-8.865</loudness><audio_md5 /><valence>0.442075</valence><danceability>0.646982</danceability></audio_summary><title>Itzimna</title></song><song><artist_id>ARDAF601187FB4CD05</artist_id><artist_name>Ashanti</artist_name><id>SONVVZC1444048643D</id><audio_summary><key>7</key><analysis_url>http://echonest-analysis.s3.amazonaws.com/TR/kcdQDQP_N5Jfogm0QishHlnhG3ECMr_eQLKm0SxZsi99rRvKI3Y3txh6v2LzejTjjtnSk0cGH86wrg59U%3D/3/full.json?AWSAccessKeyId=AKIAJRDFEY23UEVW42BQ&amp;Expires=1415343892&amp;Signature=Q3/Vplm4qWrf6Xz4kAQS86cxWJY%3D</analysis_url><energy>0.63615</energy><liveness>0.145109</liveness><tempo>127.029</tempo><speechiness>0.033348</speechiness><acousticness>0.726505</acousticness><instrumentalness>0.001125</instrumentalness><mode>0</mode><time_signature>4</time_signature><duration>301.91955</duration><loudness>-7.263</loudness><audio_md5 /><valence>0.651451</valence><danceability>0.703846</danceability></audio_summary><title>Tonight</title></song><song><artist_id>ARDAF601187FB4CD05</artist_id><artist_name>Ashanti</artist_name><id>SOPBWKV1444170F5AF</id><audio_summary><key>0</key><analysis_url>http://echonest-analysis.s3.amazonaws.com/TR/jMV7SA8eGDzJmYI2OsCBqUtuo5wPaIcLFN3HKeAaJ4fWTUsRvM5IHBC4rP_yw8sMnh2E2OitTYaq_Bqos%3D/3/full.json?AWSAccessKeyId=AKIAJRDFEY23UEVW42BQ&amp;Expires=1415343892&amp;Signature=XHsfj3EjF0yLzLIw0r6H2MIwj9g%3D</analysis_url><energy>0.429346</energy><liveness>0.103129</liveness><tempo>167.732</tempo><speechiness>0.033526</speechiness><acousticness>0.649669</acousticness><instrumentalness>0.000748</instrumentalness><mode>0</mode><time_signature>4</time_signature><duration>262.89288</duration><loudness>-8.995</loudness><audio_md5 /><valence>0.163048</valence><danceability>0.472443</danceability></audio_summary><title>No Es Necesario</title></song><song><artist_id>ARDAF601187FB4CD05</artist_id><artist_name>Ashanti</artist_name><id>SOOZPXC144159689A4</id><audio_summary><key>9</key><analysis_url>http://echonest-analysis.s3.amazonaws.com/TR/rR2jQgIHwSLjFcVa0nRSdKTthSI8dyDfkD2IeI9y4bULTF3EEEg0x7hoWAeMpY-CzS6wc7_Ee3BAKDcVU%3D/3/full.json?AWSAccessKeyId=AKIAJRDFEY23UEVW42BQ&amp;Expires=1415343892&amp;Signature=13ltkGdWcBrLTMKjPy8ql2NvuMw%3D</analysis_url><energy>0.3842</energy><liveness>0.142717</liveness><tempo>96.02</tempo><speechiness>0.028103</speechiness><acousticness>0.808698</acousticness><instrumentalness>0.000306</instrumentalness><mode>0</mode><time_signature>4</time_signature><duration>335.41288</duration><loudness>-10.847</loudness><audio_md5 /><valence>0.131438</valence><danceability>0.658835</danceability></audio_summary><title>Y Vuelves Siempre A Mi</title></song><song><artist_id>ARDAF601187FB4CD05</artist_id><artist_name>Ashanti</artist_name><id>SOOTVPD136698E6346</id><audio_summary><key>7</key><analysis_url>http://echonest-analysis.s3.amazonaws.com/TR/pXDT9QhpS6kMJSiqfyErIAlfi3SQKyqKgu-K-H/3/full.json?AWSAccessKeyId=AKIAJRDFEY23UEVW42BQ&amp;Expires=1415343892&amp;Signature=ZAZUKHgJPZfQli84EdOJWk7Fifc%3D</analysis_url><energy>0.390895</energy><liveness>0.087386</liveness><tempo>88.408</tempo><speechiness>0.033384</speechiness><acousticness>0.320001</acousticness><instrumentalness>0.0</instrumentalness><mode>0</mode><time_signature>4</time_signature><duration>240.47955</duration><loudness>-13.574</loudness><audio_md5>80b29c0c51617369825adf53f4c337b7</audio_md5><valence>0.768339</valence><danceability>0.682441</danceability></audio_summary><title>HAPPY (Intro Version)/(W/O Rap)</title></song></songs></response>