<response><status><version>4.2</version><code>0</code><message>Success</message></status><songs><song><artist_id>AR0X58E11C8A415EFA</artist_id><artist_name>Ava Leigh</artist_name><id>SOSWOLR12A8C141EEC</id><audio_summary><key>6</key><analysis_url>http://echonest-analysis.s3.amazonaws.com/TR/M4dvbAJl1HnbzX3OnWROVtdq5IsOQTyv-c_vqEpKYUBowLp-zqt_E1Z27UkA8J7bfaxdXAl_AeedOeagQ%3D/3/full.json?AWSAccessKeyId=AKIAJRDFEY23UEVW42BQ&amp;Expires=1415343969&amp;Signature=1g4UcdcIrUtQSuf76GTEU04lcuw%3D</analysis_url><energy>0.569841</energy><liveness>0.118458</liveness><tempo>126.052</tempo><speechiness>0.110267</speechiness><acousticness>0.007025</acousticness><instrumentalness>0.000447</instrumentalness><mode>0</mode><time_signature>4</time_signature><duration>400.53533</duration><loudness>-7.548</loudness><audio_md5 /><valence>0.590607</valence><danceability>0.797692</danceability></audio_summary><title>La La La (Crazy Cousinz Remix)</title></song><song><artist_id>AR0X58E11C8A415EFA</artist_id><artist_name>Ava Leigh</artist_name><id>SOPJXWW12A8AE48835</id><audio_summary><key>1</key><analysis_url>http://echonest-analysis.s3.amazonaws.com/TR/uprztQJD7Dfg6vU-j1F5YP1dXl7q63dt410CmAly2LEB6Lf12pwunEhwBpBRMTzY5kLQm_0Kwbb0kPYKo%3D/3/full.json?AWSAccessKeyId=AKIAJRDFEY23UEVW42BQ&amp;Expires=1415343969&amp;Signature=VYaFB9CAxXiFzk7fSTed5hv06AE%3D</analysis_url><energy>0.924134</energy><liveness>0.21625</liveness><tempo>101.547</tempo><speechiness>0.097186</speechiness><acousticness>0.053865</acousticness><instrumentalness>0.002654</instrumentalness><mode>1</mode><time_signature>4</time_signature><duration>162.91075</duration><loudness>-4.704</loudness><audio_md5 /><valence>0.84221</valence><danceability>0.698446</danceability></audio_summary><title>Mas Que Nada</title></song><song><artist_id>AR0X58E11C8A415EFA</artist_id><artist_name>Ava Leigh</artist_name><id>SOPUEHJ12A8C134275</id><audio_summary><key>2</key><analysis_url>http://echonest-analysis.s3.amazonaws.com/TR/e99xDAuACrSn1VpIzAm1m-z6viggbpfVs0yzkjh5cGATOp7AUgjzl-MvxyDI9nrM_1CFJZNNIsavc-wy0%3D/3/full.json?AWSAccessKeyId=AKIAJRDFEY23UEVW42BQ&amp;Expires=1415343969&amp;Signature=VouQWHAUGdDlJuVhTIjNgorvIG4%3D</analysis_url><energy>0.771878</energy><liveness>0.275213</liveness><tempo>94.978</tempo><speechiness>0.065449</speechiness><acousticness>0.031426</acousticness><instrumentalness>0.0272</instrumentalness><mode>1</mode><time_signature>4</time_signature><duration>303.30621</duration><loudness>-10.663</loudness><audio_md5 /><valence>0.953711</valence><danceability>0.744224</danceability></audio_summary><title>Mad About The Boy (Ashley Beedle 'Warbox' Remix)</title></song><song><artist_id>AR0X58E11C8A415EFA</artist_id><artist_name>Ava Leigh</artist_name><id>SONGCXF12A8C141F00</id><audio_summary><key>2</key><analysis_url>http://echonest-analysis.s3.amazonaws.com/TR/B1qC9w0Eowrrq_MaK1uchvq8sgDPAIKxGDHgdm45PwooMxCT-hfpAEePGDZE3nG-hEazrfzOL0PvDVmrY%3D/3/full.json?AWSAccessKeyId=AKIAJRDFEY23UEVW42BQ&amp;Expires=1415343969&amp;Signature=w6sjmKRDchtD9Ab9SWGZu4eWfIw%3D</analysis_url><energy>0.423385</energy><liveness>0.181287</liveness><tempo>104.526</tempo><speechiness>0.052636</speechiness><acousticness>0.186285</acousticness><instrumentalness>0.002081</instrumentalness><mode>1</mode><time_signature>4</time_signature><duration>168.37288</duration><loudness>-9.485</loudness><audio_md5 /><valence>0.556801</valence><danceability>0.755279</danceability></audio_summary><title>Thing For You</title></song><song><artist_id>AR0X58E11C8A415EFA</artist_id><artist_name>Ava Leigh</artist_name><id>SOGQGJH12A8C141EF5</id><audio_summary><key>7</key><analysis_url>http://echonest-analysis.s3.amazonaws.com/TR/a6-9BA-99fssB3Tj0pTMFSF4kPT4dyo8DZDdLyrj9w7EqN4mmbO1iQPCk8gCOjOmEB56tojl0216logmI%3D/3/full.json?AWSAccessKeyId=AKIAJRDFEY23UEVW42BQ&amp;Expires=1415343969&amp;Signature=6PASCdkHDaN6F5BIvDkd%2Bltouug%3D</analysis_url><energy>0.687263</energy><liveness>0.128008</liveness><tempo>152.125</tempo><speechiness>0.06844</speechiness><acousticness>0.381407</acousticness><instrumentalness>0.0</instrumentalness><mode>1</mode><time_signature>4</time_signature><duration>221.53288</duration><loudness>-6.222</loudness><audio_md5 /><valence>0.626338</valence><danceability>0.67033</danceability></audio_summary><title>Missing You</title></song><song><artist_id>AR0X58E11C8A415EFA</artist_id><artist_name>Ava Leigh</artist_name><id>SOCSQBA143DAA7E72F</id><audio_summary><key>7</key><analysis_url>http://echonest-analysis.s3.amazonaws.com/TR/6HfMQAXOJCojcxWei0HYbA09ppBGG4jMt1s6_F1u5ucD17Nl0clhKnnjZ4YOeEjgHfi49-y94QqSQaDVk%3D/3/full.json?AWSAccessKeyId=AKIAJRDFEY23UEVW42BQ&amp;Expires=1415343969&amp;Signature=TXDIIET8eMRKJCc%2BtKQoNSyCIw0%3D</analysis_url><energy>0.739098</energy><liveness>0.080943</liveness><tempo>95.851</tempo><speechiness>0.037336</speechiness><acousticness>0.130829</acousticness><instrumentalness>0.001326</instrumentalness><mode>1</mode><time_signature>4</time_signature><duration>205.37288</duration><loudness>-3.088</loudness><audio_md5 /><valence>0.753376</valence><danceability>0.752872</danceability></audio_summary><title>Mad About The Boy</title></song><song><artist_id>AR0X58E11C8A415EFA</artist_id><artist_name>Ava Leigh</artist_name><id>SOFJQDL12A8C141EE7</id><audio_summary><key>1</key><analysis_url>http://echonest-analysis.s3.amazonaws.com/TR/2p4R2guOif8mt_YL1ReZxhk-xU1yT7oBQXkCbpD_dmNv5NddBsnRgMIfs2WGQomXeDtrxWRSEmVIzTtBQ%3D/3/full.json?AWSAccessKeyId=AKIAJRDFEY23UEVW42BQ&amp;Expires=1415343969&amp;Signature=Yu0tKGtoh7mexI4f2wIDHPCQq/U%3D</analysis_url><energy>0.849951</energy><liveness>0.051932</liveness><tempo>90.998</tempo><speechiness>0.041977</speechiness><acousticness>0.012725</acousticness><instrumentalness>0.0</instrumentalness><mode>0</mode><time_signature>4</time_signature><duration>194.37288</duration><loudness>-3.918</loudness><audio_md5>bbbeaa716d47d1a1a5eba3d4cfaaf999</audio_md5><valence>0.586286</valence><danceability>0.679379</danceability></audio_summary><title>La La La</title></song><song><artist_id>AR0X58E11C8A415EFA</artist_id><artist_name>Ava Leigh</artist_name><id>SOVALZI146ED76A3F3</id><audio_summary><key>7</key><analysis_url>http://echonest-analysis.s3.amazonaws.com/TR/SRLJyQ3hPqgKrx4Z-sioS2duMJVWZQ0e2Hv7bqP5N-Q1fJadAycVE8rqM5Ntsr2Qm-3gT8v0gd9tJpvXY%3D/3/full.json?AWSAccessKeyId=AKIAJRDFEY23UEVW42BQ&amp;Expires=1415343969&amp;Signature=GwYeUCxVKWsZt0wQnnnpVAaALmk%3D</analysis_url><energy>0.449111</energy><liveness>0.094654</liveness><tempo>77.005</tempo><speechiness>0.061211</speechiness><acousticness>0.124264</acousticness><instrumentalness>0.000155</instrumentalness><mode>1</mode><time_signature>4</time_signature><duration>257.43955</duration><loudness>-9.792</loudness><audio_md5 /><valence>0.557221</valence><danceability>0.8049</danceability></audio_summary><title>Things To Say</title></song></songs></response>