<response><status><version>4.2</version><code>0</code><message>Success</message></status><songs><song><artist_id>ARPUPAW143814ED660</artist_id><artist_name>Ayo</artist_name><id>SOJBNLT14509AAD4B6</id><audio_summary><key>0</key><analysis_url>http://echonest-analysis.s3.amazonaws.com/TR/hiF0bwWwEHwL-YH4R2eqDNV6gKFE023g_IULRxARTIZhYukn1WP521m9U5VHR7ysmq03iLZ1cTquvPUV0%3D/3/full.json?AWSAccessKeyId=AKIAJRDFEY23UEVW42BQ&amp;Expires=1415344005&amp;Signature=/%2Bn3oUK97Zpie8av6qdB3mxvOKA%3D</analysis_url><energy>0.72444</energy><liveness>0.066873</liveness><tempo>96.002</tempo><speechiness>0.1781</speechiness><acousticness>0.431255</acousticness><instrumentalness>0.0</instrumentalness><mode>1</mode><time_signature>4</time_signature><duration>225.10621</duration><loudness>-5.336</loudness><audio_md5 /><valence>0.785856</valence><danceability>0.771107</danceability></audio_summary><title>Fire</title></song><song><artist_id>ARPUPAW143814ED660</artist_id><artist_name>Ayo</artist_name><id>SOCEIMQ1393A698308</id><audio_summary><key>3</key><analysis_url>http://echonest-analysis.s3.amazonaws.com/TR/b8PnlQJdx9xCRiAbTY2iYvLCkeD48PVJBROHNHMjceRtUCeMW3YwEtXV-KCXd1b4NIuG4ssuJTjqf0Hzc%3D/3/full.json?AWSAccessKeyId=AKIAJRDFEY23UEVW42BQ&amp;Expires=1415344005&amp;Signature=bjVk22UvUoCcOJusHUVohMQEDmw%3D</analysis_url><energy>0.551055</energy><liveness>0.144398</liveness><tempo>119.929</tempo><speechiness>0.092682</speechiness><acousticness>0.209654</acousticness><instrumentalness>1e-06</instrumentalness><mode>1</mode><time_signature>4</time_signature><duration>329.95329</duration><loudness>-10.716</loudness><audio_md5 /><valence>0.229439</valence><danceability>0.809562</danceability></audio_summary><title>I Hate Human Beings</title></song><song><artist_id>ARNVGUP12B3B352F10</artist_id><artist_name>Ayo Chen</artist_name><id>SOHPIPW13770C48BCE</id><audio_summary><key>11</key><analysis_url>http://echonest-analysis.s3.amazonaws.com/TR/i3tgTwblYcXYiHtrntTi9dQ3IBKTRRRBs3PMLCt4eCOP4O6d2XUAxgRtUAYc19XgOkB9mpFHpXVl31Tvc%3D/3/full.json?AWSAccessKeyId=AKIAJRDFEY23UEVW42BQ&amp;Expires=1415344005&amp;Signature=veO3T%2BHYt1F8h5l4Bcr/YY5C1rw%3D</analysis_url><energy>0.830301</energy><liveness>0.148327</liveness><tempo>145.005</tempo><speechiness>0.055867</speechiness><acousticness>0.000317</acousticness><instrumentalness>0.830503</instrumentalness><mode>0</mode><time_signature>4</time_signature><duration>435.30989</duration><loudness>-7.6</loudness><audio_md5 /><valence>0.411209</valence><danceability>0.759755</danceability></audio_summary><title>China Beat (Zhong Guo Jie Pai)</title></song><song><artist_id>AR0TDLU1187FB48BBC</artist_id><artist_name>Felix Ayo</artist_name><id>SOAABUX1315CD45DE7</id><audio_summary><key>5</key><analysis_url>http://echonest-analysis.s3.amazonaws.com/TR/x5QZAgVQvH6U1D6TAAI8f88_z1HlkNyOSvgXeY2oewm_cCeTKCPl9-ij8Xu8kbvlkGj4Sko8doV-YrsBQ%3D/3/full.json?AWSAccessKeyId=AKIAJRDFEY23UEVW42BQ&amp;Expires=1415344005&amp;Signature=Uyqfc51guFlLCEIPK5UkgiBs7ys%3D</analysis_url><energy>0.163549</energy><liveness>0.166285</liveness><tempo>87.029</tempo><speechiness>0.039488</speechiness><acousticness>0.657532</acousticness><instrumentalness>0.782768</instrumentalness><mode>1</mode><time_signature>4</time_signature><duration>148.99955</duration><loudness>-17.667</loudness><audio_md5 /><valence>0.177111</valence><danceability>0.094453</danceability></audio_summary><title>Corelli: Concerto grosso in F, Op.6, No.12 - Rev. Vittorio Negri (1923 - ) - 1. Preludio: Adagio</title></song><song><artist_id>AR0TDLU1187FB48BBC</artist_id><artist_name>Felix Ayo</artist_name><id>SOAACRU13775A72B3E</id><audio_summary><key>2</key><analysis_url>http://echonest-analysis.s3.amazonaws.com/TR/JVEv-QrhQinfPght_6bJ1hy_lyV1LJx1qGI6JuipR1RrdYE9H2J-Hq_c1EO7ZezkekU4EuP0zeDR0M974%3D/3/full.json?AWSAccessKeyId=AKIAJRDFEY23UEVW42BQ&amp;Expires=1415344005&amp;Signature=7BkYFzkBacmycJQi4%2BML8QPOJd4%3D</analysis_url><energy>0.301003</energy><liveness>0.119341</liveness><tempo>77.321</tempo><speechiness>0.042048</speechiness><acousticness>0.87942</acousticness><instrumentalness>0.447339</instrumentalness><mode>1</mode><time_signature>4</time_signature><duration>126.23955</duration><loudness>-14.047</loudness><audio_md5 /><valence>0.535284</valence><danceability>0.37515</danceability></audio_summary><title>Corelli: Concerto grosso in D, Op.6, No.1 - Rev. Vittorio Negri (1923- ) - 5. Allegro</title></song><song><artist_id>ARBWIDA12DE7790152</artist_id><artist_name>Ayo Sun</artist_name><id>SOACGIN131634A9575</id><audio_summary><key>2</key><analysis_url>http://echonest-analysis.s3.amazonaws.com/TR/nXvo9wy89SIIbab_zPPBxDtTEiDXuI9IjQj9jajk9xh_zUgZ-iVngIMIXQLfqMuV7pcli6JMsR5wBTbhw%3D/3/full.json?AWSAccessKeyId=AKIAJRDFEY23UEVW42BQ&amp;Expires=1415344005&amp;Signature=ZYRpsQW3gWfJmKYdvdZg0gvCSV8%3D</analysis_url><energy>0.24888</energy><liveness>0.217416</liveness><tempo>81.951</tempo><speechiness>0.063014</speechiness><acousticness>0.80012</acousticness><instrumentalness>0.000157</instrumentalness><mode>0</mode><time_signature>4</time_signature><duration>109.97288</duration><loudness>-15.408</loudness><audio_md5 /><valence>0.499545</valence><danceability>0.359969</danceability></audio_summary><title>Legacy</title></song><song><artist_id>AR0TDLU1187FB48BBC</artist_id><artist_name>Felix Ayo</artist_name><id>SOADVZL12DAA468FFB</id><audio_summary><key>2</key><analysis_url>http://echonest-analysis.s3.amazonaws.com/TR/mpgO8gb2AVBUEHMjLb0YBSjXgHbCbcJj2kOntZ67es27keKlkHu8wShIMuXsq90SQO8iVt7Ar9h_s2CoY%3D/3/full.json?AWSAccessKeyId=AKIAJRDFEY23UEVW42BQ&amp;Expires=1415344005&amp;Signature=krwcwlCaz2R37PUc9FMHrrvy/AE%3D</analysis_url><energy>0.285733</energy><liveness>0.35326</liveness><tempo>127.514</tempo><speechiness>0.040699</speechiness><acousticness>0.954086</acousticness><instrumentalness>0.873915</instrumentalness><mode>0</mode><time_signature>3</time_signature><duration>188.99955</duration><loudness>-12.569</loudness><audio_md5 /><valence>0.596873</valence><danceability>0.487028</danceability></audio_summary><title>3. Allegro</title></song><song><artist_id>ARABJVS134B4F5F8BB</artist_id><artist_name>Ayo-dele</artist_name><id>SOADJBB13DBFB0D5B8</id><audio_summary><key>3</key><analysis_url>http://echonest-analysis.s3.amazonaws.com/TR/qe2JqA1fe0hLD-bZL9r38_qYQc1ONUhiv6Cwin/3/full.json?AWSAccessKeyId=AKIAJRDFEY23UEVW42BQ&amp;Expires=1415344005&amp;Signature=efesK6AY1qxK%2BlK1e76LJWfdRyg%3D</analysis_url><energy>0.492057</energy><liveness>0.150396</liveness><tempo>108.906</tempo><speechiness>0.02806</speechiness><acousticness>0.044561</acousticness><instrumentalness>8e-06</instrumentalness><mode>1</mode><time_signature>3</time_signature><duration>276.05007</duration><loudness>-6.954</loudness><audio_md5 /><valence>0.132422</valence><danceability>0.514755</danceability></audio_summary><title>Don't Save it all for Christmas Day</title></song><song><artist_id>AR0TDLU1187FB48BBC</artist_id><artist_name>Felix Ayo</artist_name><id>SOAEJGZ13C1C537F53</id><audio_summary><key>4</key><analysis_url>http://echonest-analysis.s3.amazonaws.com/TR/a2lVlwoKbWSBPy944A-E25qouYjeBrdNBIC4IoDVuE7bzQI8DRt3niK5w7hpU8fi_R8b_woOuPhoQdINA%3D/3/full.json?AWSAccessKeyId=AKIAJRDFEY23UEVW42BQ&amp;Expires=1415344005&amp;Signature=6hzyl9tKrhuHnm5y3bw7xK9nNB0%3D</analysis_url><energy>0.112178</energy><liveness>0.111082</liveness><tempo>93.442</tempo><speechiness>0.039779</speechiness><acousticness>0.727537</acousticness><instrumentalness>0.818899</instrumentalness><mode>1</mode><time_signature>4</time_signature><duration>221.10621</duration><loudness>-14.938</loudness><audio_md5 /><valence>0.163755</valence><danceability>0.388262</danceability></audio_summary><title>Concerto No. 1 in E Major, Op. 8, RV 269, La primavera (Spring): I. Allegro</title></song><song><artist_id>AR0TDLU1187FB48BBC</artist_id><artist_name>Felix Ayo</artist_name><id>SOAEDMA136F2C7CFCC</id><audio_summary><key>5</key><analysis_url>http://echonest-analysis.s3.amazonaws.com/TR/q6897A6_SA3YqngM199etmlaoo4rMfa7aio0pvzKIFrVJEitvdQlkjzy8MJk9AT4xEKin9zVp6zt-1e2U%3D/3/full.json?AWSAccessKeyId=AKIAJRDFEY23UEVW42BQ&amp;Expires=1415344005&amp;Signature=MYaAtI4aRM3uNilc8c4l3%2Bx65cQ%3D</analysis_url><energy>0.177725</energy><liveness>0.142506</liveness><tempo>46.315</tempo><speechiness>0.033191</speechiness><acousticness>0.636598</acousticness><instrumentalness>0.707745</instrumentalness><mode>1</mode><time_signature>4</time_signature><duration>111.10621</duration><loudness>-13.581</loudness><audio_md5 /><valence>0.212357</valence><danceability>0.264633</danceability></audio_summary><title>Corelli: Concerto grosso in F, Op.6, No.9 - Rev. Vittorio Negri (1923 - ) - 1. Preludio: Largo</title></song><song><artist_id>AR0TDLU1187FB48BBC</artist_id><artist_name>Felix Ayo</artist_name><id>SOAFIJR147F6F59F0E</id><audio_summary><key>10</key><analysis_url>http://echonest-analysis.s3.amazonaws.com/TR/wVsgjg7LbALwqQEGASaEdytHRWHK_vrAl4QK_4JAE7XuaBpu-4FtBhKwNM10oYpSbMSnRgZqgeIEdG0Oc%3D/3/full.json?AWSAccessKeyId=AKIAJRDFEY23UEVW42BQ&amp;Expires=1415344005&amp;Signature=3vEg7AqHxBwc7qO%2Bm%2BzhgN0Ojto%3D</analysis_url><energy>0.125275</energy><liveness>0.090363</liveness><tempo>112.37</tempo><speechiness>0.040586</speechiness><acousticness>0.018959</acousticness><instrumentalness>0.902776</instrumentalness><mode>1</mode><time_signature>4</time_signature><duration>160.54812</duration><loudness>-21.332</loudness><audio_md5 /><valence>0.143171</valence><danceability>0.249023</danceability></audio_summary><title>2. Largo</title></song><song><artist_id>ARAAOCG13B9CE2CAE2</artist_id><artist_name>Ayo Breeze</artist_name><id>SOAMEKM13D1C520701</id><audio_summary><key>2</key><analysis_url>http://echonest-analysis.s3.amazonaws.com/TR/kjuO3gN-UIyUdp4RgoTya7evS13r4v-NqI7-tIuaazRWhC55JEF7Eno-NJ7_10gAmbnNsIYP6jySDVQPI%3D/3/full.json?AWSAccessKeyId=AKIAJRDFEY23UEVW42BQ&amp;Expires=1415344005&amp;Signature=94jOy1Cetwqp5HJet7YYZ9vwVnA%3D</analysis_url><energy>0.731606</energy><liveness>0.102804</liveness><tempo>96.004</tempo><speechiness>0.176781</speechiness><acousticness>0.026359</acousticness><instrumentalness>0.0</instrumentalness><mode>1</mode><time_signature>4</time_signature><duration>223.15166</duration><loudness>-5.611</loudness><audio_md5 /><valence>0.391911</valence><danceability>0.937307</danceability></audio_summary><title>Butt Gettin' Big [Bonus] (feat. Ghaaziy Bugatti)</title></song><song><artist_id>ARSUGXI122ECCBBA87</artist_id><artist_name>Kunle Ayo</artist_name><id>SOABUEN131BC1F7FEC</id><audio_summary><key>5</key><analysis_url>http://echonest-analysis.s3.amazonaws.com/TR/i___vgswV7FPpu5hcHNHb2HGu3BgQDrWA8-MDH_4EtAR9DkDj7YugT6O1o7GQQ2P3HwDEEP1IehHg2ECA%3D/3/full.json?AWSAccessKeyId=AKIAJRDFEY23UEVW42BQ&amp;Expires=1415344005&amp;Signature=Sy3lzTtl8mFDasqM8itkpUfaPBA%3D</analysis_url><energy>0.617344</energy><liveness>0.058517</liveness><tempo>89.986</tempo><speechiness>0.057645</speechiness><acousticness>0.699083</acousticness><instrumentalness>0.747326</instrumentalness><mode>1</mode><time_signature>4</time_signature><duration>293.11955</duration><loudness>-8.293</loudness><audio_md5 /><valence>0.860701</valence><danceability>0.699918</danceability></audio_summary><title>No one like you</title></song><song><artist_id>ARABJVS134B4F5F8BB</artist_id><artist_name>Ayo-dele</artist_name><id>SORPSQW13E6D71523F</id><audio_summary><key>0</key><analysis_url>http://echonest-analysis.s3.amazonaws.com/TR/qMTFQQaCL7MSF43Is7P2YcEWxn4kmUpuLiRVow/3/full.json?AWSAccessKeyId=AKIAJRDFEY23UEVW42BQ&amp;Expires=1415344005&amp;Signature=xX%2B7PZZDwxe7wsS4NiKCcsVTmBY%3D</analysis_url><energy>0.590609</energy><liveness>0.079478</liveness><tempo>159.921</tempo><speechiness>0.036514</speechiness><acousticness>0.693441</acousticness><instrumentalness>0.0</instrumentalness><mode>1</mode><time_signature>3</time_signature><duration>242.40435</duration><loudness>-9.982</loudness><audio_md5 /><valence>0.746483</valence><danceability>0.548466</danceability></audio_summary><title>Moremi (Dare to Dream)</title></song><song><artist_id>ARABJVS134B4F5F8BB</artist_id><artist_name>Ayo-dele</artist_name><id>SOBOHWK13E6D7BEF2A</id><audio_summary><key>0</key><analysis_url>http://echonest-analysis.s3.amazonaws.com/TR/sgUuxw9QcH7AVuPiIh6T0FdHBxCeJ3qljp7goG/3/full.json?AWSAccessKeyId=AKIAJRDFEY23UEVW42BQ&amp;Expires=1415344005&amp;Signature=oQX2AUKuMSeaiPknR9QRrGTggDo%3D</analysis_url><energy>0.619526</energy><liveness>0.080904</liveness><tempo>159.985</tempo><speechiness>0.03552</speechiness><acousticness>0.415143</acousticness><instrumentalness>0.907747</instrumentalness><mode>1</mode><time_signature>3</time_signature><duration>242.40435</duration><loudness>-12.601</loudness><audio_md5 /><valence>0.902304</valence><danceability>0.614426</danceability></audio_summary><title>Moremi (Dare to Dream) [Instrumental]</title></song><song><artist_id>ARABJVS134B4F5F8BB</artist_id><artist_name>Ayo-dele</artist_name><id>SOWCZYN1402B568F64</id><audio_summary><key>0</key><analysis_url>http://echonest-analysis.s3.amazonaws.com/TR/7oLB5AA-SloeilMv8Hs1-5KZdtebBlYjaYNKkMUt_RG7DTaZSJHk_RPK88zlt0GqW-XkHcr1d_5CBcjYk%3D/3/full.json?AWSAccessKeyId=AKIAJRDFEY23UEVW42BQ&amp;Expires=1415344005&amp;Signature=IZuCGyOyWgkWLin3vzq3IZnXOMc%3D</analysis_url><energy>0.555966</energy><liveness>0.123113</liveness><tempo>119.922</tempo><speechiness>0.064111</speechiness><acousticness>0.35766</acousticness><instrumentalness>0.0</instrumentalness><mode>1</mode><time_signature>4</time_signature><duration>237.97506</duration><loudness>-10.274</loudness><audio_md5 /><valence>0.894639</valence><danceability>0.764464</danceability></audio_summary><title>Up in the sky</title></song><song><artist_id>ARJEBFF13D7B67DA7D</artist_id><artist_name>Ayo Vincent</artist_name><id>SOCWSYT13E9B6615B7</id><audio_summary><key>10</key><analysis_url>http://echonest-analysis.s3.amazonaws.com/TR/Fmu4mw0Kg1b9VqPqi6gld7et0QKPQiyI-uwyFG8X1tAR-86uAzUnGpWrXcNt7v8GX7RbIqU3BRN7CxA1Q%3D/3/full.json?AWSAccessKeyId=AKIAJRDFEY23UEVW42BQ&amp;Expires=1415344005&amp;Signature=%2BCP5Y%2Bi8sLtjnltaWMYZ6LBY/OQ%3D</analysis_url><energy>0.542594</energy><liveness>0.083924</liveness><tempo>119.981</tempo><speechiness>0.03221</speechiness><acousticness>0.25444</acousticness><instrumentalness>5e-06</instrumentalness><mode>1</mode><time_signature>4</time_signature><duration>223.91955</duration><loudness>-4.47</loudness><audio_md5 /><valence>0.149101</valence><danceability>0.656443</danceability></audio_summary><title>I Am Yours</title></song><song><artist_id>ARABJVS134B4F5F8BB</artist_id><artist_name>Ayo-dele</artist_name><id>SODYVSD1402B571AC7</id><audio_summary><key>0</key><analysis_url>http://echonest-analysis.s3.amazonaws.com/TR/ZOvc5AMy57LSrzDGIro2DSZzzMKo5hObQZFo56uSJ06M72ZAPUM15_VZ-CLZ-t81IOvF5WDaUYq0GT674%3D/3/full.json?AWSAccessKeyId=AKIAJRDFEY23UEVW42BQ&amp;Expires=1415344005&amp;Signature=9KKOCTkC9uK%2Bbqp/o33idC1Z7uM%3D</analysis_url><energy>0.565912</energy><liveness>0.067883</liveness><tempo>100.062</tempo><speechiness>0.038946</speechiness><acousticness>0.26858</acousticness><instrumentalness>3.3e-05</instrumentalness><mode>1</mode><time_signature>4</time_signature><duration>213.36771</duration><loudness>-11.082</loudness><audio_md5 /><valence>0.962942</valence><danceability>0.669065</danceability></audio_summary><title>Ebami gbe baba ga</title></song><song><artist_id>ARABJVS134B4F5F8BB</artist_id><artist_name>Ayo-dele</artist_name><id>SODGCVJ1402B568955</id><audio_summary><key>2</key><analysis_url>http://echonest-analysis.s3.amazonaws.com/TR/M-G2zws0Uwo1PpmR3FkaUkViHx9zt-08DQbqhelyTGIZGN_LkC4YAgKyfvmXhe-Dp-1NYU_kHd2K1Z8_o%3D/3/full.json?AWSAccessKeyId=AKIAJRDFEY23UEVW42BQ&amp;Expires=1415344005&amp;Signature=19MFUjBhZLKJcO/P5Iq/K9pDBxg%3D</analysis_url><energy>0.431269</energy><liveness>0.124902</liveness><tempo>169.898</tempo><speechiness>0.27304</speechiness><acousticness>0.41061</acousticness><instrumentalness>0.0</instrumentalness><mode>1</mode><time_signature>4</time_signature><duration>320.36526</duration><loudness>-14.39</loudness><audio_md5 /><valence>0.494604</valence><danceability>0.491932</danceability></audio_summary><title>Freedom Calling</title></song><song><artist_id>ARJEBFF13D7B67DA7D</artist_id><artist_name>Ayo Vincent</artist_name><id>SOXNQCO14108464DBA</id><audio_summary><key>8</key><analysis_url>http://echonest-analysis.s3.amazonaws.com/TR/m643JgjDfNMUVxveTgSryMvGYs2L8uA_d7sM7Q/3/full.json?AWSAccessKeyId=AKIAJRDFEY23UEVW42BQ&amp;Expires=1415344005&amp;Signature=aeTy%2BR1oVTKDq5MDPPn320fQLcw%3D</analysis_url><energy>0.921819</energy><liveness>0.083981</liveness><tempo>104.956</tempo><speechiness>0.051243</speechiness><acousticness>0.070813</acousticness><instrumentalness>1e-06</instrumentalness><mode>1</mode><time_signature>4</time_signature><duration>233.41823</duration><loudness>-3.468</loudness><audio_md5 /><valence>0.826254</valence><danceability>0.70153</danceability></audio_summary><title>Abum Onye Mmeri (feat. Happy Daniels)</title></song><song><artist_id>ARJEBFF13D7B67DA7D</artist_id><artist_name>Ayo Vincent</artist_name><id>SOFUTLF13EA875DB18</id><audio_summary><key>8</key><analysis_url>http://echonest-analysis.s3.amazonaws.com/TR/1An5bwNLPRU_YXzqmfrCc6sBjKWv5pooRv62paXKaZKrk_LFx9puXgEbNZu7WVGTNMSEx6ulcH_7OuS1o%3D/3/full.json?AWSAccessKeyId=AKIAJRDFEY23UEVW42BQ&amp;Expires=1415344005&amp;Signature=rX7%2BgKSsx8LIDfb3VgYshgh/534%3D</analysis_url><energy>0.938426</energy><liveness>0.370944</liveness><tempo>131.914</tempo><speechiness>0.10525</speechiness><acousticness>0.014221</acousticness><instrumentalness>0.0</instrumentalness><mode>1</mode><time_signature>4</time_signature><duration>224.81288</duration><loudness>-2.196</loudness><audio_md5 /><valence>0.699916</valence><danceability>0.541996</danceability></audio_summary><title>We Are More (feat. Flo)</title></song><song><artist_id>ARABJVS134B4F5F8BB</artist_id><artist_name>Ayo-dele</artist_name><id>SOIZKUR13E6D7394BF</id><audio_summary><key>0</key><analysis_url>http://echonest-analysis.s3.amazonaws.com/TR/G3IA-Ai9_JpGVLqxfNmuiyP0Ha83rXjDwJWucE/3/full.json?AWSAccessKeyId=AKIAJRDFEY23UEVW42BQ&amp;Expires=1415344005&amp;Signature=z1QAbKnemnFaE91e68MtcNxJvg4%3D</analysis_url><energy>0.199238</energy><liveness>0.336468</liveness><tempo>106.741</tempo><speechiness>0.208855</speechiness><acousticness>0.80276</acousticness><instrumentalness>0.0</instrumentalness><mode>1</mode><time_signature>1</time_signature><duration>242.40435</duration><loudness>-10.446</loudness><audio_md5 /><valence>0.551315</valence><danceability>0.553543</danceability></audio_summary><title>Moremi (Dare to Dream) [Acappella]</title></song><song><artist_id>ARABJVS134B4F5F8BB</artist_id><artist_name>Ayo-dele</artist_name><id>SOWMYXD13DBFACF967</id><audio_summary><key>7</key><analysis_url>http://echonest-analysis.s3.amazonaws.com/TR/esZ9cw0RiDqAC9xG3BhSknJEDTCyxEfKfil8n7/3/full.json?AWSAccessKeyId=AKIAJRDFEY23UEVW42BQ&amp;Expires=1415344005&amp;Signature=Yjx2q38HbWeXUjVW/vmPqPoyNz4%3D</analysis_url><energy>0.458061</energy><liveness>0.298989</liveness><tempo>82.99</tempo><speechiness>0.027454</speechiness><acousticness>0.241001</acousticness><instrumentalness>0.000403</instrumentalness><mode>1</mode><time_signature>4</time_signature><duration>264.19048</duration><loudness>-10.666</loudness><audio_md5 /><valence>0.377995</valence><danceability>0.602</danceability></audio_summary><title>I Will Go</title></song><song><artist_id>ARNWZQD11EB9C82455</artist_id><artist_name>Ayo Awosika</artist_name><id>SOGHDVN13129A92700</id><audio_summary><key>0</key><analysis_url>http://echonest-analysis.s3.amazonaws.com/TR/13IuKAZvg_aLUylzQYpnxxuIZQ7HaQNuW_wUst-C5AxMpvvlSRy6aI1GPTFQvlOGl7VOzicCcKP82Jeis%3D/3/full.json?AWSAccessKeyId=AKIAJRDFEY23UEVW42BQ&amp;Expires=1415344005&amp;Signature=u8FXchB0CCgdGwy8pHPzKC6EYkw%3D</analysis_url><energy>0.327039</energy><liveness>0.115967</liveness><tempo>138.821</tempo><speechiness>0.039994</speechiness><acousticness>0.920161</acousticness><instrumentalness>2e-06</instrumentalness><mode>1</mode><time_signature>4</time_signature><duration>204.87955</duration><loudness>-7.943</loudness><audio_md5 /><valence>0.288822</valence><danceability>0.465011</danceability></audio_summary><title>Carolina</title></song><song><artist_id>ARSUGXI122ECCBBA87</artist_id><artist_name>Kunle Ayo</artist_name><id>SOQAHDI13FFF818CB8</id><audio_summary><key>2</key><analysis_url>http://echonest-analysis.s3.amazonaws.com/TR/hyOmmgjMZxz10IuHn81uITSjhDUXoN9ysv2AM0-vOozmM0875usPnuZvqwGgHzs_vOCkfoXz_N_9SR1_M%3D/3/full.json?AWSAccessKeyId=AKIAJRDFEY23UEVW42BQ&amp;Expires=1415344005&amp;Signature=HcA0zxzQzy6wp0YruhpPmbCR7sk%3D</analysis_url><energy>0.739547</energy><liveness>0.2726</liveness><tempo>80.067</tempo><speechiness>0.032888</speechiness><acousticness>0.871127</acousticness><instrumentalness>0.637142</instrumentalness><mode>1</mode><time_signature>4</time_signature><duration>261.13288</duration><loudness>-9.025</loudness><audio_md5 /><valence>0.685227</valence><danceability>0.588194</danceability></audio_summary><title>Sthandwa</title></song><song><artist_id>ARVBZCY13FB71BED7A</artist_id><artist_name>Ayo Glez</artist_name><id>SOBUQFQ144E03EB8E2</id><audio_summary><key>6</key><analysis_url>http://echonest-analysis.s3.amazonaws.com/TR/C2tIFQT6EVeakZQ6muVroHy8B8nAQVXlHR0jrl9JTVrtl7ywvwwAwzdoLaVRomvJz2omUdOxSyYXbLMR4%3D/3/full.json?AWSAccessKeyId=AKIAJRDFEY23UEVW42BQ&amp;Expires=1415344005&amp;Signature=fPVxl7t3wEmoZZtNdJW/FTCLsTE%3D</analysis_url><energy>0.816657</energy><liveness>0.183917</liveness><tempo>100.005</tempo><speechiness>0.050542</speechiness><acousticness>0.108778</acousticness><instrumentalness>0.0</instrumentalness><mode>0</mode><time_signature>4</time_signature><duration>201.7058</duration><loudness>-7.902</loudness><audio_md5 /><valence>0.648879</valence><danceability>0.678282</danceability></audio_summary><title>Vuelve (feat. Mr Rommel) (Original Mix)</title></song><song><artist_id>ARNVGUP12B3B352F10</artist_id><artist_name>Ayo Chen</artist_name><id>SOIXLIX1313438DC84</id><audio_summary><key>4</key><analysis_url>http://echonest-analysis.s3.amazonaws.com/TR/sb7-8wS4N8Hf2IblskQDON-ui53E8bR8o7oKBmG6hnOYlMFXJfo16z-4HzI-TK6boBFddm99gef5B5B1w%3D/3/full.json?AWSAccessKeyId=AKIAJRDFEY23UEVW42BQ&amp;Expires=1415344005&amp;Signature=1xvVctS5Dx58W9S1SVw5zJCqnoc%3D</analysis_url><energy>0.742264</energy><liveness>0.288295</liveness><tempo>95.032</tempo><speechiness>0.061425</speechiness><acousticness>0.00961</acousticness><instrumentalness>0.842156</instrumentalness><mode>0</mode><time_signature>4</time_signature><duration>261.47324</duration><loudness>-10.258</loudness><audio_md5 /><valence>0.326843</valence><danceability>0.654466</danceability></audio_summary><title>Hip Town (Xiao Kai Yuan)</title></song><song><artist_id>ARNVGUP12B3B352F10</artist_id><artist_name>Ayo Chen</artist_name><id>SOZMIOK1311AFD8C68</id><audio_summary><key>1</key><analysis_url>http://echonest-analysis.s3.amazonaws.com/TR/khEMEAjofHGg_472_17wEcbLJPoiMaO8w441US6pGLe-FJzcmDeTUMk3twnGMry1U5T2iNf122YvQ79UY%3D/3/full.json?AWSAccessKeyId=AKIAJRDFEY23UEVW42BQ&amp;Expires=1415344005&amp;Signature=6hpZbCycLbGsDn%2B3XYE/nwEUudU%3D</analysis_url><energy>0.848262</energy><liveness>0.052521</liveness><tempo>104.008</tempo><speechiness>0.036658</speechiness><acousticness>1.4e-05</acousticness><instrumentalness>0.407111</instrumentalness><mode>1</mode><time_signature>4</time_signature><duration>421.71832</duration><loudness>-9.024</loudness><audio_md5 /><valence>0.338946</valence><danceability>0.589698</danceability></audio_summary><title>Keep The Style (Feng Ge)</title></song><song><artist_id>ARUSSQT1382574633B</artist_id><artist_name>Ayo Beatz</artist_name><id>SORKYEM145B442F794</id><audio_summary><key>8</key><analysis_url>http://echonest-analysis.s3.amazonaws.com/TR/w8DdrwHsQcUKGvV2rDxOV-lV_xj-_F27lzQWJYsjWYfrHezWHMYmaJhE0QatY3_Eb_3WEw2OjkNAZJJKs%3D/3/full.json?AWSAccessKeyId=AKIAJRDFEY23UEVW42BQ&amp;Expires=1415344005&amp;Signature=Bl9tviQctsujbgS9R6KFDwQ5Mnk%3D</analysis_url><energy>0.616169</energy><liveness>0.089369</liveness><tempo>118.013</tempo><speechiness>0.037027</speechiness><acousticness>0.000559</acousticness><instrumentalness>0.000239</instrumentalness><mode>1</mode><time_signature>4</time_signature><duration>170.84703</duration><loudness>-4.748</loudness><audio_md5 /><valence>0.086188</valence><danceability>0.778672</danceability></audio_summary><title>Don't Worry</title></song><song><artist_id>ARBOMJA130708EE544</artist_id><artist_name>Ayo Tikare</artist_name><id>SOKCPXI13DC3B13E8F</id><audio_summary><key>0</key><analysis_url>http://echonest-analysis.s3.amazonaws.com/TR/ZluiWgIkLNbFzSMN90jFIqadvL-mIVO4T2n_rrxBQijnv1CqFcbZ9SVx1Slw_NAH0vd-W1K_kcLsa5Cyw%3D/3/full.json?AWSAccessKeyId=AKIAJRDFEY23UEVW42BQ&amp;Expires=1415344005&amp;Signature=qjLxDsvhpTeBeFvuEJrK9jVwvtI%3D</analysis_url><energy>0.755023</energy><liveness>0.14785</liveness><tempo>138.054</tempo><speechiness>0.060812</speechiness><acousticness>0.362469</acousticness><instrumentalness>2e-06</instrumentalness><mode>1</mode><time_signature>4</time_signature><duration>294.05995</duration><loudness>-2.361</loudness><audio_md5 /><valence>0.633452</valence><danceability>0.585625</danceability></audio_summary><title>Wonder</title></song><song><artist_id>ARAMSMJ12D5CD74A6E</artist_id><artist_name>Zeno Ayo</artist_name><id>SOLCVAR1313439FFE6</id><audio_summary><key>7</key><analysis_url>http://echonest-analysis.s3.amazonaws.com/TR/YEAkuw8KnTI5Nt8aTlybMizpV6ssfWdKSNK-wc/3/full.json?AWSAccessKeyId=AKIAJRDFEY23UEVW42BQ&amp;Expires=1415344005&amp;Signature=3SVQlCWYA9ezWZvWi31bi13Zhd8%3D</analysis_url><energy>0.1518</energy><liveness>0.1284</liveness><tempo>77.416</tempo><speechiness>0.058922</speechiness><acousticness>0.98969</acousticness><instrumentalness>0.0</instrumentalness><mode>1</mode><time_signature>4</time_signature><duration>107.36086</duration><loudness>-13.021</loudness><audio_md5 /><valence>0.67816</valence><danceability>0.747726</danceability></audio_summary><title>Give Me Strength</title></song><song><artist_id>ARUSSQT1382574633B</artist_id><artist_name>Ayo Beatz</artist_name><id>SOAYGAK148A6BBC52C</id><audio_summary><key>9</key><analysis_url>http://echonest-analysis.s3.amazonaws.com/TR/TZH9wgbfkp_SVhm9WemlrGydcynETfFYgGN5uoXNghpNoC9tm_l5jDm7IrxP6hoR_m_VAYymiCRDoJJnw%3D/3/full.json?AWSAccessKeyId=AKIAJRDFEY23UEVW42BQ&amp;Expires=1415344005&amp;Signature=SgkRIYMUwXHaDqWBR2fx1a7%2BOWo%3D</analysis_url><energy>0.858175</energy><liveness>0.192323</liveness><tempo>139.324</tempo><speechiness>0.1537</speechiness><acousticness>0.036523</acousticness><instrumentalness>0.0</instrumentalness><mode>0</mode><time_signature>4</time_signature><duration>200.47465</duration><loudness>-3.463</loudness><audio_md5 /><valence>0.508657</valence><danceability>0.629234</danceability></audio_summary><title>Say Nothin</title></song><song><artist_id>ARUSSQT1382574633B</artist_id><artist_name>Ayo Beatz</artist_name><id>SOGMLWS145B442AB4D</id><audio_summary><key>9</key><analysis_url>http://echonest-analysis.s3.amazonaws.com/TR/--2kogGRMLxrlNiORWYLWFFlK88-V1mDc-kKMnMj8Ngrww3mV8zm0dg9a7M0RIw2bH7BFNMhDDLcYX2XY%3D/3/full.json?AWSAccessKeyId=AKIAJRDFEY23UEVW42BQ&amp;Expires=1415344005&amp;Signature=phCMw8JYSsxSByARwV4qgVUxEzw%3D</analysis_url><energy>0.739371</energy><liveness>0.119353</liveness><tempo>128.979</tempo><speechiness>0.057631</speechiness><acousticness>0.008892</acousticness><instrumentalness>0.0</instrumentalness><mode>1</mode><time_signature>4</time_signature><duration>189.47755</duration><loudness>-3.713</loudness><audio_md5 /><valence>0.196092</valence><danceability>0.627967</danceability></audio_summary><title>A Broken Heart (feat. Caitlyn Scarlett)</title></song><song><artist_id>ARUSSQT1382574633B</artist_id><artist_name>Ayo Beatz</artist_name><id>SOGDRSM148A69219A0</id><audio_summary><key>9</key><analysis_url>http://echonest-analysis.s3.amazonaws.com/TR/w0pR6wr-ixhkC2rQ8mnEmL-buIxhW_5CLoPnZSKdYkLqlmemYAmSkBKbFDkpwB4Y7Z5FO1UpwZnq0bAdI%3D/3/full.json?AWSAccessKeyId=AKIAJRDFEY23UEVW42BQ&amp;Expires=1415344005&amp;Signature=%2BBokfxuGOR9ep0KTHSZ3UjzkuIc%3D</analysis_url><energy>0.739565</energy><liveness>0.119991</liveness><tempo>129.029</tempo><speechiness>0.054662</speechiness><acousticness>0.008666</acousticness><instrumentalness>0.0</instrumentalness><mode>1</mode><time_signature>4</time_signature><duration>189.47755</duration><loudness>-3.688</loudness><audio_md5 /><valence>0.219261</valence><danceability>0.624349</danceability></audio_summary><title>A Broken Heart</title></song><song><artist_id>ARNVGUP12B3B352F10</artist_id><artist_name>Ayo Chen</artist_name><id>SORAVQT131343992FE</id><audio_summary><key>0</key><analysis_url>http://echonest-analysis.s3.amazonaws.com/TR/bnQneA5AjzI44DjoA-vTTzuq8AvKIqDoYp1njXYlxptBs91dUbYYGdIfunW2EiiEjULHkSGsEqSg1Lg04%3D/3/full.json?AWSAccessKeyId=AKIAJRDFEY23UEVW42BQ&amp;Expires=1415344005&amp;Signature=7cEIznm9OaqjN%2B/0QIMoI8a7cp4%3D</analysis_url><energy>0.490013</energy><liveness>0.110864</liveness><tempo>109.975</tempo><speechiness>0.037314</speechiness><acousticness>0.026801</acousticness><instrumentalness>0.720426</instrumentalness><mode>1</mode><time_signature>4</time_signature><duration>283.63592</duration><loudness>-11.356</loudness><audio_md5 /><valence>0.389075</valence><danceability>0.748674</danceability></audio_summary><title>Story Of Erhai Lake I (Er Hai Gu Shi I)</title></song><song><artist_id>ARUSSQT1382574633B</artist_id><artist_name>Ayo Beatz</artist_name><id>SOKWHVR148A6BA1366</id><audio_summary><key>2</key><analysis_url>http://echonest-analysis.s3.amazonaws.com/TR/2YDnXgk9IKum68P-4-vUmP3MxK-ErxrpTJX4WgCaYC1mqsKXlM1R12u-mFiQHx0dn2dicdBRRo8D_Dy4c%3D/3/full.json?AWSAccessKeyId=AKIAJRDFEY23UEVW42BQ&amp;Expires=1415344005&amp;Signature=rPHpRQCfESmJyGf2j0C5lb4czfg%3D</analysis_url><energy>0.891884</energy><liveness>0.142209</liveness><tempo>157.084</tempo><speechiness>0.180667</speechiness><acousticness>0.041656</acousticness><instrumentalness>0.0</instrumentalness><mode>1</mode><time_signature>4</time_signature><duration>192.83605</duration><loudness>-3.728</loudness><audio_md5 /><valence>0.525037</valence><danceability>0.634094</danceability></audio_summary><title>Seperate Ways</title></song><song><artist_id>ARUSSQT1382574633B</artist_id><artist_name>Ayo Beatz</artist_name><id>SONSKHB145B442123E</id><audio_summary><key>2</key><analysis_url>http://echonest-analysis.s3.amazonaws.com/TR/QumiJQvHs0b_wqtX1KjJeQkFgwZQm_LRP0ljbhmFx2mp0cBbdTqupzYZfZtfY_RUW0palBaYupGCNDLzU%3D/3/full.json?AWSAccessKeyId=AKIAJRDFEY23UEVW42BQ&amp;Expires=1415344005&amp;Signature=THZMTF5ZXAUTUze67WVrHFeZehk%3D</analysis_url><energy>0.889518</energy><liveness>0.133946</liveness><tempo>157.079</tempo><speechiness>0.174215</speechiness><acousticness>0.043996</acousticness><instrumentalness>0.0</instrumentalness><mode>1</mode><time_signature>4</time_signature><duration>192.83605</duration><loudness>-3.745</loudness><audio_md5 /><valence>0.500554</valence><danceability>0.632303</danceability></audio_summary><title>Seperate Ways</title></song><song><artist_id>ARUSSQT1382574633B</artist_id><artist_name>Ayo Beatz</artist_name><id>SOUHCRF145B4486F41</id><audio_summary><key>1</key><analysis_url>http://echonest-analysis.s3.amazonaws.com/TR/Q0NRtw43HuqzGoxSTUJ4NkoHykvohxAkl7ovb3nXRlb-KN0fp93uCBKR5PHi8hXa2NDJzDriNxSDGSyjU%3D/3/full.json?AWSAccessKeyId=AKIAJRDFEY23UEVW42BQ&amp;Expires=1415344005&amp;Signature=XDsWacZYlwMwA267AvFJjFmwdM4%3D</analysis_url><energy>0.897366</energy><liveness>0.342155</liveness><tempo>152.864</tempo><speechiness>0.24804</speechiness><acousticness>0.004645</acousticness><instrumentalness>0.0</instrumentalness><mode>0</mode><time_signature>4</time_signature><duration>168.80912</duration><loudness>-2.879</loudness><audio_md5 /><valence>0.721636</valence><danceability>0.576384</danceability></audio_summary><title>Round On Me (feat. J2K)</title></song><song><artist_id>AR0TDLU1187FB48BBC</artist_id><artist_name>Felix Ayo</artist_name><id>SOAWRMN1312FDFCF81</id><audio_summary><key>7</key><analysis_url>http://echonest-analysis.s3.amazonaws.com/TR/EBjfYAhZ-5ufnepKqx0fyz9Wh8EmXGnRqDLC5-btHBLEm1YQRvsmSVrtK-YG1mL8PpbVfiVryX4_a1Nzk%3D/3/full.json?AWSAccessKeyId=AKIAJRDFEY23UEVW42BQ&amp;Expires=1415344005&amp;Signature=PH3At3cBFG0/Vd/cUr0llMQ7r2Q%3D</analysis_url><energy>0.174001</energy><liveness>0.060541</liveness><tempo>79.743</tempo><speechiness>0.04353</speechiness><acousticness>0.965029</acousticness><instrumentalness>0.039818</instrumentalness><mode>1</mode><time_signature>5</time_signature><duration>361.50621</duration><loudness>-17.564</loudness><audio_md5 /><valence>0.080184</valence><danceability>0.223291</danceability></audio_summary><title>Violin Sonata No. 2, Op. 82, "Sonata espanola": III. Adagio - Allegro moderato</title></song><song><artist_id>ARLTFTQ12D5CD7A3B1</artist_id><artist_name>Ayo the Incredible</artist_name><id>SOAXRYJ146230ADFBF</id><audio_summary><key>1</key><analysis_url>http://echonest-analysis.s3.amazonaws.com/TR/Qa1W1AgVBFzgzzHMyQgYgE_pm3UIc12Gc58MKeebO3ujv6bFTwMeWz-pWCLVh1L9xheRFZIptAVrvxX6Y%3D/3/full.json?AWSAccessKeyId=AKIAJRDFEY23UEVW42BQ&amp;Expires=1415344005&amp;Signature=rxOC1uqyMFBuw/DKoqUTsiO2znQ%3D</analysis_url><energy>0.280784</energy><liveness>0.164012</liveness><tempo>114.992</tempo><speechiness>0.496991</speechiness><acousticness>0.001979</acousticness><instrumentalness>0.0</instrumentalness><mode>0</mode><time_signature>4</time_signature><duration>221.98621</duration><loudness>-14.592</loudness><audio_md5 /><valence>0.200989</valence><danceability>0.839021</danceability></audio_summary><title>Dookie</title></song><song><artist_id>ARAAOCG13B9CE2CAE2</artist_id><artist_name>Ayo Breeze</artist_name><id>SOAYJJY14508743CE3</id><audio_summary><key>5</key><analysis_url>http://echonest-analysis.s3.amazonaws.com/TR/mU476wLGCUq7u217KWufG99zcyYgiHC9pZNimF_EBkErEy5gUSPRrFrgqCtje9fTXFI5ATLM-EmYqr9rE%3D/3/full.json?AWSAccessKeyId=AKIAJRDFEY23UEVW42BQ&amp;Expires=1415344005&amp;Signature=0j9UiWqpJ2anDp9wi47GNf07D2I%3D</analysis_url><energy>0.60619</energy><liveness>0.143069</liveness><tempo>127.209</tempo><speechiness>0.087043</speechiness><acousticness>0.613434</acousticness><instrumentalness>0.0</instrumentalness><mode>0</mode><time_signature>4</time_signature><duration>260.3239</duration><loudness>-7.16</loudness><audio_md5 /><valence>0.548521</valence><danceability>0.555903</danceability></audio_summary><title>Ready to Ride (feat. Kyron Dupont)</title></song><song><artist_id>AR0TDLU1187FB48BBC</artist_id><artist_name>Felix Ayo</artist_name><id>SOAZHCX13772AD8551</id><audio_summary><key>9</key><analysis_url>http://echonest-analysis.s3.amazonaws.com/TR/qAyoJAvK-z9_7DHS0upWL_rG_3l4lf8c3kthuHgkMyBrtMYK895Lk237sA1y-caWA4nf5UoxVcIG7SktM%3D/3/full.json?AWSAccessKeyId=AKIAJRDFEY23UEVW42BQ&amp;Expires=1415344005&amp;Signature=kdIaxNDU%2BNBxE/0RhShZY9wYQIY%3D</analysis_url><energy>0.121351</energy><liveness>0.193896</liveness><tempo>116.726</tempo><speechiness>0.042812</speechiness><acousticness>0.820869</acousticness><instrumentalness>0.002484</instrumentalness><mode>1</mode><time_signature>4</time_signature><duration>149.99955</duration><loudness>-19.205</loudness><audio_md5 /><valence>0.252213</valence><danceability>0.243034</danceability></audio_summary><title>Vivaldi: 12 Violin Concertos, Op.9 - "La cetra" / Concerto No. 2 in A major, RV345 - 2. Largo</title></song><song><artist_id>AR0TDLU1187FB48BBC</artist_id><artist_name>Felix Ayo</artist_name><id>SOAZNRN1315CD46AAA</id><audio_summary><key>0</key><analysis_url>http://echonest-analysis.s3.amazonaws.com/TR/KS2eGAVdvw9GV6wv00UfZp8PlyMGDZhVVWvzi_U1yaUSlUxCqsXvOPwhgVSwjxV7cKGHrMKbUunDD4SGc%3D/3/full.json?AWSAccessKeyId=AKIAJRDFEY23UEVW42BQ&amp;Expires=1415344005&amp;Signature=t%2B8kJxAx5bwTgBCEfoqPX1/DaUE%3D</analysis_url><energy>0.120966</energy><liveness>0.307107</liveness><tempo>182.179</tempo><speechiness>0.043801</speechiness><acousticness>0.851507</acousticness><instrumentalness>0.065176</instrumentalness><mode>1</mode><time_signature>3</time_signature><duration>105.99955</duration><loudness>-17.89</loudness><audio_md5 /><valence>0.461441</valence><danceability>0.361582</danceability></audio_summary><title>Corelli: Concerto grosso in C, Op.6, No.10 - Rev. by Vittorio Negri (1923 - ) - 6. Minuetto (Vivace)</title></song><song><artist_id>ARGEBSF122ECCBBC4D</artist_id><artist_name>Damali Ayo</artist_name><id>SOBBDCZ1424769AB27</id><audio_summary><key>6</key><analysis_url>http://echonest-analysis.s3.amazonaws.com/TR/N72l9AtMMOJD8ukQZwzo9JSeyWvPzmqlNfgCMq8ws8r9pkkIwzvqXg5BrKU5XE7LTRP8EEcod8rvHfPJU%3D/3/full.json?AWSAccessKeyId=AKIAJRDFEY23UEVW42BQ&amp;Expires=1415344005&amp;Signature=/t/ryJcI1nHQSfwi5RN7QgrEHUs%3D</analysis_url><energy>0.599864</energy><liveness>0.170859</liveness><tempo>85.603</tempo><speechiness>0.54095</speechiness><acousticness>0.912779</acousticness><instrumentalness>1e-06</instrumentalness><mode>1</mode><time_signature>4</time_signature><duration>238.01288</duration><loudness>-10.938</loudness><audio_md5 /><valence>0.734932</valence><danceability>0.583645</danceability></audio_summary><title>The Rental Quiz</title></song><song><artist_id>AR0TDLU1187FB48BBC</artist_id><artist_name>Felix Ayo</artist_name><id>SOAQRTO1315CD45DE6</id><audio_summary><key>7</key><analysis_url>http://echonest-analysis.s3.amazonaws.com/TR/gqVCcAoXlQ4x9_lziu_SxNikjHWKWhJ4pOfvgUrPXl8h0aXbJ_t_Phzy98aQjIQniVCsPJHXf5mgz1kJo%3D/3/full.json?AWSAccessKeyId=AKIAJRDFEY23UEVW42BQ&amp;Expires=1415344005&amp;Signature=Zq6INmOG0hrlltx/TrIgQT6vjfM%3D</analysis_url><energy>0.047252</energy><liveness>0.133475</liveness><tempo>84.717</tempo><speechiness>0.037091</speechiness><acousticness>0.933623</acousticness><instrumentalness>0.909121</instrumentalness><mode>0</mode><time_signature>3</time_signature><duration>116.99955</duration><loudness>-21.381</loudness><audio_md5 /><valence>0.037694</valence><danceability>0.168426</danceability></audio_summary><title>Corelli: Concerto grosso in G minor, Op.6, No.8 "fatto per la notte di Na tale" - Rev. Vittorio Negri (1923 - ) - 1. Vivace - Grave</title></song><song><artist_id>AR0TDLU1187FB48BBC</artist_id><artist_name>Felix Ayo</artist_name><id>SOAOEJD136F1DE3192</id><audio_summary><key>2</key><analysis_url>http://echonest-analysis.s3.amazonaws.com/TR/aLE2awJ6d3qsQtzoYf3rQFWaPF8mWefT9wqIV1xcKRY5mrBCKwFRwDBEEBHeYQJjWa36CUC5K37SIlhEQ%3D/3/full.json?AWSAccessKeyId=AKIAJRDFEY23UEVW42BQ&amp;Expires=1415344005&amp;Signature=BPK4k1UnAD8hl1h5lO6Ye28yK/A%3D</analysis_url><energy>0.102802</energy><liveness>0.1089</liveness><tempo>93.113</tempo><speechiness>0.03523</speechiness><acousticness>0.754303</acousticness><instrumentalness>0.000255</instrumentalness><mode>1</mode><time_signature>4</time_signature><duration>184.29288</duration><loudness>-26.766</loudness><audio_md5 /><valence>0.031908</valence><danceability>0.116096</danceability></audio_summary><title>The 4 Seasons: Violin Concerto in F major, Op. 8, No. 3, RV 293, "L'autunno" (Autumn): II. Adagio molto</title></song><song><artist_id>ARDJPAT131866A5E76</artist_id><artist_name>Ayo Are</artist_name><id>SOALFSY1393DC2CE0C</id><audio_summary><key>7</key><analysis_url>http://echonest-analysis.s3.amazonaws.com/TR/9tHEyQTZvAkZpDiOoXrNZS9lJQnNkfCSktxHWw4bsW_kVOlo_wd4P5zWDtrgBc3cYUuzE7LSIiamz0kgA%3D/3/full.json?AWSAccessKeyId=AKIAJRDFEY23UEVW42BQ&amp;Expires=1415344005&amp;Signature=u%2BsZcxl9DDVxFqBSXff1Hp/gdHE%3D</analysis_url><energy>0.755483</energy><liveness>0.125096</liveness><tempo>80.014</tempo><speechiness>0.034965</speechiness><acousticness>0.041993</acousticness><instrumentalness>8e-06</instrumentalness><mode>1</mode><time_signature>4</time_signature><duration>284.83873</duration><loudness>-5.696</loudness><audio_md5 /><valence>0.648195</valence><danceability>0.662984</danceability></audio_summary><title>City Loaner</title></song><song><artist_id>AR0TDLU1187FB48BBC</artist_id><artist_name>Felix Ayo</artist_name><id>SOANREN13F6919F4FA</id><audio_summary><key>0</key><analysis_url>http://echonest-analysis.s3.amazonaws.com/TR/ocipWAGUXmDr0tNRv-yGFl0D6lXPbH6Z5pbeGo/3/full.json?AWSAccessKeyId=AKIAJRDFEY23UEVW42BQ&amp;Expires=1415344005&amp;Signature=HXrcGIJGH81Cs0iQyh9l/a/9/uQ%3D</analysis_url><energy>0.187947</energy><liveness>0.180185</liveness><tempo>155.101</tempo><speechiness>0.041424</speechiness><acousticness>0.959979</acousticness><instrumentalness>0.396131</instrumentalness><mode>1</mode><time_signature>3</time_signature><duration>257.52925</duration><loudness>-17.381</loudness><audio_md5 /><valence>0.230524</valence><danceability>0.291874</danceability></audio_summary><title>Piano Trio No. 2 in C major Op. 87: III. Scherzo: Presto</title></song><song><artist_id>ARJEBFF13D7B67DA7D</artist_id><artist_name>Ayo Vincent</artist_name><id>SOONOBN141DCE003F8</id><audio_summary><key>11</key><analysis_url>http://echonest-analysis.s3.amazonaws.com/TR/ygf7Nwf0oPDcCTomo9247SVp24VJh1VB8wqIv4/3/full.json?AWSAccessKeyId=AKIAJRDFEY23UEVW42BQ&amp;Expires=1415344005&amp;Signature=BwcmsTZBY7Zr8BSA%2Bdxq0cEplW8%3D</analysis_url><energy>0.913782</energy><liveness>0.152001</liveness><tempo>97.961</tempo><speechiness>0.257202</speechiness><acousticness>0.155548</acousticness><instrumentalness>0.0</instrumentalness><mode>0</mode><time_signature>4</time_signature><duration>204.08272</duration><loudness>-3.938</loudness><audio_md5 /><valence>0.772926</valence><danceability>0.49623</danceability></audio_summary><title>Joy</title></song><song><artist_id>ARABJVS134B4F5F8BB</artist_id><artist_name>Ayo-dele</artist_name><id>SOBJBLD14126FB6FFA</id><audio_summary><key>0</key><analysis_url>http://echonest-analysis.s3.amazonaws.com/TR/91k-Yw3IucJpY_Xb7JMac73ANDRW9K6dLYx1pdx4J2q1n7Bewq3qUN0mX9KmM2yRep8skYUHEO_VJjM_Y%3D/3/full.json?AWSAccessKeyId=AKIAJRDFEY23UEVW42BQ&amp;Expires=1415344005&amp;Signature=KsXMuhhcoP0l7CbPGMbcze/D3yM%3D</analysis_url><energy>0.181822</energy><liveness>0.11607</liveness><tempo>83.35</tempo><speechiness>0.03482</speechiness><acousticness>0.9707</acousticness><instrumentalness>0.000105</instrumentalness><mode>1</mode><time_signature>3</time_signature><duration>296.35873</duration><loudness>-13.158</loudness><audio_md5 /><valence>0.165985</valence><danceability>0.260514</danceability></audio_summary><title>Fami Mora (feat. Goz-i-am)</title></song><song><artist_id>ARJEBFF13D7B67DA7D</artist_id><artist_name>Ayo Vincent</artist_name><id>SOASJVO1410832D924</id><audio_summary><key>1</key><analysis_url>http://echonest-analysis.s3.amazonaws.com/TR/TSVQ6wgQAzOZNmhFFiiYKV-ZGRveGXM5rwgDdM/3/full.json?AWSAccessKeyId=AKIAJRDFEY23UEVW42BQ&amp;Expires=1415344005&amp;Signature=Q1yYxveOYUH9gcpyZulmBwzHc6s%3D</analysis_url><energy>0.873476</energy><liveness>0.407051</liveness><tempo>97.356</tempo><speechiness>0.085079</speechiness><acousticness>0.321864</acousticness><instrumentalness>0.0</instrumentalness><mode>1</mode><time_signature>4</time_signature><duration>206.93007</duration><loudness>-3.115</loudness><audio_md5 /><valence>0.714076</valence><danceability>0.409086</danceability></audio_summary><title>Here I Am</title></song><song><artist_id>ARWDUDM13833B90984</artist_id><artist_name>Ayo Princezz</artist_name><id>SOALTMD13D11517144</id><audio_summary><key>0</key><analysis_url>http://echonest-analysis.s3.amazonaws.com/TR/_megwg2mp9NPvPZHmrqhcBtxkWsuPamNhZh3i5i6uIVzotZ6F-qqnpY7Qf89mXdbD8YIQ8z-7JRFCsjRc%3D/3/full.json?AWSAccessKeyId=AKIAJRDFEY23UEVW42BQ&amp;Expires=1415344005&amp;Signature=HVsy0lySO%2BTkMGOJrt6QUOhxiVs%3D</analysis_url><energy>0.69272</energy><liveness>0.085286</liveness><tempo>85.915</tempo><speechiness>0.09961</speechiness><acousticness>0.091482</acousticness><instrumentalness>0.0</instrumentalness><mode>1</mode><time_signature>4</time_signature><duration>231.62839</duration><loudness>-7.812</loudness><audio_md5 /><valence>0.41185</valence><danceability>0.589598</danceability></audio_summary><title>Fight-Win</title></song><song><artist_id>AR0TDLU1187FB48BBC</artist_id><artist_name>Felix Ayo</artist_name><id>SOAOEID12DAA46903C</id><audio_summary><key>7</key><analysis_url>http://echonest-analysis.s3.amazonaws.com/TR/Aw0w1wAAgUC177r5LAplpInCPCDvkOS7G_rpprrRsVcwen8CVSZpyCRh1ewM5znUUvON3vZkrRckdlbPo%3D/3/full.json?AWSAccessKeyId=AKIAJRDFEY23UEVW42BQ&amp;Expires=1415344005&amp;Signature=3nJsSho0CR50hbfM6Mc6YzqeLRU%3D</analysis_url><energy>0.097827</energy><liveness>0.075691</liveness><tempo>102.125</tempo><speechiness>0.038192</speechiness><acousticness>0.90575</acousticness><instrumentalness>0.635748</instrumentalness><mode>1</mode><time_signature>4</time_signature><duration>169.99955</duration><loudness>-25.181</loudness><audio_md5 /><valence>0.202561</valence><danceability>0.402695</danceability></audio_summary><title>Vivaldi: 12 Violin Concertos, Op.9 - "La cetra" / Concerto No.10 in G major, RV300 - 2. Largo cantabile</title></song><song><artist_id>AR0TDLU1187FB48BBC</artist_id><artist_name>Felix Ayo</artist_name><id>SOAPZGE1375C66B45E</id><audio_summary><key>11</key><analysis_url>http://echonest-analysis.s3.amazonaws.com/TR/vbr12gKn2K1LAeXFOuagyM3tDNjbtNPaDBOJX40lGpFWmaUrLvuk4417iz9QKQXnBCBdcOv2kyolWkoQk%3D/3/full.json?AWSAccessKeyId=AKIAJRDFEY23UEVW42BQ&amp;Expires=1415344005&amp;Signature=98JthhNUABrjxmi8hu42gQ%2BbnhU%3D</analysis_url><energy>0.138171</energy><liveness>0.432611</liveness><tempo>177.789</tempo><speechiness>0.044245</speechiness><acousticness>0.645718</acousticness><instrumentalness>0.227748</instrumentalness><mode>0</mode><time_signature>4</time_signature><duration>223.99955</duration><loudness>-19.691</loudness><audio_md5 /><valence>0.11168</valence><danceability>0.077951</danceability></audio_summary><title>Corelli: Concerto grosso in D, Op.6, No.1 - Rev. Vittorio Negri (1923- ) - 3. Largo</title></song><song><artist_id>AR0TDLU1187FB48BBC</artist_id><artist_name>Felix Ayo</artist_name><id>SOAQCYO12DAA469059</id><audio_summary><key>10</key><analysis_url>http://echonest-analysis.s3.amazonaws.com/TR/DEHAOgJk1U0uvk9sTvm_SNZ9EMpYe8dLMxheQFA4xVg5J0HuA6zebyZyAbVXFT0XDWwh_Yl5uTco5T0pM%3D/3/full.json?AWSAccessKeyId=AKIAJRDFEY23UEVW42BQ&amp;Expires=1415344005&amp;Signature=tpiqZvqDujXEhEgVu8giBghRquI%3D</analysis_url><energy>0.317951</energy><liveness>0.07396</liveness><tempo>127.707</tempo><speechiness>0.04114</speechiness><acousticness>0.941725</acousticness><instrumentalness>0.655781</instrumentalness><mode>1</mode><time_signature>3</time_signature><duration>212.99955</duration><loudness>-14.538</loudness><audio_md5 /><valence>0.728802</valence><danceability>0.57337</danceability></audio_summary><title>3. Presto</title></song><song><artist_id>ARUSSQT1382574633B</artist_id><artist_name>Ayo Beatz</artist_name><id>SOPANFQ145B4428E5D</id><audio_summary><key>9</key><analysis_url>http://echonest-analysis.s3.amazonaws.com/TR/35ockAhkWIRvzhNWLs_UEoY1N-06emGy-C_UwlL7DGYs2KKRSDtaRP0hCToyk6sk3TYbt7NfeOunS2iW4%3D/3/full.json?AWSAccessKeyId=AKIAJRDFEY23UEVW42BQ&amp;Expires=1415344005&amp;Signature=EpprW1dlSLNDEMB346KWw39p1NY%3D</analysis_url><energy>0.852401</energy><liveness>0.192745</liveness><tempo>139.374</tempo><speechiness>0.148352</speechiness><acousticness>0.041351</acousticness><instrumentalness>0.0</instrumentalness><mode>0</mode><time_signature>4</time_signature><duration>200.47465</duration><loudness>-3.48</loudness><audio_md5 /><valence>0.524641</valence><danceability>0.626229</danceability></audio_summary><title>Say Nothin (feat. Clixx)</title></song><song><artist_id>ARSUGXI122ECCBBA87</artist_id><artist_name>Kunle Ayo</artist_name><id>SOOAYKN130516DE7A7</id><audio_summary><key>2</key><analysis_url>http://echonest-analysis.s3.amazonaws.com/TR/GaeLxA9fuVrhNOJ80HJbWDXPMKSVeoYIMCx0Ho/3/full.json?AWSAccessKeyId=AKIAJRDFEY23UEVW42BQ&amp;Expires=1415344005&amp;Signature=5AmepHEdWN3UXQB9d0BQw4XfAL0%3D</analysis_url><energy>0.74885</energy><liveness>0.179372</liveness><tempo>105.035</tempo><speechiness>0.048996</speechiness><acousticness>0.515745</acousticness><instrumentalness>0.924128</instrumentalness><mode>1</mode><time_signature>4</time_signature><duration>335.64689</duration><loudness>-9.521</loudness><audio_md5 /><valence>0.821435</valence><danceability>0.736815</danceability></audio_summary><title>Joromi</title></song><song><artist_id>ARBOMJA130708EE544</artist_id><artist_name>Ayo Tikare</artist_name><id>SOJUEWU140ACABACFF</id><audio_summary><key>0</key><analysis_url>http://echonest-analysis.s3.amazonaws.com/TR/CjqWMQeWKEJq7Vi1yQE6QKqY0KRtLwXfgHQtb7nSBXhbNPPjRjqSr4iABXuVwFcAgCPmZiZpK13KB8EC8%3D/3/full.json?AWSAccessKeyId=AKIAJRDFEY23UEVW42BQ&amp;Expires=1415344005&amp;Signature=JDBaD3xhvDgvdbv2x%2BxEfDg9tjU%3D</analysis_url><energy>0.661026</energy><liveness>0.130789</liveness><tempo>130.642</tempo><speechiness>0.085338</speechiness><acousticness>0.421085</acousticness><instrumentalness>0.000109</instrumentalness><mode>1</mode><time_signature>4</time_signature><duration>720.03873</duration><loudness>-5.506</loudness><audio_md5 /><valence>0.651432</valence><danceability>0.440959</danceability></audio_summary><title>Kabiyesi (Yoruba Thanksgiving Medley)</title></song><song><artist_id>ARDDUFR1269FB38998</artist_id><artist_name>Ayo Adeyemi</artist_name><id>SOOWECK1315CD437DD</id><audio_summary><key>4</key><analysis_url>http://echonest-analysis.s3.amazonaws.com/TR/nHZ9WwkgT6Ev3Wm2PV5ESFzAMtKBiVKSFBm2osZJ5hPjdos2z82HCyXAUM6_ZO_pV4UxtVJCmzX-XsNDA%3D/3/full.json?AWSAccessKeyId=AKIAJRDFEY23UEVW42BQ&amp;Expires=1415344005&amp;Signature=RtdFfNoxaL6iQteoUbs7yv8RX0s%3D</analysis_url><energy>0.376313</energy><liveness>0.074199</liveness><tempo>99.994</tempo><speechiness>0.232361</speechiness><acousticness>0.677565</acousticness><instrumentalness>0.0</instrumentalness><mode>1</mode><time_signature>4</time_signature><duration>475.14077</duration><loudness>-16.155</loudness><audio_md5 /><valence>0.828854</valence><danceability>0.797149</danceability></audio_summary><title>Akalamagbo</title></song><song><artist_id>ARAMSMJ12D5CD74A6E</artist_id><artist_name>Zeno Ayo</artist_name><id>SOLDYCG1311AFE93A5</id><audio_summary><key>3</key><analysis_url>http://echonest-analysis.s3.amazonaws.com/TR/lcs3XQWMb4jl3x-9CHs1Pog4tkeO-Bqk1bECwO/3/full.json?AWSAccessKeyId=AKIAJRDFEY23UEVW42BQ&amp;Expires=1415344005&amp;Signature=/TBV1ptDJ597XCcbj/cJjDG0rik%3D</analysis_url><energy>0.158099</energy><liveness>0.107887</liveness><tempo>85.82</tempo><speechiness>0.039117</speechiness><acousticness>0.989557</acousticness><instrumentalness>1.8e-05</instrumentalness><mode>0</mode><time_signature>3</time_signature><duration>202.75215</duration><loudness>-12.728</loudness><audio_md5 /><valence>0.126523</valence><danceability>0.38411</danceability></audio_summary><title>Nobody Knows The Trouble I've Seen</title></song><song><artist_id>ARJEBFF13D7B67DA7D</artist_id><artist_name>Ayo Vincent</artist_name><id>SOBDJCS13EA520FF99</id><audio_summary><key>0</key><analysis_url>http://echonest-analysis.s3.amazonaws.com/TR/BaXhkggjZHvwzng4aLcUYSBFDYDpBsyGLM77wTXt419Xn_OTzncWbKDqvFNCmsVwSC-ixwVZxBdaZlwVQ%3D/3/full.json?AWSAccessKeyId=AKIAJRDFEY23UEVW42BQ&amp;Expires=1415344005&amp;Signature=mGe%2BIlqTpXxfBcbCj6GS%2BdbBQB0%3D</analysis_url><energy>0.742728</energy><liveness>0.114533</liveness><tempo>148.271</tempo><speechiness>0.045495</speechiness><acousticness>0.426895</acousticness><instrumentalness>0.0</instrumentalness><mode>1</mode><time_signature>4</time_signature><duration>351.07955</duration><loudness>-3.148</loudness><audio_md5 /><valence>0.358092</valence><danceability>0.391585</danceability></audio_summary><title>You Are Great (feat. Joe Praize)</title></song><song><artist_id>ARUSSQT1382574633B</artist_id><artist_name>Ayo Beatz</artist_name><id>SORUNVQ145B441CDE9</id><audio_summary><key>2</key><analysis_url>http://echonest-analysis.s3.amazonaws.com/TR/wLzFTAD3epNM7bQi_vhJSVTc54DPtbkwOxnlw0TA95cu6Odjo3ML_gTKax4hgdK7Z42B7H_wCetAaH5eQ%3D/3/full.json?AWSAccessKeyId=AKIAJRDFEY23UEVW42BQ&amp;Expires=1415344005&amp;Signature=/A8UORT9YnUjcM6I0Ev7y%2Bz5YIk%3D</analysis_url><energy>0.818283</energy><liveness>0.307623</liveness><tempo>113.147</tempo><speechiness>0.065059</speechiness><acousticness>0.064843</acousticness><instrumentalness>0.0</instrumentalness><mode>1</mode><time_signature>4</time_signature><duration>182.75465</duration><loudness>-3.069</loudness><audio_md5 /><valence>0.649217</valence><danceability>0.718257</danceability></audio_summary><title>Better Off (feat. Sir Apollo)</title></song><song><artist_id>ARABJVS134B4F5F8BB</artist_id><artist_name>Ayo-dele</artist_name><id>SOZVQYP14126FB8D1F</id><audio_summary><key>0</key><analysis_url>http://echonest-analysis.s3.amazonaws.com/TR/18_WywQj0nUcQOFhaeELp8pjxby4GpmTDUYb0_in7_9fbwOhAYcmmV8th4tPLlFD-LRcDjcPk1bLOm3W0%3D/3/full.json?AWSAccessKeyId=AKIAJRDFEY23UEVW42BQ&amp;Expires=1415344005&amp;Signature=VNHUO0dpUdaJQRXTiBBuiCHB7Fs%3D</analysis_url><energy>0.239901</energy><liveness>0.122799</liveness><tempo>179.529</tempo><speechiness>0.030827</speechiness><acousticness>0.925585</acousticness><instrumentalness>1.6e-05</instrumentalness><mode>1</mode><time_signature>4</time_signature><duration>266.57914</duration><loudness>-10.108</loudness><audio_md5 /><valence>0.318762</valence><danceability>0.357366</danceability></audio_summary><title>Superman</title></song><song><artist_id>ARBOMJA130708EE544</artist_id><artist_name>Ayo Tikare</artist_name><id>SOHVTBP13167716F43</id><audio_summary><key>2</key><analysis_url>http://echonest-analysis.s3.amazonaws.com/TR/f6ppgwfu4dW1EIeysvDE0VoqS4S7mZAq4Bc89zLZpcFxj3qLqkA9441sWc06wtGRWdYEJDxAakAAbJwSI%3D/3/full.json?AWSAccessKeyId=AKIAJRDFEY23UEVW42BQ&amp;Expires=1415344005&amp;Signature=YZyi6Ngr7HZbJzm1fMw86ftV8AE%3D</analysis_url><energy>0.706201</energy><liveness>0.118194</liveness><tempo>125.97</tempo><speechiness>0.047945</speechiness><acousticness>0.257224</acousticness><instrumentalness>0.0</instrumentalness><mode>1</mode><time_signature>4</time_signature><duration>459.51955</duration><loudness>-4.486</loudness><audio_md5 /><valence>0.876208</valence><danceability>0.629395</danceability></audio_summary><title>Tidey Na De Day (Krio Medley)</title></song><song><artist_id>ARNVGUP12B3B352F10</artist_id><artist_name>Ayo Chen</artist_name><id>SOHVEZS1376670CF87</id><audio_summary><key>10</key><analysis_url>http://echonest-analysis.s3.amazonaws.com/TR/57rINQ9qxMTZjCegcRwagMXj6bVJTConPLGekiMkqxTvn5OWgjFB0NYYkyNJNttmMuXXzgiZbDCkCE9fc%3D/3/full.json?AWSAccessKeyId=AKIAJRDFEY23UEVW42BQ&amp;Expires=1415344005&amp;Signature=aGY/dORHtxbQs9QFk1yFO3NaglY%3D</analysis_url><energy>0.850487</energy><liveness>0.100053</liveness><tempo>126.644</tempo><speechiness>0.059496</speechiness><acousticness>0.006889</acousticness><instrumentalness>0.842551</instrumentalness><mode>0</mode><time_signature>4</time_signature><duration>434.5522</duration><loudness>-7.595</loudness><audio_md5 /><valence>0.320551</valence><danceability>0.470388</danceability></audio_summary><title>The Universe (Qian Kun)</title></song><song><artist_id>ARJEBFF13D7B67DA7D</artist_id><artist_name>Ayo Vincent</artist_name><id>SOOPUAQ13E9B62EEE6</id><audio_summary><key>5</key><analysis_url>http://echonest-analysis.s3.amazonaws.com/TR/hPN-YAkoOEXLud4PjJtBtLdMEFKeIx1LF4SGEjLLddyZ2qTqsqjxmqsvnilC8WD3i63LMeiM6SG1guWe0%3D/3/full.json?AWSAccessKeyId=AKIAJRDFEY23UEVW42BQ&amp;Expires=1415344005&amp;Signature=QsyXhCV8J0KCxYEXvTSfz%2B92UiM%3D</analysis_url><energy>0.457632</energy><liveness>0.07711</liveness><tempo>72.269</tempo><speechiness>0.050455</speechiness><acousticness>0.644448</acousticness><instrumentalness>0.0</instrumentalness><mode>1</mode><time_signature>4</time_signature><duration>310.01288</duration><loudness>-4.405</loudness><audio_md5 /><valence>0.325815</valence><danceability>0.599619</danceability></audio_summary><title>Source of Life</title></song><song><artist_id>ARNVGUP12B3B352F10</artist_id><artist_name>Ayo Chen</artist_name><id>SOOBEON1313439DAFF</id><audio_summary><key>0</key><analysis_url>http://echonest-analysis.s3.amazonaws.com/TR/kBNtwwn1eOoPh_U3KMViChKNiZa7GLhrKovV3ky4sxQb0vE2YQVJe4UibysUk3GnA2OZcrd-oO5wgeCt8%3D/3/full.json?AWSAccessKeyId=AKIAJRDFEY23UEVW42BQ&amp;Expires=1415344005&amp;Signature=DsfCpMu6hIeURkAWi%2BR7sN3LwpY%3D</analysis_url><energy>0.72924</energy><liveness>0.103202</liveness><tempo>153.997</tempo><speechiness>0.055683</speechiness><acousticness>0.001771</acousticness><instrumentalness>0.547882</instrumentalness><mode>1</mode><time_signature>4</time_signature><duration>423.43261</duration><loudness>-7.642</loudness><audio_md5 /><valence>0.420081</valence><danceability>0.663146</danceability></audio_summary><title>China Wave (Zhong Guo Bo)</title></song><song><artist_id>ARYMYQK12D5CD7073E</artist_id><artist_name>Ayo Millions</artist_name><id>SOUVPNA1393CD76A8D</id><audio_summary><key>5</key><analysis_url>http://echonest-analysis.s3.amazonaws.com/TR/183KaQJOdC6wHABLHURfHMFHazoqL95_AoWHuU8Wv3euArZagVIk8LA1BZwYwW7b3s1aGrcDcjYsx8IRU%3D/3/full.json?AWSAccessKeyId=AKIAJRDFEY23UEVW42BQ&amp;Expires=1415344005&amp;Signature=Y/X5mLLc6OvdEuQvzEvNhUnlVfA%3D</analysis_url><energy>0.480045</energy><liveness>0.136938</liveness><tempo>120.029</tempo><speechiness>0.201003</speechiness><acousticness>0.082457</acousticness><instrumentalness>0.0</instrumentalness><mode>0</mode><time_signature>4</time_signature><duration>255.99955</duration><loudness>-13.774</loudness><audio_md5 /><valence>0.504943</valence><danceability>0.731553</danceability></audio_summary><title>Deep in This Game (Clean Version) (feat. King B)</title></song><song><artist_id>ARNVGUP12B3B352F10</artist_id><artist_name>Ayo Chen</artist_name><id>SOHVERA1313439BEC6</id><audio_summary><key>7</key><analysis_url>http://echonest-analysis.s3.amazonaws.com/TR/4mR8aAXqRTjkgdGKSdPpAInPS5DKTO1AVLrImcDxIwFlHG_vG8uR84ggk49vtjVQZ2EupI04dNZ2CEciY%3D/3/full.json?AWSAccessKeyId=AKIAJRDFEY23UEVW42BQ&amp;Expires=1415344005&amp;Signature=cx5iVSrextoXk7jUgU8RVlIn%2BSw%3D</analysis_url><energy>0.740448</energy><liveness>0.153889</liveness><tempo>130.007</tempo><speechiness>0.052253</speechiness><acousticness>0.003776</acousticness><instrumentalness>0.06745</instrumentalness><mode>1</mode><time_signature>4</time_signature><duration>140.31206</duration><loudness>-11.593</loudness><audio_md5 /><valence>0.325973</valence><danceability>0.732998</danceability></audio_summary><title>Kungfu Dancer (Gong Fu Wu Zhe)</title></song><song><artist_id>ARVBZCY13FB71BED7A</artist_id><artist_name>Ayo Glez</artist_name><id>SOSDAGL1402B52C690</id><audio_summary><key>9</key><analysis_url>http://echonest-analysis.s3.amazonaws.com/TR/CJk1GAYqyQk1jioMR9re7EPiYYX1k0TBvxCcffKL4cU0a7t9XeDAdK7Tsf8OJks5O5t_tAhUlRPngZdt8%3D/3/full.json?AWSAccessKeyId=AKIAJRDFEY23UEVW42BQ&amp;Expires=1415344005&amp;Signature=dkLrP3R2HmNqXVZhnYgnZPxfNc4%3D</analysis_url><energy>0.779404</energy><liveness>0.136235</liveness><tempo>114.995</tempo><speechiness>0.077152</speechiness><acousticness>0.14244</acousticness><instrumentalness>0.0</instrumentalness><mode>0</mode><time_signature>4</time_signature><duration>204.53215</duration><loudness>-6.487</loudness><audio_md5 /><valence>0.884845</valence><danceability>0.891172</danceability></audio_summary><title>No Quiero Princesa</title></song><song><artist_id>ARJEBFF13D7B67DA7D</artist_id><artist_name>Ayo Vincent</artist_name><id>SOEOBTI13EAA7C08DA</id><audio_summary><key>11</key><analysis_url>http://echonest-analysis.s3.amazonaws.com/TR/SzoqJwvKztdZX4OB8R83_uRkCP1dcZH5OyeOiu58nOet0yREYcW2MpNLeCKd5eKWPcHAoZIoTPnMWSCpw%3D/3/full.json?AWSAccessKeyId=AKIAJRDFEY23UEVW42BQ&amp;Expires=1415344005&amp;Signature=PW6529ZpZmfLLgef81G0vA01tQY%3D</analysis_url><energy>0.892216</energy><liveness>0.474994</liveness><tempo>160.153</tempo><speechiness>0.089734</speechiness><acousticness>0.124434</acousticness><instrumentalness>0.0</instrumentalness><mode>1</mode><time_signature>3</time_signature><duration>289.13288</duration><loudness>-2.189</loudness><audio_md5 /><valence>0.609464</valence><danceability>0.418063</danceability></audio_summary><title>For the Rest of My Days</title></song><song><artist_id>ARNVGUP12B3B352F10</artist_id><artist_name>Ayo Chen</artist_name><id>SOIKQSV1311AFE0123</id><audio_summary><key>10</key><analysis_url>http://echonest-analysis.s3.amazonaws.com/TR/1Spm9grYAVjr7AbW2ENpjYftiqo1XuZOFw-Imhyo0ULSqSm43K4Gm9rAm9pSd0Td5_gG6xMUtyaSI3xfY%3D/3/full.json?AWSAccessKeyId=AKIAJRDFEY23UEVW42BQ&amp;Expires=1415344005&amp;Signature=wjDLPafPacn0p5GAW9hZhnVCbts%3D</analysis_url><energy>0.701806</energy><liveness>0.237733</liveness><tempo>95.029</tempo><speechiness>0.096858</speechiness><acousticness>0.027164</acousticness><instrumentalness>0.854485</instrumentalness><mode>0</mode><time_signature>4</time_signature><duration>87.17061</duration><loudness>-13.513</loudness><audio_md5 /><valence>0.218556</valence><danceability>0.511876</danceability></audio_summary><title>Intro (Xu)</title></song><song><artist_id>ARNVGUP12B3B352F10</artist_id><artist_name>Ayo Chen</artist_name><id>SOUVZOO131343990B7</id><audio_summary><key>5</key><analysis_url>http://echonest-analysis.s3.amazonaws.com/TR/Vn8JPwNBuBgQWhLx8HwnQN8RcJKFWoSBKWc_ft8omljMW-F5ZL8o3EOIcX87YVEWmDuCjxzhGVf8ipgwk%3D/3/full.json?AWSAccessKeyId=AKIAJRDFEY23UEVW42BQ&amp;Expires=1415344005&amp;Signature=TkZidbxrMOJpRtGAXUcGE1rZPv4%3D</analysis_url><energy>0.661589</energy><liveness>0.382244</liveness><tempo>92.003</tempo><speechiness>0.031795</speechiness><acousticness>0.001092</acousticness><instrumentalness>0.907216</instrumentalness><mode>1</mode><time_signature>4</time_signature><duration>346.9561</duration><loudness>-8.651</loudness><audio_md5 /><valence>0.082516</valence><danceability>0.578986</danceability></audio_summary><title>2008 On The Road (2008 Zai Lu Shang)</title></song><song><artist_id>ARAMSMJ12D5CD74A6E</artist_id><artist_name>Zeno Ayo</artist_name><id>SOQZMPR1312A8AC363</id><audio_summary><key>7</key><analysis_url>http://echonest-analysis.s3.amazonaws.com/TR/mHMsxAlJZBwSwRHGEof1q64UaaVtqrFMmlqgup/3/full.json?AWSAccessKeyId=AKIAJRDFEY23UEVW42BQ&amp;Expires=1415344005&amp;Signature=i3GN5PbWifT3fKy6jIHSmjw2vfc%3D</analysis_url><energy>0.0765</energy><liveness>0.150077</liveness><tempo>88.114</tempo><speechiness>0.041468</speechiness><acousticness>0.991899</acousticness><instrumentalness>2.6e-05</instrumentalness><mode>0</mode><time_signature>3</time_signature><duration>202.74776</duration><loudness>-12.944</loudness><audio_md5 /><valence>0.084307</valence><danceability>0.339474</danceability></audio_summary><title>Go Down Moses</title></song><song><artist_id>ARJEBFF13D7B67DA7D</artist_id><artist_name>Ayo Vincent</artist_name><id>SOSWZUM13EAA45C604</id><audio_summary><key>2</key><analysis_url>http://echonest-analysis.s3.amazonaws.com/TR/oNSOSQ0pSX9JK62PTr6iaRAVA_RKWOJ48unN65u_xghj151ehrSHEIwNxoRgMiRgLHbnbwYyKXoyYI8zM%3D/3/full.json?AWSAccessKeyId=AKIAJRDFEY23UEVW42BQ&amp;Expires=1415344005&amp;Signature=fA4Wr4ZicNnMjcCiHE9AESHvIJ8%3D</analysis_url><energy>0.880916</energy><liveness>0.150963</liveness><tempo>169.995</tempo><speechiness>0.059176</speechiness><acousticness>0.057628</acousticness><instrumentalness>5e-06</instrumentalness><mode>1</mode><time_signature>4</time_signature><duration>270.97288</duration><loudness>-4.034</loudness><audio_md5 /><valence>0.699573</valence><danceability>0.53393</danceability></audio_summary><title>Most High</title></song><song><artist_id>ARNVGUP12B3B352F10</artist_id><artist_name>Ayo Chen</artist_name><id>SOOHIYT13134398867</id><audio_summary><key>1</key><analysis_url>http://echonest-analysis.s3.amazonaws.com/TR/WHDHMAqZZxZmSSoeEymAakAwglLkqHXandJY2-54k3UddYFMQXLr-8UbJH3P5DTsyI8nLSzYC17phLnTM%3D/3/full.json?AWSAccessKeyId=AKIAJRDFEY23UEVW42BQ&amp;Expires=1415344005&amp;Signature=ZRAT5W2t9dQgR/irlXlgBPNrtnc%3D</analysis_url><energy>0.842472</energy><liveness>0.090725</liveness><tempo>102.994</tempo><speechiness>0.037624</speechiness><acousticness>8.7e-05</acousticness><instrumentalness>0.887569</instrumentalness><mode>1</mode><time_signature>4</time_signature><duration>234.00404</duration><loudness>-7.576</loudness><audio_md5 /><valence>0.606938</valence><danceability>0.647208</danceability></audio_summary><title>Evil Monk (Xie Seng)</title></song><song><artist_id>ARSUGXI122ECCBBA87</artist_id><artist_name>Kunle Ayo</artist_name><id>SOMVXOF1450A967DD2</id><audio_summary><key>7</key><analysis_url>http://echonest-analysis.s3.amazonaws.com/TR/--TyoQWZudj0Jdgsm6mN_Al42ShtesPinBY5jpHuYQXtnYAmnovQrwD37rpN0pOjuBXF1YiS_q0b3NXqo%3D/3/full.json?AWSAccessKeyId=AKIAJRDFEY23UEVW42BQ&amp;Expires=1415344005&amp;Signature=klaWeLXFvPQboHcgnx0cWdLkTMU%3D</analysis_url><energy>0.707342</energy><liveness>0.288067</liveness><tempo>100.06</tempo><speechiness>0.046807</speechiness><acousticness>0.632671</acousticness><instrumentalness>0.257651</instrumentalness><mode>1</mode><time_signature>4</time_signature><duration>268.41288</duration><loudness>-9.218</loudness><audio_md5 /><valence>0.59288</valence><danceability>0.747637</danceability></audio_summary><title>Amen Amen</title></song><song><artist_id>ARSUGXI122ECCBBA87</artist_id><artist_name>Kunle Ayo</artist_name><id>SOQFYVS13FFF77C31C</id><audio_summary><key>0</key><analysis_url>http://echonest-analysis.s3.amazonaws.com/TR/vYSpbwy0nf8n12EwirFw7mJEPbJ05q0uc9sqMgzvCYYzflsYwAMiQmW0fpgoVNvkdHGjl6SjZmPmD1D7Y%3D/3/full.json?AWSAccessKeyId=AKIAJRDFEY23UEVW42BQ&amp;Expires=1415344005&amp;Signature=mwEGXLmImIMqw3yhjMfGhNqfodo%3D</analysis_url><energy>0.817051</energy><liveness>0.175511</liveness><tempo>139.968</tempo><speechiness>0.030744</speechiness><acousticness>0.770053</acousticness><instrumentalness>0.888846</instrumentalness><mode>1</mode><time_signature>4</time_signature><duration>213.93288</duration><loudness>-10.629</loudness><audio_md5 /><valence>0.961343</valence><danceability>0.548122</danceability></audio_summary><title>Best of Both Worlds</title></song><song><artist_id>ARSUGXI122ECCBBA87</artist_id><artist_name>Kunle Ayo</artist_name><id>SOZVJTZ13FFF7CDB3D</id><audio_summary><key>2</key><analysis_url>http://echonest-analysis.s3.amazonaws.com/TR/Gd_Gygf5-Lb03ytd8qAUVOD3KiQWubhwrQMhH3qZoMLnQkukYjQXY16Kpu3mmrutek-s91gcD2TMKGS8Q%3D/3/full.json?AWSAccessKeyId=AKIAJRDFEY23UEVW42BQ&amp;Expires=1415344005&amp;Signature=eApsJ/cxyw1I3Flevh%2BH23kX0Dk%3D</analysis_url><energy>0.693088</energy><liveness>0.197909</liveness><tempo>90.252</tempo><speechiness>0.066386</speechiness><acousticness>0.540635</acousticness><instrumentalness>0.001208</instrumentalness><mode>0</mode><time_signature>4</time_signature><duration>246.66621</duration><loudness>-8.062</loudness><audio_md5 /><valence>0.642181</valence><danceability>0.556863</danceability></audio_summary><title>Words in My Head</title></song><song><artist_id>ARNWZQD11EB9C82455</artist_id><artist_name>Ayo Awosika</artist_name><id>SOTBCJM130516DE0EC</id><audio_summary><key>2</key><analysis_url>http://echonest-analysis.s3.amazonaws.com/TR/vh7aCg1gqc_Zgf-1eurq5MGkzfaDq6CJhin7KuVaknqtkS8dY3ae9oUkK5-HVp8yWf2nq9MKRiJbsb8O8%3D/3/full.json?AWSAccessKeyId=AKIAJRDFEY23UEVW42BQ&amp;Expires=1415344005&amp;Signature=GQ3Eg6B4B6L1HzptwVstwsdphgw%3D</analysis_url><energy>0.531566</energy><liveness>0.121536</liveness><tempo>157.759</tempo><speechiness>0.034551</speechiness><acousticness>0.893042</acousticness><instrumentalness>5.1e-05</instrumentalness><mode>1</mode><time_signature>4</time_signature><duration>205.62621</duration><loudness>-8.958</loudness><audio_md5 /><valence>0.3706</valence><danceability>0.390146</danceability></audio_summary><title>Last to Love You</title></song><song><artist_id>ARNWZQD11EB9C82455</artist_id><artist_name>Ayo Awosika</artist_name><id>SOECAXU1311AFE181F</id><audio_summary><key>1</key><analysis_url>http://echonest-analysis.s3.amazonaws.com/TR/SpWv-ABTgCZy7DSmOeXBJY-NiwcksCfSJ0-LXzge0tJ44yYNQTryr0jn4hR4R0TFolv7BCQK1KW4fM8Qg%3D/3/full.json?AWSAccessKeyId=AKIAJRDFEY23UEVW42BQ&amp;Expires=1415344005&amp;Signature=JddZkRLgjneSfA6CoKWYXwMUPWE%3D</analysis_url><energy>0.449132</energy><liveness>0.108284</liveness><tempo>143.095</tempo><speechiness>0.038101</speechiness><acousticness>0.901197</acousticness><instrumentalness>0.0</instrumentalness><mode>1</mode><time_signature>3</time_signature><duration>224.57288</duration><loudness>-7.439</loudness><audio_md5 /><valence>0.297299</valence><danceability>0.374032</danceability></audio_summary><title>Right Time to Go</title></song><song><artist_id>ARSUGXI122ECCBBA87</artist_id><artist_name>Kunle Ayo</artist_name><id>SOPVYWC131BC1F75AC</id><audio_summary><key>0</key><analysis_url>http://echonest-analysis.s3.amazonaws.com/TR/3pqkpA0vsEhJUsw7ftT0h-Bg3EH_RhFkM-91M2yI6YqyhSGF1U71Z9GrRqIepbHEoEo356nwUBkJRfcLQ%3D/3/full.json?AWSAccessKeyId=AKIAJRDFEY23UEVW42BQ&amp;Expires=1415344005&amp;Signature=UCKBF8KWyqrmRPw6NdkdQkJlMK8%3D</analysis_url><energy>0.621126</energy><liveness>0.125954</liveness><tempo>99.994</tempo><speechiness>0.058127</speechiness><acousticness>0.410405</acousticness><instrumentalness>2e-05</instrumentalness><mode>1</mode><time_signature>4</time_signature><duration>263.49288</duration><loudness>-8.718</loudness><audio_md5 /><valence>0.92095</valence><danceability>0.808052</danceability></audio_summary><title>Believe</title></song><song><artist_id>ARSUGXI122ECCBBA87</artist_id><artist_name>Kunle Ayo</artist_name><id>SONRTVS13FFF6BF4A5</id><audio_summary><key>7</key><analysis_url>http://echonest-analysis.s3.amazonaws.com/TR/_y4y5Qugz-uIV81r--Lnpguhtxzioy4pampxU7KixCYNk2uXsdErC-fLLRmbSjYkUky5lvn1Cc7OQvPBY%3D/3/full.json?AWSAccessKeyId=AKIAJRDFEY23UEVW42BQ&amp;Expires=1415344005&amp;Signature=IvvCqz8YVEJIhfMeRXFNa/dqr44%3D</analysis_url><energy>0.834836</energy><liveness>0.309458</liveness><tempo>90.046</tempo><speechiness>0.177858</speechiness><acousticness>0.326895</acousticness><instrumentalness>0.0</instrumentalness><mode>1</mode><time_signature>4</time_signature><duration>269.01288</duration><loudness>-7.453</loudness><audio_md5 /><valence>0.882578</valence><danceability>0.738508</danceability></audio_summary><title>E Dey Possible</title></song><song><artist_id>ARSUGXI122ECCBBA87</artist_id><artist_name>Kunle Ayo</artist_name><id>SOMSFMG1450A964586</id><audio_summary><key>8</key><analysis_url>http://echonest-analysis.s3.amazonaws.com/TR/m_IE8goohY6j_D6Kc6Ae6U8vFoDFU6UlnjswEmcllkJ_12MrHhcoSu-xvypoLPBhunPcXWkZS4tt_1pcQ%3D/3/full.json?AWSAccessKeyId=AKIAJRDFEY23UEVW42BQ&amp;Expires=1415344005&amp;Signature=57qmxZbJzPlRMbNJWLCrnL6PjqQ%3D</analysis_url><energy>0.812447</energy><liveness>0.234809</liveness><tempo>94.968</tempo><speechiness>0.037294</speechiness><acousticness>0.609235</acousticness><instrumentalness>0.026458</instrumentalness><mode>1</mode><time_signature>4</time_signature><duration>265.69288</duration><loudness>-5.416</loudness><audio_md5 /><valence>0.906098</valence><danceability>0.748382</danceability></audio_summary><title>What the Lord Has Done for Me</title></song><song><artist_id>ARSUGXI122ECCBBA87</artist_id><artist_name>Kunle Ayo</artist_name><id>SOGUBVR13FFF7F01D6</id><audio_summary><key>0</key><analysis_url>http://echonest-analysis.s3.amazonaws.com/TR/sZ6dMQRIfxunBG4sVRFRYWZ5LCsHPKKvrDBygNMhQi0VHNnXDFLFn3DTTvC9_PhV8BZpHEJru9AzJVBKQ%3D/3/full.json?AWSAccessKeyId=AKIAJRDFEY23UEVW42BQ&amp;Expires=1415344005&amp;Signature=T5O2dkQsoB21qxL9ggOO4l2y8%2BM%3D</analysis_url><energy>0.794426</energy><liveness>0.12256</liveness><tempo>97.992</tempo><speechiness>0.03628</speechiness><acousticness>0.629353</acousticness><instrumentalness>0.000123</instrumentalness><mode>1</mode><time_signature>4</time_signature><duration>219.95955</duration><loudness>-8.83</loudness><audio_md5 /><valence>0.884863</valence><danceability>0.661866</danceability></audio_summary><title>Happy Day</title></song><song><artist_id>ARSUGXI122ECCBBA87</artist_id><artist_name>Kunle Ayo</artist_name><id>SOCNEWC1450A965796</id><audio_summary><key>1</key><analysis_url>http://echonest-analysis.s3.amazonaws.com/TR/_dW1HwQrIKdCI85VsC7hqQwCLu0AtVDDoTQflbBTsrJsynHYogJFDbra8enBgyWjpJgqB0CEVqNW2k1Y4%3D/3/full.json?AWSAccessKeyId=AKIAJRDFEY23UEVW42BQ&amp;Expires=1415344005&amp;Signature=JsLXAWP1UA//eTcQNK9Vq8CP/kw%3D</analysis_url><energy>0.637895</energy><liveness>0.117835</liveness><tempo>106.024</tempo><speechiness>0.054551</speechiness><acousticness>0.282848</acousticness><instrumentalness>0.642796</instrumentalness><mode>1</mode><time_signature>4</time_signature><duration>199.70621</duration><loudness>-9.313</loudness><audio_md5 /><valence>0.751047</valence><danceability>0.767431</danceability></audio_summary><title>Olorun Mi</title></song><song><artist_id>ARSUGXI122ECCBBA87</artist_id><artist_name>Kunle Ayo</artist_name><id>SOEPJCY1450A9671FC</id><audio_summary><key>5</key><analysis_url>http://echonest-analysis.s3.amazonaws.com/TR/3qh5xw0PM4uW-g5FxJort1XQkE9RXuF1JcU7ShVmu_HUwzECo4OaNvoBFOcP0gFvhV5d1gzfO6Jj3B1YM%3D/3/full.json?AWSAccessKeyId=AKIAJRDFEY23UEVW42BQ&amp;Expires=1415344005&amp;Signature=FF794ZTOuigz8tfrZRCfREPyey4%3D</analysis_url><energy>0.573382</energy><liveness>0.80336</liveness><tempo>74.981</tempo><speechiness>0.129094</speechiness><acousticness>0.370631</acousticness><instrumentalness>0.00043</instrumentalness><mode>1</mode><time_signature>4</time_signature><duration>280.38621</duration><loudness>-8.833</loudness><audio_md5 /><valence>0.75483</valence><danceability>0.708248</danceability></audio_summary><title>Kabi O Osi</title></song><song><artist_id>ARSUGXI122ECCBBA87</artist_id><artist_name>Kunle Ayo</artist_name><id>SORJUMV131BC1F8EF0</id><audio_summary><key>10</key><analysis_url>http://echonest-analysis.s3.amazonaws.com/TR/K2LZmQw-MJPIyXMUuVViefCJLpCG_zbY5pXntb6SCisGv4sM_PpKHCjjCOQ7x8Hzrfez439KY8i2hYCdc%3D/3/full.json?AWSAccessKeyId=AKIAJRDFEY23UEVW42BQ&amp;Expires=1415344005&amp;Signature=ns8%2Bp1R1//XlhTeZVav%2BEBx1AZM%3D</analysis_url><energy>0.570536</energy><liveness>0.101171</liveness><tempo>90.0</tempo><speechiness>0.038584</speechiness><acousticness>0.113319</acousticness><instrumentalness>0.645594</instrumentalness><mode>1</mode><time_signature>4</time_signature><duration>266.61288</duration><loudness>-13.659</loudness><audio_md5 /><valence>0.768675</valence><danceability>0.673505</danceability></audio_summary><title>Bibanke</title></song><song><artist_id>ARSUGXI122ECCBBA87</artist_id><artist_name>Kunle Ayo</artist_name><id>SOTEEYN13FFF83A27B</id><audio_summary><key>5</key><analysis_url>http://echonest-analysis.s3.amazonaws.com/TR/OZpfvwzTjRzRiLdJ4MHRf6c0VhmZp_PmTsdWa_u2enzcjNnA_UK6ZAyVqKxjMeOd_q5LzlQjNIMjfMq5A%3D/3/full.json?AWSAccessKeyId=AKIAJRDFEY23UEVW42BQ&amp;Expires=1415344005&amp;Signature=/UG6TmBMMgCM/AsIg2u3zVt3z7o%3D</analysis_url><energy>0.745099</energy><liveness>0.189046</liveness><tempo>97.814</tempo><speechiness>0.034167</speechiness><acousticness>0.457122</acousticness><instrumentalness>0.222034</instrumentalness><mode>1</mode><time_signature>4</time_signature><duration>241.39955</duration><loudness>-8.604</loudness><audio_md5 /><valence>0.757061</valence><danceability>0.55685</danceability></audio_summary><title>Fall in Love</title></song><song><artist_id>ARSUGXI122ECCBBA87</artist_id><artist_name>Kunle Ayo</artist_name><id>SOUKVNL130516DDB6A</id><audio_summary><key>2</key><analysis_url>http://echonest-analysis.s3.amazonaws.com/TR/RiNvuAKchLu3GOvNQBux39kKlUPNpIG1Lzg34H/3/full.json?AWSAccessKeyId=AKIAJRDFEY23UEVW42BQ&amp;Expires=1415344005&amp;Signature=G79F11F9jBIvfArasz9oTHUIQ3k%3D</analysis_url><energy>0.877508</energy><liveness>0.346342</liveness><tempo>104.995</tempo><speechiness>0.042034</speechiness><acousticness>0.299536</acousticness><instrumentalness>0.747606</instrumentalness><mode>1</mode><time_signature>4</time_signature><duration>291.42159</duration><loudness>-9.479</loudness><audio_md5 /><valence>0.737136</valence><danceability>0.742765</danceability></audio_summary><title>Coolu Temper</title></song><song><artist_id>ARSUGXI122ECCBBA87</artist_id><artist_name>Kunle Ayo</artist_name><id>SODISDV1450A9692A0</id><audio_summary><key>8</key><analysis_url>http://echonest-analysis.s3.amazonaws.com/TR/uUqDQAtirQrVgNaDW8fDuIrLViuzCHzC6x-dMyxJwDceO6EWH1YUTKqIk_OwWWLa1m4vWqcnubI90nTNw%3D/3/full.json?AWSAccessKeyId=AKIAJRDFEY23UEVW42BQ&amp;Expires=1415344005&amp;Signature=YvV5LtG738WURhL/kspM8jYEl/g%3D</analysis_url><energy>0.720814</energy><liveness>0.142709</liveness><tempo>110.087</tempo><speechiness>0.03404</speechiness><acousticness>0.633542</acousticness><instrumentalness>0.60296</instrumentalness><mode>1</mode><time_signature>4</time_signature><duration>260.55955</duration><loudness>-9.784</loudness><audio_md5 /><valence>0.759702</valence><danceability>0.69976</danceability></audio_summary><title>Awesome God</title></song><song><artist_id>ARSUGXI122ECCBBA87</artist_id><artist_name>Kunle Ayo</artist_name><id>SOGOHAK131BC1F8B31</id><audio_summary><key>2</key><analysis_url>http://echonest-analysis.s3.amazonaws.com/TR/G-olLQcGfSovXc3ndPjcCBQ3-pij5VbwoZQHy8jYEdhwgYeXJ49zB_GGlT01ioxN48oSP1p7mJZcsppXg%3D/3/full.json?AWSAccessKeyId=AKIAJRDFEY23UEVW42BQ&amp;Expires=1415344005&amp;Signature=m69%2Bs9%2BEayB/q7p7dqUeGvO2PYo%3D</analysis_url><energy>0.650447</energy><liveness>0.154157</liveness><tempo>90.018</tempo><speechiness>0.060685</speechiness><acousticness>0.518244</acousticness><instrumentalness>0.0</instrumentalness><mode>0</mode><time_signature>4</time_signature><duration>254.19955</duration><loudness>-8.678</loudness><audio_md5 /><valence>0.822378</valence><danceability>0.618673</danceability></audio_summary><title>Words in my Head (feat. R J Benjamin)</title></song><song><artist_id>ARSUGXI122ECCBBA87</artist_id><artist_name>Kunle Ayo</artist_name><id>SOHZIOW1450A96257C</id><audio_summary><key>5</key><analysis_url>http://echonest-analysis.s3.amazonaws.com/TR/kmtd7AF7AFji7dzavZ9gSjOCAdUgjJ229bKVmrBPHu_jcNjt53a3j1tuVBkIsowopMdDRAEgASoNrJXOA%3D/3/full.json?AWSAccessKeyId=AKIAJRDFEY23UEVW42BQ&amp;Expires=1415344005&amp;Signature=c2%2BtdLX5RAhOZj3j4EHqUCHtHlc%3D</analysis_url><energy>0.603696</energy><liveness>0.105988</liveness><tempo>120.015</tempo><speechiness>0.036228</speechiness><acousticness>0.505894</acousticness><instrumentalness>0.239623</instrumentalness><mode>1</mode><time_signature>4</time_signature><duration>269.50621</duration><loudness>-8.671</loudness><audio_md5 /><valence>0.767188</valence><danceability>0.878035</danceability></audio_summary><title>Yoruba Worship</title></song><song><artist_id>ARSUGXI122ECCBBA87</artist_id><artist_name>Kunle Ayo</artist_name><id>SOHXACK130516DD1ED</id><audio_summary><key>7</key><analysis_url>http://echonest-analysis.s3.amazonaws.com/TR/8pIeTgn3_lD9mekIGDZ50e9AHUtEIY-Ox9Jk_e/3/full.json?AWSAccessKeyId=AKIAJRDFEY23UEVW42BQ&amp;Expires=1415344005&amp;Signature=hxZkfXueiIq2S3kTVY/Oef0JCdE%3D</analysis_url><energy>0.570678</energy><liveness>0.1657</liveness><tempo>100.062</tempo><speechiness>0.061207</speechiness><acousticness>0.64779</acousticness><instrumentalness>0.101662</instrumentalness><mode>0</mode><time_signature>4</time_signature><duration>144.56118</duration><loudness>-11.601</loudness><audio_md5 /><valence>0.83246</valence><danceability>0.745846</danceability></audio_summary><title>Kunle</title></song><song><artist_id>ARBOMJA130708EE544</artist_id><artist_name>Ayo Tikare</artist_name><id>SOKSXND13DC3B2E45D</id><audio_summary><key>5</key><analysis_url>http://echonest-analysis.s3.amazonaws.com/TR/4I-4_gNE2h_8wcf_wmhfhIOYxnwqVf5b_w7SIk-9ir7XLPLSSrsf9BG2909q_IL4Re4pRFRZVQNFupoVs%3D/3/full.json?AWSAccessKeyId=AKIAJRDFEY23UEVW42BQ&amp;Expires=1415344005&amp;Signature=9yOo5IZQevLd2zlaPorTfKMIoew%3D</analysis_url><energy>0.875029</energy><liveness>0.127754</liveness><tempo>109.985</tempo><speechiness>0.029035</speechiness><acousticness>0.016629</acousticness><instrumentalness>0.892006</instrumentalness><mode>1</mode><time_signature>4</time_signature><duration>246.80444</duration><loudness>-6.396</loudness><audio_md5 /><valence>0.846057</valence><danceability>0.70167</danceability></audio_summary><title>Greater (Instrumental)</title></song><song><artist_id>ARUSSQT1382574633B</artist_id><artist_name>Ayo Beatz</artist_name><id>SOHEBCK145B4415EFD</id><audio_summary><key>10</key><analysis_url>http://echonest-analysis.s3.amazonaws.com/TR/EzdhIAsMzSfiHxCB0JujfSrnZQwifzGFP5IWNOaGazDqNpiUGV_me5y-YGsqdYJtiwnlbsNP-hUIjHe8o%3D/3/full.json?AWSAccessKeyId=AKIAJRDFEY23UEVW42BQ&amp;Expires=1415344005&amp;Signature=uPoZg/y3OBX6qP1VlaEwl5bGe1w%3D</analysis_url><energy>0.910655</energy><liveness>0.131956</liveness><tempo>144.603</tempo><speechiness>0.392524</speechiness><acousticness>0.045631</acousticness><instrumentalness>0.0</instrumentalness><mode>0</mode><time_signature>4</time_signature><duration>213.75052</duration><loudness>-2.347</loudness><audio_md5 /><valence>0.320998</valence><danceability>0.55912</danceability></audio_summary><title>Try (feat. Jareth)</title></song><song><artist_id>ARWECTB13D7B67D90E</artist_id><artist_name>Ayo Potter</artist_name><id>SOVUBXH141B57A6198</id><audio_summary><key>4</key><analysis_url>http://echonest-analysis.s3.amazonaws.com/TR/TgnF5Abf-gg8BRGtvxoU4eXaJXK7x9WNVMeiTzz0wPhcUVz9oQl2Bg8QhhDeiwXb142CV_FE4LbzYaVDI%3D/3/full.json?AWSAccessKeyId=AKIAJRDFEY23UEVW42BQ&amp;Expires=1415344005&amp;Signature=EhpqOxh8g7dVngKl2qDqbV6CFzg%3D</analysis_url><energy>0.53261</energy><liveness>0.072353</liveness><tempo>154.978</tempo><speechiness>0.235561</speechiness><acousticness>0.048228</acousticness><instrumentalness>0.000314</instrumentalness><mode>0</mode><time_signature>4</time_signature><duration>233.95329</duration><loudness>-11.847</loudness><audio_md5 /><valence>0.880559</valence><danceability>0.783568</danceability></audio_summary><title>Do My Jackie Chan (feat. Loe)</title></song><song><artist_id>ARUSSQT1382574633B</artist_id><artist_name>Ayo Beatz</artist_name><id>SOHWVKU145B44334E3</id><audio_summary><key>6</key><analysis_url>http://echonest-analysis.s3.amazonaws.com/TR/SvZPJQ4CXA7X1BA2veXZJpZxZizqrMHcyTkj1MGhRHKYrM8UZJaZx0dSOwG4MFjBwKws3mIDXkYv2yjK4%3D/3/full.json?AWSAccessKeyId=AKIAJRDFEY23UEVW42BQ&amp;Expires=1415344005&amp;Signature=2BS5t7vFmj2t7RqB54zPgTU3Zx4%3D</analysis_url><energy>0.752377</energy><liveness>0.16313</liveness><tempo>118.065</tempo><speechiness>0.121181</speechiness><acousticness>0.109147</acousticness><instrumentalness>0.0</instrumentalness><mode>0</mode><time_signature>4</time_signature><duration>266.44023</duration><loudness>-6.3</loudness><audio_md5 /><valence>0.402763</valence><danceability>0.751021</danceability></audio_summary><title>Appreciated (feat. Ard Adz, Sho Shallow, Maxsta &amp; Sir Apollo)</title></song><song><artist_id>ARUSSQT1382574633B</artist_id><artist_name>Ayo Beatz</artist_name><id>SOVZUQC1445231838A</id><audio_summary><key>6</key><analysis_url>http://echonest-analysis.s3.amazonaws.com/TR/xouhmgttNICXdaBAJbI6ysie3ycYgLfKvxbbxVvCW8Q_Dk34swEm6ECrrZM-iWiFFY55Jp3yvy9BYYvxk%3D/3/full.json?AWSAccessKeyId=AKIAJRDFEY23UEVW42BQ&amp;Expires=1415344005&amp;Signature=NsqhOXTmFPEp92%2BSHecYGN6lVF4%3D</analysis_url><energy>0.893858</energy><liveness>0.273623</liveness><tempo>118.06</tempo><speechiness>0.112724</speechiness><acousticness>0.143472</acousticness><instrumentalness>0.0</instrumentalness><mode>0</mode><time_signature>4</time_signature><duration>266.66621</duration><loudness>-4.616</loudness><audio_md5 /><valence>0.420925</valence><danceability>0.723109</danceability></audio_summary><title>Appreciated (feat. Ard Adz, Shallow, Sir Apollo &amp; Maxsta)</title></song><song><artist_id>ARNVGUP12B3B352F10</artist_id><artist_name>Ayo Chen</artist_name><id>SOSKAFN1311AFDEC31</id><audio_summary><key>5</key><analysis_url>http://echonest-analysis.s3.amazonaws.com/TR/a9ayMwcKFX2vbxQ4vSLhDds2kT9mNpZsAMXKVSLRB0eFFChEmm7o9fk2O2RXpzSvN9ULay7Q41TCX-cK8%3D/3/full.json?AWSAccessKeyId=AKIAJRDFEY23UEVW42BQ&amp;Expires=1415344005&amp;Signature=HB8FTm/KDWOinPTaXlJb7ciGcqA%3D</analysis_url><energy>0.430336</energy><liveness>0.101984</liveness><tempo>94.974</tempo><speechiness>0.038722</speechiness><acousticness>0.410433</acousticness><instrumentalness>0.754936</instrumentalness><mode>0</mode><time_signature>4</time_signature><duration>209.69034</duration><loudness>-13.616</loudness><audio_md5 /><valence>0.034502</valence><danceability>0.644054</danceability></audio_summary><title>The Truth Of Love (Ai De Zheng Xiang)</title></song></songs></response>