<response><status><version>4.2</version><code>0</code><message>Success</message></status><songs><song><artist_id>ARTJHE61187FB3696E</artist_id><artist_name>Beanie Sigel</artist_name><id>SOAHKIF13134395E29</id><audio_summary><key>1</key><analysis_url>http://echonest-analysis.s3.amazonaws.com/TR/F2NGHAZRgkz1FgG22XHXBLRik31et8NMPKl1xBY73T867FdAJz6jQQB-nrMR7Odyyc9K1ttWGKIPV4cnU%3D/3/full.json?AWSAccessKeyId=AKIAJRDFEY23UEVW42BQ&amp;Expires=1415344105&amp;Signature=kPJ4zWkIEZQZODgyx3%2Bbsyhco3g%3D</analysis_url><energy>0.953424</energy><liveness>0.062058</liveness><tempo>193.838</tempo><speechiness>0.43133</speechiness><acousticness>0.181119</acousticness><instrumentalness>0.0</instrumentalness><mode>1</mode><time_signature>4</time_signature><duration>198.59955</duration><loudness>-2.01</loudness><audio_md5 /><valence>0.505933</valence><danceability>0.534867</danceability></audio_summary><title>U Ain't Ready 4 Me</title></song><song><artist_id>ARTJHE61187FB3696E</artist_id><artist_name>Beanie Sigel</artist_name><id>SOAHEFP1312A8A3D90</id><audio_summary><key>1</key><analysis_url>http://echonest-analysis.s3.amazonaws.com/TR/TkpbPQAFNNYeVLEip_6xsvMmu0uePfpc1fR7W-6pP8c7evSwnYHEuFgSyCqdpagEBpSmiwIvbcKdsUQlk%3D/3/full.json?AWSAccessKeyId=AKIAJRDFEY23UEVW42BQ&amp;Expires=1415344105&amp;Signature=rZ7zjPHcYdSQdPOqzCEPDKYQBcY%3D</analysis_url><energy>0.592112</energy><liveness>0.423272</liveness><tempo>97.156</tempo><speechiness>0.435449</speechiness><acousticness>0.134987</acousticness><instrumentalness>0.0</instrumentalness><mode>1</mode><time_signature>4</time_signature><duration>70.02621</duration><loudness>-12.535</loudness><audio_md5 /><valence>0.6491</valence><danceability>0.702275</danceability></audio_summary><title>Clue (Freestyle)</title></song><song><artist_id>ARTJHE61187FB3696E</artist_id><artist_name>Beanie Sigel</artist_name><id>SOSOBOY13167717EE7</id><audio_summary><key>7</key><analysis_url>http://echonest-analysis.s3.amazonaws.com/TR/e8a1vw09NqvpQnM7IDXXP5fbAIly0AWSK78MKlNkoncIVwHFoav0HMhh2P-haky0Hbd2R7q5VY_9QY2Oo%3D/3/full.json?AWSAccessKeyId=AKIAJRDFEY23UEVW42BQ&amp;Expires=1415344105&amp;Signature=KNUO/h4IqWjMrg%2BMLnfKuMiIsjI%3D</analysis_url><energy>0.850032</energy><liveness>0.128427</liveness><tempo>95.976</tempo><speechiness>0.350096</speechiness><acousticness>0.002734</acousticness><instrumentalness>0.0</instrumentalness><mode>1</mode><time_signature>4</time_signature><duration>325.12254</duration><loudness>-5.948</loudness><audio_md5 /><valence>0.548058</valence><danceability>0.780683</danceability></audio_summary><title>B Boy</title></song><song><artist_id>ARTJHE61187FB3696E</artist_id><artist_name>Beanie Sigel</artist_name><id>SOAIQYL1313438993F</id><audio_summary><key>6</key><analysis_url>http://echonest-analysis.s3.amazonaws.com/TR/KmJm-QVaJx-mgVEgvjPlhfNByr3xqqsU4Ul5mqH-s-R204NufRtqUbZcrUwZoeMXS7TKqJgB_KflAcTqU%3D/3/full.json?AWSAccessKeyId=AKIAJRDFEY23UEVW42BQ&amp;Expires=1415344105&amp;Signature=OnR8aeVztJr/whSm0Y3wdbs5SD4%3D</analysis_url><energy>0.752708</energy><liveness>0.225068</liveness><tempo>186.098</tempo><speechiness>0.495764</speechiness><acousticness>0.38053</acousticness><instrumentalness>0.0</instrumentalness><mode>1</mode><time_signature>4</time_signature><duration>196.27955</duration><loudness>-10.265</loudness><audio_md5 /><valence>0.812268</valence><danceability>0.579086</danceability></audio_summary><title>Liberty Bell</title></song><song><artist_id>ARTJHE61187FB3696E</artist_id><artist_name>Beanie Sigel</artist_name><id>SOFROUV1357EEFAB5B</id><audio_summary><key>4</key><analysis_url>http://echonest-analysis.s3.amazonaws.com/TR/zfAgagyFgoNO3LLqebVDoAiktUYd-MBXih2yXr/3/full.json?AWSAccessKeyId=AKIAJRDFEY23UEVW42BQ&amp;Expires=1415344105&amp;Signature=n4RFNb3Myk%2BAJlzflbYHH/QUJS8%3D</analysis_url><energy>0.861109</energy><liveness>0.431769</liveness><tempo>98.45</tempo><speechiness>0.343371</speechiness><acousticness>0.008046</acousticness><instrumentalness>0.0</instrumentalness><mode>0</mode><time_signature>4</time_signature><duration>160.57469</duration><loudness>-4.786</loudness><audio_md5 /><valence>0.348096</valence><danceability>0.635865</danceability></audio_summary><title>Before The Solution</title></song><song><artist_id>ARTJHE61187FB3696E</artist_id><artist_name>Beanie Sigel</artist_name><id>SOQOSSE1311AFDB03E</id><audio_summary><key>6</key><analysis_url>http://echonest-analysis.s3.amazonaws.com/TR/dXmrVgogouXe9H8nxUOEr1RV-GcSZexJrStqd5/3/full.json?AWSAccessKeyId=AKIAJRDFEY23UEVW42BQ&amp;Expires=1415344105&amp;Signature=tQLyXGiJH5irzkv3RvwyxLDJLvc%3D</analysis_url><energy>0.684651</energy><liveness>0.267553</liveness><tempo>79.151</tempo><speechiness>0.184574</speechiness><acousticness>0.008063</acousticness><instrumentalness>0.0</instrumentalness><mode>1</mode><time_signature>4</time_signature><duration>114.41633</duration><loudness>-8.471</loudness><audio_md5 /><valence>0.853692</valence><danceability>0.73129</danceability></audio_summary><title>Before The Solution</title></song><song><artist_id>ARTJHE61187FB3696E</artist_id><artist_name>Beanie Sigel</artist_name><id>SOYFSTX13DC42347F0</id><audio_summary><key>7</key><analysis_url>http://echonest-analysis.s3.amazonaws.com/TR/uoJlCAUZbrRKxLgOwqaFDXcXMsWSRIi5mXdrClCNrApNRZ7MYvau1FKPJqN_riPKzQJZFphOOO2DO2XfE%3D/3/full.json?AWSAccessKeyId=AKIAJRDFEY23UEVW42BQ&amp;Expires=1415344105&amp;Signature=Mw3PDkWsivhzoP1/JJrxzUVYFHA%3D</analysis_url><energy>0.731583</energy><liveness>0.186005</liveness><tempo>83.998</tempo><speechiness>0.144382</speechiness><acousticness>0.006489</acousticness><instrumentalness>1e-06</instrumentalness><mode>1</mode><time_signature>4</time_signature><duration>169.03406</duration><loudness>-5.381</loudness><audio_md5 /><valence>0.198506</valence><danceability>0.744303</danceability></audio_summary><title>The Show Must Go On</title></song><song><artist_id>ARTJHE61187FB3696E</artist_id><artist_name>Beanie Sigel</artist_name><id>SOECUOY13DC420C397</id><audio_summary><key>11</key><analysis_url>http://echonest-analysis.s3.amazonaws.com/TR/gFQlbgjJxVtQID4duUokF3xHd1OppQnLcrDaKxYjwHNytW9mSB8-dciV1a14RMtNMfG5aK_-YnmFd6foQ%3D/3/full.json?AWSAccessKeyId=AKIAJRDFEY23UEVW42BQ&amp;Expires=1415344105&amp;Signature=PTLVPxlRsKfZ0Sv7k3OBSVUtwc4%3D</analysis_url><energy>0.681403</energy><liveness>0.216388</liveness><tempo>99.985</tempo><speechiness>0.095122</speechiness><acousticness>0.182843</acousticness><instrumentalness>3.8e-05</instrumentalness><mode>0</mode><time_signature>4</time_signature><duration>326.20218</duration><loudness>-8.698</loudness><audio_md5 /><valence>0.479932</valence><danceability>0.620102</danceability></audio_summary><title>This Time (Extended Mix)</title></song><song><artist_id>ARTJHE61187FB3696E</artist_id><artist_name>Beanie Sigel</artist_name><id>SOCWTGV13DC420513C</id><audio_summary><key>2</key><analysis_url>http://echonest-analysis.s3.amazonaws.com/TR/77z8CgWR1MZTEMH2qbsXc8v8QazSAID1a3vvRBlf7aCGM5hS0geQ8mZYNX4L44aHt_KGe2r2ltkmGuZLE%3D/3/full.json?AWSAccessKeyId=AKIAJRDFEY23UEVW42BQ&amp;Expires=1415344105&amp;Signature=dMmSjtsCymRTVdLJWjljyawQXvQ%3D</analysis_url><energy>0.952975</energy><liveness>0.07617</liveness><tempo>91.536</tempo><speechiness>0.265052</speechiness><acousticness>0.009901</acousticness><instrumentalness>0.0</instrumentalness><mode>1</mode><time_signature>4</time_signature><duration>323.67302</duration><loudness>-5.25</loudness><audio_md5 /><valence>0.526997</valence><danceability>0.753232</danceability></audio_summary><title>Payback</title></song><song><artist_id>ARTJHE61187FB3696E</artist_id><artist_name>Beanie Sigel</artist_name><id>SOWUCJO13DC415EB45</id><audio_summary><key>4</key><analysis_url>http://echonest-analysis.s3.amazonaws.com/TR/Zu0znALqUcZQyW9XUvvc6nk-OwsOdnm43frMIelHWJIS0dLjhnyvco7zFOWmTOjW2PNDedW9zs62J3jsI%3D/3/full.json?AWSAccessKeyId=AKIAJRDFEY23UEVW42BQ&amp;Expires=1415344105&amp;Signature=uJh3bNumgkZQj9tJ3swXmkzWqYI%3D</analysis_url><energy>0.797014</energy><liveness>0.084685</liveness><tempo>100.028</tempo><speechiness>0.262776</speechiness><acousticness>0.006095</acousticness><instrumentalness>0.0</instrumentalness><mode>0</mode><time_signature>4</time_signature><duration>240.99955</duration><loudness>-6.582</loudness><audio_md5>60a78b5848de64d4eabfa8500ca53ef7</audio_md5><valence>0.587898</valence><danceability>0.790075</danceability></audio_summary><title>I Go Off</title></song><song><artist_id>ARTJHE61187FB3696E</artist_id><artist_name>Beanie Sigel</artist_name><id>SOSJLQR13DC4205245</id><audio_summary><key>1</key><analysis_url>http://echonest-analysis.s3.amazonaws.com/TR/aw5t8w6ZpPpkyED13GzMmbmhDIq9FF94SMkjccEZMZCEsrwNiRrfIwOjEfo3fHrviDgnHFRab2ci5atNk%3D/3/full.json?AWSAccessKeyId=AKIAJRDFEY23UEVW42BQ&amp;Expires=1415344105&amp;Signature=ofT/BJhjNpoIu382h7kDsuXGgRM%3D</analysis_url><energy>0.917345</energy><liveness>0.044793</liveness><tempo>127.627</tempo><speechiness>0.337409</speechiness><acousticness>0.444939</acousticness><instrumentalness>0.0</instrumentalness><mode>1</mode><time_signature>5</time_signature><duration>186.179</duration><loudness>-6.756</loudness><audio_md5>8c2e94094c904c4a1d2925ea216c0494</audio_md5><valence>0.610931</valence><danceability>0.707592</danceability></audio_summary><title>Break Beat Free Style</title></song><song><artist_id>ARTJHE61187FB3696E</artist_id><artist_name>Beanie Sigel</artist_name><id>SOKQMEE13DC418803D</id><audio_summary><key>2</key><analysis_url>http://echonest-analysis.s3.amazonaws.com/TR/U2PqzQTH2s_A8so8YEVw0DrHxgSOpZ6qO0fYdJ3kDY4ci7cjG1PzWWSo7cNvd27cuifrdcwszGSrOO75k%3D/3/full.json?AWSAccessKeyId=AKIAJRDFEY23UEVW42BQ&amp;Expires=1415344105&amp;Signature=lkH8O%2Bdf1%2BWrk9xpC/fvPMmTu1A%3D</analysis_url><energy>0.779676</energy><liveness>0.16826</liveness><tempo>134.117</tempo><speechiness>0.323712</speechiness><acousticness>0.004108</acousticness><instrumentalness>0.0</instrumentalness><mode>1</mode><time_signature>5</time_signature><duration>157.72776</duration><loudness>-6.302</loudness><audio_md5>63f6bc6054cc2302a0de365d183a9971</audio_md5><valence>0.374884</valence><danceability>0.614181</danceability></audio_summary><title>Industry</title></song><song><artist_id>ARTJHE61187FB3696E</artist_id><artist_name>Beanie Sigel</artist_name><id>SOAYOLW12AB0186346</id><audio_summary><key>1</key><analysis_url>http://echonest-analysis.s3.amazonaws.com/TR/C-uwMAL_KCGit9HvUtTp_EhUUObxKhuwMDO-wcSvgVOPV3bCGvAUi3HhQbGQF_uXX6XT4T0wZ6XQV5gS4%3D/3/full.json?AWSAccessKeyId=AKIAJRDFEY23UEVW42BQ&amp;Expires=1415344105&amp;Signature=Rr4FslKMg00YOeMIQJOTV%2B4pgs0%3D</analysis_url><energy>0.65217</energy><liveness>0.163893</liveness><tempo>85.433</tempo><speechiness>0.322086</speechiness><acousticness>0.067668</acousticness><instrumentalness>0.0</instrumentalness><mode>1</mode><time_signature>4</time_signature><duration>277.17288</duration><loudness>-4.585</loudness><audio_md5 /><valence>0.373183</valence><danceability>0.602516</danceability></audio_summary><title>You Over Did It</title></song><song><artist_id>ARTJHE61187FB3696E</artist_id><artist_name>Beanie Sigel</artist_name><id>SOAVIOY131343A4A36</id><audio_summary><key>7</key><analysis_url>http://echonest-analysis.s3.amazonaws.com/TR/rv8o1Qruf0M2r69qttIubY0Wl-Bl7ySKiGxxCW3zei5zpdZCjkeQnVTRfeeTIevb3yog9LhRsw7_hTDYw%3D/3/full.json?AWSAccessKeyId=AKIAJRDFEY23UEVW42BQ&amp;Expires=1415344105&amp;Signature=XOHpmQluEPND7X%2BVRXmCMZOKVeA%3D</analysis_url><energy>0.49297</energy><liveness>0.258203</liveness><tempo>88.312</tempo><speechiness>0.378689</speechiness><acousticness>0.040394</acousticness><instrumentalness>0.0</instrumentalness><mode>1</mode><time_signature>4</time_signature><duration>134.81288</duration><loudness>-9.411</loudness><audio_md5 /><valence>0.707505</valence><danceability>0.580502</danceability></audio_summary><title>Put You On The Beans</title></song><song><artist_id>ARTJHE61187FB3696E</artist_id><artist_name>Beanie Sigel</artist_name><id>SOBBAYJ1312A8A5D47</id><audio_summary><key>8</key><analysis_url>http://echonest-analysis.s3.amazonaws.com/TR/ae7hWwuvOFJ_sofrLjaH7qVaysldpISaJq2070/3/full.json?AWSAccessKeyId=AKIAJRDFEY23UEVW42BQ&amp;Expires=1415344105&amp;Signature=0eC7KH3709xumYP4JsrNe9eb0BQ%3D</analysis_url><energy>0.54972</energy><liveness>0.137838</liveness><tempo>85.59</tempo><speechiness>0.26277</speechiness><acousticness>0.005458</acousticness><instrumentalness>0.0</instrumentalness><mode>1</mode><time_signature>4</time_signature><duration>190.98122</duration><loudness>-8.972</loudness><audio_md5 /><valence>0.211345</valence><danceability>0.651079</danceability></audio_summary><title>Survivor</title></song><song><artist_id>ARTJHE61187FB3696E</artist_id><artist_name>Beanie Sigel</artist_name><id>SOAQRKF1315CD475BF</id><audio_summary><key>10</key><analysis_url>http://echonest-analysis.s3.amazonaws.com/TR/oeKWQgrJPnVL-flO4cshJBNPFHhFArbvKrsD02XEkp652TgxaATyevxPL0KhCIhLilniUM174u3VBLUDw%3D/3/full.json?AWSAccessKeyId=AKIAJRDFEY23UEVW42BQ&amp;Expires=1415344105&amp;Signature=kNeQ1F3QGSVyuxcGKMsKuM/Lb7A%3D</analysis_url><energy>0.842822</energy><liveness>0.165004</liveness><tempo>154.03</tempo><speechiness>0.285674</speechiness><acousticness>0.035626</acousticness><instrumentalness>0.0</instrumentalness><mode>0</mode><time_signature>4</time_signature><duration>338.47955</duration><loudness>-3.721</loudness><audio_md5 /><valence>0.718567</valence><danceability>0.69801</danceability></audio_summary><title>Rain (Bridge) featuring Scarface, Raheem DeVaughn (Album Version (Explicit))</title></song><song><artist_id>ARTJHE61187FB3696E</artist_id><artist_name>Beanie Sigel</artist_name><id>SOAOMSM12AF729DF0E</id><audio_summary><key>10</key><analysis_url>http://echonest-analysis.s3.amazonaws.com/TR/jVHuvw3f3nxqym4SOzYF0FBZk_2PoVymlhDAjmyQtUQ8ba1D15cYuJIqrVnsp4rNvbFn5jMdGCnOsyvtM%3D/3/full.json?AWSAccessKeyId=AKIAJRDFEY23UEVW42BQ&amp;Expires=1415344105&amp;Signature=32H2wiQ888WbdefsEuQbRpK8tg4%3D</analysis_url><energy>0.770992</energy><liveness>0.081176</liveness><tempo>95.088</tempo><speechiness>0.356869</speechiness><acousticness>0.157616</acousticness><instrumentalness>0.0</instrumentalness><mode>0</mode><time_signature>4</time_signature><duration>221.77288</duration><loudness>-5.689</loudness><audio_md5 /><valence>0.530517</valence><danceability>0.820391</danceability></audio_summary><title>Fresh Ta Def (feat. Young Chris)</title></song><song><artist_id>ARTJHE61187FB3696E</artist_id><artist_name>Beanie Sigel</artist_name><id>SOAMVCZ1312A8AC496</id><audio_summary><key>7</key><analysis_url>http://echonest-analysis.s3.amazonaws.com/TR/FwplagG5ZLBOFAu3zheAfUkpGm8UHDBSuNWOsgxN4nPv0rb2UWM5zkohdoQMuqgJ7Ghk7Fbw5uVhToYqE%3D/3/full.json?AWSAccessKeyId=AKIAJRDFEY23UEVW42BQ&amp;Expires=1415344105&amp;Signature=fyiU4QifjJCTxUVfMvlim019o7o%3D</analysis_url><energy>0.843358</energy><liveness>0.212811</liveness><tempo>96.411</tempo><speechiness>0.343942</speechiness><acousticness>0.18193</acousticness><instrumentalness>1e-06</instrumentalness><mode>1</mode><time_signature>4</time_signature><duration>114.03955</duration><loudness>-8.057</loudness><audio_md5 /><valence>0.590394</valence><danceability>0.726556</danceability></audio_summary><title>Quiet Storm</title></song><song><artist_id>ARTJHE61187FB3696E</artist_id><artist_name>Beanie Sigel</artist_name><id>SOARJAG1377D0059AD</id><audio_summary><key>1</key><analysis_url>http://echonest-analysis.s3.amazonaws.com/TR/DfG0tgivGwEF0HxtD-6ho5RyzOYR4V0IGug9FE/3/full.json?AWSAccessKeyId=AKIAJRDFEY23UEVW42BQ&amp;Expires=1415344105&amp;Signature=0D8Tm03YclUqVUrd8P93tHCcJ4o%3D</analysis_url><energy>0.556913</energy><liveness>0.304868</liveness><tempo>0.0</tempo><speechiness>0.89845</speechiness><acousticness>0.173166</acousticness><instrumentalness>0.580399</instrumentalness><mode>1</mode><time_signature>0</time_signature><duration>17.89388</duration><loudness>-16.687</loudness><audio_md5 /><valence>0.0</valence><danceability>0.0</danceability></audio_summary><title>#1 In Philly</title></song><song><artist_id>ARTJHE61187FB3696E</artist_id><artist_name>Beanie Sigel</artist_name><id>SOEXKJW131343A5328</id><audio_summary><key>1</key><analysis_url>http://echonest-analysis.s3.amazonaws.com/TR/sHaKuQhk1IrQoy0kCCQnAgScBztRdbenD2OWQBqssK2Cdudt3-bQ8AiqnwpfVxnLzdn98Dk-oxC3LWaa4%3D/3/full.json?AWSAccessKeyId=AKIAJRDFEY23UEVW42BQ&amp;Expires=1415344105&amp;Signature=c/gfKBeBc2t%2BzCw3wkwlhZL3Qss%3D</analysis_url><energy>0.505037</energy><liveness>0.351982</liveness><tempo>101.012</tempo><speechiness>0.339559</speechiness><acousticness>0.023391</acousticness><instrumentalness>0.0</instrumentalness><mode>1</mode><time_signature>4</time_signature><duration>56.65288</duration><loudness>-11.613</loudness><audio_md5 /><valence>0.566295</valence><danceability>0.766795</danceability></audio_summary><title>So What You Saying?</title></song><song><artist_id>ARTJHE61187FB3696E</artist_id><artist_name>Beanie Sigel</artist_name><id>SOYUIYO1315CD48415</id><audio_summary><key>11</key><analysis_url>http://echonest-analysis.s3.amazonaws.com/TR/JZ3fCA1KSNMmH_dFSvA-j8PODkM2WOsLWKIkyQemNlMHykI5VhnGC4oJCz4jiJma71texSpvgLGiVwV1s%3D/3/full.json?AWSAccessKeyId=AKIAJRDFEY23UEVW42BQ&amp;Expires=1415344105&amp;Signature=j5eoF3BuU4J6TCLtE8HEpDhy7h8%3D</analysis_url><energy>0.892596</energy><liveness>0.373859</liveness><tempo>100.582</tempo><speechiness>0.288345</speechiness><acousticness>0.016399</acousticness><instrumentalness>2.4e-05</instrumentalness><mode>0</mode><time_signature>4</time_signature><duration>306.53288</duration><loudness>-2.928</loudness><audio_md5 /><valence>0.416875</valence><danceability>0.837965</danceability></audio_summary><title>So What You Saying (Album Version (Explicit))</title></song><song><artist_id>ARTJHE61187FB3696E</artist_id><artist_name>Beanie Sigel</artist_name><id>SOAWDRA13CF4F6DE44</id><audio_summary><key>1</key><analysis_url>http://echonest-analysis.s3.amazonaws.com/TR/MTO-Nwb442f0bhc4q7MLNbSItq6J10z1NBWAS7N9CeXb51bi1P3cf3NWOIFhdEJXrGFsOXMyIIuLFl4ic%3D/3/full.json?AWSAccessKeyId=AKIAJRDFEY23UEVW42BQ&amp;Expires=1415344105&amp;Signature=WUsGQekqD1kzbKSLyoNT/rjIkHI%3D</analysis_url><energy>0.505923</energy><liveness>0.220788</liveness><tempo>134.013</tempo><speechiness>0.08201</speechiness><acousticness>0.22927</acousticness><instrumentalness>0.0</instrumentalness><mode>1</mode><time_signature>4</time_signature><duration>202.69288</duration><loudness>-8.527</loudness><audio_md5 /><valence>0.628652</valence><danceability>0.776711</danceability></audio_summary><title>Intro</title></song><song><artist_id>ARTJHE61187FB3696E</artist_id><artist_name>Beanie Sigel</artist_name><id>SOAWOQC12A8AE4886C</id><audio_summary><key>9</key><analysis_url>http://echonest-analysis.s3.amazonaws.com/TR/UeMoRgAwlv3NKOBZJ1idW2s6mRPxwrEVwn4jrU9toD4zzOiJYUfIqUgj0PBLwyxB5TPCmq6kmg7y18BWk%3D/3/full.json?AWSAccessKeyId=AKIAJRDFEY23UEVW42BQ&amp;Expires=1415344105&amp;Signature=IdaTtBdzGRd9tC8Z4os1aRY1P54%3D</analysis_url><energy>0.952697</energy><liveness>0.109711</liveness><tempo>92.401</tempo><speechiness>0.394789</speechiness><acousticness>0.03113</acousticness><instrumentalness>0.0</instrumentalness><mode>0</mode><time_signature>4</time_signature><duration>215.79955</duration><loudness>-2.487</loudness><audio_md5 /><valence>0.334956</valence><danceability>0.651307</danceability></audio_summary><title>The Day (Album Version (Explicit))</title></song><song><artist_id>ARTJHE61187FB3696E</artist_id><artist_name>Beanie Sigel</artist_name><id>SOAESXF13718081FEA</id><audio_summary><key>9</key><analysis_url>http://echonest-analysis.s3.amazonaws.com/TR/0p8-hgkaivNI_MuBZcc54O9KQxN1470hFDxSlpH50xrPBstOq8v1GgDxAmAWHGua65QUBegM0pHPhC5cI%3D/3/full.json?AWSAccessKeyId=AKIAJRDFEY23UEVW42BQ&amp;Expires=1415344105&amp;Signature=fOrwWBrRp/HW3bIUDNQXnlnuWOg%3D</analysis_url><energy>0.578647</energy><liveness>0.27966</liveness><tempo>99.186</tempo><speechiness>0.367341</speechiness><acousticness>0.018484</acousticness><instrumentalness>0.0</instrumentalness><mode>0</mode><time_signature>4</time_signature><duration>215.99955</duration><loudness>-12.887</loudness><audio_md5 /><valence>0.591982</valence><danceability>0.699915</danceability></audio_summary><title>Sicker Than Your Average</title></song><song><artist_id>ARTJHE61187FB3696E</artist_id><artist_name>Beanie Sigel</artist_name><id>SOWOCDF13CF4F5E712</id><audio_summary><key>6</key><analysis_url>http://echonest-analysis.s3.amazonaws.com/TR/V9FO6QuYAp0cJAzSQVB5OXYPAvvtsy7plZScg8mqqJlE-eTilf1eSViC8g5pLFx7PCEHSVNqClvRArMUU%3D/3/full.json?AWSAccessKeyId=AKIAJRDFEY23UEVW42BQ&amp;Expires=1415344105&amp;Signature=5xqo56hcGq2PmcqiDq5hfXge6G4%3D</analysis_url><energy>0.709946</energy><liveness>0.116886</liveness><tempo>94.057</tempo><speechiness>0.38178</speechiness><acousticness>0.128574</acousticness><instrumentalness>0.0</instrumentalness><mode>1</mode><time_signature>4</time_signature><duration>300.19955</duration><loudness>-6.99</loudness><audio_md5 /><valence>0.613938</valence><danceability>0.737684</danceability></audio_summary><title>Sigel Is What They Call Me</title></song><song><artist_id>ARTJHE61187FB3696E</artist_id><artist_name>Beanie Sigel</artist_name><id>SOXSTVJ13CF4F5E76C</id><audio_summary><key>11</key><analysis_url>http://echonest-analysis.s3.amazonaws.com/TR/v9WwsQpbY0WQDkYOGJ7YDWXo1jR8Urd6zAWVetWy6XdVLarG86p4loF_Ku-pq571cit9oA_mOImPsgwxI%3D/3/full.json?AWSAccessKeyId=AKIAJRDFEY23UEVW42BQ&amp;Expires=1415344105&amp;Signature=R0gOwovu6T%2BCF%2BImlj7mGgJqsHM%3D</analysis_url><energy>0.78714</energy><liveness>0.082254</liveness><tempo>99.301</tempo><speechiness>0.194888</speechiness><acousticness>0.086994</acousticness><instrumentalness>2.8e-05</instrumentalness><mode>0</mode><time_signature>4</time_signature><duration>268.70621</duration><loudness>-5.848</loudness><audio_md5 /><valence>0.433619</valence><danceability>0.433159</danceability></audio_summary><title>This Time (feat. Oliver Laing)</title></song><song><artist_id>ARTJHE61187FB3696E</artist_id><artist_name>Beanie Sigel</artist_name><id>SOJTLWI131343A3214</id><audio_summary><key>11</key><analysis_url>http://echonest-analysis.s3.amazonaws.com/TR/fJsx3w_sl0pDA6DO7-BLyOycXZlFcUKFasTaOfXbgki6avjzo8RpYdoQsnkcgfQwA2M4ynoiyo81SK3gs%3D/3/full.json?AWSAccessKeyId=AKIAJRDFEY23UEVW42BQ&amp;Expires=1415344105&amp;Signature=Ogj7azckXyTluZZTnw5JVvA4UDE%3D</analysis_url><energy>0.773049</energy><liveness>0.050321</liveness><tempo>99.737</tempo><speechiness>0.231657</speechiness><acousticness>0.02076</acousticness><instrumentalness>0.0</instrumentalness><mode>1</mode><time_signature>4</time_signature><duration>196.20816</duration><loudness>-5.93</loudness><audio_md5 /><valence>0.439184</valence><danceability>0.741824</danceability></audio_summary><title>Philly's Finest feat. E. Ness &amp; Ms. Jones</title></song><song><artist_id>ARTJHE61187FB3696E</artist_id><artist_name>Beanie Sigel</artist_name><id>SOMVFEN12AB018B8B2</id><audio_summary><key>10</key><analysis_url>http://echonest-analysis.s3.amazonaws.com/TR/_Ahcjwz1QIF1dqFAl1_SxgvtxDTYO-nD19uFweCc3TvSRf3AAvNV7pyz3NoA_X8cosoo5HY8w46z2o2lU%3D/3/full.json?AWSAccessKeyId=AKIAJRDFEY23UEVW42BQ&amp;Expires=1415344105&amp;Signature=mc1QtEb966apQm9%2BnZ3orx575UE%3D</analysis_url><energy>0.930531</energy><liveness>0.330038</liveness><tempo>79.044</tempo><speechiness>0.458316</speechiness><acousticness>0.075111</acousticness><instrumentalness>0.0</instrumentalness><mode>0</mode><time_signature>4</time_signature><duration>159.75955</duration><loudness>-8.238</loudness><audio_md5 /><valence>0.568947</valence><danceability>0.456117</danceability></audio_summary><title>Freestyle</title></song><song><artist_id>ARTJHE61187FB3696E</artist_id><artist_name>Beanie Sigel</artist_name><id>SOTANGQ13D43FA24E7</id><audio_summary><key>11</key><analysis_url>http://echonest-analysis.s3.amazonaws.com/TR/JoqYpg1AbxmXAoNOrZykHb-40pHwMvveFyaVkT/3/full.json?AWSAccessKeyId=AKIAJRDFEY23UEVW42BQ&amp;Expires=1415344105&amp;Signature=SqQe/3i3yO/OrYNyjAk4m9t6p4M%3D</analysis_url><energy>0.857205</energy><liveness>0.874581</liveness><tempo>121.376</tempo><speechiness>0.481584</speechiness><acousticness>0.045386</acousticness><instrumentalness>0.0</instrumentalness><mode>1</mode><time_signature>3</time_signature><duration>138.34404</duration><loudness>-7.975</loudness><audio_md5 /><valence>0.699737</valence><danceability>0.484689</danceability></audio_summary><title>Roc Cafe (Feat. Memphis Bleek)</title></song><song><artist_id>ARTJHE61187FB3696E</artist_id><artist_name>Beanie Sigel</artist_name><id>SOKSWLI1311AFDAFD7</id><audio_summary><key>8</key><analysis_url>http://echonest-analysis.s3.amazonaws.com/TR/Bm0iXQwkrvm1ZTT0IDdNW3Nqzot855n3NK36to/3/full.json?AWSAccessKeyId=AKIAJRDFEY23UEVW42BQ&amp;Expires=1415344105&amp;Signature=XOX8TJa78NYNxufPe4G9XF/WzHE%3D</analysis_url><energy>0.911435</energy><liveness>0.183516</liveness><tempo>102.023</tempo><speechiness>0.239658</speechiness><acousticness>0.141725</acousticness><instrumentalness>0.0</instrumentalness><mode>0</mode><time_signature>4</time_signature><duration>141.76653</duration><loudness>-7.962</loudness><audio_md5 /><valence>0.60646</valence><danceability>0.711343</danceability></audio_summary><title>All Of The Above</title></song><song><artist_id>ARTJHE61187FB3696E</artist_id><artist_name>Beanie Sigel</artist_name><id>SONUECT14768BBE46F</id><audio_summary><key>8</key><analysis_url>http://echonest-analysis.s3.amazonaws.com/TR/w7ZDwwY2cGda9nxqvvKXOyOATPlPZrDt3hRAiDHz4dywrS6YPKYZ722FZ9XKibA-ivvihYY5bOusAUxPY%3D/3/full.json?AWSAccessKeyId=AKIAJRDFEY23UEVW42BQ&amp;Expires=1415344105&amp;Signature=bQq8F1o/c2l8nCWJk/jb7HZ5078%3D</analysis_url><energy>0.463068</energy><liveness>0.088746</liveness><tempo>84.643</tempo><speechiness>0.318318</speechiness><acousticness>0.028701</acousticness><instrumentalness>0.0</instrumentalness><mode>1</mode><time_signature>4</time_signature><duration>233.17433</duration><loudness>-13.327</loudness><audio_md5 /><valence>0.589219</valence><danceability>0.715388</danceability></audio_summary><title>Philly's Finest feat. E. Ness &amp; Ms. Jones</title></song><song><artist_id>ARTJHE61187FB3696E</artist_id><artist_name>Beanie Sigel</artist_name><id>SOPJKIW13134396FF8</id><audio_summary><key>9</key><analysis_url>http://echonest-analysis.s3.amazonaws.com/TR/Bejcygo-AeLtE-zJNTmTcTYUYQ3aHSFPF6XlOx/3/full.json?AWSAccessKeyId=AKIAJRDFEY23UEVW42BQ&amp;Expires=1415344105&amp;Signature=lBd6n4SJGP0ceAh7Iv3vHiOT8dA%3D</analysis_url><energy>0.948877</energy><liveness>0.384986</liveness><tempo>97.078</tempo><speechiness>0.424495</speechiness><acousticness>0.175982</acousticness><instrumentalness>0.0</instrumentalness><mode>1</mode><time_signature>4</time_signature><duration>177.37143</duration><loudness>-3.074</loudness><audio_md5 /><valence>0.587468</valence><danceability>0.633421</danceability></audio_summary><title>You Ain't Ready For Me</title></song><song><artist_id>ARTJHE61187FB3696E</artist_id><artist_name>Beanie Sigel</artist_name><id>SOHJVRZ1315CD47AE2</id><audio_summary><key>7</key><analysis_url>http://echonest-analysis.s3.amazonaws.com/TR/aVgghgqxRqORaT7I6IPUzmv_kGpZY32JGXAIzL4gi_cC6ZYAUB-K-Iz7v1Y9-BudWMf59kOmkzvVULyFs%3D/3/full.json?AWSAccessKeyId=AKIAJRDFEY23UEVW42BQ&amp;Expires=1415344105&amp;Signature=0MT8/KM9N2ZzV/MniE1ihjzrjOw%3D</analysis_url><energy>0.756852</energy><liveness>0.090963</liveness><tempo>99.979</tempo><speechiness>0.32605</speechiness><acousticness>0.074739</acousticness><instrumentalness>0.0</instrumentalness><mode>1</mode><time_signature>4</time_signature><duration>253.26621</duration><loudness>-4.5</loudness><audio_md5 /><valence>0.847098</valence><danceability>0.883027</danceability></audio_summary><title>For My N***az</title></song><song><artist_id>ARTJHE61187FB3696E</artist_id><artist_name>Beanie Sigel</artist_name><id>SOESYAO13731950216</id><audio_summary><key>5</key><analysis_url>http://echonest-analysis.s3.amazonaws.com/TR/CH8K3w-pJX97APdWuWj20UzDA_RMUokixb6YLVxJ4sX3Sl8DweyOQPU7tveq2HiGVkLPTH_rUpUswozvw%3D/3/full.json?AWSAccessKeyId=AKIAJRDFEY23UEVW42BQ&amp;Expires=1415344105&amp;Signature=JrKJSfw7wMqgPojvmFC0QVA3ri4%3D</analysis_url><energy>0.920061</energy><liveness>0.086901</liveness><tempo>90.253</tempo><speechiness>0.314122</speechiness><acousticness>0.035414</acousticness><instrumentalness>0.0</instrumentalness><mode>0</mode><time_signature>4</time_signature><duration>226.77288</duration><loudness>-2.743</loudness><audio_md5 /><valence>0.732018</valence><danceability>0.587162</danceability></audio_summary><title>Watch Your B****</title></song><song><artist_id>ARTJHE61187FB3696E</artist_id><artist_name>Beanie Sigel</artist_name><id>SOBCACN12AB018AE33</id><audio_summary><key>11</key><analysis_url>http://echonest-analysis.s3.amazonaws.com/TR/Ekd-YQ9uXVS9GWthmMyJ5DCxQN0q3tbVDRUrbgy42TxAnsy1cMunJM3kvUuL67MRtgf1LHu3HtL_YLMIE%3D/3/full.json?AWSAccessKeyId=AKIAJRDFEY23UEVW42BQ&amp;Expires=1415344105&amp;Signature=ZJvBvEDZ7c3x8GRdqoGRFs7Pu24%3D</analysis_url><energy>0.638724</energy><liveness>0.100692</liveness><tempo>94.009</tempo><speechiness>0.346976</speechiness><acousticness>0.135788</acousticness><instrumentalness>0.000716</instrumentalness><mode>0</mode><time_signature>4</time_signature><duration>215.34621</duration><loudness>-11.367</loudness><audio_md5 /><valence>0.564119</valence><danceability>0.762204</danceability></audio_summary><title>Problem</title></song><song><artist_id>ARTJHE61187FB3696E</artist_id><artist_name>Beanie Sigel</artist_name><id>SOEPIJG1315CD46798</id><audio_summary><key>1</key><analysis_url>http://echonest-analysis.s3.amazonaws.com/TR/pjghiwKIfMO57x8VEbvo8kpY6KC12Zsh2mF_xnTizzq2OZrmhjxRNIPeG6FX_ghfsflsFNIs59M9_vGvo%3D/3/full.json?AWSAccessKeyId=AKIAJRDFEY23UEVW42BQ&amp;Expires=1415344105&amp;Signature=Hivt/ypY2%2B83zwi/98LJXfuk564%3D</analysis_url><energy>0.781804</energy><liveness>0.169007</liveness><tempo>91.006</tempo><speechiness>0.26732</speechiness><acousticness>0.35149</acousticness><instrumentalness>0.0</instrumentalness><mode>1</mode><time_signature>4</time_signature><duration>192.90621</duration><loudness>-3.775</loudness><audio_md5 /><valence>0.643079</valence><danceability>0.847926</danceability></audio_summary><title>I'm In (Album Version (Explicit))</title></song><song><artist_id>ARTJHE61187FB3696E</artist_id><artist_name>Beanie Sigel</artist_name><id>SOEECQW12AB0180C4D</id><audio_summary><key>6</key><analysis_url>http://echonest-analysis.s3.amazonaws.com/TR/PTZ3PgL_86GRZdnt0LnwdGBb-FdGVw5MoZLXWxozsWbMxv7xsxZk8ZVLqkFlST2uqPIsOZjolQpuBXubc%3D/3/full.json?AWSAccessKeyId=AKIAJRDFEY23UEVW42BQ&amp;Expires=1415344105&amp;Signature=XOYyFbJ0vYuIqbLjWaMA%2Bt6JxsU%3D</analysis_url><energy>0.814185</energy><liveness>0.354167</liveness><tempo>77.984</tempo><speechiness>0.243234</speechiness><acousticness>0.11698</acousticness><instrumentalness>9e-06</instrumentalness><mode>0</mode><time_signature>4</time_signature><duration>225.11955</duration><loudness>-3.902</loudness><audio_md5 /><valence>0.626096</valence><danceability>0.740371</danceability></audio_summary><title>Prayer featuring Raheem DeVaughn (Album Version (Explicit))</title></song><song><artist_id>ARTJHE61187FB3696E</artist_id><artist_name>Beanie Sigel</artist_name><id>SOCYIXC12AB018632D</id><audio_summary><key>2</key><analysis_url>http://echonest-analysis.s3.amazonaws.com/TR/YO86dQ8H5s8G_DaDi41K7qDtohDIGMDWN-nyYI-w5JhQ5BUZC5j6wg7lYk2DdgcJRR2AIkOvHvR88PauM%3D/3/full.json?AWSAccessKeyId=AKIAJRDFEY23UEVW42BQ&amp;Expires=1415344105&amp;Signature=tamr7rMeKABTXBtY9XzKAtU9jGY%3D</analysis_url><energy>0.492236</energy><liveness>0.079433</liveness><tempo>79.775</tempo><speechiness>0.262532</speechiness><acousticness>0.004244</acousticness><instrumentalness>0.0</instrumentalness><mode>1</mode><time_signature>4</time_signature><duration>195.26621</duration><loudness>-12.847</loudness><audio_md5 /><valence>0.381319</valence><danceability>0.703846</danceability></audio_summary><title>Bang Bang</title></song><song><artist_id>ARTJHE61187FB3696E</artist_id><artist_name>Beanie Sigel</artist_name><id>SODWORF12A5883940F</id><audio_summary><key>1</key><analysis_url>http://echonest-analysis.s3.amazonaws.com/TR/VyV84AoaYwj8Mfhetsb7WduvChEddP4CUvplmudq8AeLmM2O_auW1a5msgesxl6qXwEZYk3013yBQrtVs%3D/3/full.json?AWSAccessKeyId=AKIAJRDFEY23UEVW42BQ&amp;Expires=1415344105&amp;Signature=/xnCmXnso7EhEI82H%2BGg6NwWwCM%3D</analysis_url><energy>0.768822</energy><liveness>0.200498</liveness><tempo>97.994</tempo><speechiness>0.206253</speechiness><acousticness>0.007131</acousticness><instrumentalness>0.0</instrumentalness><mode>1</mode><time_signature>4</time_signature><duration>213.33288</duration><loudness>-6.397</loudness><audio_md5 /><valence>0.66529</valence><danceability>0.73946</danceability></audio_summary><title>Shake It For Me</title></song><song><artist_id>ARTJHE61187FB3696E</artist_id><artist_name>Beanie Sigel</artist_name><id>SOBSNNA1313438FECA</id><audio_summary><key>0</key><analysis_url>http://echonest-analysis.s3.amazonaws.com/TR/zkAocARuljOBsH8C2hjZx_VfTeyZ-bm_u-8zS-5mB7Kj3scxaR-cx2uN1951J8GDTB4JIGRTuFoZ-F7W0%3D/3/full.json?AWSAccessKeyId=AKIAJRDFEY23UEVW42BQ&amp;Expires=1415344105&amp;Signature=6%2BLbydwdG6VH2KrwYnS1AsdN3wo%3D</analysis_url><energy>0.548164</energy><liveness>0.10951</liveness><tempo>85.029</tempo><speechiness>0.297546</speechiness><acousticness>0.026657</acousticness><instrumentalness>0.0</instrumentalness><mode>1</mode><time_signature>4</time_signature><duration>159.27955</duration><loudness>-5.364</loudness><audio_md5 /><valence>0.509241</valence><danceability>0.823591</danceability></audio_summary><title>Return Of The Chain Gang (feat. Young Chris)</title></song><song><artist_id>ARTJHE61187FB3696E</artist_id><artist_name>Beanie Sigel</artist_name><id>SOAIPFW12AF72A96AA</id><audio_summary><key>10</key><analysis_url>http://echonest-analysis.s3.amazonaws.com/TR/Oyb_xAPXPnn26DhPIAtTOWfPfuT0qc9C-Mm7dUE_reVwkL_56mJ1mWCN9mN8fbBaaoaaH1yzshxAYjqrs%3D/3/full.json?AWSAccessKeyId=AKIAJRDFEY23UEVW42BQ&amp;Expires=1415344105&amp;Signature=Bx5g2Nv6AKe4dOVePe0H6hsh9ao%3D</analysis_url><energy>0.789501</energy><liveness>0.18877</liveness><tempo>94.083</tempo><speechiness>0.311189</speechiness><acousticness>0.528187</acousticness><instrumentalness>1e-06</instrumentalness><mode>0</mode><time_signature>3</time_signature><duration>198.53288</duration><loudness>-5.325</loudness><audio_md5>160f2b223a03e0cfaa23e256068705c8</audio_md5><valence>0.30754</valence><danceability>0.736805</danceability></audio_summary><title>Dear Self (Can I Talk To You)</title></song><song><artist_id>ARTJHE61187FB3696E</artist_id><artist_name>Beanie Sigel</artist_name><id>SOOSGRN13D43F78FA1</id><audio_summary><key>9</key><analysis_url>http://echonest-analysis.s3.amazonaws.com/TR/ZGkWpArtR3qhHsIcaF2w_A2M0mkk_DD-PUw-fr/3/full.json?AWSAccessKeyId=AKIAJRDFEY23UEVW42BQ&amp;Expires=1415344105&amp;Signature=eWKN6eizyNl4%2BuJUF%2B97MA8F5IQ%3D</analysis_url><energy>0.936669</energy><liveness>0.348722</liveness><tempo>80.769</tempo><speechiness>0.470977</speechiness><acousticness>0.26675</acousticness><instrumentalness>0.0</instrumentalness><mode>0</mode><time_signature>4</time_signature><duration>177.49288</duration><loudness>-3.369</loudness><audio_md5 /><valence>0.635194</valence><danceability>0.479222</danceability></audio_summary><title>You Ain't Ready For Me</title></song><song><artist_id>ARTJHE61187FB3696E</artist_id><artist_name>Beanie Sigel</artist_name><id>SONFVPH1311AFE49DB</id><audio_summary><key>10</key><analysis_url>http://echonest-analysis.s3.amazonaws.com/TR/1hoV_w1Md-YFhqMUEGs0DoBwEtgoIF9kGSw1TJ/3/full.json?AWSAccessKeyId=AKIAJRDFEY23UEVW42BQ&amp;Expires=1415344105&amp;Signature=5dalDBMW7nEfbHngAJy%2BhNzjIYY%3D</analysis_url><energy>0.881092</energy><liveness>0.875595</liveness><tempo>106.624</tempo><speechiness>0.461303</speechiness><acousticness>0.023027</acousticness><instrumentalness>0.0</instrumentalness><mode>0</mode><time_signature>4</time_signature><duration>138.18776</duration><loudness>-7.741</loudness><audio_md5 /><valence>0.695079</valence><danceability>0.497665</danceability></audio_summary><title>Roc Cafe (Feat. Memphis Bleek)</title></song><song><artist_id>ARTJHE61187FB3696E</artist_id><artist_name>Beanie Sigel</artist_name><id>SOBGYKN13DC42412EC</id><audio_summary><key>5</key><analysis_url>http://echonest-analysis.s3.amazonaws.com/TR/-tcLVAuuO8obt7Dt_ighS3ekVBFmGlRd5KOk2j1SldichNZUx_CyoMb2iWRW2RZtrj6dkLgUZV8Z7wL_c%3D/3/full.json?AWSAccessKeyId=AKIAJRDFEY23UEVW42BQ&amp;Expires=1415344105&amp;Signature=CsdykNyxWXlcvIvbYTOveVLfuDs%3D</analysis_url><energy>0.783353</energy><liveness>0.303</liveness><tempo>99.978</tempo><speechiness>0.174513</speechiness><acousticness>0.06229</acousticness><instrumentalness>0.0</instrumentalness><mode>1</mode><time_signature>4</time_signature><duration>142.49955</duration><loudness>-5.458</loudness><audio_md5 /><valence>0.477613</valence><danceability>0.643192</danceability></audio_summary><title>The Demons</title></song><song><artist_id>ARTJHE61187FB3696E</artist_id><artist_name>Beanie Sigel</artist_name><id>SODBONX13DC42056F6</id><audio_summary><key>1</key><analysis_url>http://echonest-analysis.s3.amazonaws.com/TR/wy8iTwIwL8BDiJ04792IaKjejOv3are84EONUfCtWDtQH-w6opW6SHxxWPdHf3oy6eGPX01BVdq8uq2fY%3D/3/full.json?AWSAccessKeyId=AKIAJRDFEY23UEVW42BQ&amp;Expires=1415344105&amp;Signature=1VOCJu1C2tIMp/X58g7pJR051BM%3D</analysis_url><energy>0.85502</energy><liveness>0.030651</liveness><tempo>100.051</tempo><speechiness>0.073803</speechiness><acousticness>0.09853</acousticness><instrumentalness>1.2e-05</instrumentalness><mode>1</mode><time_signature>4</time_signature><duration>216.89374</duration><loudness>-7.354</loudness><audio_md5 /><valence>0.9061</valence><danceability>0.785733</danceability></audio_summary><title>Children Are The Future</title></song><song><artist_id>ARTJHE61187FB3696E</artist_id><artist_name>Beanie Sigel</artist_name><id>SOPOSIP13DC420C278</id><audio_summary><key>2</key><analysis_url>http://echonest-analysis.s3.amazonaws.com/TR/zCgnXQvHjXzonBlXMjTEaXqI-wuZLuMf_R3t045Uzgy4oJBsJbDORErdCcw45SnNTkpMifLxCIVSNHhN0%3D/3/full.json?AWSAccessKeyId=AKIAJRDFEY23UEVW42BQ&amp;Expires=1415344105&amp;Signature=mfm/vLW7qWzgh5%2BEnFCAjGwWHTA%3D</analysis_url><energy>0.658298</energy><liveness>0.060388</liveness><tempo>176.162</tempo><speechiness>0.243798</speechiness><acousticness>0.001765</acousticness><instrumentalness>0.0</instrumentalness><mode>1</mode><time_signature>4</time_signature><duration>203.27256</duration><loudness>-7.097</loudness><audio_md5 /><valence>0.655852</valence><danceability>0.688333</danceability></audio_summary><title>The Ignorant</title></song><song><artist_id>ARTJHE61187FB3696E</artist_id><artist_name>Beanie Sigel</artist_name><id>SOXHBTQ13129A91C3B</id><audio_summary><key>8</key><analysis_url>http://echonest-analysis.s3.amazonaws.com/TR/UBCz7g779b7mioIOeufGAvTVe4VXdvvl8zXW1D/3/full.json?AWSAccessKeyId=AKIAJRDFEY23UEVW42BQ&amp;Expires=1415344105&amp;Signature=O/RESqrXkNdgVPXPTTjjQRyO1Vw%3D</analysis_url><energy>0.841224</energy><liveness>0.230912</liveness><tempo>100.567</tempo><speechiness>0.306829</speechiness><acousticness>0.004129</acousticness><instrumentalness>2.8e-05</instrumentalness><mode>0</mode><time_signature>4</time_signature><duration>103.18367</duration><loudness>-9.634</loudness><audio_md5 /><valence>0.767967</valence><danceability>0.855701</danceability></audio_summary><title>4-5-6 (Feat. Foxy Brown)</title></song><song><artist_id>ARTJHE61187FB3696E</artist_id><artist_name>Beanie Sigel</artist_name><id>SOBZVLD1312A8AA99B</id><audio_summary><key>7</key><analysis_url>http://echonest-analysis.s3.amazonaws.com/TR/4en7Vw7E2n2wPxSwOxoadhuvnnEgxQi7PCxK5zEv1XzBfkMP3wLsJK6Z391Cuf9xYXLlSyHZseockndm8%3D/3/full.json?AWSAccessKeyId=AKIAJRDFEY23UEVW42BQ&amp;Expires=1415344105&amp;Signature=oZxPSeEl8rEw8IYHTuk2RqrLZYM%3D</analysis_url><energy>0.530315</energy><liveness>0.158697</liveness><tempo>89.894</tempo><speechiness>0.411145</speechiness><acousticness>0.093509</acousticness><instrumentalness>0.0</instrumentalness><mode>1</mode><time_signature>4</time_signature><duration>209.69288</duration><loudness>-12.179</loudness><audio_md5 /><valence>0.537333</valence><danceability>0.734534</danceability></audio_summary><title>Rush</title></song><song><artist_id>ARTJHE61187FB3696E</artist_id><artist_name>Beanie Sigel</artist_name><id>SOGWESS13D9456FFA9</id><audio_summary><key>7</key><analysis_url>http://echonest-analysis.s3.amazonaws.com/TR/ljyQRgt22sOA97vUjQ5iJO6ahRvWCUXqtav-yjCrlq22JrxD0P_gjf2BUVwwcF53rC-oypJvYVTRMofow%3D/3/full.json?AWSAccessKeyId=AKIAJRDFEY23UEVW42BQ&amp;Expires=1415344105&amp;Signature=e%2BBbGB0FOaAJE%2BSzzSYQuwVEYD0%3D</analysis_url><energy>0.667347</energy><liveness>0.101854</liveness><tempo>89.52</tempo><speechiness>0.35604</speechiness><acousticness>0.026505</acousticness><instrumentalness>0.0</instrumentalness><mode>1</mode><time_signature>4</time_signature><duration>216.49955</duration><loudness>-7.165</loudness><audio_md5 /><valence>0.523142</valence><danceability>0.531303</danceability></audio_summary><title>Rush</title></song><song><artist_id>ARTJHE61187FB3696E</artist_id><artist_name>Beanie Sigel</artist_name><id>SOAIMVO12A8AE48864</id><audio_summary><key>4</key><analysis_url>http://echonest-analysis.s3.amazonaws.com/TR/QKSXZQr_GgVp5Ul7tGy_SIKTyEgjlG8AH2u-RQ/3/full.json?AWSAccessKeyId=AKIAJRDFEY23UEVW42BQ&amp;Expires=1415344105&amp;Signature=AYWHvAgJ%2Bem%2BvEKHrBARVy2Dfjg%3D</analysis_url><energy>0.702608</energy><liveness>0.101507</liveness><tempo>172.186</tempo><speechiness>0.329236</speechiness><acousticness>0.129524</acousticness><instrumentalness>0.0</instrumentalness><mode>0</mode><time_signature>4</time_signature><duration>270.06803</duration><loudness>-4.648</loudness><audio_md5 /><valence>0.449125</valence><danceability>0.676398</danceability></audio_summary><title>Go Low featuring R.City (Album Version (Explicit))</title></song><song><artist_id>ARTJHE61187FB3696E</artist_id><artist_name>Beanie Sigel</artist_name><id>SOYYJZW1311AFD5E8D</id><audio_summary><key>7</key><analysis_url>http://echonest-analysis.s3.amazonaws.com/TR/hIGnqAjb_wxVzrIcyQ_TFIJiHSSAZfIaF88wk_/3/full.json?AWSAccessKeyId=AKIAJRDFEY23UEVW42BQ&amp;Expires=1415344105&amp;Signature=20cQQL3Bphf1H/sJ4vOTdSnOqaA%3D</analysis_url><energy>0.572959</energy><liveness>0.363693</liveness><tempo>88.36</tempo><speechiness>0.31721</speechiness><acousticness>0.037039</acousticness><instrumentalness>0.0</instrumentalness><mode>1</mode><time_signature>4</time_signature><duration>239.09878</duration><loudness>-9.755</loudness><audio_md5 /><valence>0.482594</valence><danceability>0.769804</danceability></audio_summary><title>Go Low</title></song><song><artist_id>ARTJHE61187FB3696E</artist_id><artist_name>Beanie Sigel</artist_name><id>SOJXRGG1474511D71C</id><audio_summary><key>6</key><analysis_url>http://echonest-analysis.s3.amazonaws.com/TR/aIsBpQtt1rMcXAZTiixXcCIhEyASiETRAIvJngkLcYCLecTp-zSJuhp9TZlIwlmzC1GMhEpurdFxu_yX4%3D/3/full.json?AWSAccessKeyId=AKIAJRDFEY23UEVW42BQ&amp;Expires=1415344105&amp;Signature=tnKRbOK1Z/myyPO2%2B4u12X/wkYM%3D</analysis_url><energy>0.65835</energy><liveness>0.111832</liveness><tempo>101.913</tempo><speechiness>0.295529</speechiness><acousticness>0.007081</acousticness><instrumentalness>0.0</instrumentalness><mode>1</mode><time_signature>4</time_signature><duration>156.54621</duration><loudness>-9.196</loudness><audio_md5 /><valence>0.906094</valence><danceability>0.808908</danceability></audio_summary><title>Kill a Jigga</title></song><song><artist_id>ARTJHE61187FB3696E</artist_id><artist_name>Beanie Sigel</artist_name><id>SOWBOJH13721FCA4A7</id><audio_summary><key>5</key><analysis_url>http://echonest-analysis.s3.amazonaws.com/TR/VEq1FA-QeidEKJuJCOYVeoyPIDr8Dx2A9g_fQMcrgrtXhuY60eoz9uhuDqsgo8hyAdsrxfUPxDJrkAKUc%3D/3/full.json?AWSAccessKeyId=AKIAJRDFEY23UEVW42BQ&amp;Expires=1415344105&amp;Signature=cZtYp4PbiBfornGjGzT9UgTaR/M%3D</analysis_url><energy>0.698436</energy><liveness>0.416468</liveness><tempo>88.016</tempo><speechiness>0.381154</speechiness><acousticness>0.370482</acousticness><instrumentalness>0.0</instrumentalness><mode>1</mode><time_signature>4</time_signature><duration>422.06621</duration><loudness>-12.828</loudness><audio_md5>136588a4e7c3a0fa3d066046a5e54f8f</audio_md5><valence>0.424707</valence><danceability>0.764855</danceability></audio_summary><title>Average Cat (Jay Z Diss)</title></song><song><artist_id>ARTJHE61187FB3696E</artist_id><artist_name>Beanie Sigel</artist_name><id>SOKKTWU13DC420542A</id><audio_summary><key>7</key><analysis_url>http://echonest-analysis.s3.amazonaws.com/TR/1mRapg5sW8jOhaqFYpz2ehi3kHiNzeNThruSDeoEpe-UbFQUbT94NVw8yd61wKoXBSM6j1TxoZTDLfgrs%3D/3/full.json?AWSAccessKeyId=AKIAJRDFEY23UEVW42BQ&amp;Expires=1415344105&amp;Signature=9NpFYwEqIhDzIiqo%2BB7ejt/EAqQ%3D</analysis_url><energy>0.692421</energy><liveness>0.257468</liveness><tempo>95.977</tempo><speechiness>0.343606</speechiness><acousticness>0.000745</acousticness><instrumentalness>1e-06</instrumentalness><mode>1</mode><time_signature>4</time_signature><duration>370.76794</duration><loudness>-8.482</loudness><audio_md5>4f68052dc391113e5cc7fb63efb875bf</audio_md5><valence>0.394114</valence><danceability>0.659686</danceability></audio_summary><title>B Boy Stance</title></song><song><artist_id>ARTJHE61187FB3696E</artist_id><artist_name>Beanie Sigel</artist_name><id>SOIPOJT1313438D202</id><audio_summary><key>1</key><analysis_url>http://echonest-analysis.s3.amazonaws.com/TR/EdvohwrGAeAAtW2W0SulDYdUolCYEBgf_OE0n-/3/full.json?AWSAccessKeyId=AKIAJRDFEY23UEVW42BQ&amp;Expires=1415344105&amp;Signature=LgLoEwslad/KtCncTluDPiZjk6k%3D</analysis_url><energy>0.759523</energy><liveness>0.118876</liveness><tempo>96.491</tempo><speechiness>0.280675</speechiness><acousticness>0.004747</acousticness><instrumentalness>0.0</instrumentalness><mode>0</mode><time_signature>4</time_signature><duration>86.8049</duration><loudness>-8.44</loudness><audio_md5>84b74f251dbfd78bea296e3fae3ad8f0</audio_md5><valence>0.644789</valence><danceability>0.820302</danceability></audio_summary><title>When You Hear That (Feat. Peedi Crack)</title></song><song><artist_id>ARTJHE61187FB3696E</artist_id><artist_name>Beanie Sigel</artist_name><id>SOGRVVN1315CD4673D</id><audio_summary><key>1</key><analysis_url>http://echonest-analysis.s3.amazonaws.com/TR/zl3cNwCf0fAR65LiX88-rX-2ps6XVS0DZRpviTTEHG1tEx6xM0W1HvK1LoCY3VjUjJXlwG-689d--LzKg%3D/3/full.json?AWSAccessKeyId=AKIAJRDFEY23UEVW42BQ&amp;Expires=1415344105&amp;Signature=logBHPBayxtmnp454Vq24Z5K4b4%3D</analysis_url><energy>0.548105</energy><liveness>0.051746</liveness><tempo>101.515</tempo><speechiness>0.479242</speechiness><acousticness>0.31185</acousticness><instrumentalness>0.0</instrumentalness><mode>1</mode><time_signature>4</time_signature><duration>216.59528</duration><loudness>-8.825</loudness><audio_md5 /><valence>0.861787</valence><danceability>0.846222</danceability></audio_summary><title>Raw &amp; Uncut</title></song><song><artist_id>ARTJHE61187FB3696E</artist_id><artist_name>Beanie Sigel</artist_name><id>SOVWHPB13D951B1EFF</id><audio_summary><key>0</key><analysis_url>http://echonest-analysis.s3.amazonaws.com/TR/vaimtQOAJmTfPOk3Uzx5jStYNtvb6na3dFJkA_vnFff6Qp-AMHpMQO-goEC4l8u1Td6IIrpZ1oF4wkKZc%3D/3/full.json?AWSAccessKeyId=AKIAJRDFEY23UEVW42BQ&amp;Expires=1415344105&amp;Signature=tGPnS1J0Lw/Do0OkYYzZ0K/IqyA%3D</analysis_url><energy>0.863116</energy><liveness>0.055359</liveness><tempo>92.191</tempo><speechiness>0.157591</speechiness><acousticness>0.078955</acousticness><instrumentalness>0.0</instrumentalness><mode>1</mode><time_signature>4</time_signature><duration>239.99955</duration><loudness>-6.609</loudness><audio_md5 /><valence>0.475218</valence><danceability>0.576533</danceability></audio_summary><title>Ready for War</title></song><song><artist_id>ARTJHE61187FB3696E</artist_id><artist_name>Beanie Sigel</artist_name><id>SOUQKCG137310A3F63</id><audio_summary><key>7</key><analysis_url>http://echonest-analysis.s3.amazonaws.com/TR/KXvi5A6o7DRxnJSHVNdb1vLc1LGUiqzTPPS_ne44xOsEHZNltBQbR-LBJ3785_Mb5afuJqRrk7pHUJo_k%3D/3/full.json?AWSAccessKeyId=AKIAJRDFEY23UEVW42BQ&amp;Expires=1415344105&amp;Signature=HBsIEqoCiET1JEZIZaBRCEnsmbw%3D</analysis_url><energy>0.62834</energy><liveness>0.355709</liveness><tempo>80.344</tempo><speechiness>0.242601</speechiness><acousticness>0.006456</acousticness><instrumentalness>4e-06</instrumentalness><mode>1</mode><time_signature>4</time_signature><duration>238.55955</duration><loudness>-3.832</loudness><audio_md5 /><valence>0.695287</valence><danceability>0.747281</danceability></audio_summary><title>H.H.E.H. (Album Version (Explicit))</title></song><song><artist_id>ARTJHE61187FB3696E</artist_id><artist_name>Beanie Sigel</artist_name><id>SOFLJSQ1312A8ACA02</id><audio_summary><key>2</key><analysis_url>http://echonest-analysis.s3.amazonaws.com/TR/t_IX6wkHw3kE28WCVIMppk3NAcjGt7CWUAQ3_q/3/full.json?AWSAccessKeyId=AKIAJRDFEY23UEVW42BQ&amp;Expires=1415344105&amp;Signature=Ng4XMkZeGOMwvUzONh/qIen5obg%3D</analysis_url><energy>0.820048</energy><liveness>0.11921</liveness><tempo>102.149</tempo><speechiness>0.311062</speechiness><acousticness>0.075968</acousticness><instrumentalness>0.0</instrumentalness><mode>1</mode><time_signature>4</time_signature><duration>303.04653</duration><loudness>-8.928</loudness><audio_md5 /><valence>0.696944</valence><danceability>0.763089</danceability></audio_summary><title>Reservoir Dogs (Feat. The Lox)</title></song><song><artist_id>ARTJHE61187FB3696E</artist_id><artist_name>Beanie Sigel</artist_name><id>SOFBMIO1312FDFBB7E</id><audio_summary><key>2</key><analysis_url>http://echonest-analysis.s3.amazonaws.com/TR/UR5QDAs0uvsjZwnIPxHrxVQM1uTsW1_jrBQVB0yNVjFTiqhKyt0bM8IQBHp8jmx9rCq6J9Np_x7F5qCyg%3D/3/full.json?AWSAccessKeyId=AKIAJRDFEY23UEVW42BQ&amp;Expires=1415344105&amp;Signature=%2BwQTXI3RGX9FmXQvj%2B1w5b6K5dY%3D</analysis_url><energy>0.872507</energy><liveness>0.050206</liveness><tempo>184.031</tempo><speechiness>0.461263</speechiness><acousticness>0.370689</acousticness><instrumentalness>0.0</instrumentalness><mode>1</mode><time_signature>4</time_signature><duration>239.15955</duration><loudness>-5.077</loudness><audio_md5>39620d6868595e0f631c5282177329e7</audio_md5><valence>0.553791</valence><danceability>0.47333</danceability></audio_summary><title>Ready For War (feat. Freeway &amp; Young Chris)</title></song><song><artist_id>ARTJHE61187FB3696E</artist_id><artist_name>Beanie Sigel</artist_name><id>SOEDXJD13CF4F7106D</id><audio_summary><key>1</key><analysis_url>http://echonest-analysis.s3.amazonaws.com/TR/Xak5_QgF-ezI_kEB9gLXbLP7nPUsudcNG5LokVObqS2VtJsXwPApZMpcKDm9kBwVUvAfg5xDmlYN-r0yc%3D/3/full.json?AWSAccessKeyId=AKIAJRDFEY23UEVW42BQ&amp;Expires=1415344105&amp;Signature=pDtK0QFCdh7zJ2m5pL/Qlph%2B38U%3D</analysis_url><energy>0.864272</energy><liveness>0.085688</liveness><tempo>125.925</tempo><speechiness>0.191325</speechiness><acousticness>0.005378</acousticness><instrumentalness>0.001083</instrumentalness><mode>1</mode><time_signature>5</time_signature><duration>248.17288</duration><loudness>-6.149</loudness><audio_md5 /><valence>0.544175</valence><danceability>0.603625</danceability></audio_summary><title>No Hook</title></song><song><artist_id>ARTJHE61187FB3696E</artist_id><artist_name>Beanie Sigel</artist_name><id>SOCOQFW12A6D4FA4C3</id><audio_summary><key>11</key><analysis_url>http://echonest-analysis.s3.amazonaws.com/TR/StNqpAKHNilQCKH_22cAwZl86nenbG8gpibjH7-7kTGp6v92hYw4SfniHjciOh6tsa8fXoxOYOErUeMWg%3D/3/full.json?AWSAccessKeyId=AKIAJRDFEY23UEVW42BQ&amp;Expires=1415344105&amp;Signature=HlFTbkdxe%2BFyIUmaD225sbqxzRI%3D</analysis_url><energy>0.884674</energy><liveness>0.024115</liveness><tempo>96.396</tempo><speechiness>0.275267</speechiness><acousticness>0.066141</acousticness><instrumentalness>0.0</instrumentalness><mode>0</mode><time_signature>4</time_signature><duration>245.13288</duration><loudness>-4.274</loudness><audio_md5 /><valence>0.692734</valence><danceability>0.834815</danceability></audio_summary><title>When You Hear That</title></song><song><artist_id>ARTJHE61187FB3696E</artist_id><artist_name>Beanie Sigel</artist_name><id>SOKKYMX13CF4F5FE0B</id><audio_summary><key>2</key><analysis_url>http://echonest-analysis.s3.amazonaws.com/TR/4bFtigkKpLYqF72vIWAQswH1uBUmMrgOqCBDedKHmI34Dj2w2XKOU4Ql7p3Ie9mxRZMYWnZcS4uWaf-0Y%3D/3/full.json?AWSAccessKeyId=AKIAJRDFEY23UEVW42BQ&amp;Expires=1415344105&amp;Signature=w0nW4Uw/ndzQmBg43krWOssOX14%3D</analysis_url><energy>0.599026</energy><liveness>0.210038</liveness><tempo>88.85</tempo><speechiness>0.33919</speechiness><acousticness>0.037465</acousticness><instrumentalness>0.0</instrumentalness><mode>1</mode><time_signature>4</time_signature><duration>228.13288</duration><loudness>-8.97</loudness><audio_md5>78b2fc587dc4fe541c2c9203bf5d714e</audio_md5><valence>0.605816</valence><danceability>0.72914</danceability></audio_summary><title>That's All I Know (feat. Akon)</title></song><song><artist_id>ARTJHE61187FB3696E</artist_id><artist_name>Beanie Sigel</artist_name><id>SOEDTSE1312FDFC6BC</id><audio_summary><key>1</key><analysis_url>http://echonest-analysis.s3.amazonaws.com/TR/Oucz1QH6QAVpSqH3RcnRe3lAJl7CMaq66tBooiO4F38YZWokF2Xp0daVWD9Dfr_96_QS-K0h13lAsLA70%3D/3/full.json?AWSAccessKeyId=AKIAJRDFEY23UEVW42BQ&amp;Expires=1415344105&amp;Signature=CxQA%2BstGW50%2B1SBcMB2eKPumtOM%3D</analysis_url><energy>0.597071</energy><liveness>0.251121</liveness><tempo>97.986</tempo><speechiness>0.298101</speechiness><acousticness>0.114736</acousticness><instrumentalness>0.0</instrumentalness><mode>1</mode><time_signature>4</time_signature><duration>159.10621</duration><loudness>-11.358</loudness><audio_md5>ce84a334ea260f5b5b9ecdd8d8a5f1ae</audio_md5><valence>0.41591</valence><danceability>0.700096</danceability></audio_summary><title>Return of the Bad Guy</title></song><song><artist_id>ARTJHE61187FB3696E</artist_id><artist_name>Beanie Sigel</artist_name><id>SOGFOTS1315CD47C7A</id><audio_summary><key>7</key><analysis_url>http://echonest-analysis.s3.amazonaws.com/TR/XlpJwwf7SNoiCw2owsI0vJ0cJt0qJe6AsBIqewbJFTyuRj7vSlc80CVEnsElrYWe9OFsqFtuETHrhBAg8%3D/3/full.json?AWSAccessKeyId=AKIAJRDFEY23UEVW42BQ&amp;Expires=1415344105&amp;Signature=ycOz6lcAPzNJ82e3UR%2BNOBKuweY%3D</analysis_url><energy>0.746355</energy><liveness>0.345442</liveness><tempo>89.913</tempo><speechiness>0.350131</speechiness><acousticness>0.112115</acousticness><instrumentalness>0.0</instrumentalness><mode>1</mode><time_signature>4</time_signature><duration>205.72834</duration><loudness>-3.958</loudness><audio_md5 /><valence>0.837013</valence><danceability>0.78913</danceability></audio_summary><title>Playa</title></song><song><artist_id>ARTJHE61187FB3696E</artist_id><artist_name>Beanie Sigel</artist_name><id>SONIMHU12AB018D67D</id><audio_summary><key>8</key><analysis_url>http://echonest-analysis.s3.amazonaws.com/TR/O6iB0gU7SmydRjtD8gl18yDEgvbL9Tky24hjmVa-DXDNYibw0mScq5iSpojqWW-SvFtu7UtXOnAHcAt48%3D/3/full.json?AWSAccessKeyId=AKIAJRDFEY23UEVW42BQ&amp;Expires=1415344105&amp;Signature=O%2Bbgc4x%2BgOV4bXTCcngyec%2B%2BUdk%3D</analysis_url><energy>0.810396</energy><liveness>0.301549</liveness><tempo>94.631</tempo><speechiness>0.053507</speechiness><acousticness>0.038026</acousticness><instrumentalness>0.000455</instrumentalness><mode>0</mode><time_signature>4</time_signature><duration>83.35955</duration><loudness>-5.404</loudness><audio_md5>dc811b2e568a69e4e1a4fb5be0948a28</audio_md5><valence>0.60933</valence><danceability>0.403865</danceability></audio_summary><title>Beanie</title></song><song><artist_id>ARTJHE61187FB3696E</artist_id><artist_name>Beanie Sigel</artist_name><id>SOKALOM12A58A77505</id><audio_summary><key>1</key><analysis_url>http://echonest-analysis.s3.amazonaws.com/TR/lC724AtmBQ9hnS_e3fD9nrhDIdISZmZlJXBqyB4Exdx2bS6blPX12hdKWHVbxA-KfNgSMC-RnkpLiDp-U%3D/3/full.json?AWSAccessKeyId=AKIAJRDFEY23UEVW42BQ&amp;Expires=1415344105&amp;Signature=nTIovdoT4XVw/y6Ne6sDKdwicSw%3D</analysis_url><energy>0.89189</energy><liveness>0.324768</liveness><tempo>178.154</tempo><speechiness>0.27506</speechiness><acousticness>0.031341</acousticness><instrumentalness>0.0</instrumentalness><mode>1</mode><time_signature>4</time_signature><duration>220.19955</duration><loudness>-4.044</loudness><audio_md5>1d6887c3f8d7a10209eb30f2e2f2d5cf</audio_md5><valence>0.61293</valence><danceability>0.679456</danceability></audio_summary><title>Gangsta, Gangsta</title></song><song><artist_id>ARTJHE61187FB3696E</artist_id><artist_name>Beanie Sigel</artist_name><id>SOEOMEW1311AFE99A0</id><audio_summary><key>4</key><analysis_url>http://echonest-analysis.s3.amazonaws.com/TR/ZFhHPAxb2fgF1RnxXgjplYQonTIQgagWNHnBvL/3/full.json?AWSAccessKeyId=AKIAJRDFEY23UEVW42BQ&amp;Expires=1415344105&amp;Signature=Mw9ujvt2bcBKt418OliIGY%2BVIA4%3D</analysis_url><energy>0.660052</energy><liveness>0.462324</liveness><tempo>81.858</tempo><speechiness>0.381037</speechiness><acousticness>0.009171</acousticness><instrumentalness>2e-06</instrumentalness><mode>1</mode><time_signature>4</time_signature><duration>215.98041</duration><loudness>-10.064</loudness><audio_md5>af7998da147917c8395f1f3f41a2f352</audio_md5><valence>0.478617</valence><danceability>0.548455</danceability></audio_summary><title>Wanted (Feat. Cam'ron)</title></song><song><artist_id>ARTJHE61187FB3696E</artist_id><artist_name>Beanie Sigel</artist_name><id>SOOSBST1315CD468FB</id><audio_summary><key>10</key><analysis_url>http://echonest-analysis.s3.amazonaws.com/TR/hGwwmwR-5IXH03OusZxuDYSVFYUfxh90OJfQj5UuOo8u53vjQj1ljSaLkBlVft93AJf8r3NSPI3L1cetY%3D/3/full.json?AWSAccessKeyId=AKIAJRDFEY23UEVW42BQ&amp;Expires=1415344105&amp;Signature=28mTMALX29fWh78WfD3qubmnFbU%3D</analysis_url><energy>0.724052</energy><liveness>0.111454</liveness><tempo>83.27</tempo><speechiness>0.329481</speechiness><acousticness>0.032883</acousticness><instrumentalness>0.0</instrumentalness><mode>0</mode><time_signature>4</time_signature><duration>247.29288</duration><loudness>-5.807</loudness><audio_md5>8b2ec9cff1f595e7863109ba23565da7</audio_md5><valence>0.638149</valence><danceability>0.74073</danceability></audio_summary><title>Gutted featuring JAY-Z (Album Version (Explicit))</title></song><song><artist_id>ARTJHE61187FB3696E</artist_id><artist_name>Beanie Sigel</artist_name><id>SOMRWQG131343971C1</id><audio_summary><key>10</key><analysis_url>http://echonest-analysis.s3.amazonaws.com/TR/1hLpkgJUnleaMxOra0JjnhS4uPcD32M0N1YunC/3/full.json?AWSAccessKeyId=AKIAJRDFEY23UEVW42BQ&amp;Expires=1415344105&amp;Signature=blu/Ujiy6iaf1Ap/7migvI9c1GQ%3D</analysis_url><energy>0.715702</energy><liveness>0.26417</liveness><tempo>83.196</tempo><speechiness>0.364879</speechiness><acousticness>0.013071</acousticness><instrumentalness>0.0</instrumentalness><mode>0</mode><time_signature>4</time_signature><duration>237.71429</duration><loudness>-6.63</loudness><audio_md5 /><valence>0.636751</valence><danceability>0.745446</danceability></audio_summary><title>Gutted</title></song><song><artist_id>ARTJHE61187FB3696E</artist_id><artist_name>Beanie Sigel</artist_name><id>SOJLDKY1371E3A3D26</id><audio_summary><key>9</key><analysis_url>http://echonest-analysis.s3.amazonaws.com/TR/3FOKWAfcde5iIGoBXpRgH7tc-Gw8Oi8np61879zJHkw18T2LHgdijEuN2LbykNRD-kTMA5vV8FL3sFbpA%3D/3/full.json?AWSAccessKeyId=AKIAJRDFEY23UEVW42BQ&amp;Expires=1415344105&amp;Signature=moq474yHQpEsSWreZty8G0Cp29o%3D</analysis_url><energy>0.871231</energy><liveness>0.384231</liveness><tempo>91.108</tempo><speechiness>0.378779</speechiness><acousticness>0.230543</acousticness><instrumentalness>0.0</instrumentalness><mode>0</mode><time_signature>4</time_signature><duration>254.99955</duration><loudness>-5.824</loudness><audio_md5>9db436e8c7ca675c356fcba960ce847c</audio_md5><valence>0.600305</valence><danceability>0.649695</danceability></audio_summary><title>Ride 4 My</title></song><song><artist_id>ARTJHE61187FB3696E</artist_id><artist_name>Beanie Sigel</artist_name><id>SOHTQFG1313438887F</id><audio_summary><key>1</key><analysis_url>http://echonest-analysis.s3.amazonaws.com/TR/19dLXAXCfXCeQfV4qKXhUxo3u3bAFs1Zm9jsPoC6aOzJbnIdtzN6tcAXtk8IjffWptUMPr1MlFa7IQJGY%3D/3/full.json?AWSAccessKeyId=AKIAJRDFEY23UEVW42BQ&amp;Expires=1415344105&amp;Signature=oFejcWo1aNZOgXLxosdf0dCE7ts%3D</analysis_url><energy>0.905782</energy><liveness>0.237293</liveness><tempo>95.892</tempo><speechiness>0.287583</speechiness><acousticness>0.033415</acousticness><instrumentalness>0.0</instrumentalness><mode>1</mode><time_signature>4</time_signature><duration>182.29288</duration><loudness>-5.851</loudness><audio_md5>4cde95a459b87d61b925b3ef2ec1c342</audio_md5><valence>0.741152</valence><danceability>0.725768</danceability></audio_summary><title>All For It</title></song><song><artist_id>ARTJHE61187FB3696E</artist_id><artist_name>Beanie Sigel</artist_name><id>SOAZWIM1312A8AA731</id><audio_summary><key>1</key><analysis_url>http://echonest-analysis.s3.amazonaws.com/TR/tPjwiActdcL6YudhMCyu8sXabMZVqfo9ivISeJRhLEd4iAOh5nMeM24bzZ784v9wqHUqHaSE0SHFiuwy0%3D/3/full.json?AWSAccessKeyId=AKIAJRDFEY23UEVW42BQ&amp;Expires=1415344105&amp;Signature=UK9RZrSfMEqayGjb2RokL5%2BAWWs%3D</analysis_url><energy>0.485952</energy><liveness>0.081541</liveness><tempo>103.99</tempo><speechiness>0.294623</speechiness><acousticness>0.020847</acousticness><instrumentalness>0.0</instrumentalness><mode>1</mode><time_signature>4</time_signature><duration>182.85288</duration><loudness>-11.629</loudness><audio_md5 /><valence>0.131258</valence><danceability>0.816151</danceability></audio_summary><title>Where’s My Opponent</title></song><song><artist_id>ARTJHE61187FB3696E</artist_id><artist_name>Beanie Sigel</artist_name><id>SOUUHBC131634A7BF7</id><audio_summary><key>1</key><analysis_url>http://echonest-analysis.s3.amazonaws.com/TR/zg0uqwl2F_8Or477XtJkovJfpr8Jxa6zeH0AAut9aus6zOfcsY-PIcu7kU466KzUyvPFt94qrBP7qxG5I%3D/3/full.json?AWSAccessKeyId=AKIAJRDFEY23UEVW42BQ&amp;Expires=1415344105&amp;Signature=9A6rrK%2BFABOocPCD73440iHSQto%3D</analysis_url><energy>0.605715</energy><liveness>0.293354</liveness><tempo>82.145</tempo><speechiness>0.337998</speechiness><acousticness>0.00306</acousticness><instrumentalness>2.4e-05</instrumentalness><mode>1</mode><time_signature>4</time_signature><duration>217.74621</duration><loudness>-12.007</loudness><audio_md5>2d578e3b74596d2e32483e163c7838d0</audio_md5><valence>0.507167</valence><danceability>0.86984</danceability></audio_summary><title>Peep The Steelo</title></song><song><artist_id>ARTJHE61187FB3696E</artist_id><artist_name>Beanie Sigel</artist_name><id>SOGMOTZ1315CD48C52</id><audio_summary><key>1</key><analysis_url>http://echonest-analysis.s3.amazonaws.com/TR/6eNkXw-nX0Xy9R05IbuwPwMHpsQ2OcCL0GnH1wo1eWwPTOcTNImRzv5swnCl04np8fQNONlGZ25w8gIa0%3D/3/full.json?AWSAccessKeyId=AKIAJRDFEY23UEVW42BQ&amp;Expires=1415344105&amp;Signature=oglXwgpm3j680Hyf%2BZxCrzLk4H8%3D</analysis_url><energy>0.817655</energy><liveness>0.050838</liveness><tempo>94.086</tempo><speechiness>0.289409</speechiness><acousticness>0.005005</acousticness><instrumentalness>0.0</instrumentalness><mode>1</mode><time_signature>4</time_signature><duration>260.03955</duration><loudness>-6.461</loudness><audio_md5 /><valence>0.336453</valence><danceability>0.441206</danceability></audio_summary><title>Tales Of A Hustler Pt. 2</title></song><song><artist_id>ARTJHE61187FB3696E</artist_id><artist_name>Beanie Sigel</artist_name><id>SOZREPH12AB017E376</id><audio_summary><key>1</key><analysis_url>http://echonest-analysis.s3.amazonaws.com/TR/a6f4lwvLv6fOE0_LnIKwFn7jxw3z4sDla-TffSCvrBAkkYC-wfxDAWDwuT-2UmaVOC8nK5ajjg3f01RV8%3D/3/full.json?AWSAccessKeyId=AKIAJRDFEY23UEVW42BQ&amp;Expires=1415344105&amp;Signature=S6PSeobDqbV6rgjlG9vetWCyNso%3D</analysis_url><energy>0.833859</energy><liveness>0.0539</liveness><tempo>92.354</tempo><speechiness>0.268826</speechiness><acousticness>0.008636</acousticness><instrumentalness>0.0</instrumentalness><mode>1</mode><time_signature>4</time_signature><duration>260.03955</duration><loudness>-5.743</loudness><audio_md5>ef1049dae9180ab73a4120ab0956fa85</audio_md5><valence>0.370309</valence><danceability>0.460734</danceability></audio_summary><title>Tales Of A Hustler Pt. 2</title></song><song><artist_id>ARTJHE61187FB3696E</artist_id><artist_name>Beanie Sigel</artist_name><id>SOFAJAS13CF4F81372</id><audio_summary><key>2</key><analysis_url>http://echonest-analysis.s3.amazonaws.com/TR/DJumYgtJ4jcCPPKFjSPG2vZYylKona9f3Y2Nj6RbscWATGlNmK6XBFiHyBeqWzucDbgPHHGG8fDe07AO0%3D/3/full.json?AWSAccessKeyId=AKIAJRDFEY23UEVW42BQ&amp;Expires=1415344105&amp;Signature=6pqpdHk7oshIdvx9//DO7xF8SGE%3D</analysis_url><energy>0.576306</energy><liveness>0.397137</liveness><tempo>81.043</tempo><speechiness>0.243921</speechiness><acousticness>0.019658</acousticness><instrumentalness>0.0</instrumentalness><mode>1</mode><time_signature>4</time_signature><duration>206.73288</duration><loudness>-7.999</loudness><audio_md5>8cae153635b6b1f47af67e20c368eae3</audio_md5><valence>0.331331</valence><danceability>0.790921</danceability></audio_summary><title>Bad Boy Mack</title></song><song><artist_id>ARTJHE61187FB3696E</artist_id><artist_name>Beanie Sigel</artist_name><id>SODCDBT1311AFD52C5</id><audio_summary><key>10</key><analysis_url>http://echonest-analysis.s3.amazonaws.com/TR/N_kvfQh-pEEXL3Zg00nj9NPUV0Z-UpwbkYqKeL/3/full.json?AWSAccessKeyId=AKIAJRDFEY23UEVW42BQ&amp;Expires=1415344105&amp;Signature=1tlhY3Uer2E6uJfudMGdK6yEunA%3D</analysis_url><energy>0.771908</energy><liveness>0.034364</liveness><tempo>84.703</tempo><speechiness>0.263906</speechiness><acousticness>0.147804</acousticness><instrumentalness>1e-06</instrumentalness><mode>0</mode><time_signature>4</time_signature><duration>205.00898</duration><loudness>-6.579</loudness><audio_md5 /><valence>0.681703</valence><danceability>0.752051</danceability></audio_summary><title>This Can't Be Life</title></song><song><artist_id>ARTJHE61187FB3696E</artist_id><artist_name>Beanie Sigel</artist_name><id>SOYBREH13DC42996AC</id><audio_summary><key>6</key><analysis_url>http://echonest-analysis.s3.amazonaws.com/TR/q-Lz1w75kWIHgvUSRrAViO7BLkk8RVACEnP5biFEWSmVD5wE3adRkLsY6wccfla_zxEk-y0NyMRZY4ED4%3D/3/full.json?AWSAccessKeyId=AKIAJRDFEY23UEVW42BQ&amp;Expires=1415344105&amp;Signature=2yB5LQYeNeD5/GilSrvEPT/blx4%3D</analysis_url><energy>0.926741</energy><liveness>0.054036</liveness><tempo>98.005</tempo><speechiness>0.430602</speechiness><acousticness>0.051211</acousticness><instrumentalness>0.0</instrumentalness><mode>1</mode><time_signature>4</time_signature><duration>256.79955</duration><loudness>-6.942</loudness><audio_md5 /><valence>0.352063</valence><danceability>0.636315</danceability></audio_summary><title>What Up</title></song><song><artist_id>ARTJHE61187FB3696E</artist_id><artist_name>Beanie Sigel</artist_name><id>SOSHESC147682331CF</id><audio_summary><key>1</key><analysis_url>http://echonest-analysis.s3.amazonaws.com/TR/JtKQBwYzzHNAta1HRiFmFDoVgaoyas9YGXH_jkkcBQN9z0NVxIjR2DsXWoiIv39LePvtq6ffK658HP9gE%3D/3/full.json?AWSAccessKeyId=AKIAJRDFEY23UEVW42BQ&amp;Expires=1415344105&amp;Signature=XkhVtAN8kAa1kMfoHc%2B%2B2dt97T8%3D</analysis_url><energy>0.367714</energy><liveness>0.141864</liveness><tempo>146.636</tempo><speechiness>0.413519</speechiness><acousticness>0.036838</acousticness><instrumentalness>3e-06</instrumentalness><mode>0</mode><time_signature>4</time_signature><duration>272.23029</duration><loudness>-17.409</loudness><audio_md5 /><valence>0.428559</valence><danceability>0.642091</danceability></audio_summary><title>Da Rain feat. Mook Jones</title></song><song><artist_id>ARTJHE61187FB3696E</artist_id><artist_name>Beanie Sigel</artist_name><id>SORUOGD1313439413D</id><audio_summary><key>7</key><analysis_url>http://echonest-analysis.s3.amazonaws.com/TR/V-7iCwRok7m3FU0nyZPY6iWi-MrpOX9k49UJZ3/3/full.json?AWSAccessKeyId=AKIAJRDFEY23UEVW42BQ&amp;Expires=1415344105&amp;Signature=8UfLEcnc9vzGqrSq3SWIavofo1k%3D</analysis_url><energy>0.776812</energy><liveness>0.427161</liveness><tempo>92.855</tempo><speechiness>0.37222</speechiness><acousticness>0.013051</acousticness><instrumentalness>0.0</instrumentalness><mode>1</mode><time_signature>4</time_signature><duration>62.61551</duration><loudness>-7.785</loudness><audio_md5 /><valence>0.750875</valence><danceability>0.724331</danceability></audio_summary><title>Gimme The Loot (Clinton Sparks Mix)</title></song><song><artist_id>ARTJHE61187FB3696E</artist_id><artist_name>Beanie Sigel</artist_name><id>SOTSKDB1311AFD68B8</id><audio_summary><key>1</key><analysis_url>http://echonest-analysis.s3.amazonaws.com/TR/NOGiIQwIrqaur8T-vhdXfM_b-JywWk0r9nizHr/3/full.json?AWSAccessKeyId=AKIAJRDFEY23UEVW42BQ&amp;Expires=1415344105&amp;Signature=8lKerCh6NQyWnvYbLLbUT0Hp4Vs%3D</analysis_url><energy>0.656434</energy><liveness>0.503117</liveness><tempo>92.143</tempo><speechiness>0.40176</speechiness><acousticness>0.000635</acousticness><instrumentalness>0.0</instrumentalness><mode>1</mode><time_signature>4</time_signature><duration>184.63347</duration><loudness>-9.582</loudness><audio_md5 /><valence>0.573648</valence><danceability>0.78721</danceability></audio_summary><title>More Money, More Cash</title></song><song><artist_id>ARTJHE61187FB3696E</artist_id><artist_name>Beanie Sigel</artist_name><id>SOTDKLS1315CD486B6</id><audio_summary><key>0</key><analysis_url>http://echonest-analysis.s3.amazonaws.com/TR/EYzbugYjMu1zvpTy85uv8Tv3XLSTRzkM8BDTaE6xoKO5l_lyeVtVaznPCYxsPh6RVvdrz-pFfClggUTe8%3D/3/full.json?AWSAccessKeyId=AKIAJRDFEY23UEVW42BQ&amp;Expires=1415344105&amp;Signature=F5tloYoiNfgMFrUd8vqjQMNIbYE%3D</analysis_url><energy>0.893684</energy><liveness>0.084071</liveness><tempo>76.631</tempo><speechiness>0.328272</speechiness><acousticness>0.015767</acousticness><instrumentalness>0.0</instrumentalness><mode>1</mode><time_signature>5</time_signature><duration>304.46621</duration><loudness>-4.044</loudness><audio_md5 /><valence>0.598969</valence><danceability>0.568536</danceability></audio_summary><title>It's On - Album Version (Edited)</title></song><song><artist_id>ARTJHE61187FB3696E</artist_id><artist_name>Beanie Sigel</artist_name><id>SOTFULZ1312FDFE4C9</id><audio_summary><key>7</key><analysis_url>http://echonest-analysis.s3.amazonaws.com/TR/FfJKCg6vj0CoWKlrzoZBkCW5IUZ_Z7JS0YDzk2/3/full.json?AWSAccessKeyId=AKIAJRDFEY23UEVW42BQ&amp;Expires=1415344105&amp;Signature=vqLTqksccru9v7Sz/aUGZsElMx0%3D</analysis_url><energy>0.868938</energy><liveness>0.12753</liveness><tempo>90.011</tempo><speechiness>0.321483</speechiness><acousticness>0.012284</acousticness><instrumentalness>4.6e-05</instrumentalness><mode>1</mode><time_signature>4</time_signature><duration>163.55265</duration><loudness>-4.919</loudness><audio_md5 /><valence>0.537235</valence><danceability>0.839292</danceability></audio_summary><title>The R.O.C.</title></song><song><artist_id>ARTJHE61187FB3696E</artist_id><artist_name>Beanie Sigel</artist_name><id>SOSYKHH13E99036B3C</id><audio_summary><key>10</key><analysis_url>http://echonest-analysis.s3.amazonaws.com/TR/3e4oWQC0jMMHHpbAxyaOuA2DOBfUaT5cI0VIqo5i0g-Z1JH7DUhX-ygvoj4FXCnEVUhd1HwwrIjZYZaWI%3D/3/full.json?AWSAccessKeyId=AKIAJRDFEY23UEVW42BQ&amp;Expires=1415344105&amp;Signature=ir0YaC2kzuVu6NvunjU4JvLpLx0%3D</analysis_url><energy>0.673978</energy><liveness>0.144331</liveness><tempo>84.154</tempo><speechiness>0.294558</speechiness><acousticness>0.00436</acousticness><instrumentalness>0.0</instrumentalness><mode>0</mode><time_signature>4</time_signature><duration>163.82621</duration><loudness>-5.301</loudness><audio_md5 /><valence>0.779944</valence><danceability>0.823353</danceability></audio_summary><title>Creep Low (Bonus Track (Edited))</title></song><song><artist_id>ARTJHE61187FB3696E</artist_id><artist_name>Beanie Sigel</artist_name><id>SOTBYUZ1312A8A8125</id><audio_summary><key>7</key><analysis_url>http://echonest-analysis.s3.amazonaws.com/TR/bt1AtQqcPjrFdZv2bE-nRPnQIyI_QcZwbQOBau/3/full.json?AWSAccessKeyId=AKIAJRDFEY23UEVW42BQ&amp;Expires=1415344105&amp;Signature=xMFYRc9yEVA63rhyq5e%2BoLgGUv8%3D</analysis_url><energy>0.832355</energy><liveness>0.570254</liveness><tempo>92.129</tempo><speechiness>0.321259</speechiness><acousticness>0.344104</acousticness><instrumentalness>0.0</instrumentalness><mode>1</mode><time_signature>4</time_signature><duration>197.3551</duration><loudness>-4.893</loudness><audio_md5 /><valence>0.410575</valence><danceability>0.602395</danceability></audio_summary><title>Wanna Do My Thing</title></song><song><artist_id>ARTJHE61187FB3696E</artist_id><artist_name>Beanie Sigel</artist_name><id>SOWCTJS1313438D2DD</id><audio_summary><key>0</key><analysis_url>http://echonest-analysis.s3.amazonaws.com/TR/3Zfi6w46BtBc85F7R0nJKf4W4kzNU4RTz8cTGzXKQLog4LomUOPvXHLrT85ueGGBGwN-zUDJ_a4m8B62g%3D/3/full.json?AWSAccessKeyId=AKIAJRDFEY23UEVW42BQ&amp;Expires=1415344105&amp;Signature=cVC6cVTqtlPiOMP9POJBJihkJOE%3D</analysis_url><energy>0.956062</energy><liveness>0.56942</liveness><tempo>178.599</tempo><speechiness>0.412179</speechiness><acousticness>0.313302</acousticness><instrumentalness>2e-06</instrumentalness><mode>1</mode><time_signature>4</time_signature><duration>133.49107</duration><loudness>-4.276</loudness><audio_md5 /><valence>0.331871</valence><danceability>0.588797</danceability></audio_summary><title>BigFace Gary Intro</title></song><song><artist_id>ARTJHE61187FB3696E</artist_id><artist_name>Beanie Sigel</artist_name><id>SOVVVIQ131343A05AD</id><audio_summary><key>7</key><analysis_url>http://echonest-analysis.s3.amazonaws.com/TR/VrOE6wRy6AmmERlzqh1jX2EhpxLX8MXOPiyKrctN9rcMqUrJ_Ko1KKa6h2HeHG2jIstsk8drwHpO7yVC0%3D/3/full.json?AWSAccessKeyId=AKIAJRDFEY23UEVW42BQ&amp;Expires=1415344105&amp;Signature=cDE6moAVu4zd1pE8I1ggZIia0D4%3D</analysis_url><energy>0.772671</energy><liveness>0.074105</liveness><tempo>130.264</tempo><speechiness>0.464074</speechiness><acousticness>0.011662</acousticness><instrumentalness>0.0</instrumentalness><mode>1</mode><time_signature>5</time_signature><duration>220.58912</duration><loudness>-7.774</loudness><audio_md5 /><valence>0.375165</valence><danceability>0.669926</danceability></audio_summary><title>Beans Is Back feat. Mook Jones</title></song><song><artist_id>ARTJHE61187FB3696E</artist_id><artist_name>Beanie Sigel</artist_name><id>SOSTPPU13129A90B9A</id><audio_summary><key>10</key><analysis_url>http://echonest-analysis.s3.amazonaws.com/TR/knTl3gSLM3OIxo6Hq9tC2Xe3LAGtdtmrAfViKx/3/full.json?AWSAccessKeyId=AKIAJRDFEY23UEVW42BQ&amp;Expires=1415344105&amp;Signature=mhfbPHYJMSmRlox/lQhqHi7Ew5c%3D</analysis_url><energy>0.792746</energy><liveness>0.752445</liveness><tempo>87.348</tempo><speechiness>0.378153</speechiness><acousticness>0.577032</acousticness><instrumentalness>0.0</instrumentalness><mode>0</mode><time_signature>4</time_signature><duration>203.91184</duration><loudness>-5.402</loudness><audio_md5 /><valence>0.333514</valence><danceability>0.451998</danceability></audio_summary><title>Lets Get It On (Feat. Big &amp; Busta)</title></song><song><artist_id>ARTJHE61187FB3696E</artist_id><artist_name>Beanie Sigel</artist_name><id>SOTHQQT1371807F1D1</id><audio_summary><key>6</key><analysis_url>http://echonest-analysis.s3.amazonaws.com/TR/ah_hhA9ePwbreWk596CPqZD0xghuviwEARv2W33hXAgqHSXjH8omP690LWgIpVLSBe8A5eDYRU5VmGJEc%3D/3/full.json?AWSAccessKeyId=AKIAJRDFEY23UEVW42BQ&amp;Expires=1415344105&amp;Signature=BQTBUJcig/2YX3HcJSQjo1PyNS4%3D</analysis_url><energy>0.890476</energy><liveness>0.104092</liveness><tempo>86.833</tempo><speechiness>0.454282</speechiness><acousticness>0.002845</acousticness><instrumentalness>0.000187</instrumentalness><mode>1</mode><time_signature>4</time_signature><duration>225.77288</duration><loudness>-5.503</loudness><audio_md5 /><valence>0.314091</valence><danceability>0.549697</danceability></audio_summary><title>The Last Two (feat. Young Chris)</title></song><song><artist_id>ARTJHE61187FB3696E</artist_id><artist_name>Beanie Sigel</artist_name><id>SOUBAIY12AB018B897</id><audio_summary><key>10</key><analysis_url>http://echonest-analysis.s3.amazonaws.com/TR/usH-lQXoKwySMcviWSdmq7WnM4c7wGtYUGSHCOSwKCGlgzBTGo2pCb1el9QnOTqxXwytxe0TFJArYsFlo%3D/3/full.json?AWSAccessKeyId=AKIAJRDFEY23UEVW42BQ&amp;Expires=1415344105&amp;Signature=Dx9YdAj0J%2B6dbkWb8twHZwGpSWI%3D</analysis_url><energy>0.656646</energy><liveness>0.206605</liveness><tempo>130.189</tempo><speechiness>0.462783</speechiness><acousticness>0.061596</acousticness><instrumentalness>0.0</instrumentalness><mode>0</mode><time_signature>5</time_signature><duration>58.61288</duration><loudness>-11.892</loudness><audio_md5 /><valence>0.660841</valence><danceability>0.644563</danceability></audio_summary><title>Oh No</title></song><song><artist_id>ARTJHE61187FB3696E</artist_id><artist_name>Beanie Sigel</artist_name><id>SOQWOVF1311AFE3D62</id><audio_summary><key>7</key><analysis_url>http://echonest-analysis.s3.amazonaws.com/TR/dx1YogHDVAn4IsXFSjyRZAhrZehqZyOJC6y9U2/3/full.json?AWSAccessKeyId=AKIAJRDFEY23UEVW42BQ&amp;Expires=1415344105&amp;Signature=oAOnwum%2BcrHCELaX6MTGNbtZykQ%3D</analysis_url><energy>0.770441</energy><liveness>0.347625</liveness><tempo>97.036</tempo><speechiness>0.285039</speechiness><acousticness>0.109604</acousticness><instrumentalness>0.0</instrumentalness><mode>1</mode><time_signature>4</time_signature><duration>208.35265</duration><loudness>-8.601</loudness><audio_md5 /><valence>0.547535</valence><danceability>0.769253</danceability></audio_summary><title>Do It Again</title></song><song><artist_id>ARTJHE61187FB3696E</artist_id><artist_name>Beanie Sigel</artist_name><id>SORFRLZ1311AFE8A51</id><audio_summary><key>1</key><analysis_url>http://echonest-analysis.s3.amazonaws.com/TR/dOFSMwbYGtc7_F2XGc0dTYZF0hU2Itjcz2luME/3/full.json?AWSAccessKeyId=AKIAJRDFEY23UEVW42BQ&amp;Expires=1415344105&amp;Signature=ICN931/aeGhuHa/ltbAoBc//zi4%3D</analysis_url><energy>0.890633</energy><liveness>0.918368</liveness><tempo>97.519</tempo><speechiness>0.428565</speechiness><acousticness>0.191478</acousticness><instrumentalness>0.0</instrumentalness><mode>1</mode><time_signature>4</time_signature><duration>157.93633</duration><loudness>-4.49</loudness><audio_md5 /><valence>0.859201</valence><danceability>0.478639</danceability></audio_summary><title>Full Cooperation (Feat. Cassidy)</title></song><song><artist_id>ARTJHE61187FB3696E</artist_id><artist_name>Beanie Sigel</artist_name><id>SORGDBZ1312FE021B4</id><audio_summary><key>5</key><analysis_url>http://echonest-analysis.s3.amazonaws.com/TR/llGPpQSPHP5UIRxQWt0iHtT2RP44xqx3hjlTe_8nUsqkAOq2c7TfADUkhE1nob9RmGn2xzkYJcru_QNLo%3D/3/full.json?AWSAccessKeyId=AKIAJRDFEY23UEVW42BQ&amp;Expires=1415344105&amp;Signature=sCnSBMCQX627%2BJma7cEAmKrZdfE%3D</analysis_url><energy>0.541977</energy><liveness>0.183611</liveness><tempo>92.936</tempo><speechiness>0.302657</speechiness><acousticness>0.037029</acousticness><instrumentalness>0.0</instrumentalness><mode>0</mode><time_signature>4</time_signature><duration>149.60571</duration><loudness>-7.875</loudness><audio_md5 /><valence>0.661421</valence><danceability>0.897694</danceability></audio_summary><title>Same Ole Thang</title></song><song><artist_id>ARTJHE61187FB3696E</artist_id><artist_name>Beanie Sigel</artist_name><id>SOQXJQG1476BE113C8</id><audio_summary><key>1</key><analysis_url>http://echonest-analysis.s3.amazonaws.com/TR/rpLLcAbm-HNKkqSBKha7v1UCp46lEJ0gh6uz_rEoJm-51yLHznRFp9O-8JmNQiD-FfPTTbUXeRLFVm72g%3D/3/full.json?AWSAccessKeyId=AKIAJRDFEY23UEVW42BQ&amp;Expires=1415344105&amp;Signature=8ssF5IOW9yw/OZdpKlreKRYSEto%3D</analysis_url><energy>0.407939</energy><liveness>0.08469</liveness><tempo>82.604</tempo><speechiness>0.394904</speechiness><acousticness>0.009107</acousticness><instrumentalness>0.0</instrumentalness><mode>0</mode><time_signature>4</time_signature><duration>274.94703</duration><loudness>-16.032</loudness><audio_md5 /><valence>0.304429</valence><danceability>0.791606</danceability></audio_summary><title>Beans Is Back feat. Mook Jones</title></song><song><artist_id>ARTJHE61187FB3696E</artist_id><artist_name>Beanie Sigel</artist_name><id>SOQUUIB1311AFE1246</id><audio_summary><key>6</key><analysis_url>http://echonest-analysis.s3.amazonaws.com/TR/ZnPqHAKq0iWt2fUjYg-2IVbt4KxmNGCSLAJtcV/3/full.json?AWSAccessKeyId=AKIAJRDFEY23UEVW42BQ&amp;Expires=1415344106&amp;Signature=CjAoznfIHREIFR8YM19pl1wQ%2BmM%3D</analysis_url><energy>0.93844</energy><liveness>0.863514</liveness><tempo>88.447</tempo><speechiness>0.383087</speechiness><acousticness>0.148261</acousticness><instrumentalness>0.0</instrumentalness><mode>1</mode><time_signature>4</time_signature><duration>73.16898</duration><loudness>-4.367</loudness><audio_md5 /><valence>0.686634</valence><danceability>0.472844</danceability></audio_summary><title>Church Freestyle</title></song><song><artist_id>ARTJHE61187FB3696E</artist_id><artist_name>Beanie Sigel</artist_name><id>SOQQAOQ13134387317</id><audio_summary><key>10</key><analysis_url>http://echonest-analysis.s3.amazonaws.com/TR/kcr8XQ0knsw97FAfqV2kE2uCdH7zpf5KjZ7xDFm16cvfkvXc5qNFAepBNZG71tVS3yk9eZ-qM117YtaMk%3D/3/full.json?AWSAccessKeyId=AKIAJRDFEY23UEVW42BQ&amp;Expires=1415344106&amp;Signature=OCgHbyXIfSR8bYc/crvc6zC9v38%3D</analysis_url><energy>0.501816</energy><liveness>0.106861</liveness><tempo>83.572</tempo><speechiness>0.380526</speechiness><acousticness>0.026578</acousticness><instrumentalness>0.0</instrumentalness><mode>1</mode><time_signature>4</time_signature><duration>213.90621</duration><loudness>-11.155</loudness><audio_md5 /><valence>0.180148</valence><danceability>0.466457</danceability></audio_summary><title>Survivor Freestyle</title></song><song><artist_id>ARTJHE61187FB3696E</artist_id><artist_name>Beanie Sigel</artist_name><id>SOPJFFW1476E27A98A</id><audio_summary><key>1</key><analysis_url>http://echonest-analysis.s3.amazonaws.com/TR/UHzSmgSiYm1wW-QsqV-QAPyGEzYxvIx2ym50mvaEjyb8aBGC1Ty4RxYrKLe_kYvz7zYgqirNtjvBTagdg%3D/3/full.json?AWSAccessKeyId=AKIAJRDFEY23UEVW42BQ&amp;Expires=1415344106&amp;Signature=Xyx/XLQhDHkFmzSwOUSd66vDAc0%3D</analysis_url><energy>0.377774</energy><liveness>0.06299</liveness><tempo>79.335</tempo><speechiness>0.422291</speechiness><acousticness>0.0329</acousticness><instrumentalness>1e-06</instrumentalness><mode>1</mode><time_signature>4</time_signature><duration>189.70658</duration><loudness>-15.36</loudness><audio_md5 /><valence>0.435325</valence><danceability>0.858701</danceability></audio_summary><title>Same Ole Thang</title></song><song><artist_id>ARTJHE61187FB3696E</artist_id><artist_name>Beanie Sigel</artist_name><id>SOKTOAA131343A2D61</id><audio_summary><key>11</key><analysis_url>http://echonest-analysis.s3.amazonaws.com/TR/itdAWQfGo01b9qBtq9ThzEPF-FgKlUz4P7kKoM/3/full.json?AWSAccessKeyId=AKIAJRDFEY23UEVW42BQ&amp;Expires=1415344106&amp;Signature=CGG3ZygdxRnSqfuEQ9%2BIAUBQync%3D</analysis_url><energy>0.750854</energy><liveness>0.500253</liveness><tempo>95.366</tempo><speechiness>0.426115</speechiness><acousticness>0.459883</acousticness><instrumentalness>0.0</instrumentalness><mode>0</mode><time_signature>4</time_signature><duration>120.73796</duration><loudness>-5.468</loudness><audio_md5 /><valence>0.913952</valence><danceability>0.61835</danceability></audio_summary><title>Same 45 (Feat. Styles P)</title></song><song><artist_id>ARTJHE61187FB3696E</artist_id><artist_name>Beanie Sigel</artist_name><id>SOTVPPD13129A92AF6</id><audio_summary><key>11</key><analysis_url>http://echonest-analysis.s3.amazonaws.com/TR/Z0B_YA4TqVoigUqzPa1Y3CdXICn38jXLrTMnK3/3/full.json?AWSAccessKeyId=AKIAJRDFEY23UEVW42BQ&amp;Expires=1415344106&amp;Signature=2/wgM5gUo9QEs/XTjrARv21WyKo%3D</analysis_url><energy>0.675764</energy><liveness>0.332366</liveness><tempo>96.122</tempo><speechiness>0.229947</speechiness><acousticness>0.006126</acousticness><instrumentalness>2.5e-05</instrumentalness><mode>0</mode><time_signature>4</time_signature><duration>69.22449</duration><loudness>-7.982</loudness><audio_md5 /><valence>0.533322</valence><danceability>0.716354</danceability></audio_summary><title>Sigel Is The Name</title></song></songs></response>