<response><status><version>4.2</version><code>0</code><message>Success</message></status><songs><song><artist_id>AR6ET9I1187FB53C65</artist_id><artist_name>Ben Jelen</artist_name><id>SOGGAGA1315CD4BF96</id><audio_summary><key>4</key><analysis_url>http://echonest-analysis.s3.amazonaws.com/TR/nZg41wVfFZ2dbFmS_e9wPs7aChbtJAbleZlvRpbXkxnI6K52j1bMobsFTleXyTfY1Jn3UQme_D63Yo8MM%3D/3/full.json?AWSAccessKeyId=AKIAJRDFEY23UEVW42BQ&amp;Expires=1415344187&amp;Signature=3qjukBX5bGHxwOuyu9Tknqh8rEg%3D</analysis_url><energy>0.199951</energy><liveness>0.310048</liveness><tempo>118.075</tempo><speechiness>0.033663</speechiness><acousticness>0.833551</acousticness><instrumentalness>0.0</instrumentalness><mode>0</mode><time_signature>4</time_signature><duration>350.11955</duration><loudness>-15.42</loudness><audio_md5>0dde65f265a244912522a64495556950</audio_md5><valence>0.081619</valence><danceability>0.58442</danceability></audio_summary><title>Baby Girl</title></song><song><artist_id>AR6ET9I1187FB53C65</artist_id><artist_name>Ben Jelen</artist_name><id>SOERXVA1315CD4C14F</id><audio_summary><key>0</key><analysis_url>http://echonest-analysis.s3.amazonaws.com/TR/qRJNvQwEHW1tOcjPj8fKd_1nc55Gxz7iyFQMLcLjeqYZvX5iGncQKEsppLRwkeenSOzd1_rRz6NYfSHFA%3D/3/full.json?AWSAccessKeyId=AKIAJRDFEY23UEVW42BQ&amp;Expires=1415344187&amp;Signature=0Lpne6DZjNUbskbtbN5KRtbez6Y%3D</analysis_url><energy>0.345566</energy><liveness>0.125549</liveness><tempo>104.956</tempo><speechiness>0.031295</speechiness><acousticness>0.865913</acousticness><instrumentalness>0.386311</instrumentalness><mode>1</mode><time_signature>4</time_signature><duration>263.58621</duration><loudness>-14.068</loudness><audio_md5>7a4d26eddf8fe3aadf00eda7f9e99229</audio_md5><valence>0.24395</valence><danceability>0.443075</danceability></audio_summary><title>Tell Me Everything</title></song><song><artist_id>AR6ET9I1187FB53C65</artist_id><artist_name>Ben Jelen</artist_name><id>SOHTWZY12AB018765B</id><audio_summary><key>2</key><analysis_url>http://echonest-analysis.s3.amazonaws.com/TR/caKP8Qy_tffhbf90N6ShlN6aC4ABxf9k7UeKmuF-1GG70y0Pldkb5OikD66sKbQCm8QghyO1A-100GfoQ%3D/3/full.json?AWSAccessKeyId=AKIAJRDFEY23UEVW42BQ&amp;Expires=1415344187&amp;Signature=/iuo7R7qMRLlAV7Nc/hZ0P66RwQ%3D</analysis_url><energy>0.844089</energy><liveness>0.204302</liveness><tempo>157.054</tempo><speechiness>0.054185</speechiness><acousticness>0.00689</acousticness><instrumentalness>0.0</instrumentalness><mode>1</mode><time_signature>4</time_signature><duration>200.86621</duration><loudness>-4.881</loudness><audio_md5>7ef62c21a27112541e315fc68005707f</audio_md5><valence>0.44335</valence><danceability>0.410002</danceability></audio_summary><title>Mr. Philosopher</title></song><song><artist_id>AR6ET9I1187FB53C65</artist_id><artist_name>Ben Jelen</artist_name><id>SODHROH131634ABD37</id><audio_summary><key>7</key><analysis_url>http://echonest-analysis.s3.amazonaws.com/TR/bpi_dQhMpXKAsRSgCN3kQq9Brs7pvKYQGMCA0F49d0OiA3yh-7aUjHiN-yzSnS7p0irf_46k1O6OHNA_4%3D/3/full.json?AWSAccessKeyId=AKIAJRDFEY23UEVW42BQ&amp;Expires=1415344187&amp;Signature=zyxExssDtcUZWlN8XJaqbfPWXPI%3D</analysis_url><energy>0.662371</energy><liveness>0.102706</liveness><tempo>134.186</tempo><speechiness>0.035075</speechiness><acousticness>0.044769</acousticness><instrumentalness>0.407277</instrumentalness><mode>1</mode><time_signature>4</time_signature><duration>236.00717</duration><loudness>-8.604</loudness><audio_md5 /><valence>0.542495</valence><danceability>0.492808</danceability></audio_summary><title>Other Side</title></song><song><artist_id>AR6ET9I1187FB53C65</artist_id><artist_name>Ben Jelen</artist_name><id>SOEWQLD12AB018763C</id><audio_summary><key>11</key><analysis_url>http://echonest-analysis.s3.amazonaws.com/TR/IoVpFg57eKLcXm1UdudDhoEhfbC8I1B7PoUBz-irqP-0hjYoB0TpA22vCeff0uL06e6dLMtmTHOeTPS7s%3D/3/full.json?AWSAccessKeyId=AKIAJRDFEY23UEVW42BQ&amp;Expires=1415344187&amp;Signature=%2B57LHvbWZ9Zo2/FVdRDhBokpSSo%3D</analysis_url><energy>0.534322</energy><liveness>0.162989</liveness><tempo>135.202</tempo><speechiness>0.029698</speechiness><acousticness>0.198196</acousticness><instrumentalness>0.000954</instrumentalness><mode>1</mode><time_signature>4</time_signature><duration>205.57288</duration><loudness>-8.293</loudness><audio_md5 /><valence>0.373875</valence><danceability>0.326242</danceability></audio_summary><title>Vulnerable</title></song><song><artist_id>AR6ET9I1187FB53C65</artist_id><artist_name>Ben Jelen</artist_name><id>SOASDZG12AF729C03A</id><audio_summary><key>1</key><analysis_url>http://echonest-analysis.s3.amazonaws.com/TR/cMjkNA8wC4ZJMjGlgCofPGsXSt-OOQlBLYqcSmNF-SJ5IGE6W-3JAppItM6q0AR14PIZw6y4mP6bcJ2Zg%3D/3/full.json?AWSAccessKeyId=AKIAJRDFEY23UEVW42BQ&amp;Expires=1415344187&amp;Signature=T0lW/dkmZnUjiIcDlTF6Uu8LJ6w%3D</analysis_url><energy>0.448257</energy><liveness>0.179687</liveness><tempo>143.504</tempo><speechiness>0.031848</speechiness><acousticness>0.272729</acousticness><instrumentalness>1e-06</instrumentalness><mode>1</mode><time_signature>4</time_signature><duration>249.61288</duration><loudness>-14.27</loudness><audio_md5 /><valence>0.355552</valence><danceability>0.573131</danceability></audio_summary><title>Room 1023</title></song><song><artist_id>AR6ET9I1187FB53C65</artist_id><artist_name>Ben Jelen</artist_name><id>SOFQOFN12A8C134271</id><audio_summary><key>3</key><analysis_url>http://echonest-analysis.s3.amazonaws.com/TR/2nDywAWiwyErbyQUDDKzKhBP1vgcALyiL_rmHFhAVewqr_7JnkWzq6X5qzeV5P4wUzuHFZYxcDm03NJm4%3D/3/full.json?AWSAccessKeyId=AKIAJRDFEY23UEVW42BQ&amp;Expires=1415344187&amp;Signature=S1EJuoCXSo%2Bd9SuW5uleyKXplyc%3D</analysis_url><energy>0.590068</energy><liveness>0.08928</liveness><tempo>80.286</tempo><speechiness>0.024969</speechiness><acousticness>0.087547</acousticness><instrumentalness>7e-06</instrumentalness><mode>1</mode><time_signature>4</time_signature><duration>221.26621</duration><loudness>-6.941</loudness><audio_md5>423c9761df80da7cde91de6d176a27c5</audio_md5><valence>0.590311</valence><danceability>0.377404</danceability></audio_summary><title>Woman [featuring Bigelf] (Album Version)</title></song><song><artist_id>AR6ET9I1187FB53C65</artist_id><artist_name>Ben Jelen</artist_name><id>SOHHVIP12A6D4FD335</id><audio_summary><key>7</key><analysis_url>http://echonest-analysis.s3.amazonaws.com/TR/InD4cQQpwFIrc-6FRBfHTlzX0be4HIsww-qgrGXjyYFZxE3Qr247XQf32C1Uxtp7LjHeAjo9fFIgz05oU%3D/3/full.json?AWSAccessKeyId=AKIAJRDFEY23UEVW42BQ&amp;Expires=1415344187&amp;Signature=GFQ8JLqyagz5mq%2Bkwg5/69Z9cU8%3D</analysis_url><energy>0.176508</energy><liveness>0.126594</liveness><tempo>186.687</tempo><speechiness>0.032976</speechiness><acousticness>0.951341</acousticness><instrumentalness>0.000257</instrumentalness><mode>1</mode><time_signature>4</time_signature><duration>262.34621</duration><loudness>-11.637</loudness><audio_md5>0718ff47fe646a9b9a00d39f8a782c45</audio_md5><valence>0.260253</valence><danceability>0.253245</danceability></audio_summary><title>River</title></song><song><artist_id>AR6ET9I1187FB53C65</artist_id><artist_name>Ben Jelen</artist_name><id>SOAOUOS12AF72A17B9</id><audio_summary><key>7</key><analysis_url>http://echonest-analysis.s3.amazonaws.com/TR/ART9Yw-ZqSOSlYtgE6lLxGfpRoHDJAwYlkRX2xMwcCtnI7hW-fPeWpugXSY1xusqj4rLpdNdT2FL1RUBk%3D/3/full.json?AWSAccessKeyId=AKIAJRDFEY23UEVW42BQ&amp;Expires=1415344187&amp;Signature=YzJNNU0kW43f0Fv4hQTJLidJXcc%3D</analysis_url><energy>0.85595</energy><liveness>0.320971</liveness><tempo>127.993</tempo><speechiness>0.047103</speechiness><acousticness>0.001849</acousticness><instrumentalness>0.347444</instrumentalness><mode>1</mode><time_signature>4</time_signature><duration>362.95955</duration><loudness>-9.24</loudness><audio_md5 /><valence>0.551287</valence><danceability>0.364116</danceability></audio_summary><title>Wreckage (Disco Pusher Remix)</title></song><song><artist_id>AR6ET9I1187FB53C65</artist_id><artist_name>Ben Jelen</artist_name><id>SOXBDTA1371E8715BA</id><audio_summary><key>7</key><analysis_url>http://echonest-analysis.s3.amazonaws.com/TR/SGXePw3zXCBSGH_-tiEVFNg39-lRHvnanU7l556pEYgyTgWkczqMg4rPq6YC3oVMNcLYtTm0yytS6SH3k%3D/3/full.json?AWSAccessKeyId=AKIAJRDFEY23UEVW42BQ&amp;Expires=1415344187&amp;Signature=DfftZQj8qaoHo6yhfMZVfoZDSxg%3D</analysis_url><energy>0.801856</energy><liveness>0.111607</liveness><tempo>127.044</tempo><speechiness>0.128515</speechiness><acousticness>0.000399</acousticness><instrumentalness>0.220188</instrumentalness><mode>1</mode><time_signature>4</time_signature><duration>532.90621</duration><loudness>-6.863</loudness><audio_md5>c437e97e3ec89fbd46dbb4678a0c317b</audio_md5><valence>0.375198</valence><danceability>0.807921</danceability></audio_summary><title>Pulse (System 22 Remix)</title></song><song><artist_id>AR6ET9I1187FB53C65</artist_id><artist_name>Ben Jelen</artist_name><id>SODFYRV12A6D4F6C57</id><audio_summary><key>4</key><analysis_url>http://echonest-analysis.s3.amazonaws.com/TR/BQlc-AYROdlQmy4bgEQ8SfE1uAz3I72_8SvN5PUhDhebfj_hJHjej7DsMRarvGIpoAphkSHDiyVBKoPew%3D/3/full.json?AWSAccessKeyId=AKIAJRDFEY23UEVW42BQ&amp;Expires=1415344187&amp;Signature=pa8xvCySZdoIAg61HXo1d76zTto%3D</analysis_url><energy>0.78057</energy><liveness>0.23685</liveness><tempo>83.939</tempo><speechiness>0.029497</speechiness><acousticness>0.103347</acousticness><instrumentalness>4.2e-05</instrumentalness><mode>0</mode><time_signature>4</time_signature><duration>179.17288</duration><loudness>-5.104</loudness><audio_md5 /><valence>0.614138</valence><danceability>0.474764</danceability></audio_summary><title>Driver</title></song><song><artist_id>AR6ET9I1187FB53C65</artist_id><artist_name>Ben Jelen</artist_name><id>SOSKRDJ12AB018F087</id><audio_summary><key>0</key><analysis_url>http://echonest-analysis.s3.amazonaws.com/TR/8CIpgAVUk0d9BeibjY8FwYyLQBpabHX2zyCzKY1c5BgawwBUvbZWR5RvGnrEu1A3Fl0ew3EwrVaCKTJgI%3D/3/full.json?AWSAccessKeyId=AKIAJRDFEY23UEVW42BQ&amp;Expires=1415344187&amp;Signature=bhRIsKlgayF50F9Ul18wZDvY7aA%3D</analysis_url><energy>0.572311</energy><liveness>0.09288</liveness><tempo>129.044</tempo><speechiness>0.031974</speechiness><acousticness>0.047626</acousticness><instrumentalness>0.0</instrumentalness><mode>1</mode><time_signature>4</time_signature><duration>211.22621</duration><loudness>-5.651</loudness><audio_md5>73a9319d003006719725c102579d766c</audio_md5><valence>0.203064</valence><danceability>0.268212</danceability></audio_summary><title>Wreckage</title></song><song><artist_id>AR6ET9I1187FB53C65</artist_id><artist_name>Ben Jelen</artist_name><id>SOFUHER12AB0187625</id><audio_summary><key>5</key><analysis_url>http://echonest-analysis.s3.amazonaws.com/TR/8XsMZgisJTN2NXyCtUQ7Bk9RWwvPfRWyMNvvWZD3S2KNpqmt6pZ2vwFLtNaUxVsMgd8usStZMBmEWFojg%3D/3/full.json?AWSAccessKeyId=AKIAJRDFEY23UEVW42BQ&amp;Expires=1415344187&amp;Signature=rmUwQ8HDHq8egiYzQBuFvKMi5Z0%3D</analysis_url><energy>0.600168</energy><liveness>0.255785</liveness><tempo>148.222</tempo><speechiness>0.027446</speechiness><acousticness>0.202617</acousticness><instrumentalness>0.000733</instrumentalness><mode>1</mode><time_signature>4</time_signature><duration>227.18358</duration><loudness>-7.395</loudness><audio_md5>b43d06231d7a38f53054587f72eb2c9a</audio_md5><valence>0.279684</valence><danceability>0.427174</danceability></audio_summary><title>Papa, Here I Go</title></song><song><artist_id>AR6ET9I1187FB53C65</artist_id><artist_name>Ben Jelen</artist_name><id>SOADXRT12AB018F7A7</id><audio_summary><key>7</key><analysis_url>http://echonest-analysis.s3.amazonaws.com/TR/iew3bQGjxQPrkd24DFs4TUnGHG2m7ABO4pdYthPhjbyy_uUVyNuoOK1tFfmp2xr0rEXoH-eZL85VGTz_Y%3D/3/full.json?AWSAccessKeyId=AKIAJRDFEY23UEVW42BQ&amp;Expires=1415344187&amp;Signature=CErbsgNCXvoxi%2BqkzfCfKx7vScU%3D</analysis_url><energy>0.72959</energy><liveness>0.225452</liveness><tempo>142.59</tempo><speechiness>0.030564</speechiness><acousticness>0.00779</acousticness><instrumentalness>3.5e-05</instrumentalness><mode>1</mode><time_signature>4</time_signature><duration>187.43102</duration><loudness>-4.691</loudness><audio_md5 /><valence>0.577296</valence><danceability>0.498089</danceability></audio_summary><title>Ex-Sensitive</title></song><song><artist_id>AR6ET9I1187FB53C65</artist_id><artist_name>Ben Jelen</artist_name><id>SOIFCBR12AB018F817</id><audio_summary><key>5</key><analysis_url>http://echonest-analysis.s3.amazonaws.com/TR/kv0EfQU7uKnot6n2lMBVEbOil2FpN4IlPgQeLFKb-ltK_75B40csDR1936J9EH8ELnTTUAPDempV_EJnA%3D/3/full.json?AWSAccessKeyId=AKIAJRDFEY23UEVW42BQ&amp;Expires=1415344187&amp;Signature=V6tAPVgN/qp91Bn5RrQJD3l3cRY%3D</analysis_url><energy>0.904504</energy><liveness>0.388471</liveness><tempo>142.123</tempo><speechiness>0.046044</speechiness><acousticness>0.068086</acousticness><instrumentalness>1.1e-05</instrumentalness><mode>1</mode><time_signature>4</time_signature><duration>201.17723</duration><loudness>-3.438</loudness><audio_md5>d2f56067c476b476660c53678a412550</audio_md5><valence>0.686908</valence><danceability>0.442929</danceability></audio_summary><title>Just A Little</title></song><song><artist_id>AR6ET9I1187FB53C65</artist_id><artist_name>Ben Jelen</artist_name><id>SOJYQPI12A6D4FA4C2</id><audio_summary><key>6</key><analysis_url>http://echonest-analysis.s3.amazonaws.com/TR/Qg2yPQUCdkZ_7QxqDCEWMxp66Wv0ekr1TuJ0uXY1D1D7Bb705i2iXr5M79WLz4A0EmS2asAoWjYwbAgFA%3D/3/full.json?AWSAccessKeyId=AKIAJRDFEY23UEVW42BQ&amp;Expires=1415344187&amp;Signature=SrubPSRMT2Ms1bOnWRB8vf5qAEg%3D</analysis_url><energy>0.843304</energy><liveness>0.135406</liveness><tempo>96.842</tempo><speechiness>0.032899</speechiness><acousticness>0.057035</acousticness><instrumentalness>0.0</instrumentalness><mode>1</mode><time_signature>4</time_signature><duration>217.75955</duration><loudness>-4.175</loudness><audio_md5 /><valence>0.431493</valence><danceability>0.51641</danceability></audio_summary><title>Rocks</title></song><song><artist_id>AR6ET9I1187FB53C65</artist_id><artist_name>Ben Jelen</artist_name><id>SONNQXA1315CD4AC5E</id><audio_summary><key>1</key><analysis_url>http://echonest-analysis.s3.amazonaws.com/TR/elmYUw18RZovqR_zUzmcS2zQoWz3ih1yHKNL9YjgzvTBfoHLSVALXCsUTjPw8TlL2oW82EgqVpCzjd88Y%3D/3/full.json?AWSAccessKeyId=AKIAJRDFEY23UEVW42BQ&amp;Expires=1415344187&amp;Signature=EbILvPfrcAiA0dH8ktCKMTwa1qw%3D</analysis_url><energy>0.863154</energy><liveness>0.080061</liveness><tempo>132.008</tempo><speechiness>0.032525</speechiness><acousticness>0.221469</acousticness><instrumentalness>0.0</instrumentalness><mode>1</mode><time_signature>4</time_signature><duration>222.10621</duration><loudness>-5.122</loudness><audio_md5>fe9a7052fb8057d282941c35e7b35678</audio_md5><valence>0.609625</valence><danceability>0.545831</danceability></audio_summary><title>Every Step</title></song><song><artist_id>AR6ET9I1187FB53C65</artist_id><artist_name>Ben Jelen</artist_name><id>SOIPBEN1315CD51B3E</id><audio_summary><key>0</key><analysis_url>http://echonest-analysis.s3.amazonaws.com/TR/Pl1BJg8XgEy-pd1fewxygyI-aerrWEErvrljXcq4tqWMddEWmDElyB_039U4SsgJMBNw2N8-aRJ0znBE8%3D/3/full.json?AWSAccessKeyId=AKIAJRDFEY23UEVW42BQ&amp;Expires=1415344187&amp;Signature=mvrmbkUW4IXLiRjFdELLO9rETXY%3D</analysis_url><energy>0.773582</energy><liveness>0.308474</liveness><tempo>129.987</tempo><speechiness>0.030498</speechiness><acousticness>0.001974</acousticness><instrumentalness>0.000292</instrumentalness><mode>1</mode><time_signature>4</time_signature><duration>224.51955</duration><loudness>-4.282</loudness><audio_md5>1f2b50f2b195ab54a24e8325d6a4323a</audio_md5><valence>0.659057</valence><danceability>0.486135</danceability></audio_summary><title>Where Do We Go</title></song><song><artist_id>AR6ET9I1187FB53C65</artist_id><artist_name>Ben Jelen</artist_name><id>SOPOXJD1315CD4A51F</id><audio_summary><key>4</key><analysis_url>http://echonest-analysis.s3.amazonaws.com/TR/BY7C5wJGz6cpklsFUMa6ASA4JlkQbEUyGQi-6FHJLhauYDwE5J-HTq59SKVbB3fJA17-xbnFDg_O1cXC4%3D/3/full.json?AWSAccessKeyId=AKIAJRDFEY23UEVW42BQ&amp;Expires=1415344187&amp;Signature=xrZ8ltsT6MQQWMFVd5vnSievggc%3D</analysis_url><energy>0.819555</energy><liveness>0.225912</liveness><tempo>161.591</tempo><speechiness>0.042148</speechiness><acousticness>0.085179</acousticness><instrumentalness>0.0</instrumentalness><mode>1</mode><time_signature>4</time_signature><duration>239.69288</duration><loudness>-3.506</loudness><audio_md5 /><valence>0.539067</valence><danceability>0.406424</danceability></audio_summary><title>Christine</title></song><song><artist_id>AR6ET9I1187FB53C65</artist_id><artist_name>Ben Jelen</artist_name><id>SOSLVGV131634ABC1E</id><audio_summary><key>4</key><analysis_url>http://echonest-analysis.s3.amazonaws.com/TR/9VLlGw4Tm89PXP2lifm6eH-DRfJxeJpy-fQh-mEse5UG-0SCOpNtXsU5Ht3y8VpgguRNHKl7VE6Ls46Lk%3D/3/full.json?AWSAccessKeyId=AKIAJRDFEY23UEVW42BQ&amp;Expires=1415344187&amp;Signature=d%2BYTLxfKxEZLOcFONDuHAI5CWmY%3D</analysis_url><energy>0.143158</energy><liveness>0.072841</liveness><tempo>97.571</tempo><speechiness>0.029717</speechiness><acousticness>0.800105</acousticness><instrumentalness>3e-06</instrumentalness><mode>1</mode><time_signature>4</time_signature><duration>308.10621</duration><loudness>-16.821</loudness><audio_md5>b048d55941e76bb2a53e71985780a272</audio_md5><valence>0.194346</valence><danceability>0.387992</danceability></audio_summary><title>What Have We Done</title></song><song><artist_id>AR6ET9I1187FB53C65</artist_id><artist_name>Ben Jelen</artist_name><id>SOQHUWA12A6D4FA4C7</id><audio_summary><key>11</key><analysis_url>http://echonest-analysis.s3.amazonaws.com/TR/GLxK6wok1RFfUyvrFYTpwi3GyOf34C0OG8fbPOGCcqKS5S5wZ9MMByZcOj8hkTxybU4S2O3wS-Id_Tz6g%3D/3/full.json?AWSAccessKeyId=AKIAJRDFEY23UEVW42BQ&amp;Expires=1415344187&amp;Signature=zOq/E%2BpqcxEVlMooJrHOsdPNZO8%3D</analysis_url><energy>0.544331</energy><liveness>0.104003</liveness><tempo>143.775</tempo><speechiness>0.035379</speechiness><acousticness>0.102359</acousticness><instrumentalness>6.8e-05</instrumentalness><mode>1</mode><time_signature>4</time_signature><duration>253.22621</duration><loudness>-8.882</loudness><audio_md5>c39ef0cd478bc9626c991edb91f83b82</audio_md5><valence>0.402774</valence><danceability>0.527807</danceability></audio_summary><title>Criminal</title></song><song><artist_id>AR6ET9I1187FB53C65</artist_id><artist_name>Ben Jelen</artist_name><id>SOBJFBK12AB018767A</id><audio_summary><key>9</key><analysis_url>http://echonest-analysis.s3.amazonaws.com/TR/E4UXAwxEQi9wRn8AE0MQc-ORhaT2fyysUfCQLwx-PDbDhszVpItrwe_7us2duhoFCa9VZAy5ylVS0iKfU%3D/3/full.json?AWSAccessKeyId=AKIAJRDFEY23UEVW42BQ&amp;Expires=1415344187&amp;Signature=jb7u2UY0AXd7hiQ8ZmvP63OWO3o%3D</analysis_url><energy>0.315532</energy><liveness>0.103506</liveness><tempo>141.9</tempo><speechiness>0.030084</speechiness><acousticness>0.885918</acousticness><instrumentalness>1.3e-05</instrumentalness><mode>1</mode><time_signature>5</time_signature><duration>310.35955</duration><loudness>-9.17</loudness><audio_md5 /><valence>0.202527</valence><danceability>0.313805</danceability></audio_summary><title>Short Of The World</title></song><song><artist_id>AR6ET9I1187FB53C65</artist_id><artist_name>Ben Jelen</artist_name><id>SOIWCRB12AB018F828</id><audio_summary><key>0</key><analysis_url>http://echonest-analysis.s3.amazonaws.com/TR/E6xWAg96EzVypkPzXctTapHaB0fvtyZFJ_DdwCGHPAsZAFnfhSfSTgEt4XKTmn3w9ihDyYxkiIPpD0Yc4%3D/3/full.json?AWSAccessKeyId=AKIAJRDFEY23UEVW42BQ&amp;Expires=1415344187&amp;Signature=JUPZKVGWIJHuR051RtsfRpLTB6Q%3D</analysis_url><energy>0.527917</energy><liveness>0.08874</liveness><tempo>78.044</tempo><speechiness>0.028089</speechiness><acousticness>0.072177</acousticness><instrumentalness>0.009509</instrumentalness><mode>1</mode><time_signature>4</time_signature><duration>262.47791</duration><loudness>-7.065</loudness><audio_md5>cb7311510e4ca22051350aa878f1d9f2</audio_md5><valence>0.089902</valence><danceability>0.196432</danceability></audio_summary><title>Not My Plan</title></song><song><artist_id>AR6ET9I1187FB53C65</artist_id><artist_name>Ben Jelen</artist_name><id>SOLUMRT12A6D4FA4C8</id><audio_summary><key>9</key><analysis_url>http://echonest-analysis.s3.amazonaws.com/TR/CQJ_9gm7A9Pq_22GFyqlRJqPZxA_lA0qvLG9kAQZg5aMOvaeCE2OwY8irE-whdJVG15rT2hizvsfUpEkw%3D/3/full.json?AWSAccessKeyId=AKIAJRDFEY23UEVW42BQ&amp;Expires=1415344187&amp;Signature=8gppHZXYjTpcDQrVbHtR3nowhks%3D</analysis_url><energy>0.139406</energy><liveness>0.080143</liveness><tempo>178.78</tempo><speechiness>0.036076</speechiness><acousticness>0.980732</acousticness><instrumentalness>6.6e-05</instrumentalness><mode>1</mode><time_signature>4</time_signature><duration>190.63955</duration><loudness>-12.091</loudness><audio_md5>f8fb53572cdfa4688411dcedcd2e8600</audio_md5><valence>0.269284</valence><danceability>0.272667</danceability></audio_summary><title>Slow Down</title></song><song><artist_id>AR6ET9I1187FB53C65</artist_id><artist_name>Ben Jelen</artist_name><id>SOKWYNX12A58A802A6</id><audio_summary><key>7</key><analysis_url>http://echonest-analysis.s3.amazonaws.com/TR/vd5twgXeaX0bDfFNECKtYgTxT52eAzKOnc-hNwupX6U61eSfa-TBwrQu0U8RdQtoDyIOg7NfDLsvtByA8%3D/3/full.json?AWSAccessKeyId=AKIAJRDFEY23UEVW42BQ&amp;Expires=1415344187&amp;Signature=VYvI898Si3DlsSOKxGVok5koSGQ%3D</analysis_url><energy>0.610375</energy><liveness>0.10517</liveness><tempo>203.667</tempo><speechiness>0.035951</speechiness><acousticness>0.344215</acousticness><instrumentalness>3e-06</instrumentalness><mode>1</mode><time_signature>4</time_signature><duration>240.33288</duration><loudness>-4.824</loudness><audio_md5 /><valence>0.147281</valence><danceability>0.301261</danceability></audio_summary><title>Wicked Little Town</title></song><song><artist_id>AR6ET9I1187FB53C65</artist_id><artist_name>Ben Jelen</artist_name><id>SOBDADD12AB018F7D4</id><audio_summary><key>0</key><analysis_url>http://echonest-analysis.s3.amazonaws.com/TR/J75wzgmiZnGcSjcDoKNln5ZnrsfoXGbEdNMo-8M3633UVg2gpI_TMzNMDyBlT5bWaH3HTTm0XSUPGirBQ%3D/3/full.json?AWSAccessKeyId=AKIAJRDFEY23UEVW42BQ&amp;Expires=1415344187&amp;Signature=CKbneXLxX6DeQnvb31os57WDQyM%3D</analysis_url><energy>0.543814</energy><liveness>0.330115</liveness><tempo>123.063</tempo><speechiness>0.028881</speechiness><acousticness>0.010881</acousticness><instrumentalness>3e-06</instrumentalness><mode>1</mode><time_signature>4</time_signature><duration>283.43955</duration><loudness>-7.893</loudness><audio_md5 /><valence>0.249666</valence><danceability>0.488744</danceability></audio_summary><title>Counting Down</title></song><song><artist_id>AR6ET9I1187FB53C65</artist_id><artist_name>Ben Jelen</artist_name><id>SOMLZEO12A670215DB</id><audio_summary><key>6</key><analysis_url>http://echonest-analysis.s3.amazonaws.com/TR/XHsHfAmIkU2gdvhAsFxzsTrxCqCaeZ0H1lDeEhQsh2azOid7nRqX1wh8B1yZC-0S5uGjvgdoboDZ8gDVQ%3D/3/full.json?AWSAccessKeyId=AKIAJRDFEY23UEVW42BQ&amp;Expires=1415344187&amp;Signature=EoE/DqCxEHrJ5zHEMvX8jB6qxS0%3D</analysis_url><energy>0.433019</energy><liveness>0.191103</liveness><tempo>99.808</tempo><speechiness>0.029395</speechiness><acousticness>0.598724</acousticness><instrumentalness>0.0</instrumentalness><mode>1</mode><time_signature>4</time_signature><duration>201.58621</duration><loudness>-9.364</loudness><audio_md5 /><valence>0.17793</valence><danceability>0.464132</danceability></audio_summary><title>Rocks (Sessions@AOL Version)</title></song><song><artist_id>AR6ET9I1187FB53C65</artist_id><artist_name>Ben Jelen</artist_name><id>SOMOECS12A670215DD</id><audio_summary><key>3</key><analysis_url>http://echonest-analysis.s3.amazonaws.com/TR/zUnfOQBmLHR_ZUGlmZwmXac2w8c3VvlRfJW-QG_BGuglmbsSYKNowrWNz7AhP1w_z2Xq6q88WOhTrYkl0%3D/3/full.json?AWSAccessKeyId=AKIAJRDFEY23UEVW42BQ&amp;Expires=1415344187&amp;Signature=hfCEsFrOmffxDX0JkoKj1pWQyf8%3D</analysis_url><energy>0.358162</energy><liveness>0.102594</liveness><tempo>78.632</tempo><speechiness>0.026171</speechiness><acousticness>0.594324</acousticness><instrumentalness>0.00098</instrumentalness><mode>1</mode><time_signature>4</time_signature><duration>256.89288</duration><loudness>-11.756</loudness><audio_md5 /><valence>0.298802</valence><danceability>0.49877</danceability></audio_summary><title>She'll Hear You (Sessions@AOL Version)</title></song><song><artist_id>AR6ET9I1187FB53C65</artist_id><artist_name>Ben Jelen</artist_name><id>SOGSTLK1315CD4A8A3</id><audio_summary><key>3</key><analysis_url>http://echonest-analysis.s3.amazonaws.com/TR/_uJIhAjFShOvZJal0t2APSW9WIkjcB70Mh8hDB92arX63GknY0PX_MEMpnZSjRataR_Ci9NY_h8KklJSk%3D/3/full.json?AWSAccessKeyId=AKIAJRDFEY23UEVW42BQ&amp;Expires=1415344187&amp;Signature=KfIkoCDqbttmWVBaW1s7jrUsclE%3D</analysis_url><energy>0.771712</energy><liveness>0.070393</liveness><tempo>79.924</tempo><speechiness>0.030333</speechiness><acousticness>0.27613</acousticness><instrumentalness>0.0</instrumentalness><mode>1</mode><time_signature>4</time_signature><duration>209.42621</duration><loudness>-5.024</loudness><audio_md5>54cca17773155b5e991052b4189cc7c3</audio_md5><valence>0.466628</valence><danceability>0.526428</danceability></audio_summary><title>She'll Hear You</title></song><song><artist_id>AR6ET9I1187FB53C65</artist_id><artist_name>Ben Jelen</artist_name><id>SOGIUWE12A670215DC</id><audio_summary><key>8</key><analysis_url>http://echonest-analysis.s3.amazonaws.com/TR/H0qYWgLDG_EnYCTHwm5ydFHmu339c9miPOcQzjU-yXYqaDtr21KxwgT8y4J-NZ7GVcOCQAYmQ6gaRv3aI%3D/3/full.json?AWSAccessKeyId=AKIAJRDFEY23UEVW42BQ&amp;Expires=1415344187&amp;Signature=%2B6QXPW4xlBq0GN/tSijUXTth1Nc%3D</analysis_url><energy>0.21967</energy><liveness>0.117387</liveness><tempo>136.754</tempo><speechiness>0.030172</speechiness><acousticness>0.909807</acousticness><instrumentalness>0.0</instrumentalness><mode>1</mode><time_signature>4</time_signature><duration>219.61288</duration><loudness>-11.046</loudness><audio_md5 /><valence>0.308768</valence><danceability>0.397563</danceability></audio_summary><title>Come On (Sessions@AOL Version)</title></song><song><artist_id>AR6ET9I1187FB53C65</artist_id><artist_name>Ben Jelen</artist_name><id>SOHPKJT1315CD4957C</id><audio_summary><key>2</key><analysis_url>http://echonest-analysis.s3.amazonaws.com/TR/TIWfHA_KSkwNMAxV-DNxlUpGTLjwWedT8AhOHcP7fhY1OPXWJAdkodTJD9ld8nFmCzja1lER8qYoCDEu0%3D/3/full.json?AWSAccessKeyId=AKIAJRDFEY23UEVW42BQ&amp;Expires=1415344187&amp;Signature=Y%2BXLgs03J73VaknojlzSlEnB6Ds%3D</analysis_url><energy>0.284245</energy><liveness>0.100163</liveness><tempo>144.232</tempo><speechiness>0.035132</speechiness><acousticness>0.753935</acousticness><instrumentalness>6.6e-05</instrumentalness><mode>1</mode><time_signature>4</time_signature><duration>401.51955</duration><loudness>-8.362</loudness><audio_md5 /><valence>0.042537</valence><danceability>0.273455</danceability></audio_summary><title>Setting Of The Sun (Album Version + Hidden Track "Dobrou Noc")</title></song><song><artist_id>AR6ET9I1187FB53C65</artist_id><artist_name>Ben Jelen</artist_name><id>SOQELFZ12AF729EF61</id><audio_summary><key>10</key><analysis_url>http://echonest-analysis.s3.amazonaws.com/TR/YxGtgQPqSe0f9HL4__zV6GpQJn20Rq6BHuXvR3xJGMJJR3uDK2veUcqQpQ0Vgca8LRMIRGvhXOR8_o9KY%3D/3/full.json?AWSAccessKeyId=AKIAJRDFEY23UEVW42BQ&amp;Expires=1415344187&amp;Signature=XdThKcvp/5rO1%2BRbGkgxFSZ8/cI%3D</analysis_url><energy>0.463507</energy><liveness>0.103406</liveness><tempo>140.988</tempo><speechiness>0.026838</speechiness><acousticness>0.493355</acousticness><instrumentalness>2e-06</instrumentalness><mode>1</mode><time_signature>4</time_signature><duration>228.07955</duration><loudness>-7.78</loudness><audio_md5>04eb56a57e2abef3e6bcdc834c2eba34</audio_md5><valence>0.166251</valence><danceability>0.361871</danceability></audio_summary><title>A Balance</title></song><song><artist_id>AR6ET9I1187FB53C65</artist_id><artist_name>Ben Jelen</artist_name><id>SOBOJVY12A6D4FA4C6</id><audio_summary><key>1</key><analysis_url>http://echonest-analysis.s3.amazonaws.com/TR/BDa_PQ22jh0On6bNcQfYSmNA7vNHw0pJUfMYqO1DD99SufF4imL7xG_Cda7WSIa9Q8tN6uoJvlFbEDsAo%3D/3/full.json?AWSAccessKeyId=AKIAJRDFEY23UEVW42BQ&amp;Expires=1415344187&amp;Signature=DNRkc4K0RzlKWmAJDumzlvkarEY%3D</analysis_url><energy>0.85538</energy><liveness>0.247839</liveness><tempo>102.762</tempo><speechiness>0.034381</speechiness><acousticness>0.077287</acousticness><instrumentalness>1e-06</instrumentalness><mode>0</mode><time_signature>4</time_signature><duration>240.07955</duration><loudness>-5.328</loudness><audio_md5 /><valence>0.278982</valence><danceability>0.572975</danceability></audio_summary><title>Stay</title></song><song><artist_id>AR6ET9I1187FB53C65</artist_id><artist_name>Ben Jelen</artist_name><id>SOLJPYF12A6D4FA4C4</id><audio_summary><key>9</key><analysis_url>http://echonest-analysis.s3.amazonaws.com/TR/Iq88OA3LnhBnDpZKGp69PVDjHvoB4rFoSIGD_pYCjxI9iRN2aMNobRgQpC0b3PBtZLHAKL7lMCmOcu3XQ%3D/3/full.json?AWSAccessKeyId=AKIAJRDFEY23UEVW42BQ&amp;Expires=1415344187&amp;Signature=x4bYF7BMBhiKNARfuZu2sqe0LJE%3D</analysis_url><energy>0.655305</energy><liveness>0.150741</liveness><tempo>78.899</tempo><speechiness>0.026803</speechiness><acousticness>0.353759</acousticness><instrumentalness>6e-06</instrumentalness><mode>1</mode><time_signature>4</time_signature><duration>302.89288</duration><loudness>-5.28</loudness><audio_md5>8bad34e18fceb4cf2759121d582aa947</audio_md5><valence>0.259131</valence><danceability>0.418751</danceability></audio_summary><title>Give It All Away</title></song><song><artist_id>AR6ET9I1187FB53C65</artist_id><artist_name>Ben Jelen</artist_name><id>SOEPYDG12A58A7EE97</id><audio_summary><key>2</key><analysis_url>http://echonest-analysis.s3.amazonaws.com/TR/3HuqHw95LBIOKaCFDujvRXgJM0kC8X8mYSD13xcoVbuFFJ5LIomfTZk8cb0TIEZACymDBzSzilgr9Cac4%3D/3/full.json?AWSAccessKeyId=AKIAJRDFEY23UEVW42BQ&amp;Expires=1415344187&amp;Signature=TeIxmoi2grdQSajKhB/t8dG4Qpo%3D</analysis_url><energy>0.370651</energy><liveness>0.091893</liveness><tempo>88.622</tempo><speechiness>0.02543</speechiness><acousticness>0.566893</acousticness><instrumentalness>0.0</instrumentalness><mode>1</mode><time_signature>4</time_signature><duration>318.29288</duration><loudness>-6.989</loudness><audio_md5>4976ca92184869b0a5898f8c7f84dc3b</audio_md5><valence>0.223431</valence><danceability>0.374154</danceability></audio_summary><title>Falling Down</title></song><song><artist_id>AR6ET9I1187FB53C65</artist_id><artist_name>Ben Jelen</artist_name><id>SOFBVFA1315CD50933</id><audio_summary><key>0</key><analysis_url>http://echonest-analysis.s3.amazonaws.com/TR/UGCSAAvfvlEf2cZOpIqil8_CyyKA87qWARKRDgb4b1EkLLbarz2hX8thUE7anaF4D-52vWjrNfODAunkE%3D/3/full.json?AWSAccessKeyId=AKIAJRDFEY23UEVW42BQ&amp;Expires=1415344187&amp;Signature=dm/PhDKGWc3Mb9vpx3pzfMEK6Xg%3D</analysis_url><energy>0.532109</energy><liveness>0.087326</liveness><tempo>117.005</tempo><speechiness>0.031393</speechiness><acousticness>0.004158</acousticness><instrumentalness>0.004074</instrumentalness><mode>1</mode><time_signature>4</time_signature><duration>282.33288</duration><loudness>-8.953</loudness><audio_md5>1679e94051bd185514bb6b4199503301</audio_md5><valence>0.262482</valence><danceability>0.593125</danceability></audio_summary><title>Pulse</title></song><song><artist_id>AR6ET9I1187FB53C65</artist_id><artist_name>Ben Jelen</artist_name><id>SOIRMIX12A67020311</id><audio_summary><key>8</key><analysis_url>http://echonest-analysis.s3.amazonaws.com/TR/e4o9YgWrdgQNU1EfmrqcIQbyAOeDL4dOCwMuWJyNcM1XTDR_IzavgGpJN7E3A4GSffxJazTW9ryUeRgI0%3D/3/full.json?AWSAccessKeyId=AKIAJRDFEY23UEVW42BQ&amp;Expires=1415344187&amp;Signature=Cf6Se3ma%2B7RoTLaGakgxfnPBJl8%3D</analysis_url><energy>0.560478</energy><liveness>0.101339</liveness><tempo>135.907</tempo><speechiness>0.026819</speechiness><acousticness>0.022709</acousticness><instrumentalness>0.0</instrumentalness><mode>1</mode><time_signature>4</time_signature><duration>226.55955</duration><loudness>-7.15</loudness><audio_md5>a873cbdf56951af8ee73791558dd535d</audio_md5><valence>0.161777</valence><danceability>0.463218</danceability></audio_summary><title>Come On</title></song><song><artist_id>AR6ET9I1187FB53C65</artist_id><artist_name>Ben Jelen</artist_name><id>SOUSLFF12A670215DE</id><audio_summary><key>2</key><analysis_url>http://echonest-analysis.s3.amazonaws.com/TR/R5Mc2g5ox2z_y_J7Kn1XDy0F7BnunaK8TZGAiExUwyzGFaPdK9FijJz0cRXqtRLEKWcW9TXSm_SRDzzKI%3D/3/full.json?AWSAccessKeyId=AKIAJRDFEY23UEVW42BQ&amp;Expires=1415344187&amp;Signature=nQvOwGIkgTsBcK3VvdfPICeT9p0%3D</analysis_url><energy>0.239371</energy><liveness>0.093354</liveness><tempo>125.341</tempo><speechiness>0.029864</speechiness><acousticness>0.281111</acousticness><instrumentalness>0.00016</instrumentalness><mode>1</mode><time_signature>4</time_signature><duration>347.15955</duration><loudness>-15.129</loudness><audio_md5 /><valence>0.227769</valence><danceability>0.391424</danceability></audio_summary><title>Setting Of The Sun (Sessions@AOL Version)</title></song><song><artist_id>AR6ET9I1187FB53C65</artist_id><artist_name>Ben Jelen</artist_name><id>SOCGNCM12A6D4F6C59</id><audio_summary><key>7</key><analysis_url>http://echonest-analysis.s3.amazonaws.com/TR/iZC4mQ3AwWQmyPbGdiIPYUO6CpRDseRyYpkn5HsXNZ29XjTLGUnvDXm7m6g9z6N49WqeG55WZM7h88DG0%3D/3/full.json?AWSAccessKeyId=AKIAJRDFEY23UEVW42BQ&amp;Expires=1415344187&amp;Signature=9NWBPlfsZjuVzVGFpTltSowCK2o%3D</analysis_url><energy>0.870729</energy><liveness>0.069793</liveness><tempo>145.012</tempo><speechiness>0.033692</speechiness><acousticness>0.057025</acousticness><instrumentalness>3.6e-05</instrumentalness><mode>1</mode><time_signature>4</time_signature><duration>171.13288</duration><loudness>-8.936</loudness><audio_md5 /><valence>0.633386</valence><danceability>0.49037</danceability></audio_summary><title>Teenage Suburban Queen</title></song><song><artist_id>AR6ET9I1187FB53C65</artist_id><artist_name>Ben Jelen</artist_name><id>SODWKRX1351079D7FE</id><audio_summary><key>9</key><analysis_url>http://echonest-analysis.s3.amazonaws.com/TR/tMgx7AZGPtV6BFTeyDCayLVSRww-CO3MtqtwTpKCdTWrjRddiFVZfiNX_QrNnfct-BOh_9mYHpldqkcdk%3D/3/full.json?AWSAccessKeyId=AKIAJRDFEY23UEVW42BQ&amp;Expires=1415344187&amp;Signature=MaviTxtMUnQjHTKdu4l1XsaAL3o%3D</analysis_url><energy>0.299316</energy><liveness>0.12756</liveness><tempo>79.803</tempo><speechiness>0.027307</speechiness><acousticness>0.275621</acousticness><instrumentalness>0.020996</instrumentalness><mode>1</mode><time_signature>4</time_signature><duration>314.10621</duration><loudness>-14.052</loudness><audio_md5 /><valence>0.309549</valence><danceability>0.34987</danceability></audio_summary><title>Give It All Away (Sessions@AOL Version)</title></song><song><artist_id>AR6ET9I1187FB53C65</artist_id><artist_name>Ben Jelen</artist_name><id>SOBRELB1313438989D</id><audio_summary><key>0</key><analysis_url>http://echonest-analysis.s3.amazonaws.com/TR/SxZHagwVdaj-FpxvoM4U3mg35rCQJjQHD-Ludb0690jLMBcUxE0GQVGwcmUS-VQ3dN-UQRLNwhEgp2BB0%3D/3/full.json?AWSAccessKeyId=AKIAJRDFEY23UEVW42BQ&amp;Expires=1415344187&amp;Signature=QIBVWIN4YK00/bBCpRM2j6QYP50%3D</analysis_url><energy>0.674982</energy><liveness>0.124438</liveness><tempo>121.164</tempo><speechiness>0.029594</speechiness><acousticness>0.006102</acousticness><instrumentalness>2.4e-05</instrumentalness><mode>1</mode><time_signature>4</time_signature><duration>190.75955</duration><loudness>-6.332</loudness><audio_md5 /><valence>0.701167</valence><danceability>0.508921</danceability></audio_summary><title>Talking About A Revolution</title></song><song><artist_id>AR6ET9I1187FB53C65</artist_id><artist_name>Ben Jelen</artist_name><id>SOXUTTM12AB018736F</id><audio_summary><key>6</key><analysis_url>http://echonest-analysis.s3.amazonaws.com/TR/NfW9UgnwR453Nl7aAeSbrMPl1-NJm8OpNxHa3dnrYyc2jsfyYpUl6MxMzkB5UXdilp1-2jIxcdpL15B2I%3D/3/full.json?AWSAccessKeyId=AKIAJRDFEY23UEVW42BQ&amp;Expires=1415344187&amp;Signature=Q%2BB1S%2B4nzsf58xFdv/wUKrpNRSg%3D</analysis_url><energy>0.415326</energy><liveness>0.128736</liveness><tempo>152.913</tempo><speechiness>0.026967</speechiness><acousticness>0.35815</acousticness><instrumentalness>0.0</instrumentalness><mode>1</mode><time_signature>3</time_signature><duration>162.34621</duration><loudness>-8.1</loudness><audio_md5 /><valence>0.421608</valence><danceability>0.579924</danceability></audio_summary><title>Only One</title></song></songs></response>