<response><status><version>4.2</version><code>0</code><message>Success</message></status><songs><song><artist_id>ARCX4WH1187FB3F247</artist_id><artist_name>Bethany Joy Lenz</artist_name><id>SODIIKN147E6E862ED</id><audio_summary><key>6</key><analysis_url>http://echonest-analysis.s3.amazonaws.com/TR/EEKOfQwAHnQ9BN1nwfClMVfPV6xOqx3Si3pqWIU8dtLP0Zi7hJRYXzaTgPo-9cNtMraFdru37cuNseVo8%3D/3/full.json?AWSAccessKeyId=AKIAJRDFEY23UEVW42BQ&amp;Expires=1415344231&amp;Signature=35WW4xKryZ87aYUEV6WANHFU3WM%3D</analysis_url><energy>0.512104</energy><liveness>0.092576</liveness><tempo>132.054</tempo><speechiness>0.037077</speechiness><acousticness>0.283718</acousticness><instrumentalness>8e-06</instrumentalness><mode>1</mode><time_signature>4</time_signature><duration>242.73002</duration><loudness>-12.353</loudness><audio_md5 /><valence>0.526358</valence><danceability>0.629799</danceability></audio_summary><title>Calamity Jane</title></song><song><artist_id>ARGJRKW13E0EC92540</artist_id><artist_name>Bethany Joy Johnson</artist_name><id>SORGZLU13EAC433583</id><audio_summary><key>2</key><analysis_url>http://echonest-analysis.s3.amazonaws.com/TR/fdfVoAmIRfrReeg3rcRt63QF7ESAKlMzGeSmW_iLBTbhFez3p6ryM0WVq4VPvflojl23fVoLqAmWZ5yro%3D/3/full.json?AWSAccessKeyId=AKIAJRDFEY23UEVW42BQ&amp;Expires=1415344231&amp;Signature=09cGQ162ev2LrAsqP8vN3fWWDbs%3D</analysis_url><energy>0.536569</energy><liveness>0.116418</liveness><tempo>127.18</tempo><speechiness>0.031413</speechiness><acousticness>0.448118</acousticness><instrumentalness>0.0</instrumentalness><mode>1</mode><time_signature>4</time_signature><duration>285.79955</duration><loudness>-7.057</loudness><audio_md5 /><valence>0.058801</valence><danceability>0.436452</danceability></audio_summary><title>Say A Little Prayer</title></song><song><artist_id>ARGJRKW13E0EC92540</artist_id><artist_name>Bethany Joy Johnson</artist_name><id>SOQJUNE13EAC431D9E</id><audio_summary><key>5</key><analysis_url>http://echonest-analysis.s3.amazonaws.com/TR/utcwAA0AxVa83f3VJx260t1bXhgzPqiBMil2_HfqslkNVtX7m4rn63_ACg_KMNCMf5EJkQnFo2SUoWyA0%3D/3/full.json?AWSAccessKeyId=AKIAJRDFEY23UEVW42BQ&amp;Expires=1415344231&amp;Signature=xZ5Cv6n1oB1nzymo9rFR/EseoLQ%3D</analysis_url><energy>0.589184</energy><liveness>0.060879</liveness><tempo>134.985</tempo><speechiness>0.040148</speechiness><acousticness>0.039743</acousticness><instrumentalness>1e-06</instrumentalness><mode>1</mode><time_signature>4</time_signature><duration>288.22621</duration><loudness>-7.574</loudness><audio_md5 /><valence>0.694871</valence><danceability>0.611966</danceability></audio_summary><title>Breaking New Ground</title></song><song><artist_id>ARGJRKW13E0EC92540</artist_id><artist_name>Bethany Joy Johnson</artist_name><id>SOEUAPQ13EAC430A66</id><audio_summary><key>4</key><analysis_url>http://echonest-analysis.s3.amazonaws.com/TR/C4whrwvq55KzyuYvjP9NMPPHuDtDQHZNrcG2Jn0gxG2HUVGiGL1sKgKDQqwFs-a02k6KKegB2lnzWekCA%3D/3/full.json?AWSAccessKeyId=AKIAJRDFEY23UEVW42BQ&amp;Expires=1415344231&amp;Signature=T6BpkW/0B2ptfdw1y%2BydfmsaZuY%3D</analysis_url><energy>0.887338</energy><liveness>0.084176</liveness><tempo>149.81</tempo><speechiness>0.195249</speechiness><acousticness>0.186253</acousticness><instrumentalness>0.0</instrumentalness><mode>1</mode><time_signature>4</time_signature><duration>214.99955</duration><loudness>-5.443</loudness><audio_md5 /><valence>0.45699</valence><danceability>0.567161</danceability></audio_summary><title>Gone</title></song><song><artist_id>ARGJRKW13E0EC92540</artist_id><artist_name>Bethany Joy Johnson</artist_name><id>SOHJJHX13EAC4306A7</id><audio_summary><key>11</key><analysis_url>http://echonest-analysis.s3.amazonaws.com/TR/qi1f5QQRnPOQScCJ230dBlb_q2r92RcKInHq8spstiSBEiBCygfa6WQZYwOiJWXx_OAV2kpHhHmD56wPI%3D/3/full.json?AWSAccessKeyId=AKIAJRDFEY23UEVW42BQ&amp;Expires=1415344231&amp;Signature=EN%2Bha9LthP9W0m3QAi778QwhCXI%3D</analysis_url><energy>0.483812</energy><liveness>0.108611</liveness><tempo>183.962</tempo><speechiness>0.037767</speechiness><acousticness>0.435485</acousticness><instrumentalness>0.0</instrumentalness><mode>1</mode><time_signature>4</time_signature><duration>206.67955</duration><loudness>-7.506</loudness><audio_md5 /><valence>0.259769</valence><danceability>0.39617</danceability></audio_summary><title>Someday</title></song><song><artist_id>ARGJRKW13E0EC92540</artist_id><artist_name>Bethany Joy Johnson</artist_name><id>SOIUQVJ13EE3548918</id><audio_summary><key>4</key><analysis_url>http://echonest-analysis.s3.amazonaws.com/TR/JYYg1wYZ12nCnMtmJF3kDf3EA3GWbtFeNIKcQxGqu7J4LMSRIuKSUhFPned_5A1bnYyVRn7K0eedqB0AM%3D/3/full.json?AWSAccessKeyId=AKIAJRDFEY23UEVW42BQ&amp;Expires=1415344231&amp;Signature=pS9rq0ZxpigG0l70V7J55y5N21w%3D</analysis_url><energy>0.765045</energy><liveness>0.09179</liveness><tempo>179.597</tempo><speechiness>0.035061</speechiness><acousticness>0.137727</acousticness><instrumentalness>0.00011</instrumentalness><mode>1</mode><time_signature>4</time_signature><duration>247.65991</duration><loudness>-6.058</loudness><audio_md5 /><valence>0.543153</valence><danceability>0.470748</danceability></audio_summary><title>Lost</title></song><song><artist_id>ARGJRKW13E0EC92540</artist_id><artist_name>Bethany Joy Johnson</artist_name><id>SOIGVBC13EAC431808</id><audio_summary><key>5</key><analysis_url>http://echonest-analysis.s3.amazonaws.com/TR/Mr474wFaNUFCGjcvYkS0fsusR2jWZAspxcYhygoA-yRwKMUPwQc34ponrpY7L-wySRXAAL-FyWANFjlYw%3D/3/full.json?AWSAccessKeyId=AKIAJRDFEY23UEVW42BQ&amp;Expires=1415344231&amp;Signature=54pDx8QqvRi1ehLiMKiyalMSB%2Bo%3D</analysis_url><energy>0.553092</energy><liveness>0.102757</liveness><tempo>159.577</tempo><speechiness>0.0316</speechiness><acousticness>0.165154</acousticness><instrumentalness>0.0</instrumentalness><mode>1</mode><time_signature>4</time_signature><duration>212.03955</duration><loudness>-6.261</loudness><audio_md5 /><valence>0.189426</valence><danceability>0.317784</danceability></audio_summary><title>Forever Mine</title></song><song><artist_id>ARXOIDS12A10043CCC</artist_id><artist_name>Bethany Joy Galeotti</artist_name><id>SOGQFGG1313438C759</id><audio_summary><key>11</key><analysis_url>http://echonest-analysis.s3.amazonaws.com/TR/kyqPlwjLq6WZTk_7MkYg8lpKJtcENbPC8Y5k5xM3F0_DesyqCyiD6HV2_d08im7SIa1iHTcChsKf9KPWA%3D/3/full.json?AWSAccessKeyId=AKIAJRDFEY23UEVW42BQ&amp;Expires=1415344231&amp;Signature=d3PkSw2LB0fg5E8IXpiUM3MWFEk%3D</analysis_url><energy>0.493881</energy><liveness>0.112929</liveness><tempo>99.948</tempo><speechiness>0.032511</speechiness><acousticness>0.40253</acousticness><instrumentalness>1e-06</instrumentalness><mode>1</mode><time_signature>4</time_signature><duration>230.99955</duration><loudness>-8.219</loudness><audio_md5>5cd128fd679a450e201cb9356db1bcb2</audio_md5><valence>0.157423</valence><danceability>0.443933</danceability></audio_summary><title>Feel This (featuring Enation)</title></song><song><artist_id>ARGJRKW13E0EC92540</artist_id><artist_name>Bethany Joy Johnson</artist_name><id>SOVBJSA13EABEEF57B</id><audio_summary><key>0</key><analysis_url>http://echonest-analysis.s3.amazonaws.com/TR/pO_OugJTg-jxpYsqCj0Bsm9FZjr5j1nUkgOWk8ZPOWWpIcE0wP5Alq7Flyzi-HN1n64tnKDxpJNSN1Yb4%3D/3/full.json?AWSAccessKeyId=AKIAJRDFEY23UEVW42BQ&amp;Expires=1415344231&amp;Signature=krN5gXhOGtCP5zPmA0VXvJQbkgc%3D</analysis_url><energy>0.230293</energy><liveness>0.098161</liveness><tempo>141.639</tempo><speechiness>0.031654</speechiness><acousticness>0.748888</acousticness><instrumentalness>0.0</instrumentalness><mode>0</mode><time_signature>4</time_signature><duration>302.11955</duration><loudness>-9.966</loudness><audio_md5 /><valence>0.094315</valence><danceability>0.375993</danceability></audio_summary><title>Good Will Come</title></song><song><artist_id>ARGJRKW13E0EC92540</artist_id><artist_name>Bethany Joy Johnson</artist_name><id>SODXMBX13EAC42FE6D</id><audio_summary><key>11</key><analysis_url>http://echonest-analysis.s3.amazonaws.com/TR/aqPQVwzfpgotauh0BBnN3YQOL5mBfVQYK1V5Qc9uctjPl23L0vhd29a_qQpeIK7FXxXg7hwLuo9wrz8RY%3D/3/full.json?AWSAccessKeyId=AKIAJRDFEY23UEVW42BQ&amp;Expires=1415344231&amp;Signature=/9jmWWHq1scGXMAAihGBdKQp6zw%3D</analysis_url><energy>0.586255</energy><liveness>0.127957</liveness><tempo>83.047</tempo><speechiness>0.033311</speechiness><acousticness>0.520029</acousticness><instrumentalness>0.0</instrumentalness><mode>1</mode><time_signature>4</time_signature><duration>245.93288</duration><loudness>-7.298</loudness><audio_md5 /><valence>0.279481</valence><danceability>0.392998</danceability></audio_summary><title>Fall For Him</title></song><song><artist_id>ARGJRKW13E0EC92540</artist_id><artist_name>Bethany Joy Johnson</artist_name><id>SOYEJWJ13EDEA03858</id><audio_summary><key>0</key><analysis_url>http://echonest-analysis.s3.amazonaws.com/TR/ETTZ6w28_Bl15_9V93vDXNvpn3tCOQGdYF_wSObGbF05Ql8eLUfK01NtsASMZyuM03wyTu49gPqb3RKOM%3D/3/full.json?AWSAccessKeyId=AKIAJRDFEY23UEVW42BQ&amp;Expires=1415344231&amp;Signature=QweGOvMcT9u7JZ6mSKMEAfcnFLY%3D</analysis_url><energy>0.438483</energy><liveness>0.093469</liveness><tempo>119.786</tempo><speechiness>0.031138</speechiness><acousticness>0.501975</acousticness><instrumentalness>2e-06</instrumentalness><mode>1</mode><time_signature>3</time_signature><duration>282.81093</duration><loudness>-8.675</loudness><audio_md5 /><valence>0.080931</valence><danceability>0.509811</danceability></audio_summary><title>Games</title></song></songs></response>