<response><status><version>4.2</version><code>0</code><message>Success</message></status><songs><song><artist_id>ARNG4JH1187B98982C</artist_id><artist_name>Beverley Mahood</artist_name><id>SOAJGKW13740B46C3E</id><audio_summary><key>9</key><analysis_url>http://echonest-analysis.s3.amazonaws.com/TR/ETEqxApJ8kExx66GAishZiSN2ceO8uQRefT312jvE78b2Aj11E-DOGuXAoXvTnjIlGMILjG1HSKNA0HCI%3D/3/full.json?AWSAccessKeyId=AKIAJRDFEY23UEVW42BQ&amp;Expires=1415344249&amp;Signature=xNgmu0bJoaGzrvDjcXYD%2BchL1BI%3D</analysis_url><energy>0.426975</energy><liveness>0.218073</liveness><tempo>109.912</tempo><speechiness>0.025123</speechiness><acousticness>0.739077</acousticness><instrumentalness>0.0</instrumentalness><mode>1</mode><time_signature>4</time_signature><duration>193.63955</duration><loudness>-6.817</loudness><audio_md5 /><valence>0.355163</valence><danceability>0.598873</danceability></audio_summary><title>O Come All Ye Faithful</title></song><song><artist_id>ARNG4JH1187B98982C</artist_id><artist_name>Beverley Mahood</artist_name><id>SOCBWFS131343A3482</id><audio_summary><key>9</key><analysis_url>http://echonest-analysis.s3.amazonaws.com/TR/HPlfaQpR03Z1ouly7r6p2zwyOe0xOQAwdKnLGJHr_ONTox9rdrjuDer6o13mq1a5o9BsjHwBSCTgdxk6k%3D/3/full.json?AWSAccessKeyId=AKIAJRDFEY23UEVW42BQ&amp;Expires=1415344249&amp;Signature=prJoH7eIa9tDCmNN1pUw%2B%2B/KsBg%3D</analysis_url><energy>0.272351</energy><liveness>0.115012</liveness><tempo>72.503</tempo><speechiness>0.038843</speechiness><acousticness>0.960465</acousticness><instrumentalness>0.009665</instrumentalness><mode>1</mode><time_signature>4</time_signature><duration>255.53288</duration><loudness>-10.615</loudness><audio_md5 /><valence>0.298258</valence><danceability>0.369499</danceability></audio_summary><title>(I Love You) For Sentimental Reasons</title></song><song><artist_id>ARNG4JH1187B98982C</artist_id><artist_name>Beverley Mahood</artist_name><id>SOYPCRK1313438F9FB</id><audio_summary><key>4</key><analysis_url>http://echonest-analysis.s3.amazonaws.com/TR/hI2NBgtnkzuW53PZZWWe_0ygFNDVheuMrHB-0mbQUphz_W4BTq7o_LhCfAQ-mLtJdj0E6jGRmtGRZEyuQ%3D/3/full.json?AWSAccessKeyId=AKIAJRDFEY23UEVW42BQ&amp;Expires=1415344249&amp;Signature=IXq4cIQIIG%2BCnQIIBKHWxu25ckw%3D</analysis_url><energy>0.55263</energy><liveness>0.305286</liveness><tempo>140.106</tempo><speechiness>0.031084</speechiness><acousticness>0.610661</acousticness><instrumentalness>0.16146</instrumentalness><mode>1</mode><time_signature>4</time_signature><duration>226.30621</duration><loudness>-9.258</loudness><audio_md5 /><valence>0.447977</valence><danceability>0.731909</danceability></audio_summary><title>Little Drummer Boy</title></song><song><artist_id>ARNG4JH1187B98982C</artist_id><artist_name>Beverley Mahood</artist_name><id>SOBEYUT1311AFE5413</id><audio_summary><key>7</key><analysis_url>http://echonest-analysis.s3.amazonaws.com/TR/UmSQqg9J8hVbx53J2BX4JCXXKQHQsGAqSvdLSCbhWw6gbCuVPGLiL1aEN5fm1hu4n3ClavS_XXZc7MyTE%3D/3/full.json?AWSAccessKeyId=AKIAJRDFEY23UEVW42BQ&amp;Expires=1415344249&amp;Signature=ULP3QHNBdPY%2BEbcdhKwGqTzISms%3D</analysis_url><energy>0.482147</energy><liveness>0.032846</liveness><tempo>138.885</tempo><speechiness>0.040981</speechiness><acousticness>0.703546</acousticness><instrumentalness>0.000492</instrumentalness><mode>0</mode><time_signature>4</time_signature><duration>176.51955</duration><loudness>-7.03</loudness><audio_md5 /><valence>0.825624</valence><danceability>0.527486</danceability></audio_summary><title>Let It Snow</title></song><song><artist_id>ARNG4JH1187B98982C</artist_id><artist_name>Beverley Mahood</artist_name><id>SODFSBU13134386FE9</id><audio_summary><key>10</key><analysis_url>http://echonest-analysis.s3.amazonaws.com/TR/QmehewMWvtw_cQGWrjDgKYyV-SS_K9Ujh6eoYunkfNBS2ej17CWEkKmqA9wzpLfYJh5JYsqfcWwgXXYYQ%3D/3/full.json?AWSAccessKeyId=AKIAJRDFEY23UEVW42BQ&amp;Expires=1415344249&amp;Signature=DT/oigeaK4Y75cCBrlbmbboB1Vw%3D</analysis_url><energy>0.356438</energy><liveness>0.121184</liveness><tempo>78.883</tempo><speechiness>0.031329</speechiness><acousticness>0.923063</acousticness><instrumentalness>0.001447</instrumentalness><mode>1</mode><time_signature>4</time_signature><duration>186.82621</duration><loudness>-10.507</loudness><audio_md5 /><valence>0.610724</valence><danceability>0.377067</danceability></audio_summary><title>Deck The Halls</title></song><song><artist_id>ARNG4JH1187B98982C</artist_id><artist_name>Beverley Mahood</artist_name><id>SOXDAYS1374091056A</id><audio_summary><key>5</key><analysis_url>http://echonest-analysis.s3.amazonaws.com/TR/JicP6QChpXM4pUk4ss_RGSZD0LfZv-PozX7c9lupNyXM14noc7Z0HEkf7n5LI5VNb8dKjeT1r8akk4wZw%3D/3/full.json?AWSAccessKeyId=AKIAJRDFEY23UEVW42BQ&amp;Expires=1415344249&amp;Signature=qmMyGs0uz3vWOufsEJbFGaVH350%3D</analysis_url><energy>0.43645</energy><liveness>0.128944</liveness><tempo>118.921</tempo><speechiness>0.025942</speechiness><acousticness>0.410419</acousticness><instrumentalness>0.0</instrumentalness><mode>1</mode><time_signature>3</time_signature><duration>235.71955</duration><loudness>-7.103</loudness><audio_md5 /><valence>0.277357</valence><danceability>0.557791</danceability></audio_summary><title>Unmistakable</title></song><song><artist_id>ARNG4JH1187B98982C</artist_id><artist_name>Beverley Mahood</artist_name><id>SOBHGOG1313439DD93</id><audio_summary><key>1</key><analysis_url>http://echonest-analysis.s3.amazonaws.com/TR/UKVL6gNRvIvn5dM5VJxkdS9wpaH6hj_ka1zGd_UZUbh12ZSaTgKCXjnPZIb3q7lWRFGmoFZ91Db1cTfxQ%3D/3/full.json?AWSAccessKeyId=AKIAJRDFEY23UEVW42BQ&amp;Expires=1415344249&amp;Signature=CPKoTaSpm58065fV01S4Si8B4sQ%3D</analysis_url><energy>0.232936</energy><liveness>0.154558</liveness><tempo>112.492</tempo><speechiness>0.032133</speechiness><acousticness>0.960908</acousticness><instrumentalness>0.003744</instrumentalness><mode>1</mode><time_signature>4</time_signature><duration>259.19955</duration><loudness>-10.805</loudness><audio_md5 /><valence>0.211682</valence><danceability>0.467074</danceability></audio_summary><title>The Christmas Song</title></song><song><artist_id>ARNG4JH1187B98982C</artist_id><artist_name>Beverley Mahood</artist_name><id>SOATNKL142D11E860F</id><audio_summary><key>8</key><analysis_url>http://echonest-analysis.s3.amazonaws.com/TR/bQNkBgw5ZdZrsJ7cJGwQtwfCXxHmMjlfyfIug2P3Qj5SRiIkSIeQiOx3qIba-0oCloeLxwYPwEAqOC72c%3D/3/full.json?AWSAccessKeyId=AKIAJRDFEY23UEVW42BQ&amp;Expires=1415344249&amp;Signature=dUfasefft4A%2BrjwKYRGmSqUhhVI%3D</analysis_url><energy>0.479445</energy><liveness>0.111642</liveness><tempo>137.918</tempo><speechiness>0.02555</speechiness><acousticness>0.401787</acousticness><instrumentalness>1e-06</instrumentalness><mode>1</mode><time_signature>4</time_signature><duration>248.8258</duration><loudness>-6.527</loudness><audio_md5 /><valence>0.368103</valence><danceability>0.60206</danceability></audio_summary><title>(Don't Tell Me) How I Feel (feat. Dan Hill)</title></song><song><artist_id>ARNG4JH1187B98982C</artist_id><artist_name>Beverley Mahood</artist_name><id>SOAPAWX13740F629BB</id><audio_summary><key>6</key><analysis_url>http://echonest-analysis.s3.amazonaws.com/TR/AWcpkwHZyH16kpY2_0XnBS1AgQss5EO7zKw3NFG9ouNCTVCvklaATF9sqOK0WuRbb1EI42KTREUHJ2-ow%3D/3/full.json?AWSAccessKeyId=AKIAJRDFEY23UEVW42BQ&amp;Expires=1415344249&amp;Signature=DC7tn%2BJbqXhB1BgQKnttiA3x5S8%3D</analysis_url><energy>0.811751</energy><liveness>0.076618</liveness><tempo>122.051</tempo><speechiness>0.049232</speechiness><acousticness>0.122325</acousticness><instrumentalness>3e-06</instrumentalness><mode>1</mode><time_signature>4</time_signature><duration>246.13107</duration><loudness>-7.104</loudness><audio_md5 /><valence>0.638575</valence><danceability>0.712841</danceability></audio_summary><title>Relentless Flame</title></song><song><artist_id>ARNG4JH1187B98982C</artist_id><artist_name>Beverley Mahood</artist_name><id>SOIPMLD13740910452</id><audio_summary><key>10</key><analysis_url>http://echonest-analysis.s3.amazonaws.com/TR/HJqEvA_oNANjFPDhQeJ9XAcKU1qzYaEuFzD5ZghZVYoLAM0v0lkNK3O_J3_n_jpae7Br1oPNJGaf5zTjI%3D/3/full.json?AWSAccessKeyId=AKIAJRDFEY23UEVW42BQ&amp;Expires=1415344249&amp;Signature=/W/TU4sa1BySgP12GIvL7vfqKU4%3D</analysis_url><energy>0.676765</energy><liveness>0.102628</liveness><tempo>167.946</tempo><speechiness>0.031453</speechiness><acousticness>0.299801</acousticness><instrumentalness>0.0</instrumentalness><mode>0</mode><time_signature>4</time_signature><duration>231.73288</duration><loudness>-7.155</loudness><audio_md5 /><valence>0.624604</valence><danceability>0.43575</danceability></audio_summary><title>Freckles</title></song><song><artist_id>ARNG4JH1187B98982C</artist_id><artist_name>Beverley Mahood</artist_name><id>SOLXKXE13740B46504</id><audio_summary><key>5</key><analysis_url>http://echonest-analysis.s3.amazonaws.com/TR/p0NxaAAlR0dpvTA3SQZwNBS_eHnVUSohS_rEIiNwvD9_6djNMHgAmVl3q0G0Bj0X3_FDAX2rJ6mBCR4II%3D/3/full.json?AWSAccessKeyId=AKIAJRDFEY23UEVW42BQ&amp;Expires=1415344249&amp;Signature=dFi9BLIrjnm/u8/NGRh6gLxxIv0%3D</analysis_url><energy>0.354817</energy><liveness>0.072729</liveness><tempo>92.793</tempo><speechiness>0.026826</speechiness><acousticness>0.7719</acousticness><instrumentalness>0.0</instrumentalness><mode>1</mode><time_signature>3</time_signature><duration>275.06621</duration><loudness>-8.947</loudness><audio_md5 /><valence>0.181668</valence><danceability>0.490461</danceability></audio_summary><title>Have Yourself A Merry Little Christmas</title></song><song><artist_id>ARNG4JH1187B98982C</artist_id><artist_name>Beverley Mahood</artist_name><id>SOGPLWW131343A5D54</id><audio_summary><key>5</key><analysis_url>http://echonest-analysis.s3.amazonaws.com/TR/oVfcWQ__BQx9sjSxM7F4a5ghhuZGHzeWp80EHf5q7-Ydbp-CR3ANMd6OH6n0xNIYM6camGgeLrsEZZGqU%3D/3/full.json?AWSAccessKeyId=AKIAJRDFEY23UEVW42BQ&amp;Expires=1415344249&amp;Signature=8z4Qgg5/QP8GLVUyJKklX4/91oo%3D</analysis_url><energy>0.895312</energy><liveness>0.129601</liveness><tempo>129.089</tempo><speechiness>0.133092</speechiness><acousticness>0.108345</acousticness><instrumentalness>0.000121</instrumentalness><mode>1</mode><time_signature>4</time_signature><duration>202.27955</duration><loudness>-4.735</loudness><audio_md5 /><valence>0.581792</valence><danceability>0.555735</danceability></audio_summary><title>Santa Claus Is Coming To Town</title></song><song><artist_id>ARNG4JH1187B98982C</artist_id><artist_name>Beverley Mahood</artist_name><id>SODRCHI1311AFDE36F</id><audio_summary><key>1</key><analysis_url>http://echonest-analysis.s3.amazonaws.com/TR/8VHPYQSQw9w2ogyruZFO6OekYTmN954C6EiQkYtf2XIvTmcl0EVOOZG4ohydtiRYhs_OuVetl-oOiotRM%3D/3/full.json?AWSAccessKeyId=AKIAJRDFEY23UEVW42BQ&amp;Expires=1415344249&amp;Signature=BJErOlaOJKVOa8MoDHOJiJIAiIo%3D</analysis_url><energy>0.434221</energy><liveness>0.119253</liveness><tempo>113.978</tempo><speechiness>0.027288</speechiness><acousticness>0.852307</acousticness><instrumentalness>0.000371</instrumentalness><mode>1</mode><time_signature>4</time_signature><duration>199.86621</duration><loudness>-8.267</loudness><audio_md5 /><valence>0.241779</valence><danceability>0.702444</danceability></audio_summary><title>The Present</title></song><song><artist_id>ARNG4JH1187B98982C</artist_id><artist_name>Beverley Mahood</artist_name><id>SOSOPCC1312FE0232F</id><audio_summary><key>0</key><analysis_url>http://echonest-analysis.s3.amazonaws.com/TR/bSUxyQGbJObTv_LyJAiV-Er1F8PvtjNEngQ0_72o0NpwfTNVLEs7DJBrxG5-KBRPZ8ARibnM61PjlQnZc%3D/3/full.json?AWSAccessKeyId=AKIAJRDFEY23UEVW42BQ&amp;Expires=1415344249&amp;Signature=XRj4m301jMAr9VXrt0mvytDnnJA%3D</analysis_url><energy>0.759124</energy><liveness>0.247114</liveness><tempo>122.85</tempo><speechiness>0.04083</speechiness><acousticness>0.419442</acousticness><instrumentalness>6e-05</instrumentalness><mode>1</mode><time_signature>4</time_signature><duration>274.18621</duration><loudness>-4.91</loudness><audio_md5 /><valence>0.647242</valence><danceability>0.599073</danceability></audio_summary><title>I Pray On Christmas</title></song><song><artist_id>ARNG4JH1187B98982C</artist_id><artist_name>Beverley Mahood</artist_name><id>SOVVEMS13740B465D3</id><audio_summary><key>7</key><analysis_url>http://echonest-analysis.s3.amazonaws.com/TR/nUx1Yg1tkzwTWArC3Zu155NwR7Q-bczxqgBEM2XvTS2paU6oX9qiclh0k_hcFGWH7T_DhkUOInCNuwkLo%3D/3/full.json?AWSAccessKeyId=AKIAJRDFEY23UEVW42BQ&amp;Expires=1415344249&amp;Signature=2RL4clo1kRyLCtX0mMKF33thl%2BU%3D</analysis_url><energy>0.522947</energy><liveness>0.108617</liveness><tempo>100.035</tempo><speechiness>0.02486</speechiness><acousticness>0.741504</acousticness><instrumentalness>3.9e-05</instrumentalness><mode>0</mode><time_signature>4</time_signature><duration>210.18621</duration><loudness>-6.833</loudness><audio_md5 /><valence>0.539123</valence><danceability>0.598844</danceability></audio_summary><title>God Rest Ye Merry Gentlemen</title></song><song><artist_id>ARNG4JH1187B98982C</artist_id><artist_name>Beverley Mahood</artist_name><id>SOQRZZL13740F622DB</id><audio_summary><key>2</key><analysis_url>http://echonest-analysis.s3.amazonaws.com/TR/G2GuEgZjbTJD0bNNrSQS5ZWMEcHIu4UCs8B3O2ku2ELpi2_a2gLl9zeF05wIhomgHkrE_fTv-M5EKbJaE%3D/3/full.json?AWSAccessKeyId=AKIAJRDFEY23UEVW42BQ&amp;Expires=1415344249&amp;Signature=xqzsFjNYg/BAD/T3aVxvRqqcAAg%3D</analysis_url><energy>0.800925</energy><liveness>0.092637</liveness><tempo>172.117</tempo><speechiness>0.049469</speechiness><acousticness>0.291307</acousticness><instrumentalness>0.0</instrumentalness><mode>1</mode><time_signature>4</time_signature><duration>275.38821</duration><loudness>-5.048</loudness><audio_md5 /><valence>0.319604</valence><danceability>0.452204</danceability></audio_summary><title>Free</title></song><song><artist_id>ARNG4JH1187B98982C</artist_id><artist_name>Beverley Mahood</artist_name><id>SOTHNFC13740B2D1C6</id><audio_summary><key>4</key><analysis_url>http://echonest-analysis.s3.amazonaws.com/TR/18paUwrb-ewCe2Dp24wLGMQ8j-OeHfgYAGuD2FnhWW_V-DpruM3OvaHnskBXTpy-Qc4lkdDFfp3mqhF2c%3D/3/full.json?AWSAccessKeyId=AKIAJRDFEY23UEVW42BQ&amp;Expires=1415344249&amp;Signature=82dP%2BYjCVePw/Qa2boL2miSkc0E%3D</analysis_url><energy>0.740935</energy><liveness>0.310951</liveness><tempo>114.027</tempo><speechiness>0.05398</speechiness><acousticness>0.768607</acousticness><instrumentalness>1e-06</instrumentalness><mode>1</mode><time_signature>4</time_signature><duration>237.07955</duration><loudness>-6.612</loudness><audio_md5 /><valence>0.745954</valence><danceability>0.754071</danceability></audio_summary><title>The Way A Woman Feels</title></song><song><artist_id>ARNG4JH1187B98982C</artist_id><artist_name>Beverley Mahood</artist_name><id>SOAIIKC137409104BA</id><audio_summary><key>0</key><analysis_url>http://echonest-analysis.s3.amazonaws.com/TR/TqnlcQ201Ibm0kiaYgypRwW-no8S5h4JBIGW3AfCG8U2JHKFS3GO46NSA4LAnEKj8VBL5ULKAavHVxTgI%3D/3/full.json?AWSAccessKeyId=AKIAJRDFEY23UEVW42BQ&amp;Expires=1415344249&amp;Signature=qL5Nrj5jYPqG0bzChm4euCih0uA%3D</analysis_url><energy>0.734922</energy><liveness>0.373279</liveness><tempo>96.027</tempo><speechiness>0.034931</speechiness><acousticness>0.046809</acousticness><instrumentalness>0.0</instrumentalness><mode>1</mode><time_signature>4</time_signature><duration>240.71955</duration><loudness>-8.026</loudness><audio_md5 /><valence>0.579135</valence><danceability>0.614206</danceability></audio_summary><title>Good To Be Alive</title></song><song><artist_id>ARNG4JH1187B98982C</artist_id><artist_name>Beverley Mahood</artist_name><id>SOFRSPQ146F8F8CCDA</id><audio_summary><key>6</key><analysis_url>http://echonest-analysis.s3.amazonaws.com/TR/8SmvGQyCwGbZgIq2HDEminojM-zzTGyOVnaTBVqnBjbrYnAAMz6PYCqPel8KQAw750lyGOTL1cVkDSxW0%3D/3/full.json?AWSAccessKeyId=AKIAJRDFEY23UEVW42BQ&amp;Expires=1415344249&amp;Signature=yTRWLJloOuxqdPRh76%2Bjm0mCFcA%3D</analysis_url><energy>0.800423</energy><liveness>0.170888</liveness><tempo>106.033</tempo><speechiness>0.026689</speechiness><acousticness>0.199467</acousticness><instrumentalness>0.0</instrumentalness><mode>1</mode><time_signature>4</time_signature><duration>187.81592</duration><loudness>-3.152</loudness><audio_md5>ada3ba7dc7fc78833e116a205c515e3f</audio_md5><valence>0.681534</valence><danceability>0.574117</danceability></audio_summary><title>Sunday I'm an Angel</title></song><song><artist_id>ARNG4JH1187B98982C</artist_id><artist_name>Beverley Mahood</artist_name><id>SODLGEB13740B2CFDD</id><audio_summary><key>7</key><analysis_url>http://echonest-analysis.s3.amazonaws.com/TR/yTrV3ALhe_IOnLcVs1H_1Uskoj7tKJNlopr4MU3X9ieIgS5H09py8IsdhJ4rY2C5FHWuSNUNJrVZh6D7I%3D/3/full.json?AWSAccessKeyId=AKIAJRDFEY23UEVW42BQ&amp;Expires=1415344249&amp;Signature=9unWsMgK5V1DJZsPK5eC7D2Anf4%3D</analysis_url><energy>0.710243</energy><liveness>0.335758</liveness><tempo>134.958</tempo><speechiness>0.027217</speechiness><acousticness>0.3021</acousticness><instrumentalness>0.0</instrumentalness><mode>1</mode><time_signature>4</time_signature><duration>242.29288</duration><loudness>-4.834</loudness><audio_md5 /><valence>0.745118</valence><danceability>0.672729</danceability></audio_summary><title>Girl Out Of The Ordinary</title></song><song><artist_id>ARNG4JH1187B98982C</artist_id><artist_name>Beverley Mahood</artist_name><id>SOWOOAQ137409103A4</id><audio_summary><key>10</key><analysis_url>http://echonest-analysis.s3.amazonaws.com/TR/OfJQxAFYTyoel_IyFznyVoU-Dcc4C4wi5vI_DApazMwaLAUd7v7UyGUTxTH7qO7yEdSebSRQllEcXaSpk%3D/3/full.json?AWSAccessKeyId=AKIAJRDFEY23UEVW42BQ&amp;Expires=1415344249&amp;Signature=baEHO4aUSpWknPwgbtIxTuKBhRo%3D</analysis_url><energy>0.711934</energy><liveness>0.12683</liveness><tempo>121.985</tempo><speechiness>0.029016</speechiness><acousticness>0.08744</acousticness><instrumentalness>4e-06</instrumentalness><mode>1</mode><time_signature>4</time_signature><duration>196.66621</duration><loudness>-6.74</loudness><audio_md5 /><valence>0.505912</valence><danceability>0.684171</danceability></audio_summary><title>This Girl</title></song><song><artist_id>ARNG4JH1187B98982C</artist_id><artist_name>Beverley Mahood</artist_name><id>SOEAPHQ137409104B5</id><audio_summary><key>5</key><analysis_url>http://echonest-analysis.s3.amazonaws.com/TR/Eg3PIgV_wY_zdGBRhnviDKVirkVNJgHUahzNHMHuV-M4Y6_RI4kEfCYIzXKCgkkyeTuzONmLuAqcssyBI%3D/3/full.json?AWSAccessKeyId=AKIAJRDFEY23UEVW42BQ&amp;Expires=1415344249&amp;Signature=DBC5Ev7rwVA/T3vkK1iggXVvP2M%3D</analysis_url><energy>0.715063</energy><liveness>0.563766</liveness><tempo>140.031</tempo><speechiness>0.026321</speechiness><acousticness>0.151801</acousticness><instrumentalness>1e-06</instrumentalness><mode>1</mode><time_signature>4</time_signature><duration>260.99955</duration><loudness>-6.49</loudness><audio_md5 /><valence>0.419614</valence><danceability>0.552024</danceability></audio_summary><title>Rewrite History</title></song><song><artist_id>ARNG4JH1187B98982C</artist_id><artist_name>Beverley Mahood</artist_name><id>SORVBZF13740910921</id><audio_summary><key>2</key><analysis_url>http://echonest-analysis.s3.amazonaws.com/TR/mMFm3QMWk44eC-qmPnLEVbhOdwHj4K23txRdGzu51j27aPuss9RHsJWZabr-7uUf5JM-O8NCInfyYVCEU%3D/3/full.json?AWSAccessKeyId=AKIAJRDFEY23UEVW42BQ&amp;Expires=1415344249&amp;Signature=71Oc%2BhI3RPKlYCLu3tXSU01NgSM%3D</analysis_url><energy>0.399618</energy><liveness>0.131524</liveness><tempo>99.417</tempo><speechiness>0.027596</speechiness><acousticness>0.743937</acousticness><instrumentalness>0.0</instrumentalness><mode>1</mode><time_signature>4</time_signature><duration>258.41288</duration><loudness>-7.689</loudness><audio_md5 /><valence>0.172931</valence><danceability>0.563359</danceability></audio_summary><title>Anything Is Possible</title></song><song><artist_id>ARNG4JH1187B98982C</artist_id><artist_name>Beverley Mahood</artist_name><id>SOTCFQV1374091059B</id><audio_summary><key>2</key><analysis_url>http://echonest-analysis.s3.amazonaws.com/TR/6zRUJwgLVO_vU5_3yhOgAeBdkLL0daIBdiXWw2RcRQhvmcubibAp9kX504d9f8r5Mypwew9lBjxbh2EdQ%3D/3/full.json?AWSAccessKeyId=AKIAJRDFEY23UEVW42BQ&amp;Expires=1415344249&amp;Signature=NYlH%2B5tEh8MBbmPgMJOr/Jv%2Bf0s%3D</analysis_url><energy>0.770471</energy><liveness>0.052746</liveness><tempo>123.042</tempo><speechiness>0.032386</speechiness><acousticness>0.061574</acousticness><instrumentalness>0.0</instrumentalness><mode>1</mode><time_signature>4</time_signature><duration>193.43955</duration><loudness>-7.648</loudness><audio_md5 /><valence>0.890854</valence><danceability>0.66456</danceability></audio_summary><title>Kick At The Can</title></song><song><artist_id>ARNG4JH1187B98982C</artist_id><artist_name>Beverley Mahood</artist_name><id>SOTEEAE142D113C08C</id><audio_summary><key>11</key><analysis_url>http://echonest-analysis.s3.amazonaws.com/TR/R7wviwOLLSX4vQc8ZqUk4ddqUduSyXodsZHqvE_NcNjUKKOU60agZgPzimSYczWpiWvYXDWKevAKCKcXg%3D/3/full.json?AWSAccessKeyId=AKIAJRDFEY23UEVW42BQ&amp;Expires=1415344249&amp;Signature=cAFjDukIALY9gs0UYjMBIqUei7w%3D</analysis_url><energy>0.869809</energy><liveness>0.377463</liveness><tempo>125.987</tempo><speechiness>0.046058</speechiness><acousticness>0.070392</acousticness><instrumentalness>0.0</instrumentalness><mode>1</mode><time_signature>4</time_signature><duration>216.46254</duration><loudness>-5.304</loudness><audio_md5 /><valence>0.686066</valence><danceability>0.678682</danceability></audio_summary><title>I Don't Even Know Anymore</title></song><song><artist_id>ARNG4JH1187B98982C</artist_id><artist_name>Beverley Mahood</artist_name><id>SOVZYZX13740B47451</id><audio_summary><key>10</key><analysis_url>http://echonest-analysis.s3.amazonaws.com/TR/QCEkYgIKyEtPZFot2T_zu7CK_D7dEw77Pb65OQIg_qUbUOGINwgCZ0g_2vqg98s2BYR3gl4rX7tqC4qU8%3D/3/full.json?AWSAccessKeyId=AKIAJRDFEY23UEVW42BQ&amp;Expires=1415344249&amp;Signature=u3jS%2B9m/YbQwVWoXp07cuVUU8cM%3D</analysis_url><energy>0.222874</energy><liveness>0.105379</liveness><tempo>166.728</tempo><speechiness>0.032083</speechiness><acousticness>0.867653</acousticness><instrumentalness>1e-06</instrumentalness><mode>1</mode><time_signature>4</time_signature><duration>196.29288</duration><loudness>-10.572</loudness><audio_md5 /><valence>0.291013</valence><danceability>0.430046</danceability></audio_summary><title>Christmas Lullaby</title></song><song><artist_id>ARNG4JH1187B98982C</artist_id><artist_name>Beverley Mahood</artist_name><id>SOVTAJE13740B47173</id><audio_summary><key>0</key><analysis_url>http://echonest-analysis.s3.amazonaws.com/TR/hZmkRwP-Pgv24lXQFrGCgurES_ty6_G30eOySunad7-9arjwpPrKChtmQSRAak92NoqmEkA3K3F5HK_-E%3D/3/full.json?AWSAccessKeyId=AKIAJRDFEY23UEVW42BQ&amp;Expires=1415344249&amp;Signature=IS6ctKRhm6w6eSANl4xTZYq0f%2BU%3D</analysis_url><energy>0.420963</energy><liveness>0.118712</liveness><tempo>93.992</tempo><speechiness>0.027491</speechiness><acousticness>0.64352</acousticness><instrumentalness>0.0</instrumentalness><mode>1</mode><time_signature>4</time_signature><duration>268.53288</duration><loudness>-9.399</loudness><audio_md5 /><valence>0.263947</valence><danceability>0.522522</danceability></audio_summary><title>Winter Wonderland</title></song><song><artist_id>ARNG4JH1187B98982C</artist_id><artist_name>Beverley Mahood</artist_name><id>SOLKXLA13740B2D689</id><audio_summary><key>4</key><analysis_url>http://echonest-analysis.s3.amazonaws.com/TR/H6BcDQMQMvBS61PoOXFpEi3-sEAr8gI4rp2uYBfi4wSZykUh6r8SPSIZA_5w1PKnvd9-DYiQLyA_jDEmA%3D/3/full.json?AWSAccessKeyId=AKIAJRDFEY23UEVW42BQ&amp;Expires=1415344249&amp;Signature=RmF88EaueFhxaukNuVpwF3N5mt0%3D</analysis_url><energy>0.313466</energy><liveness>0.112872</liveness><tempo>115.999</tempo><speechiness>0.028102</speechiness><acousticness>0.686581</acousticness><instrumentalness>9e-06</instrumentalness><mode>1</mode><time_signature>4</time_signature><duration>259.70621</duration><loudness>-8.381</loudness><audio_md5 /><valence>0.129568</valence><danceability>0.636759</danceability></audio_summary><title>I Believe In You</title></song><song><artist_id>ARNG4JH1187B98982C</artist_id><artist_name>Beverley Mahood</artist_name><id>SOLYCPW13740B2CEE1</id><audio_summary><key>1</key><analysis_url>http://echonest-analysis.s3.amazonaws.com/TR/dfkLPwlwgIpyA39T3eGVVqHC-l-eqcJco4aomz8tktH38koUwjO0BOGUCzXO_kfhwmnjOpzyrZxiETXTE%3D/3/full.json?AWSAccessKeyId=AKIAJRDFEY23UEVW42BQ&amp;Expires=1415344249&amp;Signature=pmItiIwKQBuKWzfN7Fg8oZTT5i8%3D</analysis_url><energy>0.687512</energy><liveness>0.374194</liveness><tempo>141.999</tempo><speechiness>0.03068</speechiness><acousticness>0.733963</acousticness><instrumentalness>0.0</instrumentalness><mode>1</mode><time_signature>4</time_signature><duration>196.85288</duration><loudness>-5.454</loudness><audio_md5 /><valence>0.907087</valence><danceability>0.603449</danceability></audio_summary><title>Radio 101</title></song><song><artist_id>ARNG4JH1187B98982C</artist_id><artist_name>Beverley Mahood</artist_name><id>SONLOWE13740F62A4A</id><audio_summary><key>4</key><analysis_url>http://echonest-analysis.s3.amazonaws.com/TR/VhK06AsBC6mtDmxUAh4stpVB3vHnGF7Y5mcDB3_6UBAT-innVJ5JVst9RHb2iV7W8i6WWsRc6XU3AMDSU%3D/3/full.json?AWSAccessKeyId=AKIAJRDFEY23UEVW42BQ&amp;Expires=1415344249&amp;Signature=oEeMDGB/6kIIF8pncLia3V0RD4g%3D</analysis_url><energy>0.796905</energy><liveness>0.141883</liveness><tempo>123.963</tempo><speechiness>0.035266</speechiness><acousticness>0.373327</acousticness><instrumentalness>0.0</instrumentalness><mode>1</mode><time_signature>4</time_signature><duration>267.5863</duration><loudness>-4.353</loudness><audio_md5 /><valence>0.354689</valence><danceability>0.552804</danceability></audio_summary><title>Hurt City</title></song><song><artist_id>ARNG4JH1187B98982C</artist_id><artist_name>Beverley Mahood</artist_name><id>SOMSSDN13740F62758</id><audio_summary><key>1</key><analysis_url>http://echonest-analysis.s3.amazonaws.com/TR/3sSmFg3y3mKdInn4b4N1V2Hw59JKLWu2Pe-VWbjWvs0-ug1U8iMLIq1Xbfj8EdfTwhwyQhU5ZKGPEuA8A%3D/3/full.json?AWSAccessKeyId=AKIAJRDFEY23UEVW42BQ&amp;Expires=1415344249&amp;Signature=U%2BGwlzksGA02HBiXDVxYbnPNbmA%3D</analysis_url><energy>0.777612</energy><liveness>0.040683</liveness><tempo>102.85</tempo><speechiness>0.032356</speechiness><acousticness>0.592239</acousticness><instrumentalness>0.0</instrumentalness><mode>1</mode><time_signature>4</time_signature><duration>227.3229</duration><loudness>-5.278</loudness><audio_md5 /><valence>0.586241</valence><danceability>0.567745</danceability></audio_summary><title>Ghost of 66</title></song><song><artist_id>ARNG4JH1187B98982C</artist_id><artist_name>Beverley Mahood</artist_name><id>SOMMCZL13740B46E3A</id><audio_summary><key>9</key><analysis_url>http://echonest-analysis.s3.amazonaws.com/TR/VP-U1APQI4yZB55RAMieM-35JQtq65nlVrk7xjRy7l5J84ZqD4XOOFtIxnuh1cHwI_o5X4xYMxU6UqyxA%3D/3/full.json?AWSAccessKeyId=AKIAJRDFEY23UEVW42BQ&amp;Expires=1415344249&amp;Signature=xVchuEfjmi1KwmrbwOue%2Bmao0jE%3D</analysis_url><energy>0.555245</energy><liveness>0.046985</liveness><tempo>109.969</tempo><speechiness>0.040308</speechiness><acousticness>0.716491</acousticness><instrumentalness>0.0</instrumentalness><mode>1</mode><time_signature>4</time_signature><duration>249.69288</duration><loudness>-5.363</loudness><audio_md5 /><valence>0.624348</valence><danceability>0.729164</danceability></audio_summary><title>Do You Hear What I Hear</title></song><song><artist_id>ARNG4JH1187B98982C</artist_id><artist_name>Beverley Mahood</artist_name><id>SONVMBF1374091046F</id><audio_summary><key>5</key><analysis_url>http://echonest-analysis.s3.amazonaws.com/TR/VyrargaE3q7Nlp9OhM7SaPm-RHU4kfZRNExP-G0iR3pvArtqoP1TlHZhkA8wCK7tem7oy2hC8ONtwNP5M%3D/3/full.json?AWSAccessKeyId=AKIAJRDFEY23UEVW42BQ&amp;Expires=1415344249&amp;Signature=FO4KTVr1EMj7z68tCABnon%2Bsvis%3D</analysis_url><energy>0.82324</energy><liveness>0.12835</liveness><tempo>81.982</tempo><speechiness>0.039424</speechiness><acousticness>0.079291</acousticness><instrumentalness>5e-06</instrumentalness><mode>0</mode><time_signature>4</time_signature><duration>202.58621</duration><loudness>-7.681</loudness><audio_md5 /><valence>0.908904</valence><danceability>0.587811</danceability></audio_summary><title>You Better Think Twice</title></song><song><artist_id>ARNG4JH1187B98982C</artist_id><artist_name>Beverley Mahood</artist_name><id>SOOJTBC13740B2D13E</id><audio_summary><key>7</key><analysis_url>http://echonest-analysis.s3.amazonaws.com/TR/40KZuQITmj4ano2_Mk85ovqBG4NHyg4tt8NH-FpmMJ7dk50CSviIQUNOYOk2-5PhqFbv9dLox-dp5LMZE%3D/3/full.json?AWSAccessKeyId=AKIAJRDFEY23UEVW42BQ&amp;Expires=1415344249&amp;Signature=ojSMa70Gp5Oj4bnKkhN3WpXWRJE%3D</analysis_url><energy>0.80973</energy><liveness>0.070587</liveness><tempo>163.952</tempo><speechiness>0.041596</speechiness><acousticness>0.478489</acousticness><instrumentalness>0.0</instrumentalness><mode>1</mode><time_signature>4</time_signature><duration>206.22621</duration><loudness>-6.333</loudness><audio_md5 /><valence>0.921726</valence><danceability>0.672324</danceability></audio_summary><title>A Little Thing Called Love</title></song><song><artist_id>ARNG4JH1187B98982C</artist_id><artist_name>Beverley Mahood</artist_name><id>SOPNTMN13740F625C5</id><audio_summary><key>3</key><analysis_url>http://echonest-analysis.s3.amazonaws.com/TR/yI4fQQplzOjdXFQ5t5eUBjGqlt2A6Yz3qCeEmJAldW8uH-uusKBs-Atoy0bsT90j_r8pQeCiAor3vpKLY%3D/3/full.json?AWSAccessKeyId=AKIAJRDFEY23UEVW42BQ&amp;Expires=1415344249&amp;Signature=ZoLTNEQyrEW2HpsqNa166oEyX/8%3D</analysis_url><energy>0.754861</energy><liveness>0.1603</liveness><tempo>91.986</tempo><speechiness>0.023457</speechiness><acousticness>0.507724</acousticness><instrumentalness>0.0</instrumentalness><mode>1</mode><time_signature>4</time_signature><duration>284.30467</duration><loudness>-4.154</loudness><audio_md5 /><valence>0.448705</valence><danceability>0.597024</danceability></audio_summary><title>Makin' It Up As You Go</title></song><song><artist_id>ARNG4JH1187B98982C</artist_id><artist_name>Beverley Mahood</artist_name><id>SOOUNKG13740B2D34B</id><audio_summary><key>10</key><analysis_url>http://echonest-analysis.s3.amazonaws.com/TR/MhqaCgY359pkTzgUQFoDVxxlQfcWYk4WHG7PlWYZXuW6RMHgrtoO2fkq7iOqEb_U9En2DmFjUWcOuD3xk%3D/3/full.json?AWSAccessKeyId=AKIAJRDFEY23UEVW42BQ&amp;Expires=1415344249&amp;Signature=yyUdj4RU4F93kTj8%2Bjak4VFYZq0%3D</analysis_url><energy>0.632014</energy><liveness>0.053844</liveness><tempo>96.006</tempo><speechiness>0.049728</speechiness><acousticness>0.419095</acousticness><instrumentalness>2e-06</instrumentalness><mode>1</mode><time_signature>4</time_signature><duration>247.81288</duration><loudness>-7.185</loudness><audio_md5 /><valence>0.782656</valence><danceability>0.76354</danceability></audio_summary><title>I Don't Do…</title></song><song><artist_id>ARNG4JH1187B98982C</artist_id><artist_name>Beverley Mahood</artist_name><id>SOOQBJN13740B2D3B4</id><audio_summary><key>7</key><analysis_url>http://echonest-analysis.s3.amazonaws.com/TR/S_oOugeWHdniYsESWxIxRBBwDn6jih2xq3ajF-xrxVFZNWmA_tEmPanuZLG9pdEfG41e9IBNbihmBNLpQ%3D/3/full.json?AWSAccessKeyId=AKIAJRDFEY23UEVW42BQ&amp;Expires=1415344249&amp;Signature=cioeu1FogIfxEMZHrLHN0Dz8gTQ%3D</analysis_url><energy>0.449718</energy><liveness>0.062204</liveness><tempo>128.026</tempo><speechiness>0.02849</speechiness><acousticness>0.802194</acousticness><instrumentalness>1e-06</instrumentalness><mode>1</mode><time_signature>4</time_signature><duration>261.14621</duration><loudness>-9.6</loudness><audio_md5 /><valence>0.508278</valence><danceability>0.663754</danceability></audio_summary><title>True Love Never Goes Out of Style</title></song><song><artist_id>ARNG4JH1187B98982C</artist_id><artist_name>Beverley Mahood</artist_name><id>SOOPTCS13740F629F7</id><audio_summary><key>0</key><analysis_url>http://echonest-analysis.s3.amazonaws.com/TR/HeXd7AVVqKRLakcxzoOQf6IQ-YrMH_FhcViG4RYrjuwgm_erJ1YgSom7gu7gQAkh1JW1FGIw4MYFdwhAA%3D/3/full.json?AWSAccessKeyId=AKIAJRDFEY23UEVW42BQ&amp;Expires=1415344249&amp;Signature=lbQ56zx5fl/a3e8%2B%2BszFAFoKpY4%3D</analysis_url><energy>0.721623</energy><liveness>0.163226</liveness><tempo>112.037</tempo><speechiness>0.029739</speechiness><acousticness>0.401958</acousticness><instrumentalness>0.0</instrumentalness><mode>1</mode><time_signature>4</time_signature><duration>245.10939</duration><loudness>-4.223</loudness><audio_md5 /><valence>0.603854</valence><danceability>0.659483</danceability></audio_summary><title>That Changes Everything</title></song><song><artist_id>ARNG4JH1187B98982C</artist_id><artist_name>Beverley Mahood</artist_name><id>SOEZDOH13740910864</id><audio_summary><key>4</key><analysis_url>http://echonest-analysis.s3.amazonaws.com/TR/LyXfbQIT4mz4uT28pciGZKn0ciwA1B9lyqRXnz2Ab-a0JkxwTB-pddq81GrEmWsO7hd0BnxzSm-jw9zBY%3D/3/full.json?AWSAccessKeyId=AKIAJRDFEY23UEVW42BQ&amp;Expires=1415344249&amp;Signature=5QrcyDPYotgM/TnuoiQIIO5kz5M%3D</analysis_url><energy>0.37626</energy><liveness>0.118443</liveness><tempo>117.011</tempo><speechiness>0.027926</speechiness><acousticness>0.268608</acousticness><instrumentalness>0.0</instrumentalness><mode>1</mode><time_signature>4</time_signature><duration>259.42621</duration><loudness>-8.813</loudness><audio_md5 /><valence>0.184315</valence><danceability>0.532046</danceability></audio_summary><title>Come To Me</title></song><song><artist_id>ARNG4JH1187B98982C</artist_id><artist_name>Beverley Mahood</artist_name><id>SOIARZO13740B46992</id><audio_summary><key>0</key><analysis_url>http://echonest-analysis.s3.amazonaws.com/TR/bhILhQi4rq6LBjW7CrZMsZXlO3cnTWs77IiRjQrqlGau4aprY8IDeUUjiNzku3Bz501omP51ESoBPelaM%3D/3/full.json?AWSAccessKeyId=AKIAJRDFEY23UEVW42BQ&amp;Expires=1415344249&amp;Signature=i9H9tQ7Z3/GaRg/iWOmj4KFV0hE%3D</analysis_url><energy>0.452493</energy><liveness>0.10975</liveness><tempo>92.056</tempo><speechiness>0.024567</speechiness><acousticness>0.598315</acousticness><instrumentalness>0.0</instrumentalness><mode>0</mode><time_signature>4</time_signature><duration>281.41288</duration><loudness>-8.169</loudness><audio_md5 /><valence>0.186784</valence><danceability>0.543273</danceability></audio_summary><title>Luke</title></song><song><artist_id>ARNG4JH1187B98982C</artist_id><artist_name>Beverley Mahood</artist_name><id>SOHVGGV1312FE00ABD</id><audio_summary><key>5</key><analysis_url>http://echonest-analysis.s3.amazonaws.com/TR/Fjdq0QrMRhxeNe6QCS4PI9EE9_qB1TeP4Otc7TJX0I7hjkrr-yz-TGHLdablNvlX8KywUWrV7fiK4_8nE%3D/3/full.json?AWSAccessKeyId=AKIAJRDFEY23UEVW42BQ&amp;Expires=1415344249&amp;Signature=%2Bjah8lOIb6ZM7tdmwd/9kQ5DJ4U%3D</analysis_url><energy>0.827515</energy><liveness>0.124414</liveness><tempo>128.152</tempo><speechiness>0.03027</speechiness><acousticness>0.239915</acousticness><instrumentalness>0.000145</instrumentalness><mode>0</mode><time_signature>4</time_signature><duration>218.03955</duration><loudness>-4.42</loudness><audio_md5 /><valence>0.731228</valence><danceability>0.635173</danceability></audio_summary><title>Silver Bells</title></song><song><artist_id>ARNG4JH1187B98982C</artist_id><artist_name>Beverley Mahood</artist_name><id>SOHNBGU142D10ADE91</id><audio_summary><key>7</key><analysis_url>http://echonest-analysis.s3.amazonaws.com/TR/eMgaHAcg96hbVDT62_gLOObC4DuXWYVu0Be7YZl5ZY1qyfR2gn0peFU_5C0AnGxv-_HOpVdtO8E9wRPmA%3D/3/full.json?AWSAccessKeyId=AKIAJRDFEY23UEVW42BQ&amp;Expires=1415344249&amp;Signature=jZmOYl16mdRgKqaM3qcZVBW%2BB0M%3D</analysis_url><energy>0.712748</energy><liveness>0.160602</liveness><tempo>188.082</tempo><speechiness>0.023818</speechiness><acousticness>0.05114</acousticness><instrumentalness>0.0</instrumentalness><mode>1</mode><time_signature>4</time_signature><duration>216.47723</duration><loudness>-4.852</loudness><audio_md5 /><valence>0.419602</valence><danceability>0.404572</danceability></audio_summary><title>Unbreakable</title></song><song><artist_id>ARNG4JH1187B98982C</artist_id><artist_name>Beverley Mahood</artist_name><id>SOLERFI1313439B67B</id><audio_summary><key>6</key><analysis_url>http://echonest-analysis.s3.amazonaws.com/TR/HyAxAAx2HGDh54OJOknBpuwTigy1V7yNXZqTzN3ATbZ22XVgyXWgGueVFTaX9bLaNmqp1J1lG2kLBDBcg%3D/3/full.json?AWSAccessKeyId=AKIAJRDFEY23UEVW42BQ&amp;Expires=1415344249&amp;Signature=OThETAqEUOkj49ClMB4DjT7x8jQ%3D</analysis_url><energy>0.478455</energy><liveness>0.063701</liveness><tempo>105.963</tempo><speechiness>0.030975</speechiness><acousticness>0.786079</acousticness><instrumentalness>0.001976</instrumentalness><mode>1</mode><time_signature>4</time_signature><duration>280.35955</duration><loudness>-8.163</loudness><audio_md5 /><valence>0.272347</valence><danceability>0.419746</danceability></audio_summary><title>Celebrate Me Home</title></song><song><artist_id>ARNG4JH1187B98982C</artist_id><artist_name>Beverley Mahood</artist_name><id>SOGEYLP13740F6282B</id><audio_summary><key>9</key><analysis_url>http://echonest-analysis.s3.amazonaws.com/TR/X36q0wGR_eCnjEdTzGjBBHANhJxLmXPsXMyHCOQLRSxOC_Q16ir2INMiODW937ftYieQZs9AEkFfN_4kw%3D/3/full.json?AWSAccessKeyId=AKIAJRDFEY23UEVW42BQ&amp;Expires=1415344249&amp;Signature=Fu7o7uvYz68KQ3GnJq7dNetpM5Q%3D</analysis_url><energy>0.866588</energy><liveness>0.055282</liveness><tempo>102.987</tempo><speechiness>0.059112</speechiness><acousticness>0.279269</acousticness><instrumentalness>0.0</instrumentalness><mode>1</mode><time_signature>4</time_signature><duration>225.65107</duration><loudness>-3.864</loudness><audio_md5 /><valence>0.838832</valence><danceability>0.588181</danceability></audio_summary><title>Take Me Home</title></song><song><artist_id>ARNG4JH1187B98982C</artist_id><artist_name>Beverley Mahood</artist_name><id>SOGYIKB137409105D4</id><audio_summary><key>2</key><analysis_url>http://echonest-analysis.s3.amazonaws.com/TR/VEnw8AuwH-QOVHlfh7KTdR-IMGzURu_E1KqWDIKNREuwwUjHFPjbNb9THZjkUmW73ZV00VmgU-hNnq_GU%3D/3/full.json?AWSAccessKeyId=AKIAJRDFEY23UEVW42BQ&amp;Expires=1415344249&amp;Signature=Etnnfb1Cy/69hEMaSM7JtbDYVHU%3D</analysis_url><energy>0.418227</energy><liveness>0.11747</liveness><tempo>129.984</tempo><speechiness>0.027289</speechiness><acousticness>0.496716</acousticness><instrumentalness>2.2e-05</instrumentalness><mode>1</mode><time_signature>4</time_signature><duration>206.07955</duration><loudness>-9.774</loudness><audio_md5 /><valence>0.255361</valence><danceability>0.577264</danceability></audio_summary><title>Could Have Had Me</title></song><song><artist_id>ARNG4JH1187B98982C</artist_id><artist_name>Beverley Mahood</artist_name><id>SOLKTRO142D11B94C9</id><audio_summary><key>11</key><analysis_url>http://echonest-analysis.s3.amazonaws.com/TR/ALyTPgWSZA_wfzYp_a1fMKL3Nk_2-Qr1F-vzg0j2tH0sLIdRiZs56SAwJEFzADZWsLMJDLcZg2n2_gBbU%3D/3/full.json?AWSAccessKeyId=AKIAJRDFEY23UEVW42BQ&amp;Expires=1415344249&amp;Signature=6fK7MwJ/1ejPd1w2C2Dtenob2c8%3D</analysis_url><energy>0.439218</energy><liveness>0.312807</liveness><tempo>83.884</tempo><speechiness>0.028803</speechiness><acousticness>0.685128</acousticness><instrumentalness>2e-06</instrumentalness><mode>1</mode><time_signature>4</time_signature><duration>221.62739</duration><loudness>-8.33</loudness><audio_md5 /><valence>0.386235</valence><danceability>0.503962</danceability></audio_summary><title>CarrieAnne</title></song><song><artist_id>ARNG4JH1187B98982C</artist_id><artist_name>Beverley Mahood</artist_name><id>SOJSVKQ13740B2D7FD</id><audio_summary><key>7</key><analysis_url>http://echonest-analysis.s3.amazonaws.com/TR/q7iHyQoftpQhPWqizrueyo6_a2U0KFnp0bPvqHORtri8JjcR85opr5vnI7CJoI2jfkCRGq1GmaQ_x_-R0%3D/3/full.json?AWSAccessKeyId=AKIAJRDFEY23UEVW42BQ&amp;Expires=1415344249&amp;Signature=1M5/uZcZUktCS70Fizl6PBumjPM%3D</analysis_url><energy>0.672253</energy><liveness>0.080041</liveness><tempo>165.034</tempo><speechiness>0.039694</speechiness><acousticness>0.554463</acousticness><instrumentalness>0.0</instrumentalness><mode>1</mode><time_signature>4</time_signature><duration>253.95955</duration><loudness>-7.238</loudness><audio_md5 /><valence>0.916203</valence><danceability>0.58292</danceability></audio_summary><title>Little Miss Innocent</title></song><song><artist_id>ARNG4JH1187B98982C</artist_id><artist_name>Beverley Mahood</artist_name><id>SOLPPYQ137409106DE</id><audio_summary><key>1</key><analysis_url>http://echonest-analysis.s3.amazonaws.com/TR/FQ-UWwcwzfDGccyx8AzKcH9v4AGRvfs0AI5e8T5FpC5fmPFBJMiOzsXH35Gt_tCNZNeekT0H7KSN6E4f8%3D/3/full.json?AWSAccessKeyId=AKIAJRDFEY23UEVW42BQ&amp;Expires=1415344249&amp;Signature=2JdwLdarbTCDFHH94%2B1DySoyjRM%3D</analysis_url><energy>0.461677</energy><liveness>0.111745</liveness><tempo>122.015</tempo><speechiness>0.029352</speechiness><acousticness>0.780936</acousticness><instrumentalness>0.0001</instrumentalness><mode>1</mode><time_signature>4</time_signature><duration>210.94621</duration><loudness>-11.379</loudness><audio_md5 /><valence>0.518711</valence><danceability>0.752913</danceability></audio_summary><title>You Get To Me</title></song><song><artist_id>ARNG4JH1187B98982C</artist_id><artist_name>Beverley Mahood</artist_name><id>SOLVJPQ142D1122285</id><audio_summary><key>0</key><analysis_url>http://echonest-analysis.s3.amazonaws.com/TR/IReJTgL1dPnmXFD2cHf9rAxlvEha_wB5eQVLdc9jbS9exKjaw6t3Tzjqu0DCE961ud7K7bLmINkA_EOxQ%3D/3/full.json?AWSAccessKeyId=AKIAJRDFEY23UEVW42BQ&amp;Expires=1415344249&amp;Signature=NQXEZTajJoJnkSRHJvClrk2llsM%3D</analysis_url><energy>0.582866</energy><liveness>0.063308</liveness><tempo>122.048</tempo><speechiness>0.031258</speechiness><acousticness>0.113792</acousticness><instrumentalness>1e-06</instrumentalness><mode>1</mode><time_signature>4</time_signature><duration>234.81188</duration><loudness>-6.033</loudness><audio_md5 /><valence>0.854437</valence><danceability>0.694339</danceability></audio_summary><title>Disappear</title></song><song><artist_id>ARNG4JH1187B98982C</artist_id><artist_name>Beverley Mahood</artist_name><id>SOKRLMU142D10AC479</id><audio_summary><key>11</key><analysis_url>http://echonest-analysis.s3.amazonaws.com/TR/lNQYMA8gbLRcUyaa8toYpWrT83pMmfoKPeyxiwFDlAqyWgMkRWAmq4g_YpfI3raAfTlerzWHciU8mJzgE%3D/3/full.json?AWSAccessKeyId=AKIAJRDFEY23UEVW42BQ&amp;Expires=1415344249&amp;Signature=r3lEPV0q53%2Bm9Rf3zceCtbZyc8w%3D</analysis_url><energy>0.699863</energy><liveness>0.150811</liveness><tempo>170.0</tempo><speechiness>0.026952</speechiness><acousticness>0.00212</acousticness><instrumentalness>2.2e-05</instrumentalness><mode>1</mode><time_signature>4</time_signature><duration>216.32857</duration><loudness>-5.238</loudness><audio_md5 /><valence>0.622947</valence><danceability>0.418627</danceability></audio_summary><title>The One</title></song><song><artist_id>ARNG4JH1187B98982C</artist_id><artist_name>Beverley Mahood</artist_name><id>SOHDFVV13740F623A5</id><audio_summary><key>11</key><analysis_url>http://echonest-analysis.s3.amazonaws.com/TR/ifCVFwnA9TAPZKH_5BgmB9Y5C5U1HP2OhK58s5iiqHYrwtVSNcYfZcNvGQY9zhcU38ZuUQPTC5R6TqXFY%3D/3/full.json?AWSAccessKeyId=AKIAJRDFEY23UEVW42BQ&amp;Expires=1415344249&amp;Signature=oGZSUURsHjedyKzvApHkjZJGqZ8%3D</analysis_url><energy>0.809791</energy><liveness>0.081563</liveness><tempo>149.064</tempo><speechiness>0.042029</speechiness><acousticness>0.080317</acousticness><instrumentalness>1e-06</instrumentalness><mode>1</mode><time_signature>4</time_signature><duration>261.96707</duration><loudness>-5.5</loudness><audio_md5 /><valence>0.756395</valence><danceability>0.585273</danceability></audio_summary><title>The First Day You Wake Up Alone</title></song><song><artist_id>ARNG4JH1187B98982C</artist_id><artist_name>Beverley Mahood</artist_name><id>SOVRKUM142D1060512</id><audio_summary><key>0</key><analysis_url>http://echonest-analysis.s3.amazonaws.com/TR/oja0WQcNZGMTJBZUJMV_OVS9KVU_WICMHgQD_Kq7OnzCjxNVlmTSBA_L-wAVRWStwycn7x__7INLfNwvA%3D/3/full.json?AWSAccessKeyId=AKIAJRDFEY23UEVW42BQ&amp;Expires=1415344249&amp;Signature=SkFHX8F1ViFEOwGOGJaCdA%2BdjHw%3D</analysis_url><energy>0.568354</energy><liveness>0.106282</liveness><tempo>167.92</tempo><speechiness>0.025362</speechiness><acousticness>0.036349</acousticness><instrumentalness>2e-06</instrumentalness><mode>1</mode><time_signature>4</time_signature><duration>240.34825</duration><loudness>-6.279</loudness><audio_md5>b11d216d72e71d4f1180a64dc53a933b</audio_md5><valence>0.659435</valence><danceability>0.596385</danceability></audio_summary><title>Hope and Gasoline</title></song><song><artist_id>ARNG4JH1187B98982C</artist_id><artist_name>Beverley Mahood</artist_name><id>SOFBNTP13740F625EE</id><audio_summary><key>7</key><analysis_url>http://echonest-analysis.s3.amazonaws.com/TR/Zt12sQ2OkrUSfcrSws-G9qVhPJxh8aJstIVAEpMVmU8CsiRN-BzgM-yypiFXT9bQVNKoVeVfQObgPZdIQ%3D/3/full.json?AWSAccessKeyId=AKIAJRDFEY23UEVW42BQ&amp;Expires=1415344249&amp;Signature=NIYZzefKkKYqK79sytFC3jbTScU%3D</analysis_url><energy>0.802458</energy><liveness>0.326999</liveness><tempo>124.038</tempo><speechiness>0.032242</speechiness><acousticness>0.15947</acousticness><instrumentalness>0.0</instrumentalness><mode>1</mode><time_signature>3</time_signature><duration>238.05052</duration><loudness>-5.011</loudness><audio_md5 /><valence>0.954489</valence><danceability>0.748828</danceability></audio_summary><title>I Like That Shirt</title></song><song><artist_id>ARNG4JH1187B98982C</artist_id><artist_name>Beverley Mahood</artist_name><id>SOXOOHH142D12C5F60</id><audio_summary><key>5</key><analysis_url>http://echonest-analysis.s3.amazonaws.com/TR/rkNZdg1nP0iotUiZhesiT3Almt2pHL2tobwTJzL9CY7iCXil86zDYlc54q3GE7lcTeb3B3S5E3e71QyrQ%3D/3/full.json?AWSAccessKeyId=AKIAJRDFEY23UEVW42BQ&amp;Expires=1415344249&amp;Signature=TFIUurZ00ijQIwmtomfi3UwM0gY%3D</analysis_url><energy>0.320285</energy><liveness>0.107898</liveness><tempo>163.229</tempo><speechiness>0.042657</speechiness><acousticness>0.802122</acousticness><instrumentalness>7e-06</instrumentalness><mode>1</mode><time_signature>3</time_signature><duration>187.49252</duration><loudness>-8.762</loudness><audio_md5>c499e8da982f62e16693c0d33a43ae5a</audio_md5><valence>0.201153</valence><danceability>0.348363</danceability></audio_summary><title>I Can't Outrun You</title></song><song><artist_id>ARNG4JH1187B98982C</artist_id><artist_name>Beverley Mahood</artist_name><id>SOVASEI13740B46254</id><audio_summary><key>0</key><analysis_url>http://echonest-analysis.s3.amazonaws.com/TR/INiV1AN-FbIKfMacLhPDLcNM-pf9k9T2w6gGXzfPxV4KsnRx_AgGc_yeXqRKjabPTyAqA2y0RA75jjnnM%3D/3/full.json?AWSAccessKeyId=AKIAJRDFEY23UEVW42BQ&amp;Expires=1415344249&amp;Signature=7rn6ejgJNOwNY6qd64qwviK5eGY%3D</analysis_url><energy>0.393245</energy><liveness>0.061354</liveness><tempo>92.052</tempo><speechiness>0.028285</speechiness><acousticness>0.870975</acousticness><instrumentalness>0.0</instrumentalness><mode>1</mode><time_signature>4</time_signature><duration>388.71955</duration><loudness>-7.282</loudness><audio_md5 /><valence>0.212553</valence><danceability>0.42774</danceability></audio_summary><title>Have A Little Faith In Me/Hark The Herald Angels Sing</title></song><song><artist_id>ARNG4JH1187B98982C</artist_id><artist_name>Beverley Mahood</artist_name><id>SOURYBU13740F62571</id><audio_summary><key>9</key><analysis_url>http://echonest-analysis.s3.amazonaws.com/TR/BH9qVAtbhMFTCmfC7hCKdj5u-ViBDx2n0mEp6SWW3wnQa8AmNJqQABmmQz2tBTjQevGZiNqp7EaqHBuYs%3D/3/full.json?AWSAccessKeyId=AKIAJRDFEY23UEVW42BQ&amp;Expires=1415344249&amp;Signature=OQcJTo/MeMH9EnQx%2B01YJHpAzQM%3D</analysis_url><energy>0.884138</energy><liveness>0.192812</liveness><tempo>119.957</tempo><speechiness>0.050149</speechiness><acousticness>0.1495</acousticness><instrumentalness>0.0</instrumentalness><mode>1</mode><time_signature>4</time_signature><duration>211.85841</duration><loudness>-3.156</loudness><audio_md5 /><valence>0.894986</valence><danceability>0.630378</danceability></audio_summary><title>My Wheels Got Wings</title></song><song><artist_id>ARNG4JH1187B98982C</artist_id><artist_name>Beverley Mahood</artist_name><id>SOXBXUN142D1215C0D</id><audio_summary><key>4</key><analysis_url>http://echonest-analysis.s3.amazonaws.com/TR/DANzswOru0WMwfTObF9rbmClk9bJZFYSjn_kvJV3jUUacTGlwaKj88gzFufYBo6EgQ1MCEkuUMwrnjJP0%3D/3/full.json?AWSAccessKeyId=AKIAJRDFEY23UEVW42BQ&amp;Expires=1415344249&amp;Signature=glIq1P8%2BI/Md62qPHgW/Xr%2B33Tk%3D</analysis_url><energy>0.60398</energy><liveness>0.159337</liveness><tempo>153.784</tempo><speechiness>0.035476</speechiness><acousticness>0.315506</acousticness><instrumentalness>0.0</instrumentalness><mode>1</mode><time_signature>3</time_signature><duration>213.14508</duration><loudness>-5.734</loudness><audio_md5 /><valence>0.318725</valence><danceability>0.286885</danceability></audio_summary><title>God and My Girlfriends</title></song><song><artist_id>ARNG4JH1187B98982C</artist_id><artist_name>Beverley Mahood</artist_name><id>SOWVGUD13740910570</id><audio_summary><key>10</key><analysis_url>http://echonest-analysis.s3.amazonaws.com/TR/ZBbeQgqrWkUWa8u4WOy4d491zhGNGAI2MbMu9Gz89cYOtwR-U_lf1I_abKvxHg8R0bbafg4Ft_j80yfLU%3D/3/full.json?AWSAccessKeyId=AKIAJRDFEY23UEVW42BQ&amp;Expires=1415344249&amp;Signature=I7i7zgtlbWUXbN1zuciliyqN7ms%3D</analysis_url><energy>0.742331</energy><liveness>0.130793</liveness><tempo>136.944</tempo><speechiness>0.032913</speechiness><acousticness>0.219404</acousticness><instrumentalness>0.0</instrumentalness><mode>1</mode><time_signature>4</time_signature><duration>222.98621</duration><loudness>-6.894</loudness><audio_md5 /><valence>0.721961</valence><danceability>0.544472</danceability></audio_summary><title>Get There From Here</title></song><song><artist_id>ARNG4JH1187B98982C</artist_id><artist_name>Beverley Mahood</artist_name><id>SOEHELR137409104F8</id><audio_summary><key>7</key><analysis_url>http://echonest-analysis.s3.amazonaws.com/TR/spTXBQ4NU60RCqvf3__DF_xeWY1nzwGXHD2Ca6M6e1ULdY1-D603SeTz9h8XFThfIzRGHf7n32a6rFYgg%3D/3/full.json?AWSAccessKeyId=AKIAJRDFEY23UEVW42BQ&amp;Expires=1415344249&amp;Signature=J7vf4vfGgcbgTR7P2sdcZwiS8aQ%3D</analysis_url><energy>0.662103</energy><liveness>0.295359</liveness><tempo>153.939</tempo><speechiness>0.030082</speechiness><acousticness>0.058449</acousticness><instrumentalness>0.0</instrumentalness><mode>1</mode><time_signature>4</time_signature><duration>216.70621</duration><loudness>-8.434</loudness><audio_md5 /><valence>0.526581</valence><danceability>0.486826</danceability></audio_summary><title>They Own This Town</title></song><song><artist_id>ARNG4JH1187B98982C</artist_id><artist_name>Beverley Mahood</artist_name><id>SODTNMF13740B2D620</id><audio_summary><key>4</key><analysis_url>http://echonest-analysis.s3.amazonaws.com/TR/ybOxSgNLaOg13BH-sW5nf0F80kyMClSu-ie8HZIaqXjsaL1iMESCFyGMPACAWISUQCv1zZYavZqY6YFlA%3D/3/full.json?AWSAccessKeyId=AKIAJRDFEY23UEVW42BQ&amp;Expires=1415344249&amp;Signature=WoRfquHHoiP907we1kEh1%2BDzK44%3D</analysis_url><energy>0.718872</energy><liveness>0.091829</liveness><tempo>141.954</tempo><speechiness>0.031195</speechiness><acousticness>0.478878</acousticness><instrumentalness>0.0</instrumentalness><mode>1</mode><time_signature>4</time_signature><duration>257.89288</duration><loudness>-6.713</loudness><audio_md5 /><valence>0.723442</valence><danceability>0.579927</danceability></audio_summary><title>Let's Kiss And Make Up</title></song><song><artist_id>ARNG4JH1187B98982C</artist_id><artist_name>Beverley Mahood</artist_name><id>SOCIALT13740F62871</id><audio_summary><key>9</key><analysis_url>http://echonest-analysis.s3.amazonaws.com/TR/f5V3-AnzYqlH2yg1cfPLfb459VBwLEFqs2X8_dY4ecGzEbmAXLEAfa7Yta4jytYIPiwNhEPRUpld4v3g4%3D/3/full.json?AWSAccessKeyId=AKIAJRDFEY23UEVW42BQ&amp;Expires=1415344249&amp;Signature=gT1WoSf1dsjPa7Q7jMakschf6eI%3D</analysis_url><energy>0.80196</energy><liveness>0.203336</liveness><tempo>104.984</tempo><speechiness>0.027533</speechiness><acousticness>0.401867</acousticness><instrumentalness>7e-06</instrumentalness><mode>1</mode><time_signature>4</time_signature><duration>261.92063</duration><loudness>-4.381</loudness><audio_md5 /><valence>0.607698</valence><danceability>0.725028</danceability></audio_summary><title>End Of A Long Goodbye</title></song><song><artist_id>ARNG4JH1187B98982C</artist_id><artist_name>Beverley Mahood</artist_name><id>SOBLNCP13740B46752</id><audio_summary><key>4</key><analysis_url>http://echonest-analysis.s3.amazonaws.com/TR/ARbUjgUzPr9i22LCBXt0P7pGFu2ozZ0RU2fmMCvA1cEPxMEJ8WM1jB7K8rElfhkVsoXiV4Lxlfc68stCY%3D/3/full.json?AWSAccessKeyId=AKIAJRDFEY23UEVW42BQ&amp;Expires=1415344249&amp;Signature=5ViqX9dF%2BnhKKH1uONZJL2iITik%3D</analysis_url><energy>0.596865</energy><liveness>0.049376</liveness><tempo>120.029</tempo><speechiness>0.032968</speechiness><acousticness>0.395425</acousticness><instrumentalness>0.0</instrumentalness><mode>1</mode><time_signature>5</time_signature><duration>241.17288</duration><loudness>-7.355</loudness><audio_md5 /><valence>0.596685</valence><danceability>0.668774</danceability></audio_summary><title>Joy To The World</title></song><song><artist_id>ARNG4JH1187B98982C</artist_id><artist_name>Beverley Mahood</artist_name><id>SOBTYLP142D1238D2F</id><audio_summary><key>10</key><analysis_url>http://echonest-analysis.s3.amazonaws.com/TR/tOkL5gN6V0Ybi9MPJi1v2LX-KpS68Kmf0JF_5Boy8Fk22y4r7RTj5BNyCwTK3TuP5d6xZLwLudMTCpfTE%3D/3/full.json?AWSAccessKeyId=AKIAJRDFEY23UEVW42BQ&amp;Expires=1415344249&amp;Signature=H6EqTVciDzJWs8SbVyy/Syp%2BVI0%3D</analysis_url><energy>0.715216</energy><liveness>0.104849</liveness><tempo>122.128</tempo><speechiness>0.026232</speechiness><acousticness>0.371967</acousticness><instrumentalness>1e-06</instrumentalness><mode>1</mode><time_signature>4</time_signature><duration>221.07741</duration><loudness>-5.848</loudness><audio_md5 /><valence>0.651825</valence><danceability>0.74566</danceability></audio_summary><title>Patio Lanterns (feat. Kim Mitchell)</title></song><song><artist_id>ARNG4JH1187B98982C</artist_id><artist_name>Beverley Mahood</artist_name><id>SOYHCKA142D11F051B</id><audio_summary><key>3</key><analysis_url>http://echonest-analysis.s3.amazonaws.com/TR/GbskwAGdIBZIq6Hh5rRAgu3ot2n2CCxkRTsA2BFthA6Whh9YCrxaacrjW97AhDT4JE5SQCudgZP7pPY8M%3D/3/full.json?AWSAccessKeyId=AKIAJRDFEY23UEVW42BQ&amp;Expires=1415344249&amp;Signature=dPim9jAyz2tKwoh1X6JDJ5ymxk8%3D</analysis_url><energy>0.892486</energy><liveness>0.118703</liveness><tempo>124.067</tempo><speechiness>0.046184</speechiness><acousticness>0.099796</acousticness><instrumentalness>0.0</instrumentalness><mode>1</mode><time_signature>3</time_signature><duration>235.54785</duration><loudness>-4.956</loudness><audio_md5 /><valence>0.547609</valence><danceability>0.548768</danceability></audio_summary><title>Looking Like Love (feat. Mike Reno)</title></song><song><artist_id>ARNG4JH1187B98982C</artist_id><artist_name>Beverley Mahood</artist_name><id>SOXSGBB13740B2DB05</id><audio_summary><key>9</key><analysis_url>http://echonest-analysis.s3.amazonaws.com/TR/4d6F6QV25EmRkLnhIie2Hf1zjMEA9ais969GX-FW5rzydbjwFh8jUiJHab7HG7NdQDjNlXQfWNjlu5UlM%3D/3/full.json?AWSAccessKeyId=AKIAJRDFEY23UEVW42BQ&amp;Expires=1415344249&amp;Signature=LXvGJShzVbgK0rBd7Uo79874%2BMo%3D</analysis_url><energy>0.343244</energy><liveness>0.128172</liveness><tempo>167.378</tempo><speechiness>0.049957</speechiness><acousticness>0.629334</acousticness><instrumentalness>0.0</instrumentalness><mode>1</mode><time_signature>3</time_signature><duration>192.85288</duration><loudness>-10.743</loudness><audio_md5 /><valence>0.418417</valence><danceability>0.450149</danceability></audio_summary><title>I Love How You Listen to Me</title></song><song><artist_id>ARNG4JH1187B98982C</artist_id><artist_name>Beverley Mahood</artist_name><id>SOZTCNF13740B2D8D6</id><audio_summary><key>9</key><analysis_url>http://echonest-analysis.s3.amazonaws.com/TR/nHIuGgQqBAprl0KJwXWc6bImd_QZZieNPXl3Pxh_xGi-1kwVAN6EEsqWNDexAquK4zn3yvDqdPBGvkhns%3D/3/full.json?AWSAccessKeyId=AKIAJRDFEY23UEVW42BQ&amp;Expires=1415344249&amp;Signature=dVkrSouHoQ9koU3fzjGpouGDd2I%3D</analysis_url><energy>0.433045</energy><liveness>0.085816</liveness><tempo>97.001</tempo><speechiness>0.0237</speechiness><acousticness>0.523344</acousticness><instrumentalness>0.0</instrumentalness><mode>0</mode><time_signature>4</time_signature><duration>318.01288</duration><loudness>-7.369</loudness><audio_md5 /><valence>0.250207</valence><danceability>0.634981</danceability></audio_summary><title>Moving Day</title></song><song><artist_id>ARNG4JH1187B98982C</artist_id><artist_name>Beverley Mahood</artist_name><id>SOZASCO13740F62991</id><audio_summary><key>4</key><analysis_url>http://echonest-analysis.s3.amazonaws.com/TR/EQz7wQmdSfYd-VjC7AHucCThrCCXxeejww9Oljs8eZ28kJTom2uCFDar_Dl_nYGoPnz8f9EzO5PfuAy4Y%3D/3/full.json?AWSAccessKeyId=AKIAJRDFEY23UEVW42BQ&amp;Expires=1415344249&amp;Signature=tcTw9MTi6XtKJm/rim0nrVJ7DTA%3D</analysis_url><energy>0.450389</energy><liveness>0.293016</liveness><tempo>133.961</tempo><speechiness>0.029534</speechiness><acousticness>0.826354</acousticness><instrumentalness>0.0</instrumentalness><mode>0</mode><time_signature>4</time_signature><duration>201.08435</duration><loudness>-6.463</loudness><audio_md5 /><valence>0.305726</valence><danceability>0.587983</danceability></audio_summary><title>You Can Never Tell</title></song><song><artist_id>ARNG4JH1187B98982C</artist_id><artist_name>Beverley Mahood</artist_name><id>SOYTREK13740B2DD33</id><audio_summary><key>7</key><analysis_url>http://echonest-analysis.s3.amazonaws.com/TR/3QsHSQ19XGKZI_-Qi_JsHkxqmZNRiUO_st2UwE5eTDfVafqfRCLQLZCFjmRE0R_rlAfUe8TzeN4bSIIg8%3D/3/full.json?AWSAccessKeyId=AKIAJRDFEY23UEVW42BQ&amp;Expires=1415344249&amp;Signature=1kodobz9FDgwYO0YsIXedJnzETk%3D</analysis_url><energy>0.209048</energy><liveness>0.088136</liveness><tempo>90.009</tempo><speechiness>0.02724</speechiness><acousticness>0.869633</acousticness><instrumentalness>1e-06</instrumentalness><mode>1</mode><time_signature>4</time_signature><duration>191.66621</duration><loudness>-14.159</loudness><audio_md5 /><valence>0.271589</valence><danceability>0.612145</danceability></audio_summary><title>All Through The Night</title></song></songs></response>