<response><status><version>4.2</version><code>0</code><message>Success</message></status><songs><song><artist_id>ARB2FS51187FB42679</artist_id><artist_name>Billy Joe Shaver</artist_name><id>SOAKATO12A58A7BC47</id><audio_summary><key>2</key><analysis_url>http://echonest-analysis.s3.amazonaws.com/TR/tWkbCQY_fzUzIRQJhYD0iE36ivhVRH6DTS_EO_jkVTtm7A-KxeXZ5SdpRlxQMg9jrsyr5l9xUgS245hb4%3D/3/full.json?AWSAccessKeyId=AKIAJRDFEY23UEVW42BQ&amp;Expires=1415344351&amp;Signature=akXLrmI/R0VPwajOGylNJBJCwFE%3D</analysis_url><energy>0.37701</energy><liveness>0.143783</liveness><tempo>89.509</tempo><speechiness>0.037987</speechiness><acousticness>0.674087</acousticness><instrumentalness>1.6e-05</instrumentalness><mode>1</mode><time_signature>4</time_signature><duration>209.09288</duration><loudness>-10.157</loudness><audio_md5 /><valence>0.342109</valence><danceability>0.467597</danceability></audio_summary><title>Jesus Is the Only One Who Loves Us</title></song><song><artist_id>ARB2FS51187FB42679</artist_id><artist_name>Billy Joe Shaver</artist_name><id>SOVKKFT1435A854A6F</id><audio_summary><key>11</key><analysis_url>http://echonest-analysis.s3.amazonaws.com/TR/JMmCKg1acqCHMCaoxbqSa1TQAdpNBrZ2x14CsIvujL6nhqo1ZfWeEYRR2GCxCagGuqxK8f7Do5dNK71qg%3D/3/full.json?AWSAccessKeyId=AKIAJRDFEY23UEVW42BQ&amp;Expires=1415344351&amp;Signature=T8WY3ZNkBr705XsdgxOZlCR%2B9GU%3D</analysis_url><energy>0.284552</energy><liveness>0.122911</liveness><tempo>123.797</tempo><speechiness>0.031987</speechiness><acousticness>0.406608</acousticness><instrumentalness>0.095453</instrumentalness><mode>1</mode><time_signature>3</time_signature><duration>246.26621</duration><loudness>-14.868</loudness><audio_md5 /><valence>0.403465</valence><danceability>0.583063</danceability></audio_summary><title>It Ain't Nothing New Babe</title></song><song><artist_id>ARB2FS51187FB42679</artist_id><artist_name>Billy Joe Shaver</artist_name><id>SOZSONK14523769F19</id><audio_summary><key>6</key><analysis_url>http://echonest-analysis.s3.amazonaws.com/TR/NQrq1gHkvGJpMnyVDevrVn7WS4Bf-7I-pIvsRPGQ9hMS9UKh8YCwKUnk-Be7QKF13RuA_-l1fGHIfxBXk%3D/3/full.json?AWSAccessKeyId=AKIAJRDFEY23UEVW42BQ&amp;Expires=1415344351&amp;Signature=lLRIMcy3bsLicMF6L9XVWA/uywQ%3D</analysis_url><energy>0.052493</energy><liveness>0.747238</liveness><tempo>57.099</tempo><speechiness>0.273142</speechiness><acousticness>0.948648</acousticness><instrumentalness>0.0</instrumentalness><mode>1</mode><time_signature>4</time_signature><duration>95.38712</duration><loudness>-18.513</loudness><audio_md5 /><valence>0.622721</valence><danceability>0.548238</danceability></audio_summary><title>Star In My Heart</title></song><song><artist_id>ARB2FS51187FB42679</artist_id><artist_name>Billy Joe Shaver</artist_name><id>SOUANRA13A7D6949EC</id><audio_summary><key>9</key><analysis_url>http://echonest-analysis.s3.amazonaws.com/TR/UejXmA5i4w1S4a_v_fHh6U_rViegSQy74lRm-G/3/full.json?AWSAccessKeyId=AKIAJRDFEY23UEVW42BQ&amp;Expires=1415344351&amp;Signature=PKFisJ4y7aR6na0Xt98N564QPGY%3D</analysis_url><energy>0.721066</energy><liveness>0.656855</liveness><tempo>123.923</tempo><speechiness>0.064714</speechiness><acousticness>0.30722</acousticness><instrumentalness>4.5e-05</instrumentalness><mode>1</mode><time_signature>4</time_signature><duration>195.91791</duration><loudness>-8.05</loudness><audio_md5 /><valence>0.726377</valence><danceability>0.655055</danceability></audio_summary><title>Street Walkin' Woman</title></song><song><artist_id>ARB2FS51187FB42679</artist_id><artist_name>Billy Joe Shaver</artist_name><id>SOFVAIR12A8C134553</id><audio_summary><key>9</key><analysis_url>http://echonest-analysis.s3.amazonaws.com/TR/F9u8pAqnt24EDWDu7dGI96m-prw_3NwSBi_tbhoTIimkM-y3b7wN3iM7DkoT-12oFWuZCd4iLGtqtoCA4%3D/3/full.json?AWSAccessKeyId=AKIAJRDFEY23UEVW42BQ&amp;Expires=1415344351&amp;Signature=Z2X/wxz/gxotxWgv0oBbkE1dCgw%3D</analysis_url><energy>0.408639</energy><liveness>0.083735</liveness><tempo>126.77</tempo><speechiness>0.028352</speechiness><acousticness>0.685036</acousticness><instrumentalness>0.132669</instrumentalness><mode>1</mode><time_signature>3</time_signature><duration>168.74621</duration><loudness>-9.201</loudness><audio_md5 /><valence>0.391733</valence><danceability>0.564158</danceability></audio_summary><title>You'll Always Be My Best Friend</title></song><song><artist_id>ARB2FS51187FB42679</artist_id><artist_name>Billy Joe Shaver</artist_name><id>SORCIME12A58A7C7E3</id><audio_summary><key>2</key><analysis_url>http://echonest-analysis.s3.amazonaws.com/TR/FgTYHgJC_boBQv8_Q-tUNH_Bafdr9U2Ic1ThW5B_RpzhWWFN9DCKkC31A3TKGEQuHYAPOtBassk6t8y7Q%3D/3/full.json?AWSAccessKeyId=AKIAJRDFEY23UEVW42BQ&amp;Expires=1415344351&amp;Signature=eizQSrJEW7VsK%2B2w0krRInIOPEU%3D</analysis_url><energy>0.096594</energy><liveness>0.568157</liveness><tempo>171.555</tempo><speechiness>0.629785</speechiness><acousticness>0.673422</acousticness><instrumentalness>0.0</instrumentalness><mode>1</mode><time_signature>3</time_signature><duration>143.46621</duration><loudness>-17.633</loudness><audio_md5 /><valence>0.417169</valence><danceability>0.59916</danceability></audio_summary><title>Talk: My Ex-Wife Brenda</title></song><song><artist_id>ARB2FS51187FB42679</artist_id><artist_name>Billy Joe Shaver</artist_name><id>SOQFHDQ1311AFEC7F6</id><audio_summary><key>9</key><analysis_url>http://echonest-analysis.s3.amazonaws.com/TR/egXVUwsdrwqTn0zGx6qIFr4W9e6zhfAI7scGO08TMlxy_59hyInpEesHevINtQUZpsIWKTiTrJFtu36nM%3D/3/full.json?AWSAccessKeyId=AKIAJRDFEY23UEVW42BQ&amp;Expires=1415344351&amp;Signature=Gp7yBz63YEklEa078PqRcwnTxz8%3D</analysis_url><energy>0.423925</energy><liveness>0.111655</liveness><tempo>81.766</tempo><speechiness>0.026121</speechiness><acousticness>0.708827</acousticness><instrumentalness>0.000209</instrumentalness><mode>1</mode><time_signature>4</time_signature><duration>227.43955</duration><loudness>-11.496</loudness><audio_md5 /><valence>0.561789</valence><danceability>0.627259</danceability></audio_summary><title>To Be Loved By A Woman</title></song><song><artist_id>ARB2FS51187FB42679</artist_id><artist_name>Billy Joe Shaver</artist_name><id>SOCYMRA1312A8AAF5C</id><audio_summary><key>2</key><analysis_url>http://echonest-analysis.s3.amazonaws.com/TR/ZnB-2QBQdbE2k0Rxu1iY3dRUhgxAYCYYvXzp66lWYGMp1PXF9D1CjR1T3XrQ8VwiUZrR8pbzRHpC3Rnak%3D/3/full.json?AWSAccessKeyId=AKIAJRDFEY23UEVW42BQ&amp;Expires=1415344351&amp;Signature=koL6fVXu/nJ/9xQEx5Mphytw5ZM%3D</analysis_url><energy>0.524048</energy><liveness>0.111009</liveness><tempo>118.563</tempo><speechiness>0.037258</speechiness><acousticness>0.641965</acousticness><instrumentalness>4.6e-05</instrumentalness><mode>1</mode><time_signature>4</time_signature><duration>149.82621</duration><loudness>-8.104</loudness><audio_md5 /><valence>0.614947</valence><danceability>0.546108</danceability></audio_summary><title>Melody</title></song><song><artist_id>ARB2FS51187FB42679</artist_id><artist_name>Billy Joe Shaver</artist_name><id>SODQZFT12A8C1404FA</id><audio_summary><key>2</key><analysis_url>http://echonest-analysis.s3.amazonaws.com/TR/wVJD-QBseGEQKVbdq8MqUzD19hW0qmhTdaw9p_d-efhXnWmvto4A7ohzyJwd-scgt2dwpcIr5AFhpHwno%3D/3/full.json?AWSAccessKeyId=AKIAJRDFEY23UEVW42BQ&amp;Expires=1415344351&amp;Signature=Dave%2BDThXXfXahc0B0Z2maLsIXc%3D</analysis_url><energy>0.419073</energy><liveness>0.326321</liveness><tempo>82.552</tempo><speechiness>0.026725</speechiness><acousticness>0.227625</acousticness><instrumentalness>0.001594</instrumentalness><mode>1</mode><time_signature>3</time_signature><duration>171.34621</duration><loudness>-9.333</loudness><audio_md5>57c0565ff0db33f1dca1959355ee7e8f</audio_md5><valence>0.354415</valence><danceability>0.498277</danceability></audio_summary><title>No Earthly Good</title></song><song><artist_id>ARB2FS51187FB42679</artist_id><artist_name>Billy Joe Shaver</artist_name><id>SOCMGNB12A8C132D58</id><audio_summary><key>4</key><analysis_url>http://echonest-analysis.s3.amazonaws.com/TR/eJPwTwld2CP7vsTZ2X3y61utS6iObNgs0FTjFtZy9fxaKt7AXDW2FAVBsTaOCUEAv5tYeSjmA3Ge5w1hM%3D/3/full.json?AWSAccessKeyId=AKIAJRDFEY23UEVW42BQ&amp;Expires=1415344351&amp;Signature=n8%2BfZvBJEjuOr3qByTP4TYE1PQM%3D</analysis_url><energy>0.470826</energy><liveness>0.083671</liveness><tempo>123.628</tempo><speechiness>0.03855</speechiness><acousticness>0.036204</acousticness><instrumentalness>0.0</instrumentalness><mode>0</mode><time_signature>4</time_signature><duration>211.39955</duration><loudness>-12.417</loudness><audio_md5>e43128d48b93fcde223fb8a13fa3349c</audio_md5><valence>0.824463</valence><danceability>0.674466</danceability></audio_summary><title>Whiteman's Watermelon</title></song><song><artist_id>ARB2FS51187FB42679</artist_id><artist_name>Billy Joe Shaver</artist_name><id>SOJHGFA12A58A797E3</id><audio_summary><key>2</key><analysis_url>http://echonest-analysis.s3.amazonaws.com/TR/e91YOAMCwjb4smg1HL4ee0sSCOte0wvOT7Ugehjw7aMDoZ7sfju8gdEkYLgTDlRbTZet1zCgRHSl3_0vQ%3D/3/full.json?AWSAccessKeyId=AKIAJRDFEY23UEVW42BQ&amp;Expires=1415344351&amp;Signature=b/8zZ9oJxzBeBs%2BTcsQlicx3/9A%3D</analysis_url><energy>0.734967</energy><liveness>0.809246</liveness><tempo>147.039</tempo><speechiness>0.042104</speechiness><acousticness>0.269996</acousticness><instrumentalness>0.009764</instrumentalness><mode>1</mode><time_signature>4</time_signature><duration>291.23955</duration><loudness>-9.856</loudness><audio_md5 /><valence>0.962964</valence><danceability>0.544395</danceability></audio_summary><title>Honey Bee</title></song><song><artist_id>ARB2FS51187FB42679</artist_id><artist_name>Billy Joe Shaver</artist_name><id>SOBMROF12A8C132E47</id><audio_summary><key>9</key><analysis_url>http://echonest-analysis.s3.amazonaws.com/TR/6xrxpQe444-g7tireMQUCq4yF99S_Qup8VDR8rfqLF4MqmPqrzDPr7ZmXRlETZeXCiv_9EAjzT_nyU1vM%3D/3/full.json?AWSAccessKeyId=AKIAJRDFEY23UEVW42BQ&amp;Expires=1415344351&amp;Signature=u7gmwcLbZAJDZUJ1if%2BgrA4sncc%3D</analysis_url><energy>0.534019</energy><liveness>0.10737</liveness><tempo>123.025</tempo><speechiness>0.044719</speechiness><acousticness>0.013475</acousticness><instrumentalness>0.000325</instrumentalness><mode>1</mode><time_signature>4</time_signature><duration>194.10621</duration><loudness>-12.457</loudness><audio_md5>4372dc21f44057dabf0c4cc3c3e7b671</audio_md5><valence>0.804983</valence><danceability>0.815433</danceability></audio_summary><title>Street Walkin' Woman</title></song><song><artist_id>ARB2FS51187FB42679</artist_id><artist_name>Billy Joe Shaver</artist_name><id>SOUSIQK146F600EAB3</id><audio_summary><key>2</key><analysis_url>http://echonest-analysis.s3.amazonaws.com/TR/lzx0yAhufrBfqMURzSzFcYK5ouP8R-xJA9SS0fBU2ibBAXdounJuVP4Wz1mSPX3DY3nb8DQr3bjEZHrn0%3D/3/full.json?AWSAccessKeyId=AKIAJRDFEY23UEVW42BQ&amp;Expires=1415344351&amp;Signature=nyplCz6oENba7%2BWmk9553Qhf60g%3D</analysis_url><energy>0.32646</energy><liveness>0.117281</liveness><tempo>76.946</tempo><speechiness>0.027675</speechiness><acousticness>0.7551</acousticness><instrumentalness>0.014664</instrumentalness><mode>1</mode><time_signature>4</time_signature><duration>181.94621</duration><loudness>-10.169</loudness><audio_md5 /><valence>0.257653</valence><danceability>0.505989</danceability></audio_summary><title>I'm in Love</title></song><song><artist_id>ARB2FS51187FB42679</artist_id><artist_name>Billy Joe Shaver</artist_name><id>SOMQJKK1435909051B</id><audio_summary><key>9</key><analysis_url>http://echonest-analysis.s3.amazonaws.com/TR/25xQ_QInnxufcpYvnNRA0gujFsJW5CsQrXPLlsaUgycLN81X27iYaQbHmVekze4e4V1lEFiYtkNgvHs9I%3D/3/full.json?AWSAccessKeyId=AKIAJRDFEY23UEVW42BQ&amp;Expires=1415344351&amp;Signature=tl6L5DtHDXzcOCByHXt7dUGBwD4%3D</analysis_url><energy>0.72883</energy><liveness>0.163257</liveness><tempo>136.689</tempo><speechiness>0.02686</speechiness><acousticness>0.080982</acousticness><instrumentalness>0.004718</instrumentalness><mode>1</mode><time_signature>4</time_signature><duration>186.94621</duration><loudness>-10.595</loudness><audio_md5>ec275996eefb07d3c95f859044f4746a</audio_md5><valence>0.96847</valence><danceability>0.646461</danceability></audio_summary><title>Saturday Night</title></song><song><artist_id>ARB2FS51187FB42679</artist_id><artist_name>Billy Joe Shaver</artist_name><id>SOXJHUS13C9A47EB98</id><audio_summary><key>4</key><analysis_url>http://echonest-analysis.s3.amazonaws.com/TR/RY9FtwecU9MsQCE4uXAteTBvTqI8-iAKaIhGELgtv_eIn9-8cWZ2xPHZlU-tnwStuiKB2T/3/full.json?AWSAccessKeyId=AKIAJRDFEY23UEVW42BQ&amp;Expires=1415344351&amp;Signature=6YHGV4PXt8xea0LdTuIlTCae/V8%3D</analysis_url><energy>0.393791</energy><liveness>0.12665</liveness><tempo>140.151</tempo><speechiness>0.030495</speechiness><acousticness>0.393317</acousticness><instrumentalness>0.717472</instrumentalness><mode>0</mode><time_signature>4</time_signature><duration>173.03465</duration><loudness>-17.133</loudness><audio_md5>6e15a9184f8a359e4f5ab5c72ad06f56</audio_md5><valence>0.83923</valence><danceability>0.500776</danceability></audio_summary><title>When The Word Was Thunderbird</title></song><song><artist_id>ARB2FS51187FB42679</artist_id><artist_name>Billy Joe Shaver</artist_name><id>SOBTHCJ1435A84D28A</id><audio_summary><key>2</key><analysis_url>http://echonest-analysis.s3.amazonaws.com/TR/zPaP-gbhq-al5vbkza4FXPNRhjs4ClVHoG9zVLQTw7eZRel7GwsDG893ENVAX_kwibNrZ0K76TBeIvSwc%3D/3/full.json?AWSAccessKeyId=AKIAJRDFEY23UEVW42BQ&amp;Expires=1415344351&amp;Signature=QUKJC7HVurxm7Kr2fj0uNWeigVE%3D</analysis_url><energy>0.53263</energy><liveness>0.227913</liveness><tempo>125.217</tempo><speechiness>0.031307</speechiness><acousticness>0.090617</acousticness><instrumentalness>0.000335</instrumentalness><mode>1</mode><time_signature>4</time_signature><duration>210.66621</duration><loudness>-12.151</loudness><audio_md5 /><valence>0.941456</valence><danceability>0.704074</danceability></audio_summary><title>When the Word Was Thunderbird</title></song><song><artist_id>ARB2FS51187FB42679</artist_id><artist_name>Billy Joe Shaver</artist_name><id>SOMEMMW12AB0180ACD</id><audio_summary><key>7</key><analysis_url>http://echonest-analysis.s3.amazonaws.com/TR/MD5V5QVAiHFpVnou-ndFfO2Vv5_NgD0cnRW26dWCLL-aWmThk9AWaiR980u9_R5E9f25XI9unHThjv7JA%3D/3/full.json?AWSAccessKeyId=AKIAJRDFEY23UEVW42BQ&amp;Expires=1415344351&amp;Signature=nqSVuoPw94X5caNn6QxgKomA7Uw%3D</analysis_url><energy>0.455477</energy><liveness>0.370409</liveness><tempo>142.45</tempo><speechiness>0.164322</speechiness><acousticness>0.868482</acousticness><instrumentalness>0.0</instrumentalness><mode>1</mode><time_signature>3</time_signature><duration>181.97288</duration><loudness>-10.214</loudness><audio_md5 /><valence>0.657357</valence><danceability>0.514312</danceability></audio_summary><title>Honky Tonk Heroes (Like Me)</title></song><song><artist_id>ARB2FS51187FB42679</artist_id><artist_name>Billy Joe Shaver</artist_name><id>SOVOKEA13CA3C5FF7F</id><audio_summary><key>4</key><analysis_url>http://echonest-analysis.s3.amazonaws.com/TR/lQoqNwglGVDz_p7uhSc9zrfai0vd8JGkRSIiqecvuFd5QEU6tD8vmCVzdrtzITfDkCID64jDwNeNWDPDQ%3D/3/full.json?AWSAccessKeyId=AKIAJRDFEY23UEVW42BQ&amp;Expires=1415344351&amp;Signature=vmv9CswdJTNZiDdj4i%2Bza84Q178%3D</analysis_url><energy>0.4845</energy><liveness>0.116379</liveness><tempo>133.002</tempo><speechiness>0.031766</speechiness><acousticness>0.339219</acousticness><instrumentalness>6e-06</instrumentalness><mode>0</mode><time_signature>4</time_signature><duration>240.2332</duration><loudness>-9.882</loudness><audio_md5>f9ad7402fcf9538acd278183d6f076a7</audio_md5><valence>0.50323</valence><danceability>0.525298</danceability></audio_summary><title>The Git Go (Bonus Track)</title></song><song><artist_id>ARB2FS51187FB42679</artist_id><artist_name>Billy Joe Shaver</artist_name><id>SOYYSPB145236ED168</id><audio_summary><key>0</key><analysis_url>http://echonest-analysis.s3.amazonaws.com/TR/6gMLeA1CF97rDtRdaTGUPCR3mSiKkhriRIX_c4R3lWE1-bqvqLwco6Ytu5iXwHZE4Im_k2asBmLS0b_6Q%3D/3/full.json?AWSAccessKeyId=AKIAJRDFEY23UEVW42BQ&amp;Expires=1415344351&amp;Signature=AgnOciYRZAi6ptIsgLZPfbVIWfM%3D</analysis_url><energy>0.6808</energy><liveness>0.966186</liveness><tempo>132.924</tempo><speechiness>0.044501</speechiness><acousticness>0.079384</acousticness><instrumentalness>9e-05</instrumentalness><mode>1</mode><time_signature>4</time_signature><duration>136.06848</duration><loudness>-8.279</loudness><audio_md5 /><valence>0.725555</valence><danceability>0.593821</danceability></audio_summary><title>Love Is So Sweet</title></song><song><artist_id>ARB2FS51187FB42679</artist_id><artist_name>Billy Joe Shaver</artist_name><id>SOJQKMG12AB0187D95</id><audio_summary><key>2</key><analysis_url>http://echonest-analysis.s3.amazonaws.com/TR/njse9AEqN5fPcP4eW066cv3lOCg1wAj3XS32da2dNhAOMyREfaQUUmfVIlzWkMCa0L3trXdGctlaPuxWY%3D/3/full.json?AWSAccessKeyId=AKIAJRDFEY23UEVW42BQ&amp;Expires=1415344351&amp;Signature=mYM4FDt4Kf1a4FiWh5P2WnANeCo%3D</analysis_url><energy>0.729988</energy><liveness>0.193971</liveness><tempo>146.736</tempo><speechiness>0.078949</speechiness><acousticness>0.064929</acousticness><instrumentalness>0.006249</instrumentalness><mode>1</mode><time_signature>4</time_signature><duration>230.17288</duration><loudness>-8.312</loudness><audio_md5 /><valence>0.711287</valence><danceability>0.36926</danceability></audio_summary><title>Love You 'til The Cows Come Home</title></song><song><artist_id>ARB2FS51187FB42679</artist_id><artist_name>Billy Joe Shaver</artist_name><id>SONWIRE131343A1C5E</id><audio_summary><key>1</key><analysis_url>http://echonest-analysis.s3.amazonaws.com/TR/rdta1gLCGmvx7TPPJfnpB5IyTWRrRNilF_HR12WFHuIPAQmRXib0xSnrRCSQ4j2jRsxydLvN-B1DDV1KA%3D/3/full.json?AWSAccessKeyId=AKIAJRDFEY23UEVW42BQ&amp;Expires=1415344351&amp;Signature=ywJrLvCEnup1LGNT4Oq9XjtbaG8%3D</analysis_url><energy>0.081845</energy><liveness>0.120535</liveness><tempo>129.349</tempo><speechiness>0.073105</speechiness><acousticness>0.984779</acousticness><instrumentalness>0.010829</instrumentalness><mode>1</mode><time_signature>4</time_signature><duration>441.61288</duration><loudness>-18.694</loudness><audio_md5 /><valence>0.455691</valence><danceability>0.495618</danceability></audio_summary><title>Necessary Evil</title></song><song><artist_id>ARB2FS51187FB42679</artist_id><artist_name>Billy Joe Shaver</artist_name><id>SONWOLT12AB0180ADF</id><audio_summary><key>9</key><analysis_url>http://echonest-analysis.s3.amazonaws.com/TR/r-3eAgYZe5V0sjndYTyTxN6HuPPR4e-CZsj_lXweO_XEOF3uqj-baSr2D0CEgsypa12hIkZWNQ1iZmqkY%3D/3/full.json?AWSAccessKeyId=AKIAJRDFEY23UEVW42BQ&amp;Expires=1415344351&amp;Signature=EOOCp2BdUn7ijLcSl/cfIsfOaHg%3D</analysis_url><energy>0.484825</energy><liveness>0.330816</liveness><tempo>108.147</tempo><speechiness>0.028364</speechiness><acousticness>0.850475</acousticness><instrumentalness>0.0</instrumentalness><mode>1</mode><time_signature>4</time_signature><duration>198.47955</duration><loudness>-10.417</loudness><audio_md5 /><valence>0.725792</valence><danceability>0.56437</danceability></audio_summary><title>Amtrack (Ain't Coming Back)</title></song><song><artist_id>ARB2FS51187FB42679</artist_id><artist_name>Billy Joe Shaver</artist_name><id>SOMJZYC12AB0180AE1</id><audio_summary><key>9</key><analysis_url>http://echonest-analysis.s3.amazonaws.com/TR/lapIzgIQJv35HoXt8lo16CK0lC-YxNm3l_AlaoOij1-zq45RBzD9dLeHl6k8DlyVtL4gHNRla7G1tl5-I%3D/3/full.json?AWSAccessKeyId=AKIAJRDFEY23UEVW42BQ&amp;Expires=1415344351&amp;Signature=WIgVrY78/zkVLg3N99dNJ65GiBQ%3D</analysis_url><energy>0.118057</energy><liveness>0.146666</liveness><tempo>71.506</tempo><speechiness>0.886258</speechiness><acousticness>0.897145</acousticness><instrumentalness>0.0</instrumentalness><mode>1</mode><time_signature>4</time_signature><duration>191.29288</duration><loudness>-18.442</loudness><audio_md5 /><valence>0.336906</valence><danceability>0.58499</danceability></audio_summary><title>Talk: Surgery / NYC</title></song><song><artist_id>ARB2FS51187FB42679</artist_id><artist_name>Billy Joe Shaver</artist_name><id>SOMOMJW12A8C14031A</id><audio_summary><key>0</key><analysis_url>http://echonest-analysis.s3.amazonaws.com/TR/DqpXPAqSe52MNfWqQ8tUXGDr-R-g9y37t673woiboT3VFBaSL0jggtV8fWT6sn5s-FyRDz1UkEfM730qE%3D/3/full.json?AWSAccessKeyId=AKIAJRDFEY23UEVW42BQ&amp;Expires=1415344351&amp;Signature=Je293RZO5NodiZlAJbGic3wtR7Y%3D</analysis_url><energy>0.254194</energy><liveness>0.112187</liveness><tempo>80.727</tempo><speechiness>0.029786</speechiness><acousticness>0.639858</acousticness><instrumentalness>0.000846</instrumentalness><mode>1</mode><time_signature>3</time_signature><duration>149.47955</duration><loudness>-11.545</loudness><audio_md5 /><valence>0.163623</valence><danceability>0.581191</danceability></audio_summary><title>We</title></song><song><artist_id>ARB2FS51187FB42679</artist_id><artist_name>Billy Joe Shaver</artist_name><id>SOMRCLY1313439C8BE</id><audio_summary><key>2</key><analysis_url>http://echonest-analysis.s3.amazonaws.com/TR/ZMQnJQxp5nixJxMdH5rFV-he5ECd66MrDemOc8j7xkbxXHQqRGtl5cEjeLpIdAZwkc2OplKZNVkZAUnSk%3D/3/full.json?AWSAccessKeyId=AKIAJRDFEY23UEVW42BQ&amp;Expires=1415344351&amp;Signature=rL6pjq/LXxIAmpsLF/O79mXY6w0%3D</analysis_url><energy>0.409924</energy><liveness>0.239269</liveness><tempo>115.621</tempo><speechiness>0.029067</speechiness><acousticness>0.646575</acousticness><instrumentalness>0.097288</instrumentalness><mode>1</mode><time_signature>4</time_signature><duration>191.26621</duration><loudness>-9.3</loudness><audio_md5 /><valence>0.458674</valence><danceability>0.631167</danceability></audio_summary><title>The Greatest Man Alive</title></song><song><artist_id>ARB2FS51187FB42679</artist_id><artist_name>Billy Joe Shaver</artist_name><id>SOMAVYD1366C01BCCF</id><audio_summary><key>6</key><analysis_url>http://echonest-analysis.s3.amazonaws.com/TR/g1v3uAvJuw62BnxVwJcOJVFc97E9TsWdUfJ3v9zN81EbNNFvKRHk0USuZCVu6IZ6bzj5aRCz6uk5m6wEo%3D/3/full.json?AWSAccessKeyId=AKIAJRDFEY23UEVW42BQ&amp;Expires=1415344351&amp;Signature=GYXiaHebteG6lL3MoDy7BW%2Bkm3k%3D</analysis_url><energy>0.410708</energy><liveness>0.102823</liveness><tempo>78.667</tempo><speechiness>0.029582</speechiness><acousticness>0.719258</acousticness><instrumentalness>0.000171</instrumentalness><mode>0</mode><time_signature>4</time_signature><duration>189.37288</duration><loudness>-9.963</loudness><audio_md5 /><valence>0.585568</valence><danceability>0.575234</danceability></audio_summary><title>Honey Chile</title></song><song><artist_id>ARB2FS51187FB42679</artist_id><artist_name>Billy Joe Shaver</artist_name><id>SOIGZNP1313438B643</id><audio_summary><key>4</key><analysis_url>http://echonest-analysis.s3.amazonaws.com/TR/ez6gug3_4eBpwhpwlvw8PjxUIlXpdj6ddF3ufdKcsu-4iTBscK28w2nx3fcX_IiemO8CAU2NXtnQ4wFGo%3D/3/full.json?AWSAccessKeyId=AKIAJRDFEY23UEVW42BQ&amp;Expires=1415344351&amp;Signature=wkgUPy4ns9ZXmcIgwZHWkZukYZk%3D</analysis_url><energy>0.266733</energy><liveness>0.950361</liveness><tempo>118.911</tempo><speechiness>0.885277</speechiness><acousticness>0.83196</acousticness><instrumentalness>0.0</instrumentalness><mode>1</mode><time_signature>3</time_signature><duration>122.99955</duration><loudness>-9.757</loudness><audio_md5 /><valence>0.39645</valence><danceability>0.722243</danceability></audio_summary><title>You Wouldn't Know Love</title></song><song><artist_id>ARB2FS51187FB42679</artist_id><artist_name>Billy Joe Shaver</artist_name><id>SOJCEXO13134396D62</id><audio_summary><key>9</key><analysis_url>http://echonest-analysis.s3.amazonaws.com/TR/CNQogAdeojPRQ5HDNuBY5EFtxQdqQxZSh9k92kgW5312GmdQUouSe5ZnPTd9YNbhXBzl5OB4noke267To%3D/3/full.json?AWSAccessKeyId=AKIAJRDFEY23UEVW42BQ&amp;Expires=1415344351&amp;Signature=3L00oOUpFqm574IFGkdhTRA1krY%3D</analysis_url><energy>0.826943</energy><liveness>0.15105</liveness><tempo>149.11</tempo><speechiness>0.069511</speechiness><acousticness>0.000771</acousticness><instrumentalness>0.007423</instrumentalness><mode>1</mode><time_signature>4</time_signature><duration>231.03955</duration><loudness>-6.64</loudness><audio_md5 /><valence>0.643586</valence><danceability>0.4781</danceability></audio_summary><title>If It Don't Kill You</title></song><song><artist_id>ARB2FS51187FB42679</artist_id><artist_name>Billy Joe Shaver</artist_name><id>SOKEVEV12A6D4FBC74</id><audio_summary><key>0</key><analysis_url>http://echonest-analysis.s3.amazonaws.com/TR/_tS9FQjQxXP0KP60UjRV-0qrqE7v5AhM_ecB_vQlsMnhdk4MSUq2Nm-a_lf0Yx5cIIuw-v2oEGyvKgPWE%3D/3/full.json?AWSAccessKeyId=AKIAJRDFEY23UEVW42BQ&amp;Expires=1415344351&amp;Signature=GvTtHEDL8s/eMWOb9adCwBVY42k%3D</analysis_url><energy>0.833317</energy><liveness>0.067111</liveness><tempo>145.519</tempo><speechiness>0.052618</speechiness><acousticness>0.172846</acousticness><instrumentalness>0.025378</instrumentalness><mode>1</mode><time_signature>4</time_signature><duration>376.91955</duration><loudness>-5.006</loudness><audio_md5 /><valence>0.230526</valence><danceability>0.235798</danceability></audio_summary><title>Baptism Of Fire</title></song><song><artist_id>ARB2FS51187FB42679</artist_id><artist_name>Billy Joe Shaver</artist_name><id>SOCZDSX12A6D4FB88C</id><audio_summary><key>2</key><analysis_url>http://echonest-analysis.s3.amazonaws.com/TR/aQLSEgxirwM5nu-kNyBwvLpNzT_xddrhY4BbHXgSdHXXC9TvHmR36QR2YvchxTenEksdEf0GWyi6uG41c%3D/3/full.json?AWSAccessKeyId=AKIAJRDFEY23UEVW42BQ&amp;Expires=1415344351&amp;Signature=PIjmTu/HiYsahoGVpgVxqoKbQ9E%3D</analysis_url><energy>0.865967</energy><liveness>0.169633</liveness><tempo>112.9</tempo><speechiness>0.040391</speechiness><acousticness>0.004685</acousticness><instrumentalness>0.236021</instrumentalness><mode>1</mode><time_signature>4</time_signature><duration>225.31955</duration><loudness>-6.034</loudness><audio_md5 /><valence>0.414895</valence><danceability>0.487772</danceability></audio_summary><title>King Of Fools</title></song><song><artist_id>ARB2FS51187FB42679</artist_id><artist_name>Billy Joe Shaver</artist_name><id>SOBVNDC1315CD48A4B</id><audio_summary><key>2</key><analysis_url>http://echonest-analysis.s3.amazonaws.com/TR/6MXflQO2M7cBarJPHes8EKxqG4dJUe-mUZG7anztkB4Rc2qdRAoQC9Ii2UwJI_9RCGKeTrvYL6Yo3am8o%3D/3/full.json?AWSAccessKeyId=AKIAJRDFEY23UEVW42BQ&amp;Expires=1415344351&amp;Signature=xKBOQBmlQjCMJd1lOVrvmxx6R1o%3D</analysis_url><energy>0.460379</energy><liveness>0.17197</liveness><tempo>88.32</tempo><speechiness>0.030812</speechiness><acousticness>0.638571</acousticness><instrumentalness>0.030398</instrumentalness><mode>1</mode><time_signature>4</time_signature><duration>194.27955</duration><loudness>-9.243</loudness><audio_md5 /><valence>0.4628</valence><danceability>0.513824</danceability></audio_summary><title>Kneeling Drunkard’s Plea</title></song><song><artist_id>ARB2FS51187FB42679</artist_id><artist_name>Billy Joe Shaver</artist_name><id>SOFFPHH1311AFEC15E</id><audio_summary><key>9</key><analysis_url>http://echonest-analysis.s3.amazonaws.com/TR/1ztGcwz2P4j_Lq-TxxxZ3xDmKkp6jpONtOG_ooPrKYRxTxRmjjDDM-9kZfZYCFVuMmCaPQxtoA-HTXl9M%3D/3/full.json?AWSAccessKeyId=AKIAJRDFEY23UEVW42BQ&amp;Expires=1415344351&amp;Signature=FyIIG/nyHNitOOoxMr7yw2Rb/PA%3D</analysis_url><energy>0.218086</energy><liveness>0.565201</liveness><tempo>121.139</tempo><speechiness>0.151465</speechiness><acousticness>0.923909</acousticness><instrumentalness>6e-06</instrumentalness><mode>1</mode><time_signature>3</time_signature><duration>284.82621</duration><loudness>-17.708</loudness><audio_md5 /><valence>0.513375</valence><danceability>0.525215</danceability></audio_summary><title>The Cowboy Who Started the Fight</title></song><song><artist_id>ARB2FS51187FB42679</artist_id><artist_name>Billy Joe Shaver</artist_name><id>SODWOPG12A8C132BD0</id><audio_summary><key>9</key><analysis_url>http://echonest-analysis.s3.amazonaws.com/TR/FGEPQAdnkRVXhj1NZ4yGA5a8Xjrkz4TuKP3C5oIOouOIfpXXcGZdvYudqkf0qulPwpTMrrh5YZ86ZNLcM%3D/3/full.json?AWSAccessKeyId=AKIAJRDFEY23UEVW42BQ&amp;Expires=1415344351&amp;Signature=EDere/hAF%2B9v5vPbs%2B0gSVWv6qQ%3D</analysis_url><energy>0.192156</energy><liveness>0.117221</liveness><tempo>117.11</tempo><speechiness>0.037347</speechiness><acousticness>0.544949</acousticness><instrumentalness>4.3e-05</instrumentalness><mode>1</mode><time_signature>3</time_signature><duration>166.69288</duration><loudness>-16.885</loudness><audio_md5 /><valence>0.285965</valence><danceability>0.536416</danceability></audio_summary><title>Hardworkin' Man</title></song><song><artist_id>ARB2FS51187FB42679</artist_id><artist_name>Billy Joe Shaver</artist_name><id>SOBCYHX1366C01A748</id><audio_summary><key>6</key><analysis_url>http://echonest-analysis.s3.amazonaws.com/TR/s-ySswqVOBFF_OCTh7qiO7ocIj2MZULc8CIbP8uq8EZUq8pBb6I1JEebR4M5zBQWMNxPjD7B8C2eCnxTY%3D/3/full.json?AWSAccessKeyId=AKIAJRDFEY23UEVW42BQ&amp;Expires=1415344351&amp;Signature=UuSZU90TI5yPRr1QG2yxk%2B37yCk%3D</analysis_url><energy>0.459981</energy><liveness>0.128099</liveness><tempo>78.763</tempo><speechiness>0.034781</speechiness><acousticness>0.733974</acousticness><instrumentalness>0.000211</instrumentalness><mode>0</mode><time_signature>4</time_signature><duration>196.90621</duration><loudness>-10.09</loudness><audio_md5 /><valence>0.505906</valence><danceability>0.56434</danceability></audio_summary><title>Honey Chile</title></song><song><artist_id>ARB2FS51187FB42679</artist_id><artist_name>Billy Joe Shaver</artist_name><id>SOCCWFC12A8C132BED</id><audio_summary><key>7</key><analysis_url>http://echonest-analysis.s3.amazonaws.com/TR/VDqESw-QfUpKwVFBL4kRvNn72N0RvYCTB6fI71VDr6VYpwGxDu-0tSaC_Oswm7R2CReM6esUl9_j_lQGs%3D/3/full.json?AWSAccessKeyId=AKIAJRDFEY23UEVW42BQ&amp;Expires=1415344351&amp;Signature=dwmRB1E81AA/sIDPwYdBgt54DPI%3D</analysis_url><energy>0.237529</energy><liveness>0.09477</liveness><tempo>89.996</tempo><speechiness>0.044292</speechiness><acousticness>0.287773</acousticness><instrumentalness>0.00132</instrumentalness><mode>1</mode><time_signature>3</time_signature><duration>219.43955</duration><loudness>-17.903</loudness><audio_md5 /><valence>0.256522</valence><danceability>0.765854</danceability></audio_summary><title>Fun While It Lasted</title></song><song><artist_id>ARB2FS51187FB42679</artist_id><artist_name>Billy Joe Shaver</artist_name><id>SORSVZU1311AFE9F4B</id><audio_summary><key>2</key><analysis_url>http://echonest-analysis.s3.amazonaws.com/TR/EI1Z1ASTbzkBHeA3x16YKo95nFSW75UMcitVbPBm28biOsDzR-5BfqCTbzDuq9AvZF7qhklFDMbfYlji4%3D/3/full.json?AWSAccessKeyId=AKIAJRDFEY23UEVW42BQ&amp;Expires=1415344351&amp;Signature=GNb5Dp10r2BJIBHSKbZL5hkb9Ww%3D</analysis_url><energy>0.319442</energy><liveness>0.116895</liveness><tempo>88.297</tempo><speechiness>0.026603</speechiness><acousticness>0.848215</acousticness><instrumentalness>0.0</instrumentalness><mode>1</mode><time_signature>4</time_signature><duration>192.02621</duration><loudness>-9.611</loudness><audio_md5 /><valence>0.349737</valence><danceability>0.572135</danceability></audio_summary><title>There's No Fool Like An Old Fool</title></song><song><artist_id>ARB2FS51187FB42679</artist_id><artist_name>Billy Joe Shaver</artist_name><id>SOQYERE12AB0180AE6</id><audio_summary><key>2</key><analysis_url>http://echonest-analysis.s3.amazonaws.com/TR/ePXoKAVVxmrGEg6DXFFhdkHZFN_knzN-NwNMDwTr5hI2PV0uX9ssxRfXPwp9dBiwM1TFULa0qUyLzLG8A%3D/3/full.json?AWSAccessKeyId=AKIAJRDFEY23UEVW42BQ&amp;Expires=1415344351&amp;Signature=CnIhDWa/XXqBxJ4KIxC0BIryYr0%3D</analysis_url><energy>0.221978</energy><liveness>0.149896</liveness><tempo>113.138</tempo><speechiness>0.434239</speechiness><acousticness>0.947339</acousticness><instrumentalness>0.0</instrumentalness><mode>1</mode><time_signature>4</time_signature><duration>55.39955</duration><loudness>-16.532</loudness><audio_md5 /><valence>0.505325</valence><danceability>0.648547</danceability></audio_summary><title>Talk: I Forget</title></song><song><artist_id>ARB2FS51187FB42679</artist_id><artist_name>Billy Joe Shaver</artist_name><id>SOQMEJU12A8AE47814</id><audio_summary><key>2</key><analysis_url>http://echonest-analysis.s3.amazonaws.com/TR/UfXa1AM20dFWB4IISaxSQckRRgA9hkOdLs-6WmOL19LV3avfsYxEpZBq1GNVbzmpQw11lWfygZKk8dgR0%3D/3/full.json?AWSAccessKeyId=AKIAJRDFEY23UEVW42BQ&amp;Expires=1415344351&amp;Signature=ZEAGS7Ug2PrMgvzRYytuzJPj6oo%3D</analysis_url><energy>0.459013</energy><liveness>0.092497</liveness><tempo>85.342</tempo><speechiness>0.027205</speechiness><acousticness>0.638558</acousticness><instrumentalness>0.003372</instrumentalness><mode>1</mode><time_signature>4</time_signature><duration>189.07955</duration><loudness>-8.905</loudness><audio_md5 /><valence>0.560975</valence><danceability>0.542574</danceability></audio_summary><title>Down The Road By The Way</title></song><song><artist_id>ARB2FS51187FB42679</artist_id><artist_name>Billy Joe Shaver</artist_name><id>SOELWCB1366BFDD51E</id><audio_summary><key>2</key><analysis_url>http://echonest-analysis.s3.amazonaws.com/TR/TRJXGVK12BEA95F35B/3/full.json?AWSAccessKeyId=AKIAJRDFEY23UEVW42BQ&amp;Expires=1415344351&amp;Signature=BaXVW2qPRM03sacGSBpajoChQ/s%3D</analysis_url><energy>0.487761</energy><liveness>0.271006</liveness><tempo>124.914</tempo><speechiness>0.093418</speechiness><acousticness>0.912702</acousticness><instrumentalness>0.874331</instrumentalness><mode>1</mode><time_signature>7</time_signature><duration>248.73751</duration><loudness>-17.974</loudness><audio_md5 /><valence>0.614819</valence><danceability>0.571651</danceability></audio_summary><title>GEORGIA ON A FAST TRAIN (Live)</title></song><song><artist_id>ARB2FS51187FB42679</artist_id><artist_name>Billy Joe Shaver</artist_name><id>SOHOALY12AB0185759</id><audio_summary><key>9</key><analysis_url>http://echonest-analysis.s3.amazonaws.com/TR/IAvZnQ6HuKDU1f23S8YS7cJGs9qFoBwvUExhyP1sPjBuSFURVqZNg4EfPFNmukpy-FZxnAbs3dvvrxaSQ%3D/3/full.json?AWSAccessKeyId=AKIAJRDFEY23UEVW42BQ&amp;Expires=1415344351&amp;Signature=yH%2BqapszUhpKAf2G/S8x153e9Bk%3D</analysis_url><energy>0.927501</energy><liveness>0.094563</liveness><tempo>101.794</tempo><speechiness>0.063668</speechiness><acousticness>0.033979</acousticness><instrumentalness>0.000134</instrumentalness><mode>1</mode><time_signature>4</time_signature><duration>164.06621</duration><loudness>-7.51</loudness><audio_md5 /><valence>0.951419</valence><danceability>0.577311</danceability></audio_summary><title>Winning Again</title></song><song><artist_id>ARB2FS51187FB42679</artist_id><artist_name>Billy Joe Shaver</artist_name><id>SOGBEGB12A58A7AED9</id><audio_summary><key>10</key><analysis_url>http://echonest-analysis.s3.amazonaws.com/TR/PsITZgsyC82e5CU56hdllAGRtxLjw5eKIf-cx--Qv0hCk3eSv97MtZLNvKOx95cH9lsklAMj6z9G4XZfk%3D/3/full.json?AWSAccessKeyId=AKIAJRDFEY23UEVW42BQ&amp;Expires=1415344351&amp;Signature=7X1DQtkjehNJR9uh8ahpLGY8M%2BI%3D</analysis_url><energy>0.151596</energy><liveness>0.112501</liveness><tempo>75.316</tempo><speechiness>0.039342</speechiness><acousticness>0.972856</acousticness><instrumentalness>0.138987</instrumentalness><mode>1</mode><time_signature>4</time_signature><duration>144.87955</duration><loudness>-15.982</loudness><audio_md5 /><valence>0.363176</valence><danceability>0.555813</danceability></audio_summary><title>Fame</title></song><song><artist_id>ARB2FS51187FB42679</artist_id><artist_name>Billy Joe Shaver</artist_name><id>SODIJAU1313439750F</id><audio_summary><key>9</key><analysis_url>http://echonest-analysis.s3.amazonaws.com/TR/VLXb9wDLhSamRP0UNCHlSm2y-gtTmu4sRO6V-OpaDKxW0nZXcUz9zdHAJEK0YpGAi587ebzw-so2gSUpU%3D/3/full.json?AWSAccessKeyId=AKIAJRDFEY23UEVW42BQ&amp;Expires=1415344351&amp;Signature=ogK3wCyqZG0/uiw2PaAViHMYfEc%3D</analysis_url><energy>0.458867</energy><liveness>0.083553</liveness><tempo>98.742</tempo><speechiness>0.040735</speechiness><acousticness>0.220453</acousticness><instrumentalness>0.000771</instrumentalness><mode>1</mode><time_signature>3</time_signature><duration>419.90621</duration><loudness>-10.475</loudness><audio_md5 /><valence>0.195662</valence><danceability>0.46243</danceability></audio_summary><title>Everybody's Brother</title></song><song><artist_id>ARB2FS51187FB42679</artist_id><artist_name>Billy Joe Shaver</artist_name><id>SORMRQC1435A4E67F9</id><audio_summary><key>7</key><analysis_url>http://echonest-analysis.s3.amazonaws.com/TR/XqQTiA-R95IlcJ1lOXQPv2F6ALlnEQxXK_O9R1-Fc6vGuYbwAoYf8e2q8GneeD93ni85gCWU7CExDt2kM%3D/3/full.json?AWSAccessKeyId=AKIAJRDFEY23UEVW42BQ&amp;Expires=1415344351&amp;Signature=c9ZYHhOaeMV9Twzg7BXg%2BuJZ4sU%3D</analysis_url><energy>0.374288</energy><liveness>0.059722</liveness><tempo>114.289</tempo><speechiness>0.036794</speechiness><acousticness>0.038154</acousticness><instrumentalness>0.000865</instrumentalness><mode>1</mode><time_signature>4</time_signature><duration>141.62621</duration><loudness>-12.324</loudness><audio_md5 /><valence>0.699161</valence><danceability>0.740572</danceability></audio_summary><title>One Moving Part</title></song><song><artist_id>ARB2FS51187FB42679</artist_id><artist_name>Billy Joe Shaver</artist_name><id>SOKKZNO1435A4DE69F</id><audio_summary><key>7</key><analysis_url>http://echonest-analysis.s3.amazonaws.com/TR/qkdW3QyO37IfOw0tdS_Az5ZXM3ryBAkP6CqTpImMbSLY6ufhYNkYHlK_T_AiIwTnPPjmh2wYAMMgVWNGU%3D/3/full.json?AWSAccessKeyId=AKIAJRDFEY23UEVW42BQ&amp;Expires=1415344351&amp;Signature=eeXSx0aBg1foTXg4B%2BG1zxbNkHU%3D</analysis_url><energy>0.370281</energy><liveness>0.143853</liveness><tempo>120.233</tempo><speechiness>0.02902</speechiness><acousticness>0.308195</acousticness><instrumentalness>1e-06</instrumentalness><mode>1</mode><time_signature>3</time_signature><duration>210.90621</duration><loudness>-11.36</loudness><audio_md5 /><valence>0.478544</valence><danceability>0.731393</danceability></audio_summary><title>Tell Me Virginia</title></song><song><artist_id>ARB2FS51187FB42679</artist_id><artist_name>Billy Joe Shaver</artist_name><id>SOFKOWW13CA3BA2EA2</id><audio_summary><key>9</key><analysis_url>http://echonest-analysis.s3.amazonaws.com/TR/wa0aPguOpHvr-L9UzrBchUWV16JnniEOIzSNE6EV7x_tfeXwBkDHs6IBDdivsUsJD-f3JJ/3/full.json?AWSAccessKeyId=AKIAJRDFEY23UEVW42BQ&amp;Expires=1415344351&amp;Signature=QZ4yTiL5Jxgr3ZkD1rQn2PTAfJc%3D</analysis_url><energy>0.12395</energy><liveness>0.108587</liveness><tempo>138.0</tempo><speechiness>0.111588</speechiness><acousticness>0.508158</acousticness><instrumentalness>0.0</instrumentalness><mode>1</mode><time_signature>4</time_signature><duration>212.68853</duration><loudness>-21.108</loudness><audio_md5>f09e04574e0d7f0ae679daa67d871ade</audio_md5><valence>0.642559</valence><danceability>0.691399</danceability></audio_summary><title>Try &amp; Try Again</title></song><song><artist_id>ARB2FS51187FB42679</artist_id><artist_name>Billy Joe Shaver</artist_name><id>SOMUKZH13A7D69D68E</id><audio_summary><key>4</key><analysis_url>http://echonest-analysis.s3.amazonaws.com/TR/hR4DtAwTARDgzHThtW16lW9KRFQtGKVgysgsx0/3/full.json?AWSAccessKeyId=AKIAJRDFEY23UEVW42BQ&amp;Expires=1415344351&amp;Signature=o%2Bs5Tj0DWKd8sg8lQX3bTMjwEV0%3D</analysis_url><energy>0.744551</energy><liveness>0.694454</liveness><tempo>102.133</tempo><speechiness>0.059382</speechiness><acousticness>0.29549</acousticness><instrumentalness>3.6e-05</instrumentalness><mode>1</mode><time_signature>4</time_signature><duration>191.60771</duration><loudness>-7.786</loudness><audio_md5>c9213deddb3a0c71e3f6041673ebfabd</audio_md5><valence>0.666677</valence><danceability>0.430973</danceability></audio_summary><title>You Can't Beat Jesus Christ</title></song><song><artist_id>ARB2FS51187FB42679</artist_id><artist_name>Billy Joe Shaver</artist_name><id>SOJNHZO14358DC8FBC</id><audio_summary><key>4</key><analysis_url>http://echonest-analysis.s3.amazonaws.com/TR/mXTq_wOapfm6knGfdCuhlYkEGY9OtgvuoODWJAlitXMqfr37OTsQVFKzAMXKe8bChXXS-aECOrWWiY_Ik%3D/3/full.json?AWSAccessKeyId=AKIAJRDFEY23UEVW42BQ&amp;Expires=1415344351&amp;Signature=fZpXqhwNMOP2DalsaDrPoUnoI3U%3D</analysis_url><energy>0.25201</energy><liveness>0.290675</liveness><tempo>92.405</tempo><speechiness>0.025928</speechiness><acousticness>0.605529</acousticness><instrumentalness>0.0</instrumentalness><mode>1</mode><time_signature>3</time_signature><duration>245.65288</duration><loudness>-13.911</loudness><audio_md5>954e8731dabb39f76c47df004f8ff2af</audio_md5><valence>0.26474</valence><danceability>0.692767</danceability></audio_summary><title>How Many Hearts Must You Break</title></song><song><artist_id>ARB2FS51187FB42679</artist_id><artist_name>Billy Joe Shaver</artist_name><id>SOXGHVA1435A859EE7</id><audio_summary><key>9</key><analysis_url>http://echonest-analysis.s3.amazonaws.com/TR/yXSoUQ_mhjLCAbnSRY8Vhhn3IWMq2G1J3dqNSq5igjMY1_8U2Btr6eb7DwYWe2zfOIvgzCZmvMQRzO7uc%3D/3/full.json?AWSAccessKeyId=AKIAJRDFEY23UEVW42BQ&amp;Expires=1415344351&amp;Signature=cVjN2am0UxQvpSwJN%2BPpyHhLhcE%3D</analysis_url><energy>0.502586</energy><liveness>0.051703</liveness><tempo>119.705</tempo><speechiness>0.050829</speechiness><acousticness>0.357937</acousticness><instrumentalness>3e-06</instrumentalness><mode>1</mode><time_signature>4</time_signature><duration>175.70621</duration><loudness>-9.933</loudness><audio_md5 /><valence>0.721852</valence><danceability>0.746754</danceability></audio_summary><title>Amtrak</title></song><song><artist_id>ARB2FS51187FB42679</artist_id><artist_name>Billy Joe Shaver</artist_name><id>SOGRQYN12A8AE47828</id><audio_summary><key>0</key><analysis_url>http://echonest-analysis.s3.amazonaws.com/TR/jIZQbw2ARJ625wtFSx5aojei_zF5gpO68LtzdCaCoVTzgaC9dSvDoUO9BDuPr1icxDPiKnwrSGYrblpEI%3D/3/full.json?AWSAccessKeyId=AKIAJRDFEY23UEVW42BQ&amp;Expires=1415344351&amp;Signature=KixPRhcei2jCpYzFB5awACHmmZQ%3D</analysis_url><energy>0.670801</energy><liveness>0.218884</liveness><tempo>137.157</tempo><speechiness>0.034154</speechiness><acousticness>0.49853</acousticness><instrumentalness>4e-06</instrumentalness><mode>1</mode><time_signature>4</time_signature><duration>161.03955</duration><loudness>-6.01</loudness><audio_md5 /><valence>0.96053</valence><danceability>0.630539</danceability></audio_summary><title>Feliz Navidad</title></song><song><artist_id>ARB2FS51187FB42679</artist_id><artist_name>Billy Joe Shaver</artist_name><id>SOUKFTR12A8C140327</id><audio_summary><key>2</key><analysis_url>http://echonest-analysis.s3.amazonaws.com/TR/rZIi_QTby_HedJ2q3fT7YR9EZBAzo2rcXM51RPp8BDebnYeAjzL70uaonGf8evmgGqB1rJQuO3ulHpLfA%3D/3/full.json?AWSAccessKeyId=AKIAJRDFEY23UEVW42BQ&amp;Expires=1415344351&amp;Signature=OfpzaHNyWxGBSelQ6tz6b/vRuyU%3D</analysis_url><energy>0.207812</energy><liveness>0.108954</liveness><tempo>137.268</tempo><speechiness>0.070158</speechiness><acousticness>0.973318</acousticness><instrumentalness>7.6e-05</instrumentalness><mode>1</mode><time_signature>4</time_signature><duration>130.10621</duration><loudness>-8.983</loudness><audio_md5>cae0474c0e59e3f4d3e8ca61b83abc0f</audio_md5><valence>0.707433</valence><danceability>0.782723</danceability></audio_summary><title>Magnolia Mother's Love</title></song><song><artist_id>ARB2FS51187FB42679</artist_id><artist_name>Billy Joe Shaver</artist_name><id>SOOOSLG12A8AE47826</id><audio_summary><key>2</key><analysis_url>http://echonest-analysis.s3.amazonaws.com/TR/QhseuArb4p7w6Wmy9gvphGfKVY7Q-JWCC8nsA5ZdlHAQMTMuTkF27wMjmstiXibOjgyVw0mahGX5pO3sw%3D/3/full.json?AWSAccessKeyId=AKIAJRDFEY23UEVW42BQ&amp;Expires=1415344351&amp;Signature=m1S8MVKZl6LTvizIsG1JPnpm1ts%3D</analysis_url><energy>0.247883</energy><liveness>0.342241</liveness><tempo>131.925</tempo><speechiness>0.041637</speechiness><acousticness>0.909767</acousticness><instrumentalness>0.000109</instrumentalness><mode>1</mode><time_signature>3</time_signature><duration>474.91955</duration><loudness>-11.563</loudness><audio_md5 /><valence>0.358882</valence><danceability>0.574505</danceability></audio_summary><title>Aunt Jessie's Chicken Ranch</title></song><song><artist_id>ARB2FS51187FB42679</artist_id><artist_name>Billy Joe Shaver</artist_name><id>SONWUNI13A7D6AE7CA</id><audio_summary><key>2</key><analysis_url>http://echonest-analysis.s3.amazonaws.com/TR/IgShqgM5YlksNsJjiUK7L0cBQgKOdCncPkLQJg/3/full.json?AWSAccessKeyId=AKIAJRDFEY23UEVW42BQ&amp;Expires=1415344351&amp;Signature=F9a0UgmK1GFUkPpjIQfIl5zXXCY%3D</analysis_url><energy>0.43596</energy><liveness>0.657628</liveness><tempo>113.155</tempo><speechiness>0.029053</speechiness><acousticness>0.738963</acousticness><instrumentalness>5.2e-05</instrumentalness><mode>1</mode><time_signature>4</time_signature><duration>159.58159</duration><loudness>-9.624</loudness><audio_md5>619c1b209a96020ed9bbcde99e454cf4</audio_md5><valence>0.557187</valence><danceability>0.50472</danceability></audio_summary><title>Woman Is The Wonder Of The World</title></song><song><artist_id>ARB2FS51187FB42679</artist_id><artist_name>Billy Joe Shaver</artist_name><id>SOXHKNV145235DD348</id><audio_summary><key>11</key><analysis_url>http://echonest-analysis.s3.amazonaws.com/TR/V-SWZASOkzOwULdhpjHcBWRKTztzckxEBZ-IAvfQE7rY0oXaHUNPJjhyrnvdPMr2T25I88q-bDGc_73C8%3D/3/full.json?AWSAccessKeyId=AKIAJRDFEY23UEVW42BQ&amp;Expires=1415344351&amp;Signature=JZ3mhrgnzD2T9eZSMGPAEAIuwBg%3D</analysis_url><energy>0.697215</energy><liveness>0.970674</liveness><tempo>107.068</tempo><speechiness>0.050682</speechiness><acousticness>0.018834</acousticness><instrumentalness>0.001648</instrumentalness><mode>0</mode><time_signature>4</time_signature><duration>246.40971</duration><loudness>-10.385</loudness><audio_md5 /><valence>0.461983</valence><danceability>0.46809</danceability></audio_summary><title>You Can't Beat Jesus Christ</title></song><song><artist_id>ARB2FS51187FB42679</artist_id><artist_name>Billy Joe Shaver</artist_name><id>SOSBHWN12A8C1402FF</id><audio_summary><key>2</key><analysis_url>http://echonest-analysis.s3.amazonaws.com/TR/8AKGfAO4lah9lNz81m5TqwPoRb6tJErJfPqe9mva_hp3FxqSpFcWvhqsWpjTYMjFz5vt5QI8of_pc3dYo%3D/3/full.json?AWSAccessKeyId=AKIAJRDFEY23UEVW42BQ&amp;Expires=1415344351&amp;Signature=zbvxOdXSOQFxJxlytuqSn3IH2fc%3D</analysis_url><energy>0.698387</energy><liveness>0.264147</liveness><tempo>94.3</tempo><speechiness>0.031919</speechiness><acousticness>0.216886</acousticness><instrumentalness>0.002635</instrumentalness><mode>1</mode><time_signature>4</time_signature><duration>154.89288</duration><loudness>-8.652</loudness><audio_md5 /><valence>0.839153</valence><danceability>0.691197</danceability></audio_summary><title>That's Why The Man In Black Sings The Blues</title></song><song><artist_id>ARB2FS51187FB42679</artist_id><artist_name>Billy Joe Shaver</artist_name><id>SODTVWA13134393CC7</id><audio_summary><key>7</key><analysis_url>http://echonest-analysis.s3.amazonaws.com/TR/nxTwxg5-A-rEhySk_EAlYJm-ITIWTIM0NeCLu0oAH7PW-5u5u14cGRQF-6speAsH7LGiSaoBQTyNEeSsA%3D/3/full.json?AWSAccessKeyId=AKIAJRDFEY23UEVW42BQ&amp;Expires=1415344351&amp;Signature=nVCMc3fv%2Bzg00FTVQqx8WYvN6JU%3D</analysis_url><energy>0.554721</energy><liveness>0.224797</liveness><tempo>129.432</tempo><speechiness>0.041685</speechiness><acousticness>0.152416</acousticness><instrumentalness>1.5e-05</instrumentalness><mode>1</mode><time_signature>4</time_signature><duration>198.85524</duration><loudness>-11.287</loudness><audio_md5 /><valence>0.835957</valence><danceability>0.716721</danceability></audio_summary><title>Take A Chance On Romance</title></song><song><artist_id>ARB2FS51187FB42679</artist_id><artist_name>Billy Joe Shaver</artist_name><id>SOCYKQS12AF729F836</id><audio_summary><key>2</key><analysis_url>http://echonest-analysis.s3.amazonaws.com/TR/V1OEnwrGYT-kip-veRZ4ITU0NKqLJto4vqhebL2MgWBzAWk5S3O7EG8OysiM8xl5OsVItWzD576pWxRc0%3D/3/full.json?AWSAccessKeyId=AKIAJRDFEY23UEVW42BQ&amp;Expires=1415344351&amp;Signature=65iaiTWONO8FSx9Dz4inmlalm9c%3D</analysis_url><energy>0.527285</energy><liveness>0.142074</liveness><tempo>164.167</tempo><speechiness>0.029941</speechiness><acousticness>0.481255</acousticness><instrumentalness>0.00377</instrumentalness><mode>1</mode><time_signature>4</time_signature><duration>216.11955</duration><loudness>-7.181</loudness><audio_md5>b91c3968aeeb32c77f2061a1ce1b8fb3</audio_md5><valence>0.826547</valence><danceability>0.70267</danceability></audio_summary><title>Step On Up</title></song><song><artist_id>ARB2FS51187FB42679</artist_id><artist_name>Billy Joe Shaver</artist_name><id>SOXTFEU1435A4D7903</id><audio_summary><key>7</key><analysis_url>http://echonest-analysis.s3.amazonaws.com/TR/4i0lqQZH5vtXvMh2tN1gvshbjed5C9CP0czkSYIpfanG3ddghmwj2nI2MGDFfiMTmUjHV0p2nPvVWvl3A%3D/3/full.json?AWSAccessKeyId=AKIAJRDFEY23UEVW42BQ&amp;Expires=1415344351&amp;Signature=FUdkKVHw5Oe3UfBr%2BhPZMlnDl7c%3D</analysis_url><energy>0.318725</energy><liveness>0.112706</liveness><tempo>99.995</tempo><speechiness>0.037883</speechiness><acousticness>0.203268</acousticness><instrumentalness>1.2e-05</instrumentalness><mode>0</mode><time_signature>4</time_signature><duration>221.22621</duration><loudness>-13.153</loudness><audio_md5 /><valence>0.657003</valence><danceability>0.716631</danceability></audio_summary><title>Oklahoma Wind</title></song><song><artist_id>ARB2FS51187FB42679</artist_id><artist_name>Billy Joe Shaver</artist_name><id>SOHNHFY1313439FCD7</id><audio_summary><key>9</key><analysis_url>http://echonest-analysis.s3.amazonaws.com/TR/vz6TSwMrfet8KxgvwS8NuhoweUqZg8xF9tFaNR0Cs3sPs7IAdN7w75fzavAdAQxHQGlxcI5ICrkJurhBM%3D/3/full.json?AWSAccessKeyId=AKIAJRDFEY23UEVW42BQ&amp;Expires=1415344351&amp;Signature=OxvDbt7GqrtkiJYKnLhDkNu0rz4%3D</analysis_url><energy>0.705049</energy><liveness>0.774883</liveness><tempo>119.71</tempo><speechiness>0.032142</speechiness><acousticness>0.018352</acousticness><instrumentalness>0.003949</instrumentalness><mode>1</mode><time_signature>4</time_signature><duration>256.17288</duration><loudness>-8.697</loudness><audio_md5>efb937210e9966e55688b77f4c736bb8</audio_md5><valence>0.712135</valence><danceability>0.594327</danceability></audio_summary><title>Played the Game Too Long</title></song><song><artist_id>ARB2FS51187FB42679</artist_id><artist_name>Billy Joe Shaver</artist_name><id>SOCYRXK13A7D5C3409</id><audio_summary><key>7</key><analysis_url>http://echonest-analysis.s3.amazonaws.com/TR/AhSTrQGriu22tfTT_VSk66r9XG9mlmppiRVpU7/3/full.json?AWSAccessKeyId=AKIAJRDFEY23UEVW42BQ&amp;Expires=1415344351&amp;Signature=gAYE7PiAbcsT1jvfjweZlx3YFC8%3D</analysis_url><energy>0.661701</energy><liveness>0.758247</liveness><tempo>108.806</tempo><speechiness>0.089678</speechiness><acousticness>0.51327</acousticness><instrumentalness>5.2e-05</instrumentalness><mode>0</mode><time_signature>4</time_signature><duration>242.49424</duration><loudness>-8.836</loudness><audio_md5 /><valence>0.693543</valence><danceability>0.602795</danceability></audio_summary><title>Oklahoma Wind</title></song><song><artist_id>ARB2FS51187FB42679</artist_id><artist_name>Billy Joe Shaver</artist_name><id>SOFYYKW1312A8A9759</id><audio_summary><key>9</key><analysis_url>http://echonest-analysis.s3.amazonaws.com/TR/VZ8olgYTUy82lttVylyejwjNPs6HkzAGM1Ta5uiRyhYeUqO4PKgDWHiw4uf2tITXhLSIHna4EReRCjC0A%3D/3/full.json?AWSAccessKeyId=AKIAJRDFEY23UEVW42BQ&amp;Expires=1415344351&amp;Signature=nv2%2BrSmPSvAxyOGjsyak3fTSaeA%3D</analysis_url><energy>0.630142</energy><liveness>0.113375</liveness><tempo>100.548</tempo><speechiness>0.034499</speechiness><acousticness>0.042265</acousticness><instrumentalness>0.000111</instrumentalness><mode>1</mode><time_signature>4</time_signature><duration>273.09288</duration><loudness>-12.691</loudness><audio_md5>d03303efb760cf699e25516a916e1bf5</audio_md5><valence>0.471545</valence><danceability>0.600023</danceability></audio_summary><title>Oklahoma Wind</title></song><song><artist_id>ARB2FS51187FB42679</artist_id><artist_name>Billy Joe Shaver</artist_name><id>SOCWLUP12AB0180F9B</id><audio_summary><key>4</key><analysis_url>http://echonest-analysis.s3.amazonaws.com/TR/EV-R-wc3587EqqyEzXK-RX1UxqzF4k4MFVR14wOtR-pZ_s4RIVfNzH28EDmdW8m0-3UEtUvxZaB8Ud-KY%3D/3/full.json?AWSAccessKeyId=AKIAJRDFEY23UEVW42BQ&amp;Expires=1415344351&amp;Signature=u6TLvkcfiDBky4G0SeAgRJiEt08%3D</analysis_url><energy>0.479667</energy><liveness>0.139893</liveness><tempo>138.519</tempo><speechiness>0.033683</speechiness><acousticness>0.108277</acousticness><instrumentalness>1e-06</instrumentalness><mode>1</mode><time_signature>4</time_signature><duration>225.58621</duration><loudness>-14.208</loudness><audio_md5 /><valence>0.861594</valence><danceability>0.600661</danceability></audio_summary><title>Hottest Thing In Town</title></song><song><artist_id>ARB2FS51187FB42679</artist_id><artist_name>Billy Joe Shaver</artist_name><id>SOLFEQM1470AD441DB</id><audio_summary><key>4</key><analysis_url>http://echonest-analysis.s3.amazonaws.com/TR/I6MIWw09DuTLome_GMgGbwGP3hRnNjownwh0JR8Pxx968YG5PlcryXS033DO20xga-_Lge0fV7iygTm4E%3D/3/full.json?AWSAccessKeyId=AKIAJRDFEY23UEVW42BQ&amp;Expires=1415344351&amp;Signature=EDbXvXIzaAYjtG7j8H9cilZ7wWY%3D</analysis_url><energy>0.791711</energy><liveness>0.921067</liveness><tempo>138.898</tempo><speechiness>0.03898</speechiness><acousticness>0.014312</acousticness><instrumentalness>0.000204</instrumentalness><mode>1</mode><time_signature>4</time_signature><duration>302.88063</duration><loudness>-7.583</loudness><audio_md5 /><valence>0.67462</valence><danceability>0.551783</danceability></audio_summary><title>Hottest Thing In Town</title></song><song><artist_id>ARB2FS51187FB42679</artist_id><artist_name>Billy Joe Shaver</artist_name><id>SOHLUME148B94ED3D3</id><audio_summary><key>9</key><analysis_url>http://echonest-analysis.s3.amazonaws.com/TR/P0QwOANTmufI9GPmeuSlATaGbeH__wb39WzDL6uuQTJfiEaCVC_TfwVmNtBBzemTixRxlCRJcJSNyyncc%3D/3/full.json?AWSAccessKeyId=AKIAJRDFEY23UEVW42BQ&amp;Expires=1415344351&amp;Signature=/j2VO/TX2JJJAlwju1P8Wo%2BSWQ8%3D</analysis_url><energy>0.216521</energy><liveness>0.088336</liveness><tempo>122.417</tempo><speechiness>0.045861</speechiness><acousticness>0.665211</acousticness><instrumentalness>0.098757</instrumentalness><mode>1</mode><time_signature>4</time_signature><duration>203.71955</duration><loudness>-18.433</loudness><audio_md5 /><valence>0.811263</valence><danceability>0.852653</danceability></audio_summary><title>Played the Game Too Long</title></song><song><artist_id>ARB2FS51187FB42679</artist_id><artist_name>Billy Joe Shaver</artist_name><id>SOSWNOH1435A4EE912</id><audio_summary><key>6</key><analysis_url>http://echonest-analysis.s3.amazonaws.com/TR/DI3wvw54N5dISdhHV6zDnwVlGRkaQOSSV1qL6_Eza6mi0peFsKE4w0O0V7U5oPKsqSVxscTi4d9EZ8AvU%3D/3/full.json?AWSAccessKeyId=AKIAJRDFEY23UEVW42BQ&amp;Expires=1415344351&amp;Signature=cLXEIvi0O9hX71vRPKnLol8LLik%3D</analysis_url><energy>0.587073</energy><liveness>0.088963</liveness><tempo>155.536</tempo><speechiness>0.065407</speechiness><acousticness>0.422405</acousticness><instrumentalness>0.000248</instrumentalness><mode>1</mode><time_signature>4</time_signature><duration>172.35955</duration><loudness>-10.678</loudness><audio_md5 /><valence>0.934807</valence><danceability>0.690358</danceability></audio_summary><title>Love You Till the Cows Come Home (Single Version)</title></song><song><artist_id>ARB2FS51187FB42679</artist_id><artist_name>Billy Joe Shaver</artist_name><id>SOIHOSF12A8C130EBF</id><audio_summary><key>9</key><analysis_url>http://echonest-analysis.s3.amazonaws.com/TR/0G47uwnxQ77MNLsXhIG9CC9BcuTkA2l0PCi43V4mf93b5YB_VrfUNjqFEi7gjaeIItJomaJ6aKbXM0p3A%3D/3/full.json?AWSAccessKeyId=AKIAJRDFEY23UEVW42BQ&amp;Expires=1415344351&amp;Signature=1PJvAriiaqbsbK4gXujckwljtqc%3D</analysis_url><energy>0.540976</energy><liveness>0.096185</liveness><tempo>122.117</tempo><speechiness>0.05064</speechiness><acousticness>0.007048</acousticness><instrumentalness>0.000744</instrumentalness><mode>1</mode><time_signature>4</time_signature><duration>202.39955</duration><loudness>-13.737</loudness><audio_md5 /><valence>0.966679</valence><danceability>0.758097</danceability></audio_summary><title>Sweet Mama</title></song><song><artist_id>ARB2FS51187FB42679</artist_id><artist_name>Billy Joe Shaver</artist_name><id>SOMCRJH12AB0187DA6</id><audio_summary><key>9</key><analysis_url>http://echonest-analysis.s3.amazonaws.com/TR/fxJ_gAaNJ-eIprha2_SARn7LInR9BVkZRU0zZbjAcf3QdT4fiFptQWobszq86RbIzG9kgNcv4pqkWNR3Y%3D/3/full.json?AWSAccessKeyId=AKIAJRDFEY23UEVW42BQ&amp;Expires=1415344351&amp;Signature=inAnOZ9TbmFN3fAR68AC1zsU3wg%3D</analysis_url><energy>0.737094</energy><liveness>0.958741</liveness><tempo>119.619</tempo><speechiness>0.039203</speechiness><acousticness>0.009893</acousticness><instrumentalness>0.148718</instrumentalness><mode>1</mode><time_signature>4</time_signature><duration>329.86621</duration><loudness>-9.242</loudness><audio_md5 /><valence>0.709273</valence><danceability>0.515626</danceability></audio_summary><title>Sweet Mama</title></song><song><artist_id>ARB2FS51187FB42679</artist_id><artist_name>Billy Joe Shaver</artist_name><id>SONCWPA13A7D68EF13</id><audio_summary><key>2</key><analysis_url>http://echonest-analysis.s3.amazonaws.com/TR/1X3wZA9n7BIeha6LA6unpwu1Uz44f8eYDODtWr/3/full.json?AWSAccessKeyId=AKIAJRDFEY23UEVW42BQ&amp;Expires=1415344351&amp;Signature=InHmLA8lTKbz4w/llO6C7UdgruM%3D</analysis_url><energy>0.716408</energy><liveness>0.919274</liveness><tempo>122.096</tempo><speechiness>0.059667</speechiness><acousticness>0.376016</acousticness><instrumentalness>0.001742</instrumentalness><mode>1</mode><time_signature>4</time_signature><duration>207.20281</duration><loudness>-7.633</loudness><audio_md5 /><valence>0.684412</valence><danceability>0.552609</danceability></audio_summary><title>Sweet Mama</title></song><song><artist_id>ARB2FS51187FB42679</artist_id><artist_name>Billy Joe Shaver</artist_name><id>SORFLNT13A7D695FC3</id><audio_summary><key>2</key><analysis_url>http://echonest-analysis.s3.amazonaws.com/TR/D8qewQpTX7g_0aT_nCwWeTyysJxXQH9N8uLepx/3/full.json?AWSAccessKeyId=AKIAJRDFEY23UEVW42BQ&amp;Expires=1415344351&amp;Signature=oY9mh8XHin0KWbNviyWbhaxPgNg%3D</analysis_url><energy>0.856253</energy><liveness>0.667382</liveness><tempo>85.663</tempo><speechiness>0.163401</speechiness><acousticness>0.274542</acousticness><instrumentalness>0.002943</instrumentalness><mode>1</mode><time_signature>4</time_signature><duration>145.13587</duration><loudness>-7.161</loudness><audio_md5>ccc50224a04fd42d21711eb8dc985772</audio_md5><valence>0.765329</valence><danceability>0.590409</danceability></audio_summary><title>Love You Till The Cows Come Home</title></song><song><artist_id>ARB2FS51187FB42679</artist_id><artist_name>Billy Joe Shaver</artist_name><id>SOASWAV1312A8A4BE3</id><audio_summary><key>9</key><analysis_url>http://echonest-analysis.s3.amazonaws.com/TR/dRuo9g__Ps0xWCCsgP7jnuvk67wPIVyU_3CSzdpogmGp0g8sTz0Sr6HD9qp3FWfJO-0ij7rdcgaJSOkc8%3D/3/full.json?AWSAccessKeyId=AKIAJRDFEY23UEVW42BQ&amp;Expires=1415344351&amp;Signature=HdqifYE/DFo6STBfhkJyQhrxHwo%3D</analysis_url><energy>0.635289</energy><liveness>0.065523</liveness><tempo>132.455</tempo><speechiness>0.075057</speechiness><acousticness>0.334778</acousticness><instrumentalness>4e-06</instrumentalness><mode>1</mode><time_signature>4</time_signature><duration>165.93288</duration><loudness>-12.998</loudness><audio_md5 /><valence>0.963379</valence><danceability>0.725199</danceability></audio_summary><title>Manual Labor</title></song><song><artist_id>ARB2FS51187FB42679</artist_id><artist_name>Billy Joe Shaver</artist_name><id>SOTMVSC131343952B0</id><audio_summary><key>0</key><analysis_url>http://echonest-analysis.s3.amazonaws.com/TR/bIBVfw6dMlK1J3hWwkaQgWfkCLN6fpkVLGEgFba13Pvqsu7lF6t9q_DDKTpIkt6OSlVODPgJqdfuX7YSE%3D/3/full.json?AWSAccessKeyId=AKIAJRDFEY23UEVW42BQ&amp;Expires=1415344351&amp;Signature=KchLPmBG3uqb94T5AEZ%2B045tuJg%3D</analysis_url><energy>0.618118</energy><liveness>0.217628</liveness><tempo>101.829</tempo><speechiness>0.035717</speechiness><acousticness>0.311888</acousticness><instrumentalness>0.00996</instrumentalness><mode>1</mode><time_signature>4</time_signature><duration>101.61288</duration><loudness>-7.234</loudness><audio_md5>40150c4d8d5db7c7e3b3997dbae39720</audio_md5><valence>0.852666</valence><danceability>0.677295</danceability></audio_summary><title>I Changed My Mind</title></song><song><artist_id>ARB2FS51187FB42679</artist_id><artist_name>Billy Joe Shaver</artist_name><id>SOHXDNE1313439289D</id><audio_summary><key>9</key><analysis_url>http://echonest-analysis.s3.amazonaws.com/TR/sGsyGwy5BFDCLai5npzhj1cOixa4524Xg-s8t-8Ie3z3qrNtKVxgIX7fo-x0dTU8rKJwHdeTl-qz4U0ec%3D/3/full.json?AWSAccessKeyId=AKIAJRDFEY23UEVW42BQ&amp;Expires=1415344351&amp;Signature=owM6qwJ49ResQAfInK28NMjNtIc%3D</analysis_url><energy>0.66721</energy><liveness>0.274228</liveness><tempo>90.36</tempo><speechiness>0.053116</speechiness><acousticness>0.30368</acousticness><instrumentalness>1.4e-05</instrumentalness><mode>1</mode><time_signature>4</time_signature><duration>185.83955</duration><loudness>-8.931</loudness><audio_md5>38a396cd43dc80b6057ca54d099e6140</audio_md5><valence>0.724291</valence><danceability>0.679639</danceability></audio_summary><title>Good Ol USA</title></song><song><artist_id>ARB2FS51187FB42679</artist_id><artist_name>Billy Joe Shaver</artist_name><id>SOMJNEY1435A85240D</id><audio_summary><key>0</key><analysis_url>http://echonest-analysis.s3.amazonaws.com/TR/_CNKxApL-f-1K3k9NTH47BhNrgouAUQrclaZsD4HzGQAk4Q5HmTdU-RWjLKunPG1FSf4wPzUczH_r_GPI%3D/3/full.json?AWSAccessKeyId=AKIAJRDFEY23UEVW42BQ&amp;Expires=1415344351&amp;Signature=fm2J4rkGScF4%2BpfhVFAEHe%2BQG7U%3D</analysis_url><energy>0.184609</energy><liveness>0.17687</liveness><tempo>97.736</tempo><speechiness>0.035172</speechiness><acousticness>0.785316</acousticness><instrumentalness>0.002194</instrumentalness><mode>1</mode><time_signature>3</time_signature><duration>194.38621</duration><loudness>-17.441</loudness><audio_md5 /><valence>0.39854</valence><danceability>0.531919</danceability></audio_summary><title>Mexico</title></song><song><artist_id>ARB2FS51187FB42679</artist_id><artist_name>Billy Joe Shaver</artist_name><id>SOAMWDX1312A8A85D4</id><audio_summary><key>9</key><analysis_url>http://echonest-analysis.s3.amazonaws.com/TR/_vxjTAScaOJbUTWOsHk26BMhhj6_IM7YVlb6h3wMJUxt_xduGJ7PSGf9waDuq4ZQHN0eWnQSES6qkvQeM%3D/3/full.json?AWSAccessKeyId=AKIAJRDFEY23UEVW42BQ&amp;Expires=1415344351&amp;Signature=xQJk%2B5D6aC5Rk%2BsgjTDnnOS77Q4%3D</analysis_url><energy>0.340281</energy><liveness>0.173284</liveness><tempo>103.536</tempo><speechiness>0.029922</speechiness><acousticness>0.657963</acousticness><instrumentalness>2e-05</instrumentalness><mode>1</mode><time_signature>3</time_signature><duration>241.98621</duration><loudness>-8.218</loudness><audio_md5 /><valence>0.280221</valence><danceability>0.616248</danceability></audio_summary><title>West Texas Waltz</title></song><song><artist_id>ARB2FS51187FB42679</artist_id><artist_name>Billy Joe Shaver</artist_name><id>SOJUVRS13CA3C2CD47</id><audio_summary><key>9</key><analysis_url>http://echonest-analysis.s3.amazonaws.com/TR/KdmEpgbmE85fR7osUUVpZZnRsPIiRqIyOe4Wow6Gb3H3llNyQdwoHRQEMuTvCxBUCIZ5dj/3/full.json?AWSAccessKeyId=AKIAJRDFEY23UEVW42BQ&amp;Expires=1415344351&amp;Signature=ATeYQTHOJAcHfvwZk0teHGmcOyk%3D</analysis_url><energy>0.527519</energy><liveness>0.368808</liveness><tempo>112.716</tempo><speechiness>0.038196</speechiness><acousticness>0.165495</acousticness><instrumentalness>0.018286</instrumentalness><mode>1</mode><time_signature>4</time_signature><duration>158.48444</duration><loudness>-15.214</loudness><audio_md5>227602a1024f7c826f120745b27e3aec</audio_md5><valence>0.910811</valence><danceability>0.582268</danceability></audio_summary><title>Texas Uphere Tennessee</title></song><song><artist_id>ARB2FS51187FB42679</artist_id><artist_name>Billy Joe Shaver</artist_name><id>SOCUPKV12AB018306A</id><audio_summary><key>6</key><analysis_url>http://echonest-analysis.s3.amazonaws.com/TR/adLjJwdhJLTbGbxWor1XCLp_4fYkcJM659_SSyR6VM7dokaHYE7HSsQqZmkzbH2sRbOCx5uXpAgzqEuYg%3D/3/full.json?AWSAccessKeyId=AKIAJRDFEY23UEVW42BQ&amp;Expires=1415344351&amp;Signature=qv9d%2BUMJhyuDygvNKxVUBF5JyDE%3D</analysis_url><energy>0.538085</energy><liveness>0.321835</liveness><tempo>94.551</tempo><speechiness>0.057471</speechiness><acousticness>0.30792</acousticness><instrumentalness>0.0</instrumentalness><mode>0</mode><time_signature>4</time_signature><duration>162.53923</duration><loudness>-12.9</loudness><audio_md5 /><valence>0.850597</valence><danceability>0.616659</danceability></audio_summary><title>Good Ol' U.S.A.</title></song><song><artist_id>ARB2FS51187FB42679</artist_id><artist_name>Billy Joe Shaver</artist_name><id>SOAETPN13CA3BDE08C</id><audio_summary><key>0</key><analysis_url>http://echonest-analysis.s3.amazonaws.com/TR/5gerYwsCyUPbho58qcwE9o_BQ8iewIOfegIPQR81ptXZM3vpDXWJYJQIdOPmhia_lo4rFL/3/full.json?AWSAccessKeyId=AKIAJRDFEY23UEVW42BQ&amp;Expires=1415344351&amp;Signature=EmjfZxqMr3UW18Ym44DEQIBOwU0%3D</analysis_url><energy>0.420156</energy><liveness>0.134625</liveness><tempo>90.84</tempo><speechiness>0.025677</speechiness><acousticness>0.610349</acousticness><instrumentalness>1e-06</instrumentalness><mode>1</mode><time_signature>3</time_signature><duration>207.72526</duration><loudness>-9.455</loudness><audio_md5>c6d5bc264ce988169726c4c76353d34b</audio_md5><valence>0.415998</valence><danceability>0.623588</danceability></audio_summary><title>I'm Going Crazy In 3/4 Time</title></song><song><artist_id>ARB2FS51187FB42679</artist_id><artist_name>Billy Joe Shaver</artist_name><id>SONVJWV1311AFE5059</id><audio_summary><key>2</key><analysis_url>http://echonest-analysis.s3.amazonaws.com/TR/pfG8RQtLcCWHSsS78xtX_wjRi16Cp49nvOWqxTvDStq0M_ogo-YNR_xoXO9ZphzPSVfDMbDIzdCSkGrDI%3D/3/full.json?AWSAccessKeyId=AKIAJRDFEY23UEVW42BQ&amp;Expires=1415344351&amp;Signature=2d6Q9FIB9/w4t2l4F%2BYLj/T79tY%3D</analysis_url><energy>0.714933</energy><liveness>0.071737</liveness><tempo>123.717</tempo><speechiness>0.030438</speechiness><acousticness>0.443414</acousticness><instrumentalness>0.000949</instrumentalness><mode>1</mode><time_signature>4</time_signature><duration>185.19955</duration><loudness>-5.152</loudness><audio_md5>d0662d67302a615afc36fbae3f8a5795</audio_md5><valence>0.898426</valence><danceability>0.714611</danceability></audio_summary><title>If The Trailer's Rockin' Don't Come Knockin'</title></song><song><artist_id>ARB2FS51187FB42679</artist_id><artist_name>Billy Joe Shaver</artist_name><id>SOCTKKG1313439DA30</id><audio_summary><key>9</key><analysis_url>http://echonest-analysis.s3.amazonaws.com/TR/TZcxkA-Bcxv7k4mPSGz1_SCa2C99KkDMve5zEow6cF5JyfEM7H8tH0Og6jxHCjs_kbWdhwzxX7k_68PR8%3D/3/full.json?AWSAccessKeyId=AKIAJRDFEY23UEVW42BQ&amp;Expires=1415344351&amp;Signature=Rd/yawuoiq%2B1Wqusd1jqLxokEWg%3D</analysis_url><energy>0.325001</energy><liveness>0.686665</liveness><tempo>115.632</tempo><speechiness>0.035056</speechiness><acousticness>0.861767</acousticness><instrumentalness>0.006207</instrumentalness><mode>1</mode><time_signature>3</time_signature><duration>158.89288</duration><loudness>-11.863</loudness><audio_md5 /><valence>0.178994</valence><danceability>0.489348</danceability></audio_summary><title>Old Five And Dimers</title></song><song><artist_id>ARB2FS51187FB42679</artist_id><artist_name>Billy Joe Shaver</artist_name><id>SOYMDDO12A58A7A981</id><audio_summary><key>2</key><analysis_url>http://echonest-analysis.s3.amazonaws.com/TR/jDlu-QWyEtVuem4gKlkdRcp535EXjhBogTPx-PUPHSjgw4V_Vu1cmX8RSdx8GmpeBYXxVLs1Flh2B8m7U%3D/3/full.json?AWSAccessKeyId=AKIAJRDFEY23UEVW42BQ&amp;Expires=1415344351&amp;Signature=0w2kxDvZz1pINg7dUpFwHZwGxmo%3D</analysis_url><energy>0.361878</energy><liveness>0.125017</liveness><tempo>122.706</tempo><speechiness>0.040605</speechiness><acousticness>0.857148</acousticness><instrumentalness>0.0</instrumentalness><mode>1</mode><time_signature>3</time_signature><duration>224.54621</duration><loudness>-9.449</loudness><audio_md5 /><valence>0.393454</valence><danceability>0.489739</danceability></audio_summary><title>Highway of Life</title></song><song><artist_id>ARB2FS51187FB42679</artist_id><artist_name>Billy Joe Shaver</artist_name><id>SOELQVB1366C019DF8</id><audio_summary><key>0</key><analysis_url>http://echonest-analysis.s3.amazonaws.com/TR/GZozJgBtermJh1gzs4aPCE6jP8zLLFVK44oeM5s7uwjb8IlUfqp6HVY2ylhdo4B3qR2vqXXfhjZJ3_LH0%3D/3/full.json?AWSAccessKeyId=AKIAJRDFEY23UEVW42BQ&amp;Expires=1415344351&amp;Signature=cm0OAqWiYK7o1Tda8WO6EdXO%2B9o%3D</analysis_url><energy>0.57335</energy><liveness>0.12516</liveness><tempo>127.254</tempo><speechiness>0.02784</speechiness><acousticness>0.097278</acousticness><instrumentalness>0.004954</instrumentalness><mode>1</mode><time_signature>4</time_signature><duration>220.23955</duration><loudness>-6.858</loudness><audio_md5 /><valence>0.5881</valence><danceability>0.619794</danceability></audio_summary><title>Corsicana Daily Sun</title></song><song><artist_id>ARB2FS51187FB42679</artist_id><artist_name>Billy Joe Shaver</artist_name><id>SOYLNCZ146F5EEAF42</id><audio_summary><key>2</key><analysis_url>http://echonest-analysis.s3.amazonaws.com/TR/KFia0AHkOHud8Nrv0ldonOTatlp9OKNX7kt76AtqvoxREzyNL3GQEKgB__vhaHc3B8wHLWABj48kbq_r8%3D/3/full.json?AWSAccessKeyId=AKIAJRDFEY23UEVW42BQ&amp;Expires=1415344351&amp;Signature=HyQU40Q9kOdk2F7c262VccQ3iac%3D</analysis_url><energy>0.848157</energy><liveness>0.124414</liveness><tempo>122.301</tempo><speechiness>0.048799</speechiness><acousticness>0.056404</acousticness><instrumentalness>0.020844</instrumentalness><mode>1</mode><time_signature>4</time_signature><duration>152.49805</duration><loudness>-7.146</loudness><audio_md5 /><valence>0.76997</valence><danceability>0.534848</danceability></audio_summary><title>Sunbeam Special</title></song><song><artist_id>ARB2FS51187FB42679</artist_id><artist_name>Billy Joe Shaver</artist_name><id>SOMKTJS1435A83EA02</id><audio_summary><key>2</key><analysis_url>http://echonest-analysis.s3.amazonaws.com/TR/u685jAD5LyA0lX1Sq_8pW9qibl5uOx7K62AJBGd6QWw8Tj6Hhzu9caR2KuhzOwkqvuW1ocxQaPbt7f4Kg%3D/3/full.json?AWSAccessKeyId=AKIAJRDFEY23UEVW42BQ&amp;Expires=1415344351&amp;Signature=WyjH7u39Qhe3uSS6kXCRGUV/548%3D</analysis_url><energy>0.384211</energy><liveness>0.122561</liveness><tempo>75.065</tempo><speechiness>0.027483</speechiness><acousticness>0.346708</acousticness><instrumentalness>0.000112</instrumentalness><mode>1</mode><time_signature>4</time_signature><duration>197.21288</duration><loudness>-12.668</loudness><audio_md5 /><valence>0.47959</valence><danceability>0.536094</danceability></audio_summary><title>The Road</title></song><song><artist_id>ARB2FS51187FB42679</artist_id><artist_name>Billy Joe Shaver</artist_name><id>SOJWOYT1311AFD90B4</id><audio_summary><key>2</key><analysis_url>http://echonest-analysis.s3.amazonaws.com/TR/KwWSVw8kbc99A02m8HdQRP66vE3vqNu3ePDFNCykEiwiGytBQJJoappc81aPxlyqKrRbJ1JTmQg9BjGgU%3D/3/full.json?AWSAccessKeyId=AKIAJRDFEY23UEVW42BQ&amp;Expires=1415344351&amp;Signature=/u2gCMyJxG6rD5nkG9eGDmk3QDU%3D</analysis_url><energy>0.201965</energy><liveness>0.19238</liveness><tempo>109.018</tempo><speechiness>0.519477</speechiness><acousticness>0.590095</acousticness><instrumentalness>7e-06</instrumentalness><mode>1</mode><time_signature>3</time_signature><duration>251.46621</duration><loudness>-15.183</loudness><audio_md5>50909d711029c73444cdaf37e74c06c9</audio_md5><valence>0.208004</valence><danceability>0.634954</danceability></audio_summary><title>I Couldn't Be Me Without You</title></song><song><artist_id>ARB2FS51187FB42679</artist_id><artist_name>Billy Joe Shaver</artist_name><id>SOZRIWE14523951B03</id><audio_summary><key>2</key><analysis_url>http://echonest-analysis.s3.amazonaws.com/TR/vFSrXAc1RCLIxdoLHAE-g8Til8qGNYgSP6NJN8sD8259qKYl-ctTLYOQrwhgJRD0GtvWMxkK7JwDVXBQ8%3D/3/full.json?AWSAccessKeyId=AKIAJRDFEY23UEVW42BQ&amp;Expires=1415344351&amp;Signature=L4K4lGdLvW88x/TlWx1mv68ekJw%3D</analysis_url><energy>0.159093</energy><liveness>0.987932</liveness><tempo>122.242</tempo><speechiness>0.046432</speechiness><acousticness>0.652293</acousticness><instrumentalness>7.6e-05</instrumentalness><mode>1</mode><time_signature>3</time_signature><duration>96.31592</duration><loudness>-18.584</loudness><audio_md5 /><valence>0.247926</valence><danceability>0.466881</danceability></audio_summary><title>I Couldn't Be Me Without You</title></song><song><artist_id>ARB2FS51187FB42679</artist_id><artist_name>Billy Joe Shaver</artist_name><id>SONPQCY12AB0180AF5</id><audio_summary><key>2</key><analysis_url>http://echonest-analysis.s3.amazonaws.com/TR/tD4ZDwLK6ondIGP_2IKrepoui2HCM2Egcu9FsBAcRfmNZVAtzxYvMQZwomf6epAqrcjdXjnx6S02jILKo%3D/3/full.json?AWSAccessKeyId=AKIAJRDFEY23UEVW42BQ&amp;Expires=1415344351&amp;Signature=p55jSyKDeDXAXYNTvj0%2BQKYWtBg%3D</analysis_url><energy>0.318792</energy><liveness>0.124481</liveness><tempo>97.432</tempo><speechiness>0.039141</speechiness><acousticness>0.803063</acousticness><instrumentalness>0.0</instrumentalness><mode>1</mode><time_signature>4</time_signature><duration>204.07955</duration><loudness>-11.551</loudness><audio_md5 /><valence>0.542937</valence><danceability>0.655419</danceability></audio_summary><title>Moonshine and Indian Blood</title></song><song><artist_id>ARB2FS51187FB42679</artist_id><artist_name>Billy Joe Shaver</artist_name><id>SORBBKY148B94F2F45</id><audio_summary><key>2</key><analysis_url>http://echonest-analysis.s3.amazonaws.com/TR/pYcqMw2Fc1sgiak5iQFX133WnufAGWkLMdNi65N2FM_1xfU8SmSkIBLZcrfRzvUwVORnTeser7spnXxHk%3D/3/full.json?AWSAccessKeyId=AKIAJRDFEY23UEVW42BQ&amp;Expires=1415344351&amp;Signature=1hwdSNlmXCAjSpD06m5t88Nsp3Y%3D</analysis_url><energy>0.301258</energy><liveness>0.222566</liveness><tempo>84.11</tempo><speechiness>0.040993</speechiness><acousticness>0.830671</acousticness><instrumentalness>0.009142</instrumentalness><mode>1</mode><time_signature>4</time_signature><duration>130.65288</duration><loudness>-16.841</loudness><audio_md5 /><valence>0.617196</valence><danceability>0.580094</danceability></audio_summary><title>Serious Souls</title></song><song><artist_id>ARB2FS51187FB42679</artist_id><artist_name>Billy Joe Shaver</artist_name><id>SOZNUWH13C9A493680</id><audio_summary><key>9</key><analysis_url>http://echonest-analysis.s3.amazonaws.com/TR/0JTiKQwMcw2bSK35pjzjEW6gqT12uCM0IbAjGvh931DbObp15NPMaIG2X5B1AGqwm4QgVN/3/full.json?AWSAccessKeyId=AKIAJRDFEY23UEVW42BQ&amp;Expires=1415344351&amp;Signature=9RUEI6DaAVVELZuMh/sSmpR2WFk%3D</analysis_url><energy>0.365944</energy><liveness>0.518674</liveness><tempo>93.534</tempo><speechiness>0.027635</speechiness><acousticness>0.658102</acousticness><instrumentalness>0.118629</instrumentalness><mode>1</mode><time_signature>4</time_signature><duration>132.98893</duration><loudness>-17.884</loudness><audio_md5>512af4bd99d4cdf210631ddadb727287</audio_md5><valence>0.849054</valence><danceability>0.598328</danceability></audio_summary><title>Ain't No God In Mexico</title></song><song><artist_id>ARB2FS51187FB42679</artist_id><artist_name>Billy Joe Shaver</artist_name><id>SOADRXI1313439B0C4</id><audio_summary><key>2</key><analysis_url>http://echonest-analysis.s3.amazonaws.com/TR/VfqnmgdoxzXD8AUK_v7ZO7tTDMWxvZ_DrM2ztfhOMEZrNWXRfxLg-JR9DW00gyaMfslK25y-X615a_tEI%3D/3/full.json?AWSAccessKeyId=AKIAJRDFEY23UEVW42BQ&amp;Expires=1415344351&amp;Signature=vfMsQNKLhl7h7Ie%2BVnOj5iopPtc%3D</analysis_url><energy>0.758845</energy><liveness>0.340591</liveness><tempo>115.767</tempo><speechiness>0.035835</speechiness><acousticness>0.295436</acousticness><instrumentalness>0.015404</instrumentalness><mode>1</mode><time_signature>4</time_signature><duration>184.79955</duration><loudness>-9.412</loudness><audio_md5>cffcf0c210f3467eabc5200f688e8e7a</audio_md5><valence>0.661127</valence><danceability>0.588353</danceability></audio_summary><title>Rolling Stone</title></song><song><artist_id>ARB2FS51187FB42679</artist_id><artist_name>Billy Joe Shaver</artist_name><id>SOAXXOJ13A7D6822E3</id><audio_summary><key>9</key><analysis_url>http://echonest-analysis.s3.amazonaws.com/TR/WYql3wdDWE2EbadY_oX5NRMvzt9aVAtyxNNXk7/3/full.json?AWSAccessKeyId=AKIAJRDFEY23UEVW42BQ&amp;Expires=1415344351&amp;Signature=uYcyeWSqWl9o7rvuTOS2sAOwTds%3D</analysis_url><energy>0.617515</energy><liveness>0.671638</liveness><tempo>118.979</tempo><speechiness>0.041839</speechiness><acousticness>0.581501</acousticness><instrumentalness>8.5e-05</instrumentalness><mode>0</mode><time_signature>4</time_signature><duration>141.71383</duration><loudness>-8.076</loudness><audio_md5 /><valence>0.710853</valence><danceability>0.755272</danceability></audio_summary><title>One Moving Part</title></song><song><artist_id>ARB2FS51187FB42679</artist_id><artist_name>Billy Joe Shaver</artist_name><id>SORXWUP147C3BD1CBD</id><audio_summary><key>4</key><analysis_url>http://echonest-analysis.s3.amazonaws.com/TR/4LMqPgTC8WsYPLwFNYAj8pECTmlC-V7B-1q4pKzN90Qiii9timKpJsy6Wtc4NUymrf7fHbLfr34bMdhLs%3D/3/full.json?AWSAccessKeyId=AKIAJRDFEY23UEVW42BQ&amp;Expires=1415344351&amp;Signature=SARVSWcrWiH/DXQkEIDc7RTNYpc%3D</analysis_url><energy>0.566591</energy><liveness>0.984378</liveness><tempo>93.475</tempo><speechiness>0.059224</speechiness><acousticness>0.524165</acousticness><instrumentalness>1e-06</instrumentalness><mode>0</mode><time_signature>4</time_signature><duration>179.67556</duration><loudness>-11.712</loudness><audio_md5 /><valence>0.576471</valence><danceability>0.721483</danceability></audio_summary><title>Good Old USA</title></song><song><artist_id>ARB2FS51187FB42679</artist_id><artist_name>Billy Joe Shaver</artist_name><id>SOTJEND1311AFDFE1C</id><audio_summary><key>4</key><analysis_url>http://echonest-analysis.s3.amazonaws.com/TR/pZvR6Qn-e6oQvfIUGBM-lU0SqyiPdOIh9l5Ft8zqcGQJzL04s4LQWhble1aJi-TI4U9kRVZEaK8QS4hFA%3D/3/full.json?AWSAccessKeyId=AKIAJRDFEY23UEVW42BQ&amp;Expires=1415344351&amp;Signature=4oCbVrSFUlw0D7fI1R7DVRfPDDs%3D</analysis_url><energy>0.770551</energy><liveness>0.132791</liveness><tempo>138.079</tempo><speechiness>0.039664</speechiness><acousticness>0.00812</acousticness><instrumentalness>0.006805</instrumentalness><mode>1</mode><time_signature>4</time_signature><duration>154.87955</duration><loudness>-7.614</loudness><audio_md5 /><valence>0.622451</valence><danceability>0.535494</danceability></audio_summary><title>Drown In Love</title></song><song><artist_id>ARB2FS51187FB42679</artist_id><artist_name>Billy Joe Shaver</artist_name><id>SOTYYCZ12A8C1402FC</id><audio_summary><key>9</key><analysis_url>http://echonest-analysis.s3.amazonaws.com/TR/fceY9AeDdBvZxHXqR0tJCVqZ3zWWmXmZd42seDNXKQb3o6Fk4ix1jhcGkM869E24S-ddhwYU_s08Cz7RI%3D/3/full.json?AWSAccessKeyId=AKIAJRDFEY23UEVW42BQ&amp;Expires=1415344351&amp;Signature=Sx0aczP9xHSmaihT7INVBSwO6rI%3D</analysis_url><energy>0.346174</energy><liveness>0.11825</liveness><tempo>75.72</tempo><speechiness>0.0463</speechiness><acousticness>0.636059</acousticness><instrumentalness>0.269838</instrumentalness><mode>1</mode><time_signature>4</time_signature><duration>205.18621</duration><loudness>-12.637</loudness><audio_md5 /><valence>0.684173</valence><danceability>0.571581</danceability></audio_summary><title>Hold On To Yours (And I'll Hold On To Mine)</title></song><song><artist_id>ARB2FS51187FB42679</artist_id><artist_name>Billy Joe Shaver</artist_name><id>SORQBLK1311AFD99B7</id><audio_summary><key>9</key><analysis_url>http://echonest-analysis.s3.amazonaws.com/TR/e_Gl_AyWqCdkwccEOyDR-tM2IpebsYhLkYtyQa0-Ab6VgPt8Ema1D73xGKJEzXSXaaz7BAFgHPSvM5QHA%3D/3/full.json?AWSAccessKeyId=AKIAJRDFEY23UEVW42BQ&amp;Expires=1415344351&amp;Signature=7szjEnZFyS4nv0i32cC%2BvWFaN68%3D</analysis_url><energy>0.844367</energy><liveness>0.113167</liveness><tempo>94.113</tempo><speechiness>0.04269</speechiness><acousticness>0.007199</acousticness><instrumentalness>0.172614</instrumentalness><mode>1</mode><time_signature>4</time_signature><duration>214.58621</duration><loudness>-7.47</loudness><audio_md5 /><valence>0.747449</valence><danceability>0.613456</danceability></audio_summary><title>Velvet Chains</title></song><song><artist_id>ARB2FS51187FB42679</artist_id><artist_name>Billy Joe Shaver</artist_name><id>SOMYYVW12A8C14032C</id><audio_summary><key>9</key><analysis_url>http://echonest-analysis.s3.amazonaws.com/TR/cPydpwbmVwsjb4BNNnczNNvc2yqrJhA9JncB75UG32uNKDNiiGyyHGBLsBHfJrWlqeHsJ_zNT2tTEx83Y%3D/3/full.json?AWSAccessKeyId=AKIAJRDFEY23UEVW42BQ&amp;Expires=1415344351&amp;Signature=9vshd2khLZeR5oHSfaE/%2BrwOBM4%3D</analysis_url><energy>0.342242</energy><liveness>0.126189</liveness><tempo>116.854</tempo><speechiness>0.031966</speechiness><acousticness>0.460202</acousticness><instrumentalness>0.0</instrumentalness><mode>1</mode><time_signature>3</time_signature><duration>258.15955</duration><loudness>-11.807</loudness><audio_md5 /><valence>0.61577</valence><danceability>0.583018</danceability></audio_summary><title>Merry Christmas To You (Bonus Track)</title></song><song><artist_id>ARB2FS51187FB42679</artist_id><artist_name>Billy Joe Shaver</artist_name><id>SOMYVGC12AF729D863</id><audio_summary><key>0</key><analysis_url>http://echonest-analysis.s3.amazonaws.com/TR/6dMhgAN1-E5vIwHSgdzUbMz77C1XANPVmp6EKP80R-cKNbhtrawuh5HPQ1S1FmIc4F1ySkmLrz7KtuoFE%3D/3/full.json?AWSAccessKeyId=AKIAJRDFEY23UEVW42BQ&amp;Expires=1415344351&amp;Signature=x5CeEKeeKat75Fbfo%2BhkHh/Fe98%3D</analysis_url><energy>0.345785</energy><liveness>0.123032</liveness><tempo>116.173</tempo><speechiness>0.030665</speechiness><acousticness>0.936013</acousticness><instrumentalness>0.047848</instrumentalness><mode>1</mode><time_signature>3</time_signature><duration>191.86621</duration><loudness>-8.471</loudness><audio_md5 /><valence>0.545497</valence><danceability>0.593607</danceability></audio_summary><title>Eagle On The Ground</title></song><song><artist_id>ARB2FS51187FB42679</artist_id><artist_name>Billy Joe Shaver</artist_name><id>SOPMZWX1311AFDE044</id><audio_summary><key>9</key><analysis_url>http://echonest-analysis.s3.amazonaws.com/TR/v_Xqvwi_I_dllBv80byB_exbPT_LS3t_nQTfwV3QUZD_WMbsF7h_W08KF9XtQ0yRepAsBMLJPmjs-oTMM%3D/3/full.json?AWSAccessKeyId=AKIAJRDFEY23UEVW42BQ&amp;Expires=1415344351&amp;Signature=JwkHXH3YfLJ5cg6ZzX2oGs3K1ks%3D</analysis_url><energy>0.143578</energy><liveness>0.108127</liveness><tempo>75.151</tempo><speechiness>0.031698</speechiness><acousticness>0.815925</acousticness><instrumentalness>0.0</instrumentalness><mode>1</mode><time_signature>4</time_signature><duration>138.06621</duration><loudness>-17.181</loudness><audio_md5 /><valence>0.183091</valence><danceability>0.524597</danceability></audio_summary><title>Hill Country Love Song</title></song><song><artist_id>ARB2FS51187FB42679</artist_id><artist_name>Billy Joe Shaver</artist_name><id>SOQEPVQ12A8C140324</id><audio_summary><key>9</key><analysis_url>http://echonest-analysis.s3.amazonaws.com/TR/v9_8dwz5zlKMXjd-cfAisaknUN_ry-Z2hGSB-g4fo_vDUoTfxZFy9TNpVgq1hqnl6XokalBX-84f_U9eo%3D/3/full.json?AWSAccessKeyId=AKIAJRDFEY23UEVW42BQ&amp;Expires=1415344351&amp;Signature=eCs37yB6bwr1t5%2B9j8fx%2BfC2%2BNM%3D</analysis_url><energy>0.703998</energy><liveness>0.170843</liveness><tempo>119.774</tempo><speechiness>0.048548</speechiness><acousticness>0.252316</acousticness><instrumentalness>3e-06</instrumentalness><mode>1</mode><time_signature>4</time_signature><duration>195.89288</duration><loudness>-6.495</loudness><audio_md5 /><valence>0.773776</valence><danceability>0.589429</danceability></audio_summary><title>Déja Blues</title></song><song><artist_id>ARB2FS51187FB42679</artist_id><artist_name>Billy Joe Shaver</artist_name><id>SONQCIS12AB0183065</id><audio_summary><key>0</key><analysis_url>http://echonest-analysis.s3.amazonaws.com/TR/nTiswgjRreSS9sZoaSeI1QpPmfQizj64RoyE1p7pgIeASE6IBtWJvykf-hs7d00dc8xCyXC8gAJ1CUu3g%3D/3/full.json?AWSAccessKeyId=AKIAJRDFEY23UEVW42BQ&amp;Expires=1415344351&amp;Signature=Q9Ocxc8WoX/vBfgCvfbqqCbGARw%3D</analysis_url><energy>0.621963</energy><liveness>0.873242</liveness><tempo>115.295</tempo><speechiness>0.438483</speechiness><acousticness>0.983781</acousticness><instrumentalness>0.084462</instrumentalness><mode>1</mode><time_signature>4</time_signature><duration>49.08653</duration><loudness>-26.097</loudness><audio_md5 /><valence>0.044932</valence><danceability>0.531213</danceability></audio_summary><title>KAND, Corsicana, Texas</title></song><song><artist_id>ARB2FS51187FB42679</artist_id><artist_name>Billy Joe Shaver</artist_name><id>SONEPBX12A58A7A4EB</id><audio_summary><key>2</key><analysis_url>http://echonest-analysis.s3.amazonaws.com/TR/x0rbsgjE69we9CENLgAJhoRx3U4FR3tjElWUZstq9k6yFdMLBrVeYZX-gS8bqui0yPZ1TFsuHXqvbvx24%3D/3/full.json?AWSAccessKeyId=AKIAJRDFEY23UEVW42BQ&amp;Expires=1415344351&amp;Signature=fEQCnrCxtYD0M989645o3ksIYXY%3D</analysis_url><energy>0.309448</energy><liveness>0.100913</liveness><tempo>127.305</tempo><speechiness>0.029638</speechiness><acousticness>0.547297</acousticness><instrumentalness>8e-06</instrumentalness><mode>1</mode><time_signature>4</time_signature><duration>194.86621</duration><loudness>-8.275</loudness><audio_md5 /><valence>0.385792</valence><danceability>0.657068</danceability></audio_summary><title>Valentine</title></song><song><artist_id>ARB2FS51187FB42679</artist_id><artist_name>Billy Joe Shaver</artist_name><id>SOFPOHY12CE6727DA8</id><audio_summary><key>1</key><analysis_url>http://echonest-analysis.s3.amazonaws.com/TR/o5tsKAe3aVbFMfWIzxznK3hR48ShHP7NXTYX9l/3/full.json?AWSAccessKeyId=AKIAJRDFEY23UEVW42BQ&amp;Expires=1415344351&amp;Signature=j/yB6lNgtR2trTqLahVnNjYS%2BMA%3D</analysis_url><energy>0.291024</energy><liveness>0.792465</liveness><tempo>83.491</tempo><speechiness>0.927382</speechiness><acousticness>0.791607</acousticness><instrumentalness>0.0</instrumentalness><mode>1</mode><time_signature>4</time_signature><duration>118.69995</duration><loudness>-19.781</loudness><audio_md5 /><valence>0.688543</valence><danceability>0.548635</danceability></audio_summary><title>First And Last Time</title></song></songs></response>